<?xml version="1.0" encoding="utf-8"?><gpx version="1.1" creator="MySchweizMobil - https://map.schweizmobil.ch/" xmlns:xsi="http://www.w3.org/2001/XMLSchema-instance" xmlns="http://www.topografix.com/GPX/1/1" xsi:schemaLocation="http://www.topografix.com/GPX/1/1 http://www.topografix.com/GPX/1/1/gpx.xsd"><metadata><name>6 Alpine Passes Trail - Stage 22</name><bounds minlat="46.207984556119584" minlon="7.617992653512803" maxlat="46.2243984744406" maxlon="7.7060137282633425" /></metadata><trk><name>6 Alpine Passes Trail - Stage 22</name><trkseg><trkpt lat="46.21153565674207" lon="7.7060137282633425"><ele>1825.9</ele></trkpt><trkpt lat="46.21117665735271" lon="7.705648728755162"><ele>1822.8</ele></trkpt><trkpt lat="46.21108665743289" lon="7.7055447288212475"><ele>1822.4</ele></trkpt><trkpt lat="46.211041657511615" lon="7.7054927288848996"><ele>1822.0</ele></trkpt><trkpt lat="46.21102365755083" lon="7.705453728917252"><ele>1821.8</ele></trkpt><trkpt lat="46.21101465757042" lon="7.705427728933701"><ele>1821.7</ele></trkpt><trkpt lat="46.21101565758962" lon="7.705401728950098"><ele>1821.6</ele></trkpt><trkpt lat="46.21101565758962" lon="7.705401728950098"><ele>1821.6</ele></trkpt><trkpt lat="46.21093465757286" lon="7.705336728937958"><ele>1821.7</ele></trkpt><trkpt lat="46.21093465757286" lon="7.705336728937958"><ele>1821.7</ele></trkpt><trkpt lat="46.21075465753995" lon="7.705192728914363"><ele>1821.9</ele></trkpt><trkpt lat="46.21071865754103" lon="7.705153728916199"><ele>1821.9</ele></trkpt><trkpt lat="46.21071865754103" lon="7.705153728916199"><ele>1821.9</ele></trkpt><trkpt lat="46.21062065752485" lon="7.7050627289052445"><ele>1822.0</ele></trkpt><trkpt lat="46.21058465748726" lon="7.7050367288759185"><ele>1822.2</ele></trkpt><trkpt lat="46.21058465748726" lon="7.7050367288759185"><ele>1822.2</ele></trkpt><trkpt lat="46.210539657565924" lon="7.704958728940664"><ele>1821.8</ele></trkpt><trkpt lat="46.21048565772234" lon="7.704906729065578"><ele>1821.0</ele></trkpt><trkpt lat="46.21032365795949" lon="7.704763729256106"><ele>1819.8</ele></trkpt><trkpt lat="46.210261658000036" lon="7.704672729290871"><ele>1819.6</ele></trkpt><trkpt lat="46.2102256580011" lon="7.704620729293248"><ele>1819.6</ele></trkpt><trkpt lat="46.210216657982045" lon="7.704581729279637"><ele>1819.7</ele></trkpt><trkpt lat="46.21020765796286" lon="7.704529729266569"><ele>1819.8</ele></trkpt><trkpt lat="46.21020765796286" lon="7.704529729266569"><ele>1819.8</ele></trkpt><trkpt lat="46.210225657942836" lon="7.704490729252812"><ele>1819.9</ele></trkpt><trkpt lat="46.210225657942836" lon="7.704490729252812"><ele>1819.9</ele></trkpt><trkpt lat="46.21028865795979" lon="7.704361729273216"><ele>1819.8</ele></trkpt><trkpt lat="46.21028865795979" lon="7.704361729273216"><ele>1819.8</ele></trkpt><trkpt lat="46.21030665799773" lon="7.7043227293053675"><ele>1819.6</ele></trkpt><trkpt lat="46.21030665799773" lon="7.7043227293053675"><ele>1819.6</ele></trkpt><trkpt lat="46.21031565801668" lon="7.704283729322266"><ele>1819.5</ele></trkpt><trkpt lat="46.21031665803589" lon="7.704244729339205"><ele>1819.4</ele></trkpt><trkpt lat="46.21031665805517" lon="7.7042057293561514"><ele>1819.3</ele></trkpt><trkpt lat="46.210289657959066" lon="7.704063729285753"><ele>1819.8</ele></trkpt><trkpt lat="46.210262657843785" lon="7.70397272919791"><ele>1820.4</ele></trkpt><trkpt lat="46.21024465776693" lon="7.703920729138984"><ele>1820.8</ele></trkpt><trkpt lat="46.21021865767103" lon="7.703868729064805"><ele>1821.3</ele></trkpt><trkpt lat="46.21019165757512" lon="7.703816728990626"><ele>1821.8</ele></trkpt><trkpt lat="46.21017365745958" lon="7.7037387289022"><ele>1822.4</ele></trkpt><trkpt lat="46.21013765734467" lon="7.70368672881277"><ele>1823.0</ele></trkpt><trkpt lat="46.21010165719099" lon="7.703608728693835"><ele>1823.8</ele></trkpt><trkpt lat="46.21006565703745" lon="7.703556728573809"><ele>1824.6</ele></trkpt><trkpt lat="46.20999465665291" lon="7.703452728272552"><ele>1826.6</ele></trkpt><trkpt lat="46.209958656557326" lon="7.703413728197885"><ele>1827.1</ele></trkpt><trkpt lat="46.20994965651894" lon="7.7033747281689795"><ele>1827.3</ele></trkpt><trkpt lat="46.20993165644214" lon="7.703335728109522"><ele>1827.7</ele></trkpt><trkpt lat="46.209913656345904" lon="7.703284728035268"><ele>1828.2</ele></trkpt><trkpt lat="46.20991365626847" lon="7.703245727975713"><ele>1828.6</ele></trkpt><trkpt lat="46.20990465613331" lon="7.703167727871959"><ele>1829.3</ele></trkpt><trkpt lat="46.20990465605585" lon="7.7031157278129605"><ele>1829.7</ele></trkpt><trkpt lat="46.209886655979076" lon="7.703089727752957"><ele>1830.1</ele></trkpt><trkpt lat="46.20986965594088" lon="7.7030507277240945"><ele>1830.3</ele></trkpt><trkpt lat="46.20984265590304" lon="7.703011727695289"><ele>1830.5</ele></trkpt><trkpt lat="46.20980665586551" lon="7.702972727666531"><ele>1830.7</ele></trkpt><trkpt lat="46.209743655770836" lon="7.702907727593122"><ele>1831.2</ele></trkpt><trkpt lat="46.209743655770836" lon="7.702907727593122"><ele>1831.2</ele></trkpt><trkpt lat="46.20975265569307" lon="7.702868727533526"><ele>1831.6</ele></trkpt><trkpt lat="46.20974365561595" lon="7.7028167274745805"><ele>1832.0</ele></trkpt><trkpt lat="46.209743655499814" lon="7.70275172738554"><ele>1832.6</ele></trkpt><trkpt lat="46.20976265524767" lon="7.702674727189812"><ele>1833.9</ele></trkpt><trkpt lat="46.20976265511223" lon="7.7026357270843775"><ele>1834.6</ele></trkpt><trkpt lat="46.209771654879766" lon="7.7025707269035015"><ele>1835.8</ele></trkpt><trkpt lat="46.20978965480181" lon="7.702557726842759"><ele>1836.2</ele></trkpt><trkpt lat="46.20981665464612" lon="7.7025067267223974"><ele>1837.0</ele></trkpt><trkpt lat="46.20982565452965" lon="7.702454726632766"><ele>1837.6</ele></trkpt><trkpt lat="46.209843654316366" lon="7.702428726465492"><ele>1838.7</ele></trkpt><trkpt lat="46.20987965412175" lon="7.702402726313423"><ele>1839.7</ele></trkpt><trkpt lat="46.20990665392748" lon="7.70241572615974"><ele>1840.7</ele></trkpt><trkpt lat="46.20994265375225" lon="7.70240372602237"><ele>1841.6</ele></trkpt><trkpt lat="46.20996965353864" lon="7.7024037258539435"><ele>1842.7</ele></trkpt><trkpt lat="46.209987653383436" lon="7.702416725730902"><ele>1843.5</ele></trkpt><trkpt lat="46.20999665336378" lon="7.702429725715002"><ele>1843.6</ele></trkpt><trkpt lat="46.21003265322726" lon="7.702455725606613"><ele>1844.3</ele></trkpt><trkpt lat="46.21005965314905" lon="7.702455725545276"><ele>1844.7</ele></trkpt><trkpt lat="46.21006865311005" lon="7.702455725514629"><ele>1844.9</ele></trkpt><trkpt lat="46.21006865305202" lon="7.702442725469289"><ele>1845.2</ele></trkpt><trkpt lat="46.21005965297497" lon="7.70241672540925"><ele>1845.6</ele></trkpt><trkpt lat="46.21005065295594" lon="7.702416725394001"><ele>1845.7</ele></trkpt><trkpt lat="46.21004165289815" lon="7.702390725349264"><ele>1846.0</ele></trkpt><trkpt lat="46.210023652705296" lon="7.702325725199153"><ele>1847.0</ele></trkpt><trkpt lat="46.21001465247343" lon="7.702260725018402"><ele>1848.2</ele></trkpt><trkpt lat="46.209997651874374" lon="7.7021317245497745"><ele>1851.3</ele></trkpt><trkpt lat="46.209970651604486" lon="7.702066724338537"><ele>1852.7</ele></trkpt><trkpt lat="46.20993465090937" lon="7.70192372379416"><ele>1856.3</ele></trkpt><trkpt lat="46.20988065056303" lon="7.701845723522449"><ele>1858.1</ele></trkpt><trkpt lat="46.20987165038926" lon="7.7018197233859444"><ele>1859.0</ele></trkpt><trkpt lat="46.20988165027285" lon="7.701793723295228"><ele>1859.6</ele></trkpt><trkpt lat="46.20989965011757" lon="7.701780723173316"><ele>1860.4</ele></trkpt><trkpt lat="46.209934649961724" lon="7.701794723050151"><ele>1861.2</ele></trkpt><trkpt lat="46.21010564908586" lon="7.7018077223603045"><ele>1865.7</ele></trkpt><trkpt lat="46.210240648539816" lon="7.70182172193065"><ele>1868.5</ele></trkpt><trkpt lat="46.21033064803415" lon="7.701860721530751"><ele>1871.1</ele></trkpt><trkpt lat="46.21042064758648" lon="7.7019137211761315"><ele>1873.4</ele></trkpt><trkpt lat="46.21065464711451" lon="7.701978720804904"><ele>1875.8</ele></trkpt><trkpt lat="46.210699646938956" lon="7.7020057206658095"><ele>1876.7</ele></trkpt><trkpt lat="46.210770646704574" lon="7.702044720480157"><ele>1877.9</ele></trkpt><trkpt lat="46.210806646568045" lon="7.702070720371747"><ele>1878.6</ele></trkpt><trkpt lat="46.21086064635347" lon="7.702070720203178"><ele>1879.7</ele></trkpt><trkpt lat="46.210914646158265" lon="7.70207072004991"><ele>1880.7</ele></trkpt><trkpt lat="46.210959646040706" lon="7.702084719957265"><ele>1881.3</ele></trkpt><trkpt lat="46.211022645787196" lon="7.702097719757487"><ele>1882.6</ele></trkpt><trkpt lat="46.21107664551461" lon="7.7020847195435875"><ele>1884.0</ele></trkpt><trkpt lat="46.211130645300024" lon="7.702084719375021"><ele>1885.1</ele></trkpt><trkpt lat="46.21119364506578" lon="7.7020857191910554"><ele>1886.3</ele></trkpt><trkpt lat="46.21124764492855" lon="7.7020727190842475"><ele>1887.0</ele></trkpt><trkpt lat="46.21129264477228" lon="7.702059718962187"><ele>1887.8</ele></trkpt><trkpt lat="46.21131064465561" lon="7.702059718870304"><ele>1888.4</ele></trkpt><trkpt lat="46.2113466445383" lon="7.702060718778272"><ele>1889.0</ele></trkpt><trkpt lat="46.211382644363034" lon="7.702060718640395"><ele>1889.9</ele></trkpt><trkpt lat="46.21140064430439" lon="7.702060718594404"><ele>1890.2</ele></trkpt><trkpt lat="46.21143664416781" lon="7.702060718487123"><ele>1890.9</ele></trkpt><trkpt lat="46.21146364403148" lon="7.7020477183804585"><ele>1891.6</ele></trkpt><trkpt lat="46.21148164395355" lon="7.7020607183186005"><ele>1892.0</ele></trkpt><trkpt lat="46.21152664381658" lon="7.702060718211268"><ele>1892.7</ele></trkpt><trkpt lat="46.21158964354367" lon="7.702061717996705"><ele>1894.1</ele></trkpt><trkpt lat="46.211616643446106" lon="7.702074717919503"><ele>1894.6</ele></trkpt><trkpt lat="46.21164364329045" lon="7.702074717796972"><ele>1895.4</ele></trkpt><trkpt lat="46.211661643173834" lon="7.702087717704512"><ele>1896.0</ele></trkpt><trkpt lat="46.211688643076236" lon="7.702113717626731"><ele>1896.5</ele></trkpt><trkpt lat="46.21171564294001" lon="7.70212671751893"><ele>1897.2</ele></trkpt><trkpt lat="46.211733642842695" lon="7.702139717441767"><ele>1897.7</ele></trkpt><trkpt lat="46.211814642472575" lon="7.702178717148947"><ele>1899.6</ele></trkpt><trkpt lat="46.211841642258996" lon="7.702217716978799"><ele>1900.7</ele></trkpt><trkpt lat="46.21189464192849" lon="7.702257716716676"><ele>1902.4</ele></trkpt><trkpt lat="46.21194864155929" lon="7.702296716423988"><ele>1904.3</ele></trkpt><trkpt lat="46.212020641189575" lon="7.702374716129477"><ele>1906.2</ele></trkpt><trkpt lat="46.21208364099397" lon="7.702400715974996"><ele>1907.2</ele></trkpt><trkpt lat="46.21212864081848" lon="7.702465715834183"><ele>1908.1</ele></trkpt><trkpt lat="46.21218264054593" lon="7.702491715618552"><ele>1909.5</ele></trkpt><trkpt lat="46.21224564025376" lon="7.702530715386991"><ele>1911.0</ele></trkpt><trkpt lat="46.212299640019864" lon="7.702569715201379"><ele>1912.2</ele></trkpt><trkpt lat="46.21237963961102" lon="7.702596714878457"><ele>1914.3</ele></trkpt><trkpt lat="46.21242463941603" lon="7.702596714725213"><ele>1915.3</ele></trkpt><trkpt lat="46.212469639221105" lon="7.702622714570818"><ele>1916.3</ele></trkpt><trkpt lat="46.21252363892927" lon="7.7026747143387215"><ele>1917.8</ele></trkpt><trkpt lat="46.21256863875376" lon="7.702726714198464"><ele>1918.7</ele></trkpt><trkpt lat="46.212604638539794" lon="7.7027397140293905"><ele>1919.8</ele></trkpt><trkpt lat="46.21261363836538" lon="7.702714713892754"><ele>1920.7</ele></trkpt><trkpt lat="46.21260463786265" lon="7.702610713499648"><ele>1923.3</ele></trkpt><trkpt lat="46.21258663757306" lon="7.702545713273156"><ele>1924.8</ele></trkpt><trkpt lat="46.212542637361814" lon="7.70250671310685"><ele>1925.9</ele></trkpt><trkpt lat="46.21249763701518" lon="7.7024287128352"><ele>1927.7</ele></trkpt><trkpt lat="46.21246163662937" lon="7.702311712534654"><ele>1929.7</ele></trkpt><trkpt lat="46.212479635932326" lon="7.7021957119890025"><ele>1933.3</ele></trkpt><trkpt lat="46.212507635350896" lon="7.702091711534562"><ele>1936.3</ele></trkpt><trkpt lat="46.21251663519584" lon="7.702078711412709"><ele>1937.1</ele></trkpt><trkpt lat="46.21253463505989" lon="7.7020917113049405"><ele>1937.8</ele></trkpt><trkpt lat="46.212587634690706" lon="7.702156711011057"><ele>1939.7</ele></trkpt><trkpt lat="46.2126596341081" lon="7.702221710548784"><ele>1942.7</ele></trkpt><trkpt lat="46.21271363368088" lon="7.702273710209574"><ele>1944.9</ele></trkpt><trkpt lat="46.21274963340892" lon="7.7023127099934365"><ele>1946.3</ele></trkpt><trkpt lat="46.212776633233986" lon="7.702339709854376"><ele>1947.2</ele></trkpt><trkpt lat="46.21284863282524" lon="7.7023267095332875"><ele>1949.3</ele></trkpt><trkpt lat="46.21295663235717" lon="7.7023137091661"><ele>1951.7</ele></trkpt><trkpt lat="46.21298363218215" lon="7.702301709028804"><ele>1952.6</ele></trkpt><trkpt lat="46.212947631603" lon="7.702197708574761"><ele>1955.6</ele></trkpt><trkpt lat="46.21292063119767" lon="7.702119708257192"><ele>1957.7</ele></trkpt><trkpt lat="46.212912630346636" lon="7.701937707592396"><ele>1962.1</ele></trkpt><trkpt lat="46.21291263007577" lon="7.70188670738055"><ele>1963.5</ele></trkpt><trkpt lat="46.21287662955468" lon="7.701795706971868"><ele>1966.2</ele></trkpt><trkpt lat="46.212858629245794" lon="7.701730706730177"><ele>1967.8</ele></trkpt><trkpt lat="46.212831628956536" lon="7.7016527065044365"><ele>1969.3</ele></trkpt><trkpt lat="46.21284062887878" lon="7.701639706443787"><ele>1969.7</ele></trkpt><trkpt lat="46.2128676287618" lon="7.701652706351262"><ele>1970.3</ele></trkpt><trkpt lat="46.21292162858592" lon="7.701704706210906"><ele>1971.2</ele></trkpt><trkpt lat="46.212948628391516" lon="7.7017047060577815"><ele>1972.2</ele></trkpt><trkpt lat="46.21299362796446" lon="7.701705705720944"><ele>1974.4</ele></trkpt><trkpt lat="46.21303862775012" lon="7.7017187055518255"><ele>1975.5</ele></trkpt><trkpt lat="46.21308362753578" lon="7.701731705382706"><ele>1976.6</ele></trkpt><trkpt lat="46.2131106273027" lon="7.70171870519958"><ele>1977.8</ele></trkpt><trkpt lat="46.21316462695263" lon="7.701718704923926"><ele>1979.6</ele></trkpt><trkpt lat="46.21320962671892" lon="7.701719704740058"><ele>1980.8</ele></trkpt><trkpt lat="46.213254626427194" lon="7.701732704509746"><ele>1982.3</ele></trkpt><trkpt lat="46.213290626174455" lon="7.701732704310675"><ele>1983.6</ele></trkpt><trkpt lat="46.2133446258243" lon="7.701706704036215"><ele>1985.4</ele></trkpt><trkpt lat="46.21338962557123" lon="7.701707703837047"><ele>1986.7</ele></trkpt><trkpt lat="46.21341662547364" lon="7.701733703759211"><ele>1987.2</ele></trkpt><trkpt lat="46.21344362535656" lon="7.701720703667871"><ele>1987.8</ele></trkpt><trkpt lat="46.21347062522018" lon="7.701720703560634"><ele>1988.5</ele></trkpt><trkpt lat="46.21347062510404" lon="7.701681703470655"><ele>1989.1</ele></trkpt><trkpt lat="46.21345262498864" lon="7.701668703379571"><ele>1989.7</ele></trkpt><trkpt lat="46.21345262489191" lon="7.7016427033042865"><ele>1990.2</ele></trkpt><trkpt lat="46.21345262469839" lon="7.701603703153119"><ele>1991.2</ele></trkpt><trkpt lat="46.21348862434883" lon="7.701539702880528"><ele>1993.0</ele></trkpt><trkpt lat="46.213506624116015" lon="7.701513702698064"><ele>1994.2</ele></trkpt><trkpt lat="46.21352462394124" lon="7.701500702560891"><ele>1995.1</ele></trkpt><trkpt lat="46.21352562376703" lon="7.7014617024250205"><ele>1996.0</ele></trkpt><trkpt lat="46.213552623495154" lon="7.7013967022137235"><ele>1997.4</ele></trkpt><trkpt lat="46.21357062308815" lon="7.701306701896569"><ele>1999.5</ele></trkpt><trkpt lat="46.21359762287431" lon="7.701267701729962"><ele>2000.6</ele></trkpt><trkpt lat="46.21360662273854" lon="7.7012417016240455"><ele>2001.3</ele></trkpt><trkpt lat="46.21363362246672" lon="7.701215701410956"><ele>2002.7</ele></trkpt><trkpt lat="46.213633622331216" lon="7.701176701305696"><ele>2003.4</ele></trkpt><trkpt lat="46.21364262223416" lon="7.701164701229721"><ele>2003.9</ele></trkpt><trkpt lat="46.213678622058744" lon="7.701151701092454"><ele>2004.8</ele></trkpt><trkpt lat="46.2137236219217" lon="7.701164700984519"><ele>2005.5</ele></trkpt><trkpt lat="46.213768621687954" lon="7.701151700801314"><ele>2006.7</ele></trkpt><trkpt lat="46.21380462147384" lon="7.701151700632851"><ele>2007.8</ele></trkpt><trkpt lat="46.2138316213182" lon="7.701177700509118"><ele>2008.6</ele></trkpt><trkpt lat="46.21384962124016" lon="7.701177700447828"><ele>2009.0</ele></trkpt><trkpt lat="46.21384962114341" lon="7.701152700372516"><ele>2009.5</ele></trkpt><trkpt lat="46.21386762102671" lon="7.7011527002806375"><ele>2010.1</ele></trkpt><trkpt lat="46.21387662085226" lon="7.701126700144133"><ele>2011.0</ele></trkpt><trkpt lat="46.21389462077425" lon="7.701139700082243"><ele>2011.4</ele></trkpt><trkpt lat="46.21392162048325" lon="7.701178699850828"><ele>2012.9</ele></trkpt><trkpt lat="46.21393962026981" lon="7.701178699682468"><ele>2014.0</ele></trkpt><trkpt lat="46.21395761988221" lon="7.701126699378876"><ele>2016.0</ele></trkpt><trkpt lat="46.213975619494576" lon="7.7010616990759"><ele>2018.0</ele></trkpt><trkpt lat="46.21401161910645" lon="7.701075698769121"><ele>2020.0</ele></trkpt><trkpt lat="46.21408361879445" lon="7.7011276985215344"><ele>2021.6</ele></trkpt><trkpt lat="46.2141466183666" lon="7.701127698184661"><ele>2023.8</ele></trkpt><trkpt lat="46.21422761788005" lon="7.701140697801182"><ele>2026.3</ele></trkpt><trkpt lat="46.21427261766565" lon="7.701154697632006"><ele>2027.4</ele></trkpt><trkpt lat="46.21439861696464" lon="7.701154697080619"><ele>2031.0</ele></trkpt><trkpt lat="46.21448861628432" lon="7.701155696544689"><ele>2034.5</ele></trkpt><trkpt lat="46.21453361599251" lon="7.701142696315603"><ele>2036.0</ele></trkpt><trkpt lat="46.21455161587582" lon="7.701168696222494"><ele>2036.6</ele></trkpt><trkpt lat="46.2145876156811" lon="7.701168696069323"><ele>2037.6</ele></trkpt><trkpt lat="46.21462361535092" lon="7.701168695809081"><ele>2039.3</ele></trkpt><trkpt lat="46.21463261504087" lon="7.701078695568555"><ele>2040.9</ele></trkpt><trkpt lat="46.214623614867065" lon="7.701052695432175"><ele>2041.8</ele></trkpt><trkpt lat="46.214587614655564" lon="7.701026695265369"><ele>2042.9</ele></trkpt><trkpt lat="46.214578614520455" lon="7.700987695160203"><ele>2043.6</ele></trkpt><trkpt lat="46.21457861428827" lon="7.700948694978504"><ele>2044.8</ele></trkpt><trkpt lat="46.2145696141532" lon="7.700935694872108"><ele>2045.5</ele></trkpt><trkpt lat="46.21457861384322" lon="7.700870694630415"><ele>2047.1</ele></trkpt><trkpt lat="46.214587613610625" lon="7.700818694449292"><ele>2048.3</ele></trkpt><trkpt lat="46.21458761355261" lon="7.700818694403408"><ele>2048.6</ele></trkpt><trkpt lat="46.21460661337774" lon="7.700805694266255"><ele>2049.5</ele></trkpt><trkpt lat="46.21462361328047" lon="7.700818694189062"><ele>2050.0</ele></trkpt><trkpt lat="46.21462461318359" lon="7.700779694114438"><ele>2050.5</ele></trkpt><trkpt lat="46.21461561306782" lon="7.700741694024529"><ele>2051.1</ele></trkpt><trkpt lat="46.214624612990036" lon="7.700715693964536"><ele>2051.5</ele></trkpt><trkpt lat="46.214642612834595" lon="7.700689693843309"><ele>2052.3</ele></trkpt><trkpt lat="46.21464261275717" lon="7.700676693782752"><ele>2052.7</ele></trkpt><trkpt lat="46.214633612622045" lon="7.700637693677597"><ele>2053.4</ele></trkpt><trkpt lat="46.21464261260227" lon="7.700624693662869"><ele>2053.5</ele></trkpt><trkpt lat="46.21466061246622" lon="7.700624693555697"><ele>2054.2</ele></trkpt><trkpt lat="46.214678612368886" lon="7.700637693478502"><ele>2054.7</ele></trkpt><trkpt lat="46.214705612155264" lon="7.700702693306998"><ele>2055.8</ele></trkpt><trkpt lat="46.21473261203825" lon="7.700728693213833"><ele>2056.4</ele></trkpt><trkpt lat="46.214786611726744" lon="7.700728692968793"><ele>2058.0</ele></trkpt><trkpt lat="46.2147956116296" lon="7.700716692892842"><ele>2058.5</ele></trkpt><trkpt lat="46.21480461151324" lon="7.700703692801637"><ele>2059.1</ele></trkpt><trkpt lat="46.21483161116391" lon="7.700664692528036"><ele>2060.9</ele></trkpt><trkpt lat="46.21484061085391" lon="7.700586692287"><ele>2062.5</ele></trkpt><trkpt lat="46.21485861064042" lon="7.7005736921192725"><ele>2063.6</ele></trkpt><trkpt lat="46.214867610582026" lon="7.700573692073339"><ele>2063.9</ele></trkpt><trkpt lat="46.214885610426684" lon="7.70059969194963"><ele>2064.7</ele></trkpt><trkpt lat="46.21489461031035" lon="7.700625691856565"><ele>2065.3</ele></trkpt><trkpt lat="46.21492161009665" lon="7.700651691686915"><ele>2066.4</ele></trkpt><trkpt lat="46.214948609882974" lon="7.700716691515396"><ele>2067.5</ele></trkpt><trkpt lat="46.2149746097274" lon="7.700755691391014"><ele>2068.3</ele></trkpt><trkpt lat="46.21501060957133" lon="7.700781691267191"><ele>2069.1</ele></trkpt><trkpt lat="46.215046609337875" lon="7.700782691083391"><ele>2070.3</ele></trkpt><trkpt lat="46.21508260918172" lon="7.70076969096144"><ele>2071.1</ele></trkpt><trkpt lat="46.215118609006254" lon="7.700756690824194"><ele>2072.0</ele></trkpt><trkpt lat="46.21519060863592" lon="7.700743690533789"><ele>2073.9</ele></trkpt><trkpt lat="46.21522660838307" lon="7.700731690335317"><ele>2075.2</ele></trkpt><trkpt lat="46.215280608187605" lon="7.700757690180792"><ele>2076.2</ele></trkpt><trkpt lat="46.215316607954094" lon="7.700744689997662"><ele>2077.4</ele></trkpt><trkpt lat="46.215370607468394" lon="7.700718689616221"><ele>2079.9</ele></trkpt><trkpt lat="46.215397607293305" lon="7.700718689478408"><ele>2080.8</ele></trkpt><trkpt lat="46.21541560715716" lon="7.700706689371817"><ele>2081.5</ele></trkpt><trkpt lat="46.21543360709844" lon="7.70069368932645"><ele>2081.8</ele></trkpt><trkpt lat="46.215424607001985" lon="7.700667689251288"><ele>2082.3</ele></trkpt><trkpt lat="46.21538960680984" lon="7.700641689099808"><ele>2083.3</ele></trkpt><trkpt lat="46.21538060663594" lon="7.700602688964093"><ele>2084.2</ele></trkpt><trkpt lat="46.215326606173534" lon="7.700485688603015"><ele>2086.6</ele></trkpt><trkpt lat="46.21531760598038" lon="7.700446688452017"><ele>2087.6</ele></trkpt><trkpt lat="46.21529960578748" lon="7.700420688300442"><ele>2088.6</ele></trkpt><trkpt lat="46.21527260565311" lon="7.700407688194176"><ele>2089.3</ele></trkpt><trkpt lat="46.21525460544104" lon="7.700394688026678"><ele>2090.4</ele></trkpt><trkpt lat="46.21521860519087" lon="7.7003556878299655"><ele>2091.7</ele></trkpt><trkpt lat="46.21519160507585" lon="7.700342687738998"><ele>2092.3</ele></trkpt><trkpt lat="46.215173605018435" lon="7.700316687694485"><ele>2092.6</ele></trkpt><trkpt lat="46.21516460494135" lon="7.700290687634629"><ele>2093.0</ele></trkpt><trkpt lat="46.21514760478709" lon="7.700225687515537"><ele>2093.8</ele></trkpt><trkpt lat="46.21513860461325" lon="7.700186687379849"><ele>2094.7</ele></trkpt><trkpt lat="46.21514760441935" lon="7.700134687229388"><ele>2095.7</ele></trkpt><trkpt lat="46.21515660424485" lon="7.700108687092956"><ele>2096.6</ele></trkpt><trkpt lat="46.21514760405171" lon="7.70006968694198"><ele>2097.6</ele></trkpt><trkpt lat="46.21512060382048" lon="7.700017686761155"><ele>2098.8</ele></trkpt><trkpt lat="46.21510260360828" lon="7.6999786865949424"><ele>2099.9</ele></trkpt><trkpt lat="46.21508460341548" lon="7.699939686444022"><ele>2100.9</ele></trkpt><trkpt lat="46.215075603377116" lon="7.69992668641413"><ele>2101.1</ele></trkpt><trkpt lat="46.215066603280675" lon="7.699900686338984"><ele>2101.6</ele></trkpt><trkpt lat="46.21506660308717" lon="7.699862686187912"><ele>2102.6</ele></trkpt><trkpt lat="46.215066602990454" lon="7.699849686112086"><ele>2103.1</ele></trkpt><trkpt lat="46.21504060279798" lon="7.699836685959948"><ele>2104.1</ele></trkpt><trkpt lat="46.21500460252856" lon="7.699822685746754"><ele>2105.5</ele></trkpt><trkpt lat="46.214959602278796" lon="7.699796685549498"><ele>2106.8</ele></trkpt><trkpt lat="46.21486960189528" lon="7.699731685247373"><ele>2108.8</ele></trkpt><trkpt lat="46.21484260170293" lon="7.699718685095253"><ele>2109.8</ele></trkpt><trkpt lat="46.21482460160685" lon="7.699705685019538"><ele>2110.3</ele></trkpt><trkpt lat="46.2147796014925" lon="7.699692684928695"><ele>2110.9</ele></trkpt><trkpt lat="46.21473460135885" lon="7.699679684822562"><ele>2111.6</ele></trkpt><trkpt lat="46.214707601205035" lon="7.6996276847029375"><ele>2112.4</ele></trkpt><trkpt lat="46.21466260103265" lon="7.69960068456691"><ele>2113.3</ele></trkpt><trkpt lat="46.2146446009366" lon="7.699587684491195"><ele>2113.8</ele></trkpt><trkpt lat="46.2146266008599" lon="7.69957468443078"><ele>2114.2</ele></trkpt><trkpt lat="46.21459960078355" lon="7.699561684370414"><ele>2114.6</ele></trkpt><trkpt lat="46.21458160062948" lon="7.699535684249461"><ele>2115.4</ele></trkpt><trkpt lat="46.21457260062984" lon="7.699535684249518"><ele>2115.4</ele></trkpt><trkpt lat="46.214536600553856" lon="7.699535684188571"><ele>2115.8</ele></trkpt><trkpt lat="46.2144836004398" lon="7.699496684099061"><ele>2116.4</ele></trkpt><trkpt lat="46.21442960030643" lon="7.699470683993624"><ele>2117.1</ele></trkpt><trkpt lat="46.21437559994094" lon="7.699418683705972"><ele>2119.0</ele></trkpt><trkpt lat="46.214312599769315" lon="7.699404683569424"><ele>2119.9</ele></trkpt><trkpt lat="46.21428559969289" lon="7.699365683510344"><ele>2120.3</ele></trkpt><trkpt lat="46.21424959930733" lon="7.699300683207942"><ele>2122.3</ele></trkpt><trkpt lat="46.21421359915394" lon="7.699274683087113"><ele>2123.1</ele></trkpt><trkpt lat="46.21418659898079" lon="7.699222682952225"><ele>2124.0</ele></trkpt><trkpt lat="46.21418659896142" lon="7.699209682937576"><ele>2124.1</ele></trkpt><trkpt lat="46.21415959882706" lon="7.699183682831988"><ele>2124.8</ele></trkpt><trkpt lat="46.21415159851771" lon="7.699106682591186"><ele>2126.4</ele></trkpt><trkpt lat="46.214133598324935" lon="7.699080682439676"><ele>2127.4</ele></trkpt><trkpt lat="46.21412459815109" lon="7.699028682304689"><ele>2128.3</ele></trkpt><trkpt lat="46.21411559784185" lon="7.698976682062672"><ele>2129.9</ele></trkpt><trkpt lat="46.214097597649065" lon="7.69892468191245"><ele>2130.9</ele></trkpt><trkpt lat="46.214061597360285" lon="7.698885681685251"><ele>2132.4</ele></trkpt><trkpt lat="46.21395459635846" lon="7.698768680896641"><ele>2137.6</ele></trkpt><trkpt lat="46.21392759622414" lon="7.698755680790428"><ele>2138.3</ele></trkpt><trkpt lat="46.213909596128076" lon="7.698742680714733"><ele>2138.8</ele></trkpt><trkpt lat="46.21387359595534" lon="7.698703680579287"><ele>2139.7</ele></trkpt><trkpt lat="46.21381959557053" lon="7.698638680277067"><ele>2141.7</ele></trkpt><trkpt lat="46.21381059539674" lon="7.6986126801408075"><ele>2142.6</ele></trkpt><trkpt lat="46.213792595300646" lon="7.698573680066416"><ele>2143.1</ele></trkpt><trkpt lat="46.21375659512795" lon="7.69853467993098"><ele>2144.0</ele></trkpt><trkpt lat="46.21371159462658" lon="7.698417679539577"><ele>2146.6</ele></trkpt><trkpt lat="46.21366759404782" lon="7.698300679087028"><ele>2149.6</ele></trkpt><trkpt lat="46.213631593662214" lon="7.698222678785383"><ele>2151.6</ele></trkpt><trkpt lat="46.213613593450134" lon="7.698183678619276"><ele>2152.7</ele></trkpt><trkpt lat="46.21357759306451" lon="7.6980926783182895"><ele>2154.7</ele></trkpt><trkpt lat="46.21354159283379" lon="7.698040678137662"><ele>2155.9</ele></trkpt><trkpt lat="46.21351559254456" lon="7.697988677911114"><ele>2157.4</ele></trkpt><trkpt lat="46.21347959244917" lon="7.697949677836855"><ele>2157.9</ele></trkpt><trkpt lat="46.21345259214064" lon="7.697884677595684"><ele>2159.5</ele></trkpt><trkpt lat="46.21340759202634" lon="7.697845677506195"><ele>2160.1</ele></trkpt><trkpt lat="46.21338959187221" lon="7.69780667738597"><ele>2160.9</ele></trkpt><trkpt lat="46.213353591699544" lon="7.697780677249912"><ele>2161.8</ele></trkpt><trkpt lat="46.21333559162285" lon="7.697754677190181"><ele>2162.2</ele></trkpt><trkpt lat="46.213326591545815" lon="7.697741677129742"><ele>2162.6</ele></trkpt><trkpt lat="46.21330859148853" lon="7.697741677083993"><ele>2162.9</ele></trkpt><trkpt lat="46.21328159135414" lon="7.69770267697911"><ele>2163.6</ele></trkpt><trkpt lat="46.21323659110441" lon="7.697663676782626"><ele>2164.9</ele></trkpt><trkpt lat="46.21320959097003" lon="7.697637676677098"><ele>2165.6</ele></trkpt><trkpt lat="46.21320159093166" lon="7.697624676647224"><ele>2165.8</ele></trkpt><trkpt lat="46.21315659072064" lon="7.697598676480664"><ele>2166.9</ele></trkpt><trkpt lat="46.21314759058561" lon="7.697572676375022"><ele>2167.6</ele></trkpt><trkpt lat="46.2131295904122" lon="7.697546676238868"><ele>2168.5</ele></trkpt><trkpt lat="46.213102590219805" lon="7.697520676087485"><ele>2169.5</ele></trkpt><trkpt lat="46.213084590065826" lon="7.69750767596596"><ele>2170.3</ele></trkpt><trkpt lat="46.213066589911726" lon="7.697481675845095"><ele>2171.1</ele></trkpt><trkpt lat="46.21304858977703" lon="7.6974686757388575"><ele>2171.8</ele></trkpt><trkpt lat="46.21303958964199" lon="7.697442675633224"><ele>2172.5</ele></trkpt><trkpt lat="46.21303958956456" lon="7.697416675573389"><ele>2172.9</ele></trkpt><trkpt lat="46.21303058944885" lon="7.697403675482388"><ele>2173.5</ele></trkpt><trkpt lat="46.2130215893138" lon="7.697377675376756"><ele>2174.2</ele></trkpt><trkpt lat="46.21301258915935" lon="7.69735167525584"><ele>2175.0</ele></trkpt><trkpt lat="46.21300358910163" lon="7.697338675210696"><ele>2175.3</ele></trkpt><trkpt lat="46.212994589024625" lon="7.6973256751502666"><ele>2175.7</ele></trkpt><trkpt lat="46.2129855889283" lon="7.697312675074547"><ele>2176.2</ele></trkpt><trkpt lat="46.2129765887739" lon="7.697299674952981"><ele>2177.0</ele></trkpt><trkpt lat="46.21296758869683" lon="7.697273674893209"><ele>2177.4</ele></trkpt><trkpt lat="46.21289658819682" lon="7.697234674498199"><ele>2180.0</ele></trkpt><trkpt lat="46.212878588062146" lon="7.697221674391973"><ele>2180.7</ele></trkpt><trkpt lat="46.21284258785085" lon="7.697207674224769"><ele>2181.8</ele></trkpt><trkpt lat="46.21283358777378" lon="7.697194674164341"><ele>2182.2</ele></trkpt><trkpt lat="46.21282458769674" lon="7.697169674104526"><ele>2182.6</ele></trkpt><trkpt lat="46.212824587619316" lon="7.697143674044705"><ele>2183.0</ele></trkpt><trkpt lat="46.21282458746449" lon="7.697104673924402"><ele>2183.8</ele></trkpt><trkpt lat="46.212824587406494" lon="7.697091673879206"><ele>2184.1</ele></trkpt><trkpt lat="46.21280658727178" lon="7.697065673773643"><ele>2184.8</ele></trkpt><trkpt lat="46.21279758719469" lon="7.697052673713217"><ele>2185.2</ele></trkpt><trkpt lat="46.21277958698263" lon="7.69701367354718"><ele>2186.3</ele></trkpt><trkpt lat="46.21274358661647" lon="7.6969356732609535"><ele>2188.2</ele></trkpt><trkpt lat="46.212743586519686" lon="7.69690967318585"><ele>2188.7</ele></trkpt><trkpt lat="46.212725586385" lon="7.6968836730803"><ele>2189.4</ele></trkpt><trkpt lat="46.21271658630796" lon="7.696870673019878"><ele>2189.8</ele></trkpt><trkpt lat="46.21269958617326" lon="7.696857672913653"><ele>2190.5</ele></trkpt><trkpt lat="46.21268158605789" lon="7.696831672823383"><ele>2191.1</ele></trkpt><trkpt lat="46.21266358600059" lon="7.696818672778305"><ele>2191.4</ele></trkpt><trkpt lat="46.212609585809375" lon="7.696818672625802"><ele>2192.4</ele></trkpt><trkpt lat="46.21257358565612" lon="7.696817672503807"><ele>2193.2</ele></trkpt><trkpt lat="46.212555585598864" lon="7.696817672458066"><ele>2193.5</ele></trkpt><trkpt lat="46.21254658556059" lon="7.69683067242689"><ele>2193.7</ele></trkpt><trkpt lat="46.212528585503335" lon="7.696843672380488"><ele>2194.0</ele></trkpt><trkpt lat="46.21251958548433" lon="7.696843672365259"><ele>2194.1</ele></trkpt><trkpt lat="46.21250158538837" lon="7.696830672289614"><ele>2194.6</ele></trkpt><trkpt lat="46.21248358529243" lon="7.6968306722133075"><ele>2195.1</ele></trkpt><trkpt lat="46.212465585254414" lon="7.696817672183516"><ele>2195.3</ele></trkpt><trkpt lat="46.21244758521648" lon="7.69681767215306"><ele>2195.5</ele></trkpt><trkpt lat="46.2124295851205" lon="7.696804672077416"><ele>2196.0</ele></trkpt><trkpt lat="46.21241158506323" lon="7.696804672031676"><ele>2196.3</ele></trkpt><trkpt lat="46.21238458498694" lon="7.696791671971371"><ele>2196.7</ele></trkpt><trkpt lat="46.212375584948646" lon="7.69679167194086"><ele>2196.9</ele></trkpt><trkpt lat="46.212357584872" lon="7.696778671880503"><ele>2197.3</ele></trkpt><trkpt lat="46.212330584795644" lon="7.696752671820862"><ele>2197.7</ele></trkpt><trkpt lat="46.21230358471938" lon="7.6967386717606106"><ele>2198.1</ele></trkpt><trkpt lat="46.21226758460481" lon="7.696738671669136"><ele>2198.7</ele></trkpt><trkpt lat="46.212249584528124" lon="7.696725671608773"><ele>2199.1</ele></trkpt><trkpt lat="46.212231584490254" lon="7.696725671578321"><ele>2199.3</ele></trkpt><trkpt lat="46.21218658437595" lon="7.696712671487565"><ele>2199.9</ele></trkpt><trkpt lat="46.212168584338066" lon="7.696712671457113"><ele>2200.1</ele></trkpt><trkpt lat="46.21215958429971" lon="7.6966996714272655"><ele>2200.3</ele></trkpt><trkpt lat="46.21213258422338" lon="7.696673671367628"><ele>2200.7</ele></trkpt><trkpt lat="46.212087584070424" lon="7.696647671246974"><ele>2201.5</ele></trkpt><trkpt lat="46.21206958401312" lon="7.696621671202568"><ele>2201.8</ele></trkpt><trkpt lat="46.2120515839558" lon="7.696608671157489"><ele>2202.1</ele></trkpt><trkpt lat="46.21204258387871" lon="7.696582671097745"><ele>2202.5</ele></trkpt><trkpt lat="46.212033583801706" lon="7.696569671037334"><ele>2202.9</ele></trkpt><trkpt lat="46.21202558374399" lon="7.696543670992864"><ele>2203.2</ele></trkpt><trkpt lat="46.21201658370561" lon="7.696530670963022"><ele>2203.4</ele></trkpt><trkpt lat="46.21200758355116" lon="7.696478670843471"><ele>2204.2</ele></trkpt><trkpt lat="46.21198958345519" lon="7.696465670767834"><ele>2204.7</ele></trkpt><trkpt lat="46.21194458326345" lon="7.696413670617949"><ele>2205.7</ele></trkpt><trkpt lat="46.2119265832062" lon="7.696400670572884"><ele>2206.0</ele></trkpt><trkpt lat="46.211917583187166" lon="7.696387670558324"><ele>2206.1</ele></trkpt><trkpt lat="46.211908583129514" lon="7.696374670513198"><ele>2206.4</ele></trkpt><trkpt lat="46.21189058307218" lon="7.696348670468795"><ele>2206.7</ele></trkpt><trkpt lat="46.21189058301405" lon="7.696322670424279"><ele>2207.0</ele></trkpt><trkpt lat="46.21189058291738" lon="7.696309670348532"><ele>2207.5</ele></trkpt><trkpt lat="46.21187258287936" lon="7.696283670319414"><ele>2207.7</ele></trkpt><trkpt lat="46.21186358282167" lon="7.69625767027496"><ele>2208.0</ele></trkpt><trkpt lat="46.21185458278332" lon="7.696244670245116"><ele>2208.2</ele></trkpt><trkpt lat="46.21184558272564" lon="7.696231670199991"><ele>2208.5</ele></trkpt><trkpt lat="46.2118275826489" lon="7.696179670141644"><ele>2208.9</ele></trkpt><trkpt lat="46.21181958253311" lon="7.696140670052"><ele>2209.5</ele></trkpt><trkpt lat="46.21181958249441" lon="7.696127670022102"><ele>2209.7</ele></trkpt><trkpt lat="46.21181058249468" lon="7.696101670023498"><ele>2209.7</ele></trkpt><trkpt lat="46.21181058245601" lon="7.696101669992933"><ele>2209.9</ele></trkpt><trkpt lat="46.211819582300876" lon="7.696062669872616"><ele>2210.7</ele></trkpt><trkpt lat="46.21181958226217" lon="7.696049669842723"><ele>2210.9</ele></trkpt><trkpt lat="46.21181958214603" lon="7.6960116697529815"><ele>2211.5</ele></trkpt><trkpt lat="46.21181958201056" lon="7.695972669648013"><ele>2212.2</ele></trkpt><trkpt lat="46.21181958193317" lon="7.695959669587552"><ele>2212.6</ele></trkpt><trkpt lat="46.211819581778414" lon="7.695933669466636"><ele>2213.4</ele></trkpt><trkpt lat="46.21182858173933" lon="7.695907669437352"><ele>2213.6</ele></trkpt><trkpt lat="46.21182858164255" lon="7.6958816693622785"><ele>2214.1</ele></trkpt><trkpt lat="46.21183758152611" lon="7.695855669271872"><ele>2214.7</ele></trkpt><trkpt lat="46.21183758140999" lon="7.695816669182186"><ele>2215.3</ele></trkpt><trkpt lat="46.211846581312855" lon="7.695803669106391"><ele>2215.8</ele></trkpt><trkpt lat="46.21188258100193" lon="7.695765668863611"><ele>2217.4</ele></trkpt><trkpt lat="46.21190058088516" lon="7.69575266877248"><ele>2218.0</ele></trkpt><trkpt lat="46.211936580651546" lon="7.695726668590212"><ele>2219.2</ele></trkpt><trkpt lat="46.21194558049645" lon="7.695713668468578"><ele>2220.0</ele></trkpt><trkpt lat="46.21195458036071" lon="7.695700668362219"><ele>2220.7</ele></trkpt><trkpt lat="46.21196458032159" lon="7.695687668332263"><ele>2220.9</ele></trkpt><trkpt lat="46.21200858002976" lon="7.695687668102764"><ele>2222.4</ele></trkpt><trkpt lat="46.212017579971416" lon="7.695688668056813"><ele>2222.7</ele></trkpt><trkpt lat="46.212027579893544" lon="7.695675667996293"><ele>2223.1</ele></trkpt><trkpt lat="46.212027579719425" lon="7.69562366786145"><ele>2224.0</ele></trkpt><trkpt lat="46.21203657962228" lon="7.695597667786329"><ele>2224.5</ele></trkpt><trkpt lat="46.212045579447825" lon="7.695571667650087"><ele>2225.4</ele></trkpt><trkpt lat="46.212063579331" lon="7.695558667558958"><ele>2226.0</ele></trkpt><trkpt lat="46.212063579272986" lon="7.695558667513118"><ele>2226.3</ele></trkpt><trkpt lat="46.21207257909845" lon="7.695493667378896"><ele>2227.2</ele></trkpt><trkpt lat="46.21208157902064" lon="7.695480667318389"><ele>2227.6</ele></trkpt><trkpt lat="46.21208157894329" lon="7.695468667257884"><ele>2228.0</ele></trkpt><trkpt lat="46.21208157886589" lon="7.695442667198107"><ele>2228.4</ele></trkpt><trkpt lat="46.212081578749746" lon="7.695403667108443"><ele>2229.0</ele></trkpt><trkpt lat="46.21208157865301" lon="7.6953776670333855"><ele>2229.5</ele></trkpt><trkpt lat="46.21209057857527" lon="7.695364666972881"><ele>2229.9</ele></trkpt><trkpt lat="46.2120995783814" lon="7.69532566682204"><ele>2230.9</ele></trkpt><trkpt lat="46.21209957824599" lon="7.695299666716422"><ele>2231.6</ele></trkpt><trkpt lat="46.21214557781838" lon="7.695196666385309"><ele>2233.8</ele></trkpt><trkpt lat="46.21216357772089" lon="7.695170666310145"><ele>2234.3</ele></trkpt><trkpt lat="46.21216357772089" lon="7.695170666310145"><ele>2234.3</ele></trkpt><trkpt lat="46.2121635775661" lon="7.695131666189928"><ele>2235.1</ele></trkpt><trkpt lat="46.21216357735325" lon="7.69507966602455"><ele>2236.2</ele></trkpt><trkpt lat="46.21217257723672" lon="7.695040665934841"><ele>2236.8</ele></trkpt><trkpt lat="46.21219957704215" lon="7.695002665783845"><ele>2237.8</ele></trkpt><trkpt lat="46.21220857694497" lon="7.694963665709421"><ele>2238.3</ele></trkpt><trkpt lat="46.21219957686798" lon="7.694950665649035"><ele>2238.7</ele></trkpt><trkpt lat="46.212181576771975" lon="7.694924665574106"><ele>2239.2</ele></trkpt><trkpt lat="46.212145576657356" lon="7.694898665484015"><ele>2239.8</ele></trkpt><trkpt lat="46.21212757658071" lon="7.69488566542369"><ele>2240.2</ele></trkpt><trkpt lat="46.21210957652341" lon="7.694872665378645"><ele>2240.5</ele></trkpt><trkpt lat="46.2121095764847" lon="7.694859665348762"><ele>2240.7</ele></trkpt><trkpt lat="46.21211857640691" lon="7.69483366528894"><ele>2241.1</ele></trkpt><trkpt lat="46.21211857629082" lon="7.694794665199296"><ele>2241.7</ele></trkpt><trkpt lat="46.21211057600085" lon="7.694716664974228"><ele>2243.2</ele></trkpt><trkpt lat="46.21211057580737" lon="7.694677664823475"><ele>2244.2</ele></trkpt><trkpt lat="46.21210157567236" lon="7.69465166471793"><ele>2244.9</ele></trkpt><trkpt lat="46.21211057549781" lon="7.694612664582402"><ele>2245.8</ele></trkpt><trkpt lat="46.212119575323285" lon="7.694561664447501"><ele>2246.7</ele></trkpt><trkpt lat="46.21217357497279" lon="7.694483664176217"><ele>2248.5</ele></trkpt><trkpt lat="46.21220057479752" lon="7.694444664040576"><ele>2249.4</ele></trkpt><trkpt lat="46.21221857466137" lon="7.694432663934137"><ele>2250.1</ele></trkpt><trkpt lat="46.2122365744865" lon="7.694406663797878"><ele>2251.0</ele></trkpt><trkpt lat="46.21224557442804" lon="7.6943806637533445"><ele>2251.3</ele></trkpt><trkpt lat="46.212236574351046" lon="7.694354663693654"><ele>2251.7</ele></trkpt><trkpt lat="46.21221057415858" lon="7.6943026635437635"><ele>2252.7</ele></trkpt><trkpt lat="46.212183573927476" lon="7.694237663364006"><ele>2253.9</ele></trkpt><trkpt lat="46.21217457379244" lon="7.694211663258483"><ele>2254.6</ele></trkpt><trkpt lat="46.212174573637675" lon="7.6941856631376275"><ele>2255.4</ele></trkpt><trkpt lat="46.21216557344454" lon="7.694133662987634"><ele>2256.4</ele></trkpt><trkpt lat="46.212147573174484" lon="7.69409466277591"><ele>2257.8</ele></trkpt><trkpt lat="46.21214757305835" lon="7.694068662685612"><ele>2258.4</ele></trkpt><trkpt lat="46.2121565730193" lon="7.694055662655681"><ele>2258.6</ele></trkpt><trkpt lat="46.21217457292182" lon="7.69404366257981"><ele>2259.1</ele></trkpt><trkpt lat="46.21218357284404" lon="7.694030662519325"><ele>2259.5</ele></trkpt><trkpt lat="46.21221057268818" lon="7.694004662398298"><ele>2260.3</ele></trkpt><trkpt lat="46.21222857251339" lon="7.694004662260687"><ele>2261.2</ele></trkpt><trkpt lat="46.21223757245495" lon="7.693991662215478"><ele>2261.5</ele></trkpt><trkpt lat="46.21224657237722" lon="7.693978662154993"><ele>2261.9</ele></trkpt><trkpt lat="46.212264572279736" lon="7.69397866207849"><ele>2262.4</ele></trkpt><trkpt lat="46.212273572143985" lon="7.693965661972179"><ele>2263.1</ele></trkpt><trkpt lat="46.21227357210523" lon="7.693952661942311"><ele>2263.3</ele></trkpt><trkpt lat="46.21226457195089" lon="7.6939266618215205"><ele>2264.1</ele></trkpt><trkpt lat="46.21227357183441" lon="7.693901661731115"><ele>2264.7</ele></trkpt><trkpt lat="46.21228257171805" lon="7.693901661639393"><ele>2265.3</ele></trkpt><trkpt lat="46.21231857144584" lon="7.693901661425282"><ele>2266.7</ele></trkpt><trkpt lat="46.21233657138698" lon="7.693888661380022"><ele>2267.0</ele></trkpt><trkpt lat="46.21233657138698" lon="7.693888661380022"><ele>2267.0</ele></trkpt><trkpt lat="46.21232757129057" lon="7.693849661305752"><ele>2267.5</ele></trkpt><trkpt lat="46.21232757129057" lon="7.693849661305752"><ele>2267.5</ele></trkpt><trkpt lat="46.21235457111547" lon="7.693862661167397"><ele>2268.4</ele></trkpt><trkpt lat="46.21238157094041" lon="7.693901661027675"><ele>2269.3</ele></trkpt><trkpt lat="46.212426570764606" lon="7.693953660887142"><ele>2270.2</ele></trkpt><trkpt lat="46.212471570492106" lon="7.693992660670911"><ele>2271.6</ele></trkpt><trkpt lat="46.21252557023856" lon="7.694018660470583"><ele>2272.9</ele></trkpt><trkpt lat="46.21260656986781" lon="7.6940456601783564"><ele>2274.8</ele></trkpt><trkpt lat="46.21262456971241" lon="7.694071660054645"><ele>2275.6</ele></trkpt><trkpt lat="46.21264256963428" lon="7.694071659993418"><ele>2276.0</ele></trkpt><trkpt lat="46.21265156961453" lon="7.6940586599787695"><ele>2276.1</ele></trkpt><trkpt lat="46.21265156947912" lon="7.694032659873202"><ele>2276.8</ele></trkpt><trkpt lat="46.212660569420684" lon="7.694032659827312"><ele>2277.1</ele></trkpt><trkpt lat="46.21268756918759" lon="7.6940456596431215"><ele>2278.3</ele></trkpt><trkpt lat="46.212723569031354" lon="7.694045659520666"><ele>2279.1</ele></trkpt><trkpt lat="46.21274156889522" lon="7.694045659413606"><ele>2279.8</ele></trkpt><trkpt lat="46.212750568817604" lon="7.694071659351065"><ele>2280.2</ele></trkpt><trkpt lat="46.21276856868152" lon="7.694084659243312"><ele>2280.9</ele></trkpt><trkpt lat="46.212813568428224" lon="7.694084659044411"><ele>2282.2</ele></trkpt><trkpt lat="46.21283156833072" lon="7.694085658967856"><ele>2282.7</ele></trkpt><trkpt lat="46.21287656815491" lon="7.694124658827991"><ele>2283.6</ele></trkpt><trkpt lat="46.21289456805747" lon="7.694124658751484"><ele>2284.1</ele></trkpt><trkpt lat="46.212921567921015" lon="7.694137658643677"><ele>2284.8</ele></trkpt><trkpt lat="46.21294756782327" lon="7.694163658565735"><ele>2285.3</ele></trkpt><trkpt lat="46.212983567609115" lon="7.694189658396061"><ele>2286.4</ele></trkpt><trkpt lat="46.21304656729708" lon="7.694202658150513"><ele>2288.0</ele></trkpt><trkpt lat="46.21309156706318" lon="7.694228657965505"><ele>2289.2</ele></trkpt><trkpt lat="46.21312756679099" lon="7.694254657749991"><ele>2290.6</ele></trkpt><trkpt lat="46.213154566615906" lon="7.6942676576116185"><ele>2291.5</ele></trkpt><trkpt lat="46.21317256647975" lon="7.694268657504503"><ele>2292.2</ele></trkpt><trkpt lat="46.21326256599236" lon="7.694229657124047"><ele>2294.7</ele></trkpt><trkpt lat="46.21328956591386" lon="7.694229657062758"><ele>2295.1</ele></trkpt><trkpt lat="46.21330756581634" lon="7.69421665698694"><ele>2295.6</ele></trkpt><trkpt lat="46.213334565699206" lon="7.694229656894403"><ele>2296.2</ele></trkpt><trkpt lat="46.2133525655824" lon="7.694230656802562"><ele>2296.8</ele></trkpt><trkpt lat="46.21337956550395" lon="7.694243656740579"><ele>2297.2</ele></trkpt><trkpt lat="46.21341556528969" lon="7.694243656572286"><ele>2298.3</ele></trkpt><trkpt lat="46.2134335651535" lon="7.694230656465915"><ele>2299.0</ele></trkpt><trkpt lat="46.21346056482345" lon="7.694165656209494"><ele>2300.7</ele></trkpt><trkpt lat="46.21346956472635" lon="7.694152656133741"><ele>2301.2</ele></trkpt><trkpt lat="46.21348756460952" lon="7.694152656041957"><ele>2301.8</ele></trkpt><trkpt lat="46.2135055644927" lon="7.694152655950172"><ele>2302.4</ele></trkpt><trkpt lat="46.21354156427845" lon="7.694153655781824"><ele>2303.5</ele></trkpt><trkpt lat="46.213577564064245" lon="7.694166655612834"><ele>2304.6</ele></trkpt><trkpt lat="46.213586563909146" lon="7.694166655490553"><ele>2305.4</ele></trkpt><trkpt lat="46.21360456377298" lon="7.694153655384187"><ele>2306.1</ele></trkpt><trkpt lat="46.21361356363717" lon="7.694140655277881"><ele>2306.8</ele></trkpt><trkpt lat="46.21362256350134" lon="7.694101655172972"><ele>2307.5</ele></trkpt><trkpt lat="46.213613563269455" lon="7.6940366549931865"><ele>2308.7</ele></trkpt><trkpt lat="46.213605563192345" lon="7.694010654933528"><ele>2309.1</ele></trkpt><trkpt lat="46.21361456309517" lon="7.693985654858422"><ele>2309.6</ele></trkpt><trkpt lat="46.21360556303747" lon="7.69395965481405"><ele>2309.9</ele></trkpt><trkpt lat="46.21359656292172" lon="7.693920654724539"><ele>2310.5</ele></trkpt><trkpt lat="46.21358756286402" lon="7.693894654680166"><ele>2310.8</ele></trkpt><trkpt lat="46.21356956280663" lon="7.6938556546365495"><ele>2311.1</ele></trkpt><trkpt lat="46.21354256253687" lon="7.693790654426348"><ele>2312.5</ele></trkpt><trkpt lat="46.21353356234374" lon="7.6937386542764346"><ele>2313.5</ele></trkpt><trkpt lat="46.21353356232431" lon="7.693699654263257"><ele>2313.6</ele></trkpt><trkpt lat="46.213533562266164" lon="7.693673654218829"><ele>2313.9</ele></trkpt><trkpt lat="46.213542562168996" lon="7.6936346541444856"><ele>2314.4</ele></trkpt><trkpt lat="46.21355156205251" lon="7.6936086540541675"><ele>2315.0</ele></trkpt><trkpt lat="46.21355256197503" lon="7.6935836539944"><ele>2315.4</ele></trkpt><trkpt lat="46.21354356187863" lon="7.6935576539194805"><ele>2315.9</ele></trkpt><trkpt lat="46.213534561801616" lon="7.693531653859835"><ele>2316.3</ele></trkpt><trkpt lat="46.213525561569696" lon="7.693453653680786"><ele>2317.5</ele></trkpt><trkpt lat="46.21353456125963" lon="7.693349653441919"><ele>2319.1</ele></trkpt><trkpt lat="46.21354356110433" lon="7.6932976533224595"><ele>2319.9</ele></trkpt><trkpt lat="46.21355256089108" lon="7.693246653157121"><ele>2321.0</ele></trkpt><trkpt lat="46.21355256071687" lon="7.693194653022446"><ele>2321.9</ele></trkpt><trkpt lat="46.213544560504296" lon="7.693129652857984"><ele>2323.0</ele></trkpt><trkpt lat="46.213544560504296" lon="7.693129652857984"><ele>2323.0</ele></trkpt><trkpt lat="46.2135805603285" lon="7.693064652723782"><ele>2323.9</ele></trkpt><trkpt lat="46.21360756011441" lon="7.692987652559739"><ele>2325.0</ele></trkpt><trkpt lat="46.21362555999749" lon="7.692948652470081"><ele>2325.6</ele></trkpt><trkpt lat="46.21362555999749" lon="7.692948652470081"><ele>2325.6</ele></trkpt><trkpt lat="46.21364355980309" lon="7.692870652321435"><ele>2326.6</ele></trkpt><trkpt lat="46.21367055956964" lon="7.6927936521421305"><ele>2327.8</ele></trkpt><trkpt lat="46.2136975592201" lon="7.692702651871942"><ele>2329.6</ele></trkpt><trkpt lat="46.213707558948705" lon="7.692611651662969"><ele>2331.0</ele></trkpt><trkpt lat="46.213725558618734" lon="7.6924696514108994"><ele>2332.7</ele></trkpt><trkpt lat="46.21374355855973" lon="7.692404651368484"><ele>2333.0</ele></trkpt><trkpt lat="46.21377055848102" lon="7.692340651310681"><ele>2333.4</ele></trkpt><trkpt lat="46.21379855830527" lon="7.692171651182218"><ele>2334.3</ele></trkpt><trkpt lat="46.21379855830527" lon="7.692171651182218"><ele>2334.3</ele></trkpt><trkpt lat="46.21381655820759" lon="7.692107651109205"><ele>2334.8</ele></trkpt><trkpt lat="46.21381655814938" lon="7.692042651066913"><ele>2335.1</ele></trkpt><trkpt lat="46.21381655807195" lon="7.691990651008653"><ele>2335.5</ele></trkpt><trkpt lat="46.213816557994456" lon="7.691964650948975"><ele>2335.9</ele></trkpt><trkpt lat="46.21380755791741" lon="7.691938650889358"><ele>2336.3</ele></trkpt><trkpt lat="46.21379855782101" lon="7.69189965081518"><ele>2336.8</ele></trkpt><trkpt lat="46.21378955772465" lon="7.691873650740289"><ele>2337.3</ele></trkpt><trkpt lat="46.21378955758911" lon="7.691834650635507"><ele>2338.0</ele></trkpt><trkpt lat="46.2137985575113" lon="7.6918216505750605"><ele>2338.4</ele></trkpt><trkpt lat="46.21380755741421" lon="7.691808650499347"><ele>2338.9</ele></trkpt><trkpt lat="46.213807557356105" lon="7.691783650454892"><ele>2339.2</ele></trkpt><trkpt lat="46.21381755706548" lon="7.691731650228576"><ele>2340.7</ele></trkpt><trkpt lat="46.2137815566992" lon="7.691614649945028"><ele>2342.6</ele></trkpt><trkpt lat="46.213781556563674" lon="7.691562649840964"><ele>2343.3</ele></trkpt><trkpt lat="46.21377255648662" lon="7.691523649782062"><ele>2343.7</ele></trkpt><trkpt lat="46.213772556351174" lon="7.691484649677293"><ele>2344.4</ele></trkpt><trkpt lat="46.213754556216415" lon="7.6914456495726435"><ele>2345.1</ele></trkpt><trkpt lat="46.21374555598459" lon="7.691394649392229"><ele>2346.3</ele></trkpt><trkpt lat="46.213736555810804" lon="7.691342649257691"><ele>2347.2</ele></trkpt><trkpt lat="46.21371955559861" lon="7.691290649092665"><ele>2348.3</ele></trkpt><trkpt lat="46.213710555521594" lon="7.691264649033066"><ele>2348.7</ele></trkpt><trkpt lat="46.213701555212324" lon="7.691186648793059"><ele>2350.3</ele></trkpt><trkpt lat="46.21369255511589" lon="7.691147648718903"><ele>2350.8</ele></trkpt><trkpt lat="46.213683554903376" lon="7.691095648553829"><ele>2351.9</ele></trkpt><trkpt lat="46.21369255470944" lon="7.691043648403914"><ele>2352.9</ele></trkpt><trkpt lat="46.21371055455388" lon="7.691018648282998"><ele>2353.7</ele></trkpt><trkpt lat="46.21370155443817" lon="7.6909796481935775"><ele>2354.3</ele></trkpt><trkpt lat="46.21368355422602" lon="7.6909276480285795"><ele>2355.4</ele></trkpt><trkpt lat="46.21366655409125" lon="7.6908756479246545"><ele>2356.1</ele></trkpt><trkpt lat="46.21366655356826" lon="7.690590647528015"><ele>2358.8</ele></trkpt><trkpt lat="46.21363955337561" lon="7.690447647383357"><ele>2359.8</ele></trkpt><trkpt lat="46.21361355324111" lon="7.690356647281649"><ele>2360.5</ele></trkpt><trkpt lat="46.2136135530669" lon="7.690304647147089"><ele>2361.4</ele></trkpt><trkpt lat="46.21361355287326" lon="7.690214646999353"><ele>2362.4</ele></trkpt><trkpt lat="46.213622552737384" lon="7.690175646894561"><ele>2363.1</ele></trkpt><trkpt lat="46.21366755246434" lon="7.690071646686224"><ele>2364.5</ele></trkpt><trkpt lat="46.2136945522502" lon="7.68998164652305"><ele>2365.6</ele></trkpt><trkpt lat="46.21370455211421" lon="7.689929646418974"><ele>2366.3</ele></trkpt><trkpt lat="46.213758551550704" lon="7.689826645981531"><ele>2369.2</ele></trkpt><trkpt lat="46.213758551376536" lon="7.689787645846278"><ele>2370.1</ele></trkpt><trkpt lat="46.21374955126072" lon="7.689735645757604"><ele>2370.7</ele></trkpt><trkpt lat="46.21378555083337" lon="7.689631645427229"><ele>2372.9</ele></trkpt><trkpt lat="46.213794550484636" lon="7.689554645156619"><ele>2374.7</ele></trkpt><trkpt lat="46.213804550232545" lon="7.6894766449624"><ele>2376.0</ele></trkpt><trkpt lat="46.21386754957161" lon="7.689282644453657"><ele>2379.4</ele></trkpt><trkpt lat="46.21393054906568" lon="7.689153644063467"><ele>2382.0</ele></trkpt><trkpt lat="46.213984548598724" lon="7.689023643703935"><ele>2384.4</ele></trkpt><trkpt lat="46.214057547956834" lon="7.688868643208299"><ele>2387.7</ele></trkpt><trkpt lat="46.21406654780152" lon="7.688803643089727"><ele>2388.5</ele></trkpt><trkpt lat="46.214075547646175" lon="7.688713642972554"><ele>2389.3</ele></trkpt><trkpt lat="46.21409354749054" lon="7.688674642852483"><ele>2390.1</ele></trkpt><trkpt lat="46.21408454735532" lon="7.688609642749312"><ele>2390.8</ele></trkpt><trkpt lat="46.2141025472384" lon="7.688557642660496"><ele>2391.4</ele></trkpt><trkpt lat="46.21411254704425" lon="7.688467642512798"><ele>2392.4</ele></trkpt><trkpt lat="46.21419354638237" lon="7.68823464200626"><ele>2395.8</ele></trkpt><trkpt lat="46.21419354630488" lon="7.6881826419481065"><ele>2396.2</ele></trkpt><trkpt lat="46.21419354622742" lon="7.6881566418885035"><ele>2396.6</ele></trkpt><trkpt lat="46.21422954601302" lon="7.688117641722536"><ele>2397.7</ele></trkpt><trkpt lat="46.214248545702425" lon="7.688027641483225"><ele>2399.3</ele></trkpt><trkpt lat="46.2142215455101" lon="7.687975641333685"><ele>2400.3</ele></trkpt><trkpt lat="46.21421254539427" lon="7.687923641245075"><ele>2400.9</ele></trkpt><trkpt lat="46.214212545297485" lon="7.687897641170213"><ele>2401.4</ele></trkpt><trkpt lat="46.21426654502416" lon="7.687845640959076"><ele>2402.8</ele></trkpt><trkpt lat="46.21426654486934" lon="7.6878196408384305"><ele>2403.6</ele></trkpt><trkpt lat="46.21430254461621" lon="7.687768640642628"><ele>2404.9</ele></trkpt><trkpt lat="46.21428454438473" lon="7.687703640463242"><ele>2406.1</ele></trkpt><trkpt lat="46.2142485441154" lon="7.687651640252735"><ele>2407.5</ele></trkpt><trkpt lat="46.21424854399923" lon="7.687612640163349"><ele>2408.1</ele></trkpt><trkpt lat="46.21426754384358" lon="7.68757364004331"><ele>2408.9</ele></trkpt><trkpt lat="46.21433054351186" lon="7.687548639784825"><ele>2410.6</ele></trkpt><trkpt lat="46.21437554323895" lon="7.687496639573774"><ele>2412.0</ele></trkpt><trkpt lat="46.21442054269505" lon="7.6873926391519785"><ele>2414.8</ele></trkpt><trkpt lat="46.214429542210645" lon="7.687237638779104"><ele>2417.3</ele></trkpt><trkpt lat="46.21444754199688" lon="7.6871596386154994"><ele>2418.4</ele></trkpt><trkpt lat="46.21444854162888" lon="7.687004638334272"><ele>2420.3</ele></trkpt><trkpt lat="46.214457541396165" lon="7.686913638156214"><ele>2421.5</ele></trkpt><trkpt lat="46.21447554125979" lon="7.686874638051465"><ele>2422.2</ele></trkpt><trkpt lat="46.214493541181575" lon="7.686849637991709"><ele>2422.6</ele></trkpt><trkpt lat="46.214502541123075" lon="7.6868236379473345"><ele>2422.9</ele></trkpt><trkpt lat="46.21450254106495" lon="7.6867976379030205"><ele>2423.2</ele></trkpt><trkpt lat="46.214520540967335" lon="7.686758637828796"><ele>2423.7</ele></trkpt><trkpt lat="46.21452954088947" lon="7.686732637769161"><ele>2424.1</ele></trkpt><trkpt lat="46.21452954069583" lon="7.6866416376216975"><ele>2425.1</ele></trkpt><trkpt lat="46.21453954063724" lon="7.686603637577999"><ele>2425.4</ele></trkpt><trkpt lat="46.214530540560226" lon="7.686577637518491"><ele>2425.8</ele></trkpt><trkpt lat="46.21453954052099" lon="7.686538637490113"><ele>2426.0</ele></trkpt><trkpt lat="46.21454854046243" lon="7.686499637446477"><ele>2426.3</ele></trkpt><trkpt lat="46.21454854042358" lon="7.686447637418895"><ele>2426.5</ele></trkpt><trkpt lat="46.214539540385225" lon="7.6864086373906435"><ele>2426.7</ele></trkpt><trkpt lat="46.214548540345994" lon="7.686369637362265"><ele>2426.9</ele></trkpt><trkpt lat="46.214539540288314" lon="7.68634363731802"><ele>2427.2</ele></trkpt><trkpt lat="46.21454854022979" lon="7.686318637273592"><ele>2427.5</ele></trkpt><trkpt lat="46.21455754019064" lon="7.686292637244483"><ele>2427.7</ele></trkpt><trkpt lat="46.214557540171164" lon="7.6862536372314265"><ele>2427.8</ele></trkpt><trkpt lat="46.214566540132004" lon="7.686214637203051"><ele>2428.0</ele></trkpt><trkpt lat="46.21459454003373" lon="7.686123637131711"><ele>2428.5</ele></trkpt><trkpt lat="46.214630539993095" lon="7.686007637107501"><ele>2428.7</ele></trkpt><trkpt lat="46.21466653997182" lon="7.685903637097876"><ele>2428.8</ele></trkpt><trkpt lat="46.21468453999018" lon="7.685852637115893"><ele>2428.7</ele></trkpt><trkpt lat="46.21470253998923" lon="7.68580063711871"><ele>2428.7</ele></trkpt><trkpt lat="46.214720539968965" lon="7.68576163710553"><ele>2428.8</ele></trkpt><trkpt lat="46.214729539949104" lon="7.685735637091684"><ele>2428.9</ele></trkpt><trkpt lat="46.21480153988766" lon="7.68567163704903"><ele>2429.2</ele></trkpt><trkpt lat="46.21482853984774" lon="7.6856456370198005"><ele>2429.4</ele></trkpt><trkpt lat="46.21484753984669" lon="7.685593637022609"><ele>2429.4</ele></trkpt><trkpt lat="46.214892539767" lon="7.685490636967095"><ele>2429.8</ele></trkpt><trkpt lat="46.21491953970756" lon="7.685425636924812"><ele>2430.1</ele></trkpt><trkpt lat="46.214928539687705" lon="7.685386636911699"><ele>2430.2</ele></trkpt><trkpt lat="46.21495553958952" lon="7.685296636840321"><ele>2430.7</ele></trkpt><trkpt lat="46.21499153939401" lon="7.685140636696337"><ele>2431.7</ele></trkpt><trkpt lat="46.21501053929627" lon="7.6850896366228145"><ele>2432.2</ele></trkpt><trkpt lat="46.21502853923735" lon="7.685063636578394"><ele>2432.5</ele></trkpt><trkpt lat="46.21504653912043" lon="7.685037636488208"><ele>2433.1</ele></trkpt><trkpt lat="46.2150735390223" lon="7.68497263641542"><ele>2433.6</ele></trkpt><trkpt lat="46.215082538983154" lon="7.6849466363863215"><ele>2433.8</ele></trkpt><trkpt lat="46.215118538923356" lon="7.68490863634246"><ele>2434.1</ele></trkpt><trkpt lat="46.21513653884516" lon="7.684882636282785"><ele>2434.5</ele></trkpt><trkpt lat="46.21515453880551" lon="7.68484363625436"><ele>2434.7</ele></trkpt><trkpt lat="46.21517253872722" lon="7.684804636195421"><ele>2435.1</ele></trkpt><trkpt lat="46.21519053862959" lon="7.684778636120495"><ele>2435.6</ele></trkpt><trkpt lat="46.21521753841538" lon="7.6846886359576"><ele>2436.7</ele></trkpt><trkpt lat="46.215235538356396" lon="7.684649635913927"><ele>2437.0</ele></trkpt><trkpt lat="46.2152635382583" lon="7.684610635839668"><ele>2437.5</ele></trkpt><trkpt lat="46.21529953810177" lon="7.684572635719538"><ele>2438.3</ele></trkpt><trkpt lat="46.21530853804329" lon="7.6845466356751855"><ele>2438.6</ele></trkpt><trkpt lat="46.215326537907025" lon="7.684507635570493"><ele>2439.3</ele></trkpt><trkpt lat="46.21534453780933" lon="7.68446863549631"><ele>2439.8</ele></trkpt><trkpt lat="46.21537153765314" lon="7.6844036353777785"><ele>2440.6</ele></trkpt><trkpt lat="46.21538953759426" lon="7.684378635333308"><ele>2440.9</ele></trkpt><trkpt lat="46.215416537496274" lon="7.684365635257589"><ele>2441.4</ele></trkpt><trkpt lat="46.21545253728168" lon="7.6843006350932335"><ele>2442.5</ele></trkpt><trkpt lat="46.21547053726145" lon="7.684274635079333"><ele>2442.6</ele></trkpt><trkpt lat="46.21548853718318" lon="7.68424863501967"><ele>2443.0</ele></trkpt><trkpt lat="46.21551553689145" lon="7.6841326347972725"><ele>2444.5</ele></trkpt><trkpt lat="46.215542536716036" lon="7.6840936346620206"><ele>2445.4</ele></trkpt><trkpt lat="46.215579536578815" lon="7.684041634557946"><ele>2446.1</ele></trkpt><trkpt lat="46.21560653648076" lon="7.684016634482918"><ele>2446.6</ele></trkpt><trkpt lat="46.215624536383125" lon="7.6839776344087465"><ele>2447.1</ele></trkpt><trkpt lat="46.215642536285436" lon="7.683925634335314"><ele>2447.6</ele></trkpt><trkpt lat="46.21566053618786" lon="7.683899634260407"><ele>2448.1</ele></trkpt><trkpt lat="46.21567853609023" lon="7.683861634186181"><ele>2448.6</ele></trkpt><trkpt lat="46.2157055359728" lon="7.683822634096696"><ele>2449.2</ele></trkpt><trkpt lat="46.2157325358941" lon="7.683796634036979"><ele>2449.6</ele></trkpt><trkpt lat="46.21575053579643" lon="7.683757633962813"><ele>2450.1</ele></trkpt><trkpt lat="46.21576853573752" lon="7.6837316339184065"><ele>2450.4</ele></trkpt><trkpt lat="46.215786535678575" lon="7.683705633874008"><ele>2450.7</ele></trkpt><trkpt lat="46.2157955355426" lon="7.683641633770828"><ele>2451.4</ele></trkpt><trkpt lat="46.21581353550302" lon="7.683615633741684"><ele>2451.6</ele></trkpt><trkpt lat="46.215831535482856" lon="7.683602633727046"><ele>2451.7</ele></trkpt><trkpt lat="46.21585853542341" lon="7.683563633683327"><ele>2452.0</ele></trkpt><trkpt lat="46.21588653538337" lon="7.683525633654794"><ele>2452.2</ele></trkpt><trkpt lat="46.215922535323614" lon="7.68349963361027"><ele>2452.5</ele></trkpt><trkpt lat="46.215949535264215" lon="7.683447633567294"><ele>2452.8</ele></trkpt><trkpt lat="46.21596753520527" lon="7.683421633522899"><ele>2453.1</ele></trkpt><trkpt lat="46.21597653516611" lon="7.683395633493815"><ele>2453.3</ele></trkpt><trkpt lat="46.215994535087844" lon="7.683382633433426"><ele>2453.7</ele></trkpt><trkpt lat="46.21602153502853" lon="7.683357633388907"><ele>2454.0</ele></trkpt><trkpt lat="46.216111534830766" lon="7.683266633240958"><ele>2455.0</ele></trkpt><trkpt lat="46.21615653471243" lon="7.683202633152789"><ele>2455.6</ele></trkpt><trkpt lat="46.21618353469172" lon="7.683163633139579"><ele>2455.7</ele></trkpt><trkpt lat="46.21623753463104" lon="7.6830986330971625"><ele>2456.0</ele></trkpt><trkpt lat="46.21626453459102" lon="7.683060633068645"><ele>2456.2</ele></trkpt><trkpt lat="46.21630053453124" lon="7.683021633024871"><ele>2456.5</ele></trkpt><trkpt lat="46.216318534491634" lon="7.682995632995728"><ele>2456.7</ele></trkpt><trkpt lat="46.216346534470844" lon="7.6829306329839975"><ele>2456.8</ele></trkpt><trkpt lat="46.21636453445059" lon="7.6829056329700505"><ele>2456.9</ele></trkpt><trkpt lat="46.2164005344102" lon="7.682879632940785"><ele>2457.1</ele></trkpt><trkpt lat="46.21642753435083" lon="7.682853632896331"><ele>2457.4</ele></trkpt><trkpt lat="46.21644553433054" lon="7.682814632883185"><ele>2457.5</ele></trkpt><trkpt lat="46.21649053423156" lon="7.6827506328102775"><ele>2458.0</ele></trkpt><trkpt lat="46.21651753417224" lon="7.682724632765825"><ele>2458.3</ele></trkpt><trkpt lat="46.216616533935266" lon="7.682621632588024"><ele>2459.5</ele></trkpt><trkpt lat="46.21666153381707" lon="7.682595632497693"><ele>2460.1</ele></trkpt><trkpt lat="46.21667953370012" lon="7.682569632407559"><ele>2460.7</ele></trkpt><trkpt lat="46.21672453350443" lon="7.682505632258404"><ele>2461.7</ele></trkpt><trkpt lat="46.21675153336769" lon="7.682479632152953"><ele>2462.4</ele></trkpt><trkpt lat="46.2167965331334" lon="7.6824536319711285"><ele>2463.6</ele></trkpt><trkpt lat="46.21681453297774" lon="7.68242763185049"><ele>2464.4</ele></trkpt><trkpt lat="46.216824532841706" lon="7.682388631745909"><ele>2465.1</ele></trkpt><trkpt lat="46.21684253274405" lon="7.682337631672463"><ele>2465.6</ele></trkpt><trkpt lat="46.21684253262769" lon="7.682246631586189"><ele>2466.2</ele></trkpt><trkpt lat="46.21685153249174" lon="7.68220763148162"><ele>2466.9</ele></trkpt><trkpt lat="46.21687853225819" lon="7.682155631301425"><ele>2468.1</ele></trkpt><trkpt lat="46.21688753216096" lon="7.682129631226608"><ele>2468.6</ele></trkpt><trkpt lat="46.216905532063286" lon="7.682091631152416"><ele>2469.1</ele></trkpt><trkpt lat="46.21691453198545" lon="7.682078631092105"><ele>2469.5</ele></trkpt><trkpt lat="46.21693253182971" lon="7.682013630973726"><ele>2470.3</ele></trkpt><trkpt lat="46.21693253167483" lon="7.681974630853978"><ele>2471.1</ele></trkpt><trkpt lat="46.21694153150012" lon="7.681922630719666"><ele>2472.0</ele></trkpt><trkpt lat="46.216951531325435" lon="7.681883630584604"><ele>2472.9</ele></trkpt><trkpt lat="46.216960531092674" lon="7.681832630404491"><ele>2474.1</ele></trkpt><trkpt lat="46.216960530841064" lon="7.681780630209259"><ele>2475.4</ele></trkpt><trkpt lat="46.21697853051112" lon="7.681715629953657"><ele>2477.1</ele></trkpt><trkpt lat="46.21696053037642" lon="7.681676629849295"><ele>2477.8</ele></trkpt><trkpt lat="46.216942530241795" lon="7.681663629743438"><ele>2478.5</ele></trkpt><trkpt lat="46.21694253012558" lon="7.681624629654199"><ele>2479.1</ele></trkpt><trkpt lat="46.21695152998964" lon="7.681585629549648"><ele>2479.8</ele></trkpt><trkpt lat="46.21696052981494" lon="7.68154762941455"><ele>2480.7</ele></trkpt><trkpt lat="46.216978529697954" lon="7.681508629325189"><ele>2481.3</ele></trkpt><trkpt lat="46.216996529542335" lon="7.68148262920458"><ele>2482.1</ele></trkpt><trkpt lat="46.21702452934739" lon="7.681430629054913"><ele>2483.1</ele></trkpt><trkpt lat="46.217033529250095" lon="7.681391628980864"><ele>2483.6</ele></trkpt><trkpt lat="46.217051529152556" lon="7.681379628905198"><ele>2484.1</ele></trkpt><trkpt lat="46.21708752886041" lon="7.681288628681495"><ele>2485.6</ele></trkpt><trkpt lat="46.217096528801896" lon="7.681262628637197"><ele>2485.9</ele></trkpt><trkpt lat="46.217114528762245" lon="7.68123662860808"><ele>2486.1</ele></trkpt><trkpt lat="46.21713252866456" lon="7.681197628533973"><ele>2486.6</ele></trkpt><trkpt lat="46.217150528567025" lon="7.6811986284575555"><ele>2487.1</ele></trkpt><trkpt lat="46.21724952821421" lon="7.681185628183157"><ele>2488.9</ele></trkpt><trkpt lat="46.21727652815481" lon="7.681159628138731"><ele>2489.2</ele></trkpt><trkpt lat="46.21733052809416" lon="7.681108628095567"><ele>2489.5</ele></trkpt><trkpt lat="46.217348528073856" lon="7.681082628081694"><ele>2489.6</ele></trkpt><trkpt lat="46.21737552805329" lon="7.6810696280670125"><ele>2489.7</ele></trkpt><trkpt lat="46.21742952797333" lon="7.681056628006393"><ele>2490.1</ele></trkpt><trkpt lat="46.21745652787532" lon="7.681043627930726"><ele>2490.6</ele></trkpt><trkpt lat="46.21747452781632" lon="7.6810056278870595"><ele>2490.9</ele></trkpt><trkpt lat="46.217492527776706" lon="7.680979627857945"><ele>2491.1</ele></trkpt><trkpt lat="46.21750152769887" lon="7.680953627798404"><ele>2491.5</ele></trkpt><trkpt lat="46.217519527659285" lon="7.68094062776854"><ele>2491.7</ele></trkpt><trkpt lat="46.21753752756159" lon="7.680901627694445"><ele>2492.2</ele></trkpt><trkpt lat="46.21754752752227" lon="7.6808496276668965"><ele>2492.4</ele></trkpt><trkpt lat="46.217556527463735" lon="7.680824627622547"><ele>2492.7</ele></trkpt><trkpt lat="46.21758352738496" lon="7.680772627564388"><ele>2493.1</ele></trkpt><trkpt lat="46.21760152726793" lon="7.68073362747505"><ele>2493.7</ele></trkpt><trkpt lat="46.2176105271707" lon="7.6807076274002615"><ele>2494.2</ele></trkpt><trkpt lat="46.21761952705404" lon="7.680668627310991"><ele>2494.8</ele></trkpt><trkpt lat="46.217637526956445" lon="7.680642627236145"><ele>2495.3</ele></trkpt><trkpt lat="46.21765552691683" lon="7.680617627206978"><ele>2495.5</ele></trkpt><trkpt lat="46.21766452687768" lon="7.680604627177177"><ele>2495.7</ele></trkpt><trkpt lat="46.21767352687717" lon="7.68059162717787"><ele>2495.7</ele></trkpt><trkpt lat="46.217673526857794" lon="7.680565627164135"><ele>2495.8</ele></trkpt><trkpt lat="46.21768252683796" lon="7.680552627149581"><ele>2495.9</ele></trkpt><trkpt lat="46.21770052679838" lon="7.680526627120474"><ele>2496.1</ele></trkpt><trkpt lat="46.21770952679787" lon="7.680500627121922"><ele>2496.1</ele></trkpt><trkpt lat="46.2177275267389" lon="7.680461627078326"><ele>2496.4</ele></trkpt><trkpt lat="46.217745526679956" lon="7.680436627033914"><ele>2496.7</ele></trkpt><trkpt lat="46.21775452666012" lon="7.680423627019359"><ele>2496.8</ele></trkpt><trkpt lat="46.21776352664029" lon="7.680397627005566"><ele>2496.9</ele></trkpt><trkpt lat="46.217790526638844" lon="7.680345627008396"><ele>2496.9</ele></trkpt><trkpt lat="46.21780052654153" lon="7.680293626935124"><ele>2497.4</ele></trkpt><trkpt lat="46.21780952648291" lon="7.680254626891592"><ele>2497.7</ele></trkpt><trkpt lat="46.21781852636636" lon="7.680216626802271"><ele>2498.3</ele></trkpt><trkpt lat="46.21783652621055" lon="7.680164626683213"><ele>2499.1</ele></trkpt><trkpt lat="46.21786352615118" lon="7.680138626638795"><ele>2499.4</ele></trkpt><trkpt lat="46.217872526131266" lon="7.68009962662576"><ele>2499.5</ele></trkpt><trkpt lat="46.2178815261308" lon="7.68008662662645"><ele>2499.5</ele></trkpt><trkpt lat="46.217890526130425" lon="7.680086626626387"><ele>2499.5</ele></trkpt><trkpt lat="46.21790852607152" lon="7.680073626581284"><ele>2499.8</ele></trkpt><trkpt lat="46.217935526031525" lon="7.680061626551303"><ele>2500.0</ele></trkpt><trkpt lat="46.217971525933066" lon="7.680048626475579"><ele>2500.5</ele></trkpt><trkpt lat="46.2179985258156" lon="7.68000962638619"><ele>2501.1</ele></trkpt><trkpt lat="46.218034525678455" lon="7.679996626279981"><ele>2501.8</ele></trkpt><trkpt lat="46.21805252556154" lon="7.679996626188386"><ele>2502.4</ele></trkpt><trkpt lat="46.21806152550299" lon="7.679983626143344"><ele>2502.7</ele></trkpt><trkpt lat="46.21807052544455" lon="7.679971626098245"><ele>2503.0</ele></trkpt><trkpt lat="46.21809752530779" lon="7.679945625992863"><ele>2503.7</ele></trkpt><trkpt lat="46.21810652522991" lon="7.679932625932577"><ele>2504.1</ele></trkpt><trkpt lat="46.21812452517098" lon="7.679906625888231"><ele>2504.4</ele></trkpt><trkpt lat="46.21814252503462" lon="7.679880625782912"><ele>2505.1</ele></trkpt><trkpt lat="46.218160524975694" lon="7.679867625737812"><ele>2505.4</ele></trkpt><trkpt lat="46.218196524954585" lon="7.679841625723824"><ele>2505.5</ele></trkpt><trkpt lat="46.21821452493439" lon="7.679829625709157"><ele>2505.6</ele></trkpt><trkpt lat="46.21825952485484" lon="7.679816625648612"><ele>2506.0</ele></trkpt><trkpt lat="46.21826852481566" lon="7.679803625618822"><ele>2506.2</ele></trkpt><trkpt lat="46.21827752473783" lon="7.679790625558541"><ele>2506.6</ele></trkpt><trkpt lat="46.21829552465956" lon="7.679777625498192"><ele>2507.0</ele></trkpt><trkpt lat="46.21833152450308" lon="7.679777625375985"><ele>2507.8</ele></trkpt><trkpt lat="46.218349524463584" lon="7.679777625345372"><ele>2508.0</ele></trkpt><trkpt lat="46.21841252434465" lon="7.6797916252526415"><ele>2508.6</ele></trkpt><trkpt lat="46.21844852422682" lon="7.6797916251609175"><ele>2509.2</ele></trkpt><trkpt lat="46.21847552418686" lon="7.679778625130995"><ele>2509.4</ele></trkpt><trkpt lat="46.21861052392893" lon="7.67975362493332"><ele>2510.7</ele></trkpt><trkpt lat="46.21862852388943" lon="7.679753624902704"><ele>2510.9</ele></trkpt><trkpt lat="46.2186645238296" lon="7.679727624858235"><ele>2511.2</ele></trkpt><trkpt lat="46.218718523788255" lon="7.679675624830408"><ele>2511.4</ele></trkpt><trkpt lat="46.218745523786964" lon="7.679662624830972"><ele>2511.4</ele></trkpt><trkpt lat="46.2187555237671" lon="7.679637624817118"><ele>2511.5</ele></trkpt><trkpt lat="46.21877352376616" lon="7.679611624818507"><ele>2511.5</ele></trkpt><trkpt lat="46.21880052376488" lon="7.679598624819077"><ele>2511.5</ele></trkpt><trkpt lat="46.21884552372395" lon="7.67955962479055"><ele>2511.7</ele></trkpt><trkpt lat="46.218872523683814" lon="7.679508624762856"><ele>2511.9</ele></trkpt><trkpt lat="46.21889952352763" lon="7.679456624643758"><ele>2512.7</ele></trkpt><trkpt lat="46.21891752342993" lon="7.6794306245689326"><ele>2513.2</ele></trkpt><trkpt lat="46.21894452335117" lon="7.67939162451005"><ele>2513.6</ele></trkpt><trkpt lat="46.21897152325308" lon="7.679365624435163"><ele>2514.1</ele></trkpt><trkpt lat="46.21898052311713" lon="7.6793406243298605"><ele>2514.8</ele></trkpt><trkpt lat="46.21899852303883" lon="7.679314624270286"><ele>2515.2</ele></trkpt><trkpt lat="46.219007522883494" lon="7.679275624150562"><ele>2516.0</ele></trkpt><trkpt lat="46.21901652278628" lon="7.679262624075047"><ele>2516.5</ele></trkpt><trkpt lat="46.219034522669304" lon="7.679249623984221"><ele>2517.1</ele></trkpt><trkpt lat="46.21905252249421" lon="7.679210623849194"><ele>2518.0</ele></trkpt><trkpt lat="46.21905252241676" lon="7.679197623788987"><ele>2518.4</ele></trkpt><trkpt lat="46.21906152233887" lon="7.679184623728715"><ele>2518.8</ele></trkpt><trkpt lat="46.219070522280326" lon="7.679171623683681"><ele>2519.1</ele></trkpt><trkpt lat="46.21908852218281" lon="7.679172623607277"><ele>2519.6</ele></trkpt><trkpt lat="46.21909752212436" lon="7.679185623560724"><ele>2519.9</ele></trkpt><trkpt lat="46.2191065220659" lon="7.679185623514932"><ele>2520.2</ele></trkpt><trkpt lat="46.219106521969074" lon="7.679172623439481"><ele>2520.7</ele></trkpt><trkpt lat="46.21912452183273" lon="7.679146623334183"><ele>2521.4</ele></trkpt><trkpt lat="46.21913352177424" lon="7.679133623289155"><ele>2521.7</ele></trkpt><trkpt lat="46.2191425217351" lon="7.679133623258604"><ele>2521.9</ele></trkpt><trkpt lat="46.219151521638025" lon="7.679159623180794"><ele>2522.4</ele></trkpt><trkpt lat="46.21915152159936" lon="7.679172623149546"><ele>2522.6</ele></trkpt><trkpt lat="46.21916052156021" lon="7.679172623118997"><ele>2522.8</ele></trkpt><trkpt lat="46.21916952148239" lon="7.679172623057962"><ele>2523.2</ele></trkpt><trkpt lat="46.21917852140452" lon="7.679146622998456"><ele>2523.6</ele></trkpt><trkpt lat="46.219187521346" lon="7.679133622953431"><ele>2523.9</ele></trkpt><trkpt lat="46.21918752128791" lon="7.679120622908466"><ele>2524.2</ele></trkpt><trkpt lat="46.21918752119111" lon="7.679107622833015"><ele>2524.7</ele></trkpt><trkpt lat="46.21918752103618" lon="7.679081622712608"><ele>2525.5</ele></trkpt><trkpt lat="46.21918852097807" lon="7.6790686226676375"><ele>2525.8</ele></trkpt><trkpt lat="46.2191795208817" lon="7.679055622592254"><ele>2526.3</ele></trkpt><trkpt lat="46.219170520843434" lon="7.6790426225626"><ele>2526.5</ele></trkpt><trkpt lat="46.21918852076507" lon="7.679029622502264"><ele>2526.9</ele></trkpt><trkpt lat="46.21920652066753" lon="7.679029622425923"><ele>2527.4</ele></trkpt><trkpt lat="46.219224520589194" lon="7.679017622365531"><ele>2527.8</ele></trkpt><trkpt lat="46.21923352045333" lon="7.679004622259536"><ele>2528.5</ele></trkpt><trkpt lat="46.219251520297576" lon="7.678978622139001"><ele>2529.3</ele></trkpt><trkpt lat="46.21926952018064" lon="7.678978622047418"><ele>2529.9</ele></trkpt><trkpt lat="46.219287520025006" lon="7.678978621925352"><ele>2530.7</ele></trkpt><trkpt lat="46.21929651994715" lon="7.678965621865081"><ele>2531.1</ele></trkpt><trkpt lat="46.219332519674374" lon="7.678913621654499"><ele>2532.5</ele></trkpt><trkpt lat="46.21941351908984" lon="7.678836621201203"><ele>2535.5</ele></trkpt><trkpt lat="46.21939551901314" lon="7.678797621142668"><ele>2535.9</ele></trkpt><trkpt lat="46.21942251887637" lon="7.67878462103655"><ele>2536.6</ele></trkpt><trkpt lat="46.21947651852559" lon="7.678797620761038"><ele>2538.4</ele></trkpt><trkpt lat="46.219521518291224" lon="7.6787856205785205"><ele>2539.6</ele></trkpt><trkpt lat="46.21955751799909" lon="7.678746620351939"><ele>2541.1</ele></trkpt><trkpt lat="46.21956651778571" lon="7.67870762018653"><ele>2542.2</ele></trkpt><trkpt lat="46.219566517650215" lon="7.678681620081378"><ele>2542.9</ele></trkpt><trkpt lat="46.21958451747507" lon="7.678642619946383"><ele>2543.8</ele></trkpt><trkpt lat="46.21962051724114" lon="7.678630619763935"><ele>2545.0</ele></trkpt><trkpt lat="46.21967451683223" lon="7.6786306194434735"><ele>2547.1</ele></trkpt><trkpt lat="46.219719516655815" lon="7.67860461930752"><ele>2548.0</ele></trkpt><trkpt lat="46.219764516401995" lon="7.678565619111374"><ele>2549.3</ele></trkpt><trkpt lat="46.21980951620617" lon="7.678501618962436"><ele>2550.3</ele></trkpt><trkpt lat="46.21981051614787" lon="7.678423618921343"><ele>2550.6</ele></trkpt><trkpt lat="46.219855515990496" lon="7.678294618806758"><ele>2551.4</ele></trkpt><trkpt lat="46.21989151583367" lon="7.678216618689209"><ele>2552.2</ele></trkpt><trkpt lat="46.21990951577473" lon="7.678190618644903"><ele>2552.5</ele></trkpt><trkpt lat="46.21996351557856" lon="7.678152618494367"><ele>2553.5</ele></trkpt><trkpt lat="46.22008051526309" lon="7.67806161825509"><ele>2555.1</ele></trkpt><trkpt lat="46.2202065151407" lon="7.677958618168867"><ele>2555.7</ele></trkpt><trkpt lat="46.220269515002066" lon="7.677894618065543"><ele>2556.4</ele></trkpt><trkpt lat="46.220332514921644" lon="7.677881618004899"><ele>2556.8</ele></trkpt><trkpt lat="46.220359514881594" lon="7.677868617974997"><ele>2557.0</ele></trkpt><trkpt lat="46.22038751486083" lon="7.677842617961103"><ele>2557.1</ele></trkpt><trkpt lat="46.22040551482122" lon="7.677829617931269"><ele>2557.3</ele></trkpt><trkpt lat="46.22041451482079" lon="7.677817617931921"><ele>2557.3</ele></trkpt><trkpt lat="46.22041451484004" lon="7.677778617949481"><ele>2557.2</ele></trkpt><trkpt lat="46.22041451482059" lon="7.677752617935789"><ele>2557.3</ele></trkpt><trkpt lat="46.22042351478142" lon="7.677739617906025"><ele>2557.5</ele></trkpt><trkpt lat="46.22043251472279" lon="7.677700617862561"><ele>2557.8</ele></trkpt><trkpt lat="46.220423514587594" lon="7.677648617759052"><ele>2558.5</ele></trkpt><trkpt lat="46.22042351449076" lon="7.677622617684407"><ele>2559.0</ele></trkpt><trkpt lat="46.22041451441368" lon="7.677596617625068"><ele>2559.4</ele></trkpt><trkpt lat="46.22038751429872" lon="7.677570617535379"><ele>2560.0</ele></trkpt><trkpt lat="46.22036951418343" lon="7.67754461744563"><ele>2560.6</ele></trkpt><trkpt lat="46.22036051399014" lon="7.677492617296411"><ele>2561.6</ele></trkpt><trkpt lat="46.220351513913094" lon="7.67746661723707"><ele>2562.0</ele></trkpt><trkpt lat="46.22035151381627" lon="7.677440617162429"><ele>2562.5</ele></trkpt><trkpt lat="46.220351513758175" lon="7.67742861711743"><ele>2562.8</ele></trkpt><trkpt lat="46.22036951367989" lon="7.677428617056343"><ele>2563.2</ele></trkpt><trkpt lat="46.22039651348511" lon="7.677441616902981"><ele>2564.2</ele></trkpt><trkpt lat="46.22040551340724" lon="7.677428616842741"><ele>2564.6</ele></trkpt><trkpt lat="46.220397512942895" lon="7.677337616482513"><ele>2567.0</ele></trkpt><trkpt lat="46.220388512439825" lon="7.677233616092609"><ele>2569.6</ele></trkpt><trkpt lat="46.22040651209039" lon="7.677169615822022"><ele>2571.4</ele></trkpt><trkpt lat="46.2203885119363" lon="7.677117615703366"><ele>2572.2</ele></trkpt><trkpt lat="46.22037951176232" lon="7.67705261557019"><ele>2573.1</ele></trkpt><trkpt lat="46.22038851158753" lon="7.6769876154368815"><ele>2574.0</ele></trkpt><trkpt lat="46.22038051127798" lon="7.676896615198605"><ele>2575.6</ele></trkpt><trkpt lat="46.22036251106578" lon="7.676844615034244"><ele>2576.7</ele></trkpt><trkpt lat="46.22036251094959" lon="7.676818614944384"><ele>2577.3</ele></trkpt><trkpt lat="46.2203715108523" lon="7.676793614869635"><ele>2577.8</ele></trkpt><trkpt lat="46.220380510774476" lon="7.676793614808619"><ele>2578.2</ele></trkpt><trkpt lat="46.22039851065757" lon="7.6768196147155"><ele>2578.8</ele></trkpt><trkpt lat="46.2204165105793" lon="7.6768196146544225"><ele>2579.2</ele></trkpt><trkpt lat="46.22041651046315" lon="7.676806614563782"><ele>2579.8</ele></trkpt><trkpt lat="46.22040751001819" lon="7.676715614218868"><ele>2582.1</ele></trkpt><trkpt lat="46.220380509729" lon="7.676650613994426"><ele>2583.6</ele></trkpt><trkpt lat="46.22036250955548" lon="7.676598613860558"><ele>2584.5</ele></trkpt><trkpt lat="46.22036250926501" lon="7.676533613635929"><ele>2586.0</ele></trkpt><trkpt lat="46.220353509091126" lon="7.676494613501218"><ele>2586.9</ele></trkpt><trkpt lat="46.22036250901328" lon="7.67648161344099"><ele>2587.3</ele></trkpt><trkpt lat="46.22038050885764" lon="7.676495613318124"><ele>2588.1</ele></trkpt><trkpt lat="46.22039850879872" lon="7.676495613272285"><ele>2588.4</ele></trkpt><trkpt lat="46.22039950843069" lon="7.676417612987494"><ele>2590.3</ele></trkpt><trkpt lat="46.220381508179834" lon="7.676365612792696"><ele>2591.6</ele></trkpt><trkpt lat="46.22038150808297" lon="7.676339612718087"><ele>2592.1</ele></trkpt><trkpt lat="46.22039050798569" lon="7.676313612643413"><ele>2592.6</ele></trkpt><trkpt lat="46.220560506952175" lon="7.676418611828293"><ele>2597.9</ele></trkpt><trkpt lat="46.22061450652401" lon="7.676470611489544"><ele>2600.1</ele></trkpt><trkpt lat="46.22066850615389" lon="7.676535611195709"><ele>2602.0</ele></trkpt><trkpt lat="46.22070450592011" lon="7.6765876110094515"><ele>2603.2</ele></trkpt><trkpt lat="46.22072250574521" lon="7.67662661086982"><ele>2604.1</ele></trkpt><trkpt lat="46.22074050560889" lon="7.676639610762245"><ele>2604.8</ele></trkpt><trkpt lat="46.22074950551154" lon="7.676587610689149"><ele>2605.3</ele></trkpt><trkpt lat="46.22075850525927" lon="7.676509610495746"><ele>2606.6</ele></trkpt><trkpt lat="46.22075850508481" lon="7.676431610363362"><ele>2607.5</ele></trkpt><trkpt lat="46.22074050489191" lon="7.676354610215813"><ele>2608.5</ele></trkpt><trkpt lat="46.22069650450665" lon="7.67625060991775"><ele>2610.5</ele></trkpt><trkpt lat="46.22064250400573" lon="7.676146609528355"><ele>2613.1</ele></trkpt><trkpt lat="46.22059750346577" lon="7.676055609107645"><ele>2615.9</ele></trkpt><trkpt lat="46.220579503311654" lon="7.6760166089882755"><ele>2616.7</ele></trkpt><trkpt lat="46.220597503039805" lon="7.675990608776439"><ele>2618.1</ele></trkpt><trkpt lat="46.2205975029042" lon="7.6759516086721735"><ele>2618.8</ele></trkpt><trkpt lat="46.22063350268959" lon="7.675964608503525"><ele>2619.9</ele></trkpt><trkpt lat="46.22066050251408" lon="7.675951608367004"><ele>2620.8</ele></trkpt><trkpt lat="46.220687502377274" lon="7.675952608260095"><ele>2621.5</ele></trkpt><trkpt lat="46.22069650226069" lon="7.675939608169414"><ele>2622.1</ele></trkpt><trkpt lat="46.22067950191292" lon="7.675861607900083"><ele>2623.9</ele></trkpt><trkpt lat="46.220688501680094" lon="7.675822607719584"><ele>2625.1</ele></trkpt><trkpt lat="46.22071550152388" lon="7.6757966075990955"><ele>2625.9</ele></trkpt><trkpt lat="46.22072450142668" lon="7.675783607523655"><ele>2626.4</ele></trkpt><trkpt lat="46.220733501097" lon="7.675718607268582"><ele>2628.1</ele></trkpt><trkpt lat="46.22074250068997" lon="7.675654606952516"><ele>2630.2</ele></trkpt><trkpt lat="46.220733500419286" lon="7.675602606742492"><ele>2631.6</ele></trkpt><trkpt lat="46.22075150022467" lon="7.675550606593211"><ele>2632.6</ele></trkpt><trkpt lat="46.220760499972535" lon="7.675498606398292"><ele>2633.9</ele></trkpt><trkpt lat="46.22076949956537" lon="7.675421606083047"><ele>2636.0</ele></trkpt><trkpt lat="46.220805499195784" lon="7.6753826057957335"><ele>2637.9</ele></trkpt><trkpt lat="46.22084249888425" lon="7.675356605553323"><ele>2639.5</ele></trkpt><trkpt lat="46.22086049865097" lon="7.6753046053735865"><ele>2640.7</ele></trkpt><trkpt lat="46.22088749855279" lon="7.675279605298754"><ele>2641.2</ele></trkpt><trkpt lat="46.22093249831843" lon="7.675292605114811"><ele>2642.4</ele></trkpt><trkpt lat="46.220977497987" lon="7.675227604859516"><ele>2644.1</ele></trkpt><trkpt lat="46.22104949744111" lon="7.675098604440403"><ele>2646.9</ele></trkpt><trkpt lat="46.22107649724614" lon="7.6750596042902774"><ele>2647.9</ele></trkpt><trkpt lat="46.22109449703211" lon="7.674981604127397"><ele>2649.0</ele></trkpt><trkpt lat="46.22112149683716" lon="7.6749566039764145"><ele>2650.0</ele></trkpt><trkpt lat="46.221148496642144" lon="7.674904603827101"><ele>2651.0</ele></trkpt><trkpt lat="46.22121149648411" lon="7.674878603706371"><ele>2651.8</ele></trkpt><trkpt lat="46.22122049642555" lon="7.6748526036622176"><ele>2652.1</ele></trkpt><trkpt lat="46.221212496251525" lon="7.674787603529207"><ele>2653.0</ele></trkpt><trkpt lat="46.22120349609701" lon="7.674749603409765"><ele>2653.8</ele></trkpt><trkpt lat="46.221212496057575" lon="7.6746586033848665"><ele>2654.0</ele></trkpt><trkpt lat="46.221212495980005" lon="7.674619603326353"><ele>2654.4</ele></trkpt><trkpt lat="46.22119449569026" lon="7.674528603103644"><ele>2655.9</ele></trkpt><trkpt lat="46.22122149543723" lon="7.674489602907849"><ele>2657.2</ele></trkpt><trkpt lat="46.221266495221975" lon="7.674451602742317"><ele>2658.3</ele></trkpt><trkpt lat="46.221284494814476" lon="7.674373602427163"><ele>2660.4</ele></trkpt><trkpt lat="46.22132049458033" lon="7.674347602245731"><ele>2661.6</ele></trkpt><trkpt lat="46.221348494346365" lon="7.67424460206914"><ele>2662.8</ele></trkpt><trkpt lat="46.2213664943645" lon="7.674153602089885"><ele>2662.7</ele></trkpt><trkpt lat="46.221420494516224" lon="7.674011602220135"><ele>2661.9</ele></trkpt><trkpt lat="46.22142949461234" lon="7.673946602300253"><ele>2661.4</ele></trkpt><trkpt lat="46.22143849463114" lon="7.673907602317839"><ele>2661.3</ele></trkpt><trkpt lat="46.22145649472687" lon="7.673868602396271"><ele>2660.8</ele></trkpt><trkpt lat="46.22147449480334" lon="7.673842602458671"><ele>2660.4</ele></trkpt><trkpt lat="46.22150149487933" lon="7.67381760252094"><ele>2660.0</ele></trkpt><trkpt lat="46.221519494917096" lon="7.673804602552071"><ele>2659.8</ele></trkpt><trkpt lat="46.221556494973086" lon="7.673726602602322"><ele>2659.5</ele></trkpt><trkpt lat="46.221637494910745" lon="7.673636602561597"><ele>2659.8</ele></trkpt><trkpt lat="46.22164649481341" lon="7.673610602486993"><ele>2660.3</ele></trkpt><trkpt lat="46.22165549461912" lon="7.67351960234028"><ele>2661.3</ele></trkpt><trkpt lat="46.22170049453929" lon="7.673455602282995"><ele>2661.7</ele></trkpt><trkpt lat="46.221763494439166" lon="7.67339060221041"><ele>2662.2</ele></trkpt><trkpt lat="46.22178149439933" lon="7.673325602183851"><ele>2662.4</ele></trkpt><trkpt lat="46.2217814943797" lon="7.673222602175019"><ele>2662.5</ele></trkpt><trkpt lat="46.22177349428313" lon="7.6731706021021635"><ele>2663.0</ele></trkpt><trkpt lat="46.22176449430276" lon="7.673118602120691"><ele>2662.9</ele></trkpt><trkpt lat="46.22176449430264" lon="7.673092602122303"><ele>2662.9</ele></trkpt><trkpt lat="46.22175549428362" lon="7.673066602108759"><ele>2663.0</ele></trkpt><trkpt lat="46.22174649424539" lon="7.673053602079179"><ele>2663.2</ele></trkpt><trkpt lat="46.221710494111505" lon="7.673014601975277"><ele>2663.9</ele></trkpt><trkpt lat="46.22168349403543" lon="7.673014601914573"><ele>2664.3</ele></trkpt><trkpt lat="46.221674493997135" lon="7.67300160188499"><ele>2664.5</ele></trkpt><trkpt lat="46.221683493899825" lon="7.672975601810397"><ele>2665.0</ele></trkpt><trkpt lat="46.221692493860616" lon="7.672949601781488"><ele>2665.2</ele></trkpt><trkpt lat="46.221701493840705" lon="7.672910601768616"><ele>2665.3</ele></trkpt><trkpt lat="46.22171949374288" lon="7.672872601694701"><ele>2665.8</ele></trkpt><trkpt lat="46.22173749360625" lon="7.6727946015928215"><ele>2666.5</ele></trkpt><trkpt lat="46.221746493625055" lon="7.672768601609598"><ele>2666.4</ele></trkpt><trkpt lat="46.22178249360386" lon="7.672742601595714"><ele>2666.5</ele></trkpt><trkpt lat="46.22180149356414" lon="7.6727296015659245"><ele>2666.7</ele></trkpt><trkpt lat="46.22181949352445" lon="7.6727036015369485"><ele>2666.9</ele></trkpt><trkpt lat="46.22183749346535" lon="7.672665601493494"><ele>2667.2</ele></trkpt><trkpt lat="46.22185549338693" lon="7.672626601434875"><ele>2667.6</ele></trkpt><trkpt lat="46.22187349330846" lon="7.672587601376258"><ele>2668.0</ele></trkpt><trkpt lat="46.22192749311208" lon="7.672522601227625"><ele>2669.0</ele></trkpt><trkpt lat="46.221936493034164" lon="7.672510601167397"><ele>2669.4</ele></trkpt><trkpt lat="46.22194549297552" lon="7.672484601123266"><ele>2669.7</ele></trkpt><trkpt lat="46.22195449293634" lon="7.672458601094361"><ele>2669.9</ele></trkpt><trkpt lat="46.22196349287773" lon="7.672432601050234"><ele>2670.2</ele></trkpt><trkpt lat="46.2219814927799" lon="7.672393600976392"><ele>2670.7</ele></trkpt><trkpt lat="46.22199949272091" lon="7.672367600932193"><ele>2671.0</ele></trkpt><trkpt lat="46.22202649266125" lon="7.672303600890294"><ele>2671.3</ele></trkpt><trkpt lat="46.22204449260223" lon="7.6722776008460984"><ele>2671.6</ele></trkpt><trkpt lat="46.22207149254277" lon="7.672264600801028"><ele>2671.9</ele></trkpt><trkpt lat="46.22210749248292" lon="7.672264600755075"><ele>2672.2</ele></trkpt><trkpt lat="46.22215249246142" lon="7.672277600738694"><ele>2672.3</ele></trkpt><trkpt lat="46.22218849249829" lon="7.672277600768874"><ele>2672.1</ele></trkpt><trkpt lat="46.22224249249557" lon="7.672252600770023"><ele>2672.1</ele></trkpt><trkpt lat="46.22226949249417" lon="7.672239600770631"><ele>2672.1</ele></trkpt><trkpt lat="46.222305492453664" lon="7.672226600740711"><ele>2672.3</ele></trkpt><trkpt lat="46.22235049239333" lon="7.672213600695505"><ele>2672.6</ele></trkpt><trkpt lat="46.22238649237209" lon="7.672187600681621"><ele>2672.7</ele></trkpt><trkpt lat="46.22242249233152" lon="7.672175600651646"><ele>2672.9</ele></trkpt><trkpt lat="46.22244049223375" lon="7.67213660057781"><ele>2673.4</ele></trkpt><trkpt lat="46.22247649223193" lon="7.672123600578346"><ele>2673.4</ele></trkpt><trkpt lat="46.222540492131806" lon="7.6720726005049125"><ele>2673.9</ele></trkpt><trkpt lat="46.22255849205336" lon="7.672046600445492"><ele>2674.3</ele></trkpt><trkpt lat="46.22259449193534" lon="7.6720076003562925"><ele>2674.9</ele></trkpt><trkpt lat="46.22259449193534" lon="7.6720076003562925"><ele>2674.9</ele></trkpt><trkpt lat="46.22261249197319" lon="7.6720076003866104"><ele>2674.7</ele></trkpt><trkpt lat="46.22262149189526" lon="7.671994600326451"><ele>2675.1</ele></trkpt><trkpt lat="46.22263049181725" lon="7.671955600267909"><ele>2675.5</ele></trkpt><trkpt lat="46.22265749171904" lon="7.6719296001932"><ele>2676.0</ele></trkpt><trkpt lat="46.22270249163926" lon="7.671891600134327"><ele>2676.4</ele></trkpt><trkpt lat="46.22274749154008" lon="7.671839600061101"><ele>2676.9</ele></trkpt><trkpt lat="46.222792491285944" lon="7.671762599867639"><ele>2678.2</ele></trkpt><trkpt lat="46.2228374910317" lon="7.671658599675865"><ele>2679.5</ele></trkpt><trkpt lat="46.22285549091443" lon="7.6715935995884434"><ele>2680.1</ele></trkpt><trkpt lat="46.22288249073871" lon="7.671529599455213"><ele>2681.0</ele></trkpt><trkpt lat="46.22290149062133" lon="7.6714515993686"><ele>2681.6</ele></trkpt><trkpt lat="46.222910490582024" lon="7.671399599341335"><ele>2681.8</ele></trkpt><trkpt lat="46.222937490599875" lon="7.671360599358793"><ele>2681.7</ele></trkpt><trkpt lat="46.2229644906178" lon="7.6713355993753725"><ele>2681.6</ele></trkpt><trkpt lat="46.2229914906358" lon="7.671322599391205"><ele>2681.5</ele></trkpt><trkpt lat="46.223009490654285" lon="7.671322599406292"><ele>2681.4</ele></trkpt><trkpt lat="46.223045490594394" lon="7.671322599360344"><ele>2681.7</ele></trkpt><trkpt lat="46.22309049045667" lon="7.671322599253433"><ele>2682.4</ele></trkpt><trkpt lat="46.223117490397186" lon="7.671296599209179"><ele>2682.7</ele></trkpt><trkpt lat="46.22314449033763" lon="7.67125859916568"><ele>2683.0</ele></trkpt><trkpt lat="46.22316249031731" lon="7.6712455991511295"><ele>2683.1</ele></trkpt><trkpt lat="46.2231804902971" lon="7.671245599135771"><ele>2683.2</ele></trkpt><trkpt lat="46.223207490237634" lon="7.67124559908989"><ele>2683.5</ele></trkpt><trkpt lat="46.22326149023496" lon="7.671245599089483"><ele>2683.5</ele></trkpt><trkpt lat="46.223288490252955" lon="7.671232599105312"><ele>2683.4</ele></trkpt><trkpt lat="46.22331549027093" lon="7.671219599121147"><ele>2683.3</ele></trkpt><trkpt lat="46.22334249025015" lon="7.671207599106466"><ele>2683.4</ele></trkpt><trkpt lat="46.223414490420566" lon="7.671129599247816"><ele>2682.5</ele></trkpt><trkpt lat="46.223459490553765" lon="7.671103599355668"><ele>2681.8</ele></trkpt><trkpt lat="46.2234864906104" lon="7.671091599401883"><ele>2681.5</ele></trkpt><trkpt lat="46.2235494907234" lon="7.671065599494375"><ele>2680.9</ele></trkpt><trkpt lat="46.223585490760236" lon="7.671039599526174"><ele>2680.7</ele></trkpt><trkpt lat="46.22362149079709" lon="7.671013599557973"><ele>2680.5</ele></trkpt><trkpt lat="46.223657490814595" lon="7.671001599573672"><ele>2680.4</ele></trkpt><trkpt lat="46.22369349081273" lon="7.670975599575024"><ele>2680.4</ele></trkpt><trkpt lat="46.223720490850006" lon="7.670949599606892"><ele>2680.2</ele></trkpt><trkpt lat="46.22373849090709" lon="7.670923599654054"><ele>2679.9</ele></trkpt><trkpt lat="46.22374749094528" lon="7.670897599686059"><ele>2679.7</ele></trkpt><trkpt lat="46.223765490963665" lon="7.670858599703582"><ele>2679.6</ele></trkpt><trkpt lat="46.223774490982464" lon="7.670833599720297"><ele>2679.5</ele></trkpt><trkpt lat="46.2237844910012" lon="7.670794599737882"><ele>2679.4</ele></trkpt><trkpt lat="46.22379349101997" lon="7.670755599755476"><ele>2679.3</ele></trkpt><trkpt lat="46.22380249103848" lon="7.670638599777942"><ele>2679.2</ele></trkpt><trkpt lat="46.22380249103842" lon="7.670612599779566"><ele>2679.2</ele></trkpt><trkpt lat="46.22380249101889" lon="7.67056159976753"><ele>2679.3</ele></trkpt><trkpt lat="46.22380249094139" lon="7.670535599708265"><ele>2679.7</ele></trkpt><trkpt lat="46.223802490941154" lon="7.67047059971233"><ele>2679.7</ele></trkpt><trkpt lat="46.22381149090183" lon="7.670431599684251"><ele>2679.9</ele></trkpt><trkpt lat="46.22381149086286" lon="7.670353599658686"><ele>2680.1</ele></trkpt><trkpt lat="46.22381149084341" lon="7.6703145996459"><ele>2680.2</ele></trkpt><trkpt lat="46.22380349082425" lon="7.670275599633175"><ele>2680.3</ele></trkpt><trkpt lat="46.22379449080521" lon="7.670236599620463"><ele>2680.4</ele></trkpt><trkpt lat="46.22378549076692" lon="7.670211599591651"><ele>2680.6</ele></trkpt><trkpt lat="46.22378549072802" lon="7.670172599563648"><ele>2680.8</ele></trkpt><trkpt lat="46.22377649070904" lon="7.670146599550118"><ele>2680.9</ele></trkpt><trkpt lat="46.22375849070988" lon="7.670120599551881"><ele>2680.9</ele></trkpt><trkpt lat="46.2237494906521" lon="7.670081599508721"><ele>2681.2</ele></trkpt><trkpt lat="46.22374049063311" lon="7.670068599494379"><ele>2681.3</ele></trkpt><trkpt lat="46.2237314906528" lon="7.670029599512111"><ele>2681.2</ele></trkpt><trkpt lat="46.22373149061397" lon="7.669990599484108"><ele>2681.4</ele></trkpt><trkpt lat="46.223722490575625" lon="7.669964599455359"><ele>2681.6</ele></trkpt><trkpt lat="46.22371349055657" lon="7.669925599442643"><ele>2681.7</ele></trkpt><trkpt lat="46.223695490538006" lon="7.669912599428376"><ele>2681.8</ele></trkpt><trkpt lat="46.223695490499225" lon="7.669886599399558"><ele>2682.0</ele></trkpt><trkpt lat="46.22368749051886" lon="7.66984759941728"><ele>2681.9</ele></trkpt><trkpt lat="46.22367849048047" lon="7.66980859938935"><ele>2682.1</ele></trkpt><trkpt lat="46.22365149040435" lon="7.669795599329481"><ele>2682.5</ele></trkpt><trkpt lat="46.22364249036602" lon="7.669782599299921"><ele>2682.7</ele></trkpt><trkpt lat="46.2236424902497" lon="7.66973059921185"><ele>2683.3</ele></trkpt><trkpt lat="46.223642490133415" lon="7.669691599122969"><ele>2683.9</ele></trkpt><trkpt lat="46.22364249003648" lon="7.669653599049245"><ele>2684.4</ele></trkpt><trkpt lat="46.22364248999773" lon="7.669640599019619"><ele>2684.6</ele></trkpt><trkpt lat="46.22363348992065" lon="7.669614598960431"><ele>2685.0</ele></trkpt><trkpt lat="46.22361548984402" lon="7.669588598901314"><ele>2685.4</ele></trkpt><trkpt lat="46.223570489749456" lon="7.669575598826369"><ele>2685.9</ele></trkpt><trkpt lat="46.22356148965298" lon="7.669536598752784"><ele>2686.4</ele></trkpt><trkpt lat="46.22355248973065" lon="7.669484598816986"><ele>2686.0</ele></trkpt><trkpt lat="46.2235434898664" lon="7.6694195989276714"><ele>2685.3</ele></trkpt><trkpt lat="46.223553489962555" lon="7.669380599006136"><ele>2684.8</ele></trkpt><trkpt lat="46.22354449000162" lon="7.669341599039088"><ele>2684.6</ele></trkpt><trkpt lat="46.2235354899244" lon="7.669276598982351"><ele>2685.0</ele></trkpt><trkpt lat="46.223526489866664" lon="7.669237598939204"><ele>2685.3</ele></trkpt><trkpt lat="46.223499489771065" lon="7.669198598865753"><ele>2685.8</ele></trkpt><trkpt lat="46.22348148971388" lon="7.669185598821046"><ele>2686.1</ele></trkpt><trkpt lat="46.223481489636356" lon="7.669172598760984"><ele>2686.5</ele></trkpt><trkpt lat="46.223490489558394" lon="7.6691465987016665"><ele>2686.9</ele></trkpt><trkpt lat="46.223499489441714" lon="7.6691215986118495"><ele>2687.5</ele></trkpt><trkpt lat="46.22349948936422" lon="7.669095598552603"><ele>2687.9</ele></trkpt><trkpt lat="46.2234994892867" lon="7.66908259849254"><ele>2688.3</ele></trkpt><trkpt lat="46.22348148922951" lon="7.669069598447836"><ele>2688.6</ele></trkpt><trkpt lat="46.223472489229884" lon="7.6690435984495355"><ele>2688.6</ele></trkpt><trkpt lat="46.22345448926934" lon="7.669004598482555"><ele>2688.4</ele></trkpt><trkpt lat="46.22342748936738" lon="7.6689785985604875"><ele>2687.9</ele></trkpt><trkpt lat="46.223410489426115" lon="7.668926598609534"><ele>2687.6</ele></trkpt><trkpt lat="46.22338348942722" lon="7.66884859861463"><ele>2687.6</ele></trkpt><trkpt lat="46.22335648940901" lon="7.668796598602875"><ele>2687.7</ele></trkpt><trkpt lat="46.223347489409406" lon="7.668770598604574"><ele>2687.7</ele></trkpt><trkpt lat="46.2233384893904" lon="7.668744598591059"><ele>2687.8</ele></trkpt><trkpt lat="46.223320489333105" lon="7.668705598547988"><ele>2688.1</ele></trkpt><trkpt lat="46.22332048927492" lon="7.668679598503962"><ele>2688.4</ele></trkpt><trkpt lat="46.22332048923611" lon="7.668653598475154"><ele>2688.6</ele></trkpt><trkpt lat="46.22332948904173" lon="7.668550598329367"><ele>2689.6</ele></trkpt><trkpt lat="46.22332048898398" lon="7.668511598286229"><ele>2689.9</ele></trkpt><trkpt lat="46.223321488925656" lon="7.668459598243832"><ele>2690.2</ele></trkpt><trkpt lat="46.2233214889062" lon="7.668420598231062"><ele>2690.3</ele></trkpt><trkpt lat="46.22333948886646" lon="7.668394598202118"><ele>2690.5</ele></trkpt><trkpt lat="46.22336648878762" lon="7.668368598142677"><ele>2690.9</ele></trkpt><trkpt lat="46.22337548869029" lon="7.668342598068152"><ele>2691.4</ele></trkpt><trkpt lat="46.22337548859334" lon="7.66830459799445"><ele>2691.9</ele></trkpt><trkpt lat="46.22340248839826" lon="7.668252597845336"><ele>2692.9</ele></trkpt><trkpt lat="46.22343848824164" lon="7.66826559772251"><ele>2693.7</ele></trkpt><trkpt lat="46.223447488144274" lon="7.668239597647985"><ele>2694.2</ele></trkpt><trkpt lat="46.223456488008274" lon="7.668213597543037"><ele>2694.9</ele></trkpt><trkpt lat="46.22346548791087" lon="7.66817459746933"><ele>2695.4</ele></trkpt><trkpt lat="46.223474487832895" lon="7.6681355974108465"><ele>2695.8</ele></trkpt><trkpt lat="46.22348348779363" lon="7.668110597381918"><ele>2696.0</ele></trkpt><trkpt lat="46.22347448777462" lon="7.668071597369223"><ele>2696.1</ele></trkpt><trkpt lat="46.22346548771683" lon="7.668032597326096"><ele>2696.4</ele></trkpt><trkpt lat="46.22346548761991" lon="7.6679935972524635"><ele>2696.9</ele></trkpt><trkpt lat="46.22347548761901" lon="7.66787659725975"><ele>2696.9</ele></trkpt><trkpt lat="46.22347548761893" lon="7.667863597260569"><ele>2696.9</ele></trkpt><trkpt lat="46.22350248767556" lon="7.667812597309219"><ele>2696.6</ele></trkpt><trkpt lat="46.22352048765495" lon="7.667721597299589"><ele>2696.7</ele></trkpt><trkpt lat="46.223520487596815" lon="7.6676955972555785"><ele>2697.0</ele></trkpt><trkpt lat="46.223520487422306" lon="7.667617597123546"><ele>2697.9</ele></trkpt><trkpt lat="46.223520487422185" lon="7.667578597125998"><ele>2697.9</ele></trkpt><trkpt lat="46.22349348750076" lon="7.667513597191159"><ele>2697.5</ele></trkpt><trkpt lat="46.2234844875011" lon="7.667488597192798"><ele>2697.5</ele></trkpt><trkpt lat="46.22346648748255" lon="7.667462597179359"><ele>2697.6</ele></trkpt><trkpt lat="46.22344948744464" lon="7.667436597150694"><ele>2697.8</ele></trkpt><trkpt lat="46.223431487387415" lon="7.667435597105249"><ele>2698.1</ele></trkpt><trkpt lat="46.22341348736894" lon="7.667422597090992"><ele>2698.2</ele></trkpt><trkpt lat="46.22339548736982" lon="7.667422597091127"><ele>2698.2</ele></trkpt><trkpt lat="46.22336848740959" lon="7.667344597126672"><ele>2698.0</ele></trkpt><trkpt lat="46.223350487371754" lon="7.667318597098018"><ele>2698.2</ele></trkpt><trkpt lat="46.223332487275755" lon="7.6672925970237165"><ele>2698.7</ele></trkpt><trkpt lat="46.22331448719914" lon="7.667266596964631"><ele>2699.1</ele></trkpt><trkpt lat="46.22329648710297" lon="7.667202596892727"><ele>2699.6</ele></trkpt><trkpt lat="46.22329648706421" lon="7.667176596863936"><ele>2699.8</ele></trkpt><trkpt lat="46.22330548700559" lon="7.667150596819861"><ele>2700.1</ele></trkpt><trkpt lat="46.22331448686942" lon="7.667085596717388"><ele>2700.8</ele></trkpt><trkpt lat="46.22332348679134" lon="7.667033596659737"><ele>2701.2</ele></trkpt><trkpt lat="46.22332448682975" lon="7.66695559669507"><ele>2701.0</ele></trkpt><trkpt lat="46.223342486828656" lon="7.6668915966989655"><ele>2701.0</ele></trkpt><trkpt lat="46.22333348684828" lon="7.666839596717528"><ele>2700.9</ele></trkpt><trkpt lat="46.223324486926046" lon="7.666800596780906"><ele>2700.5</ele></trkpt><trkpt lat="46.22332448698381" lon="7.666696596833101"><ele>2700.2</ele></trkpt><trkpt lat="46.2233244869836" lon="7.666644596836375"><ele>2700.2</ele></trkpt><trkpt lat="46.22334248694362" lon="7.666541596812301"><ele>2700.4</ele></trkpt><trkpt lat="46.22337848682545" lon="7.666476596724841"><ele>2701.0</ele></trkpt><trkpt lat="46.223388486747375" lon="7.666437596666372"><ele>2701.4</ele></trkpt><trkpt lat="46.223424486686966" lon="7.666269596631046"><ele>2701.7</ele></trkpt><trkpt lat="46.22342448668678" lon="7.666230596633504"><ele>2701.7</ele></trkpt><trkpt lat="46.22342448668678" lon="7.666230596633504"><ele>2701.7</ele></trkpt><trkpt lat="46.223433486666806" lon="7.666178596621498"><ele>2701.8</ele></trkpt><trkpt lat="46.22342448668656" lon="7.66615259663842"><ele>2701.7</ele></trkpt><trkpt lat="46.223424486647744" lon="7.666126596609635"><ele>2701.9</ele></trkpt><trkpt lat="46.223424486531435" lon="7.666075596521576"><ele>2702.5</ele></trkpt><trkpt lat="46.22340648647398" lon="7.665997596480998"><ele>2702.8</ele></trkpt><trkpt lat="46.223406486473934" lon="7.6659715964826365"><ele>2702.8</ele></trkpt><trkpt lat="46.223398486551616" lon="7.665932596546006"><ele>2702.4</ele></trkpt><trkpt lat="46.223389486532554" lon="7.665893596533317"><ele>2702.5</ele></trkpt><trkpt lat="46.223389486474325" lon="7.665841596490961"><ele>2702.8</ele></trkpt><trkpt lat="46.22338948643553" lon="7.6658155964621795"><ele>2703.0</ele></trkpt><trkpt lat="46.22340748641518" lon="7.665789596448469"><ele>2703.1</ele></trkpt><trkpt lat="46.22341648639522" lon="7.665751596435585"><ele>2703.2</ele></trkpt><trkpt lat="46.2234254863753" lon="7.665712596422767"><ele>2703.3</ele></trkpt><trkpt lat="46.22343448635542" lon="7.665699596408306"><ele>2703.4</ele></trkpt><trkpt lat="46.22345248629637" lon="7.665673596364175"><ele>2703.7</ele></trkpt><trkpt lat="46.22347948621748" lon="7.665647596304761"><ele>2704.1</ele></trkpt><trkpt lat="46.22348848598451" lon="7.665582596126261"><ele>2705.3</ele></trkpt><trkpt lat="46.2234974859065" lon="7.665543596067812"><ele>2705.7</ele></trkpt><trkpt lat="46.223533485672114" lon="7.66546659588987"><ele>2706.9</ele></trkpt><trkpt lat="46.22354248557478" lon="7.665440595815394"><ele>2707.4</ele></trkpt><trkpt lat="46.22353448551701" lon="7.665414595771466"><ele>2707.7</ele></trkpt><trkpt lat="46.22351648542106" lon="7.665388595697194"><ele>2708.2</ele></trkpt><trkpt lat="46.2235074853827" lon="7.665362595668485"><ele>2708.4</ele></trkpt><trkpt lat="46.22348948534478" lon="7.6653365956398485"><ele>2708.6</ele></trkpt><trkpt lat="46.22348048524833" lon="7.6652975955663285"><ele>2709.1</ele></trkpt><trkpt lat="46.223480485209514" lon="7.665271595537553"><ele>2709.3</ele></trkpt><trkpt lat="46.223489485170305" lon="7.665258595507885"><ele>2709.5</ele></trkpt><trkpt lat="46.22348948518944" lon="7.665194595527142"><ele>2709.4</ele></trkpt><trkpt lat="46.22349848524697" lon="7.665168595574344"><ele>2709.1</ele></trkpt><trkpt lat="46.223507485304495" lon="7.66512959562237"><ele>2708.8</ele></trkpt><trkpt lat="46.22352548528417" lon="7.665116595607844"><ele>2708.9</ele></trkpt><trkpt lat="46.22354348532182" lon="7.665077595640588"><ele>2708.7</ele></trkpt><trkpt lat="46.22355248541804" lon="7.66503859571903"><ele>2708.2</ele></trkpt><trkpt lat="46.22354348555385" lon="7.664986595828851"><ele>2707.5</ele></trkpt><trkpt lat="46.22355248563067" lon="7.6649355958928425"><ele>2707.1</ele></trkpt><trkpt lat="46.22356248570743" lon="7.6648835959568835"><ele>2706.7</ele></trkpt><trkpt lat="46.22357148574556" lon="7.6648445959896945"><ele>2706.5</ele></trkpt><trkpt lat="46.22359848572469" lon="7.664805595976742"><ele>2706.6</ele></trkpt><trkpt lat="46.22361648558811" lon="7.664753595873427"><ele>2707.3</ele></trkpt><trkpt lat="46.2236254855489" lon="7.664728595844519"><ele>2707.5</ele></trkpt><trkpt lat="46.223616485510505" lon="7.664702595815816"><ele>2707.7</ele></trkpt><trkpt lat="46.22360748541408" lon="7.6646635957423035"><ele>2708.2</ele></trkpt><trkpt lat="46.22358948537608" lon="7.664624595714487"><ele>2708.4</ele></trkpt><trkpt lat="46.22357148547367" lon="7.66458559579313"><ele>2707.9</ele></trkpt><trkpt lat="46.223544485494244" lon="7.664546595811013"><ele>2707.8</ele></trkpt><trkpt lat="46.22349048520626" lon="7.664442595589875"><ele>2709.3</ele></trkpt><trkpt lat="46.223464484858795" lon="7.6643645953212625"><ele>2711.1</ele></trkpt><trkpt lat="46.22346448478122" lon="7.664325595262899"><ele>2711.5</ele></trkpt><trkpt lat="46.22349148466341" lon="7.664234595177202"><ele>2712.1</ele></trkpt><trkpt lat="46.223527484390424" lon="7.664196594966422"><ele>2713.5</ele></trkpt><trkpt lat="46.223581484194156" lon="7.664196594813937"><ele>2714.5</ele></trkpt><trkpt lat="46.22361748388225" lon="7.664105594576104"><ele>2716.1</ele></trkpt><trkpt lat="46.223644483609505" lon="7.664002594369527"><ele>2717.5</ele></trkpt><trkpt lat="46.22363548349363" lon="7.663950594281648"><ele>2718.1</ele></trkpt><trkpt lat="46.22363548341618" lon="7.663937594221646"><ele>2718.5</ele></trkpt><trkpt lat="46.223662483259815" lon="7.663911594101433"><ele>2719.3</ele></trkpt><trkpt lat="46.22367248312351" lon="7.663820594000685"><ele>2720.0</ele></trkpt><trkpt lat="46.223672483219964" lon="7.663717594083251"><ele>2719.5</ele></trkpt><trkpt lat="46.223672483200204" lon="7.663600594075471"><ele>2719.6</ele></trkpt><trkpt lat="46.22367248308374" lon="7.663509593990008"><ele>2720.2</ele></trkpt><trkpt lat="46.22364548291068" lon="7.6634575938566645"><ele>2721.1</ele></trkpt><trkpt lat="46.223654482716434" lon="7.663393593708602"><ele>2722.1</ele></trkpt><trkpt lat="46.22364648256183" lon="7.663354593589499"><ele>2722.9</ele></trkpt><trkpt lat="46.22364648246485" lon="7.6633025935167725"><ele>2723.4</ele></trkpt><trkpt lat="46.223637482368275" lon="7.663237593444946"><ele>2723.9</ele></trkpt><trkpt lat="46.22362848231052" lon="7.663198593401882"><ele>2724.2</ele></trkpt><trkpt lat="46.22364648227071" lon="7.663146593374637"><ele>2724.4</ele></trkpt><trkpt lat="46.22364648213504" lon="7.663082593272273"><ele>2725.1</ele></trkpt><trkpt lat="46.22360148196291" lon="7.663043593138258"><ele>2726.0</ele></trkpt><trkpt lat="46.22354748177178" lon="7.662978592990763"><ele>2727.0</ele></trkpt><trkpt lat="46.223529481637" lon="7.662926592887779"><ele>2727.7</ele></trkpt><trkpt lat="46.22347648142665" lon="7.662899592722661"><ele>2728.8</ele></trkpt><trkpt lat="46.22344948109871" lon="7.66283559246847"><ele>2730.5</ele></trkpt><trkpt lat="46.22339548071416" lon="7.662808592166531"><ele>2732.5</ele></trkpt><trkpt lat="46.22337748059888" lon="7.6627955920762725"><ele>2733.1</ele></trkpt><trkpt lat="46.22335948038666" lon="7.662743591912488"><ele>2734.2</ele></trkpt><trkpt lat="46.22337748011454" lon="7.662679591703581"><ele>2735.6</ele></trkpt><trkpt lat="46.22336847953389" lon="7.662588591253347"><ele>2738.6</ele></trkpt><trkpt lat="46.22355747842062" lon="7.6625245903893795"><ele>2744.3</ele></trkpt><trkpt lat="46.22359347814776" lon="7.6625245901762495"><ele>2745.7</ele></trkpt><trkpt lat="46.22359347808958" lon="7.662498590132309"><ele>2746.0</ele></trkpt><trkpt lat="46.22348647733958" lon="7.662381589547718"><ele>2749.9</ele></trkpt><trkpt lat="46.223333476204516" lon="7.6621735886653175"><ele>2755.8</ele></trkpt><trkpt lat="46.223306475915365" lon="7.662134588439997"><ele>2757.3</ele></trkpt><trkpt lat="46.223306475857264" lon="7.662121588395229"><ele>2757.6</ele></trkpt><trkpt lat="46.223369475428086" lon="7.66209558806196"><ele>2759.8</ele></trkpt><trkpt lat="46.22338747533032" lon="7.662083587986581"><ele>2760.3</ele></trkpt><trkpt lat="46.22337847525329" lon="7.6620705879266815"><ele>2760.7</ele></trkpt><trkpt lat="46.223342474945284" lon="7.662044587685405"><ele>2762.3</ele></trkpt><trkpt lat="46.223252474388296" lon="7.661978587249508"><ele>2765.2</ele></trkpt><trkpt lat="46.223217474254476" lon="7.66195258714505"><ele>2765.9</ele></trkpt><trkpt lat="46.223190473984594" lon="7.661887586936632"><ele>2767.3</ele></trkpt><trkpt lat="46.2231544737347" lon="7.661861586740971"><ele>2768.6</ele></trkpt><trkpt lat="46.223127473368066" lon="7.661809586455713"><ele>2770.5</ele></trkpt><trkpt lat="46.223064473061505" lon="7.66178358621467"><ele>2772.1</ele></trkpt><trkpt lat="46.2229474724284" lon="7.6616925857198375"><ele>2775.4</ele></trkpt><trkpt lat="46.222902472120865" lon="7.661653585479507"><ele>2777.0</ele></trkpt><trkpt lat="46.22286647185154" lon="7.661614585269503"><ele>2778.4</ele></trkpt><trkpt lat="46.222839471698016" lon="7.661601585148952"><ele>2779.2</ele></trkpt><trkpt lat="46.222786471661955" lon="7.661575585120653"><ele>2779.4</ele></trkpt><trkpt lat="46.222777471488065" lon="7.661536584986447"><ele>2780.3</ele></trkpt><trkpt lat="46.222786471332704" lon="7.661523584865617"><ele>2781.1</ele></trkpt><trkpt lat="46.222840471059" lon="7.661549584650692"><ele>2782.5</ele></trkpt><trkpt lat="46.22293047043478" lon="7.661510584166097"><ele>2785.7</ele></trkpt><trkpt lat="46.22294847020153" lon="7.6614985839843275"><ele>2786.9</ele></trkpt><trkpt lat="46.2229394699889" lon="7.661459583819733"><ele>2788.0</ele></trkpt><trkpt lat="46.222912469757865" lon="7.661420583640075"><ele>2789.2</ele></trkpt><trkpt lat="46.222903469564606" lon="7.6613815834906855"><ele>2790.2</ele></trkpt><trkpt lat="46.222930469485775" lon="7.661368583430517"><ele>2790.6</ele></trkpt><trkpt lat="46.222930469485775" lon="7.661368583430517"><ele>2790.6</ele></trkpt><trkpt lat="46.22294846950405" lon="7.661329583448116"><ele>2790.5</ele></trkpt><trkpt lat="46.22297546952191" lon="7.661303583464798"><ele>2790.4</ele></trkpt><trkpt lat="46.22299346952086" lon="7.661277583466345"><ele>2790.4</ele></trkpt><trkpt lat="46.22299346952083" lon="7.661264583467194"><ele>2790.4</ele></trkpt><trkpt lat="46.2230114695392" lon="7.66123958348388"><ele>2790.3</ele></trkpt><trkpt lat="46.223029469847866" lon="7.661213583728629"><ele>2788.7</ele></trkpt><trkpt lat="46.22304746990501" lon="7.66120058377493"><ele>2788.4</ele></trkpt><trkpt lat="46.22306546992344" lon="7.6612005837899915"><ele>2788.3</ele></trkpt><trkpt lat="46.22308346988381" lon="7.6612135837586015"><ele>2788.5</ele></trkpt><trkpt lat="46.22311046984374" lon="7.661226583727143"><ele>2788.7</ele></trkpt><trkpt lat="46.223146469938676" lon="7.66122658380286"><ele>2788.2</ele></trkpt><trkpt lat="46.22318247007225" lon="7.661213583909819"><ele>2787.5</ele></trkpt><trkpt lat="46.22321847022529" lon="7.661214584031071"><ele>2786.7</ele></trkpt><trkpt lat="46.223335470315824" lon="7.661149584110373"><ele>2786.2</ele></trkpt><trkpt lat="46.22338947039031" lon="7.661111584173217"><ele>2785.8</ele></trkpt><trkpt lat="46.223434470484726" lon="7.661098584249709"><ele>2785.3</ele></trkpt><trkpt lat="46.223542470691996" lon="7.661059584418587"><ele>2784.2</ele></trkpt><trkpt lat="46.22357847072881" lon="7.661047584449483"><ele>2784.0</ele></trkpt><trkpt lat="46.22361447080437" lon="7.661034584510844"><ele>2783.6</ele></trkpt><trkpt lat="46.223659470898745" lon="7.661008584588178"><ele>2783.1</ele></trkpt><trkpt lat="46.223704471167345" lon="7.66096958480315"><ele>2781.7</ele></trkpt><trkpt lat="46.22377647116367" lon="7.660983584801673"><ele>2781.7</ele></trkpt><trkpt lat="46.223839471373296" lon="7.660957584970061"><ele>2780.6</ele></trkpt><trkpt lat="46.22398347194649" lon="7.660906585428222"><ele>2777.6</ele></trkpt><trkpt lat="46.22400147206174" lon="7.660906585519276"><ele>2777.0</ele></trkpt><trkpt lat="46.22407347232891" lon="7.660867585734029"><ele>2775.6</ele></trkpt><trkpt lat="46.224172472981714" lon="7.660764586256694"><ele>2772.2</ele></trkpt><trkpt lat="46.22438047405458" lon="7.66057058711875"><ele>2766.6</ele></trkpt><trkpt lat="46.2243984744406" lon="7.660493587427555"><ele>2764.6</ele></trkpt><trkpt lat="46.22438947449916" lon="7.660493587473224"><ele>2764.3</ele></trkpt><trkpt lat="46.22436247459739" lon="7.6605055875486565"><ele>2763.8</ele></trkpt><trkpt lat="46.22433547479242" lon="7.660518587700015"><ele>2762.8</ele></trkpt><trkpt lat="46.22426347520261" lon="7.660492588021428"><ele>2760.7</ele></trkpt><trkpt lat="46.224200475573504" lon="7.660453588313202"><ele>2758.8</ele></trkpt><trkpt lat="46.224110476004114" lon="7.660465588647505"><ele>2756.6</ele></trkpt><trkpt lat="46.22409247610185" lon="7.660465588723642"><ele>2756.1</ele></trkpt><trkpt lat="46.22410147623675" lon="7.660427588832401"><ele>2755.4</ele></trkpt><trkpt lat="46.224164476639835" lon="7.660349589156091"><ele>2753.3</ele></trkpt><trkpt lat="46.22419147688999" lon="7.6602975893568"><ele>2752.0</ele></trkpt><trkpt lat="46.22422747706236" lon="7.660284589494137"><ele>2751.1</ele></trkpt><trkpt lat="46.22425447731244" lon="7.6602205896956095"><ele>2749.8</ele></trkpt><trkpt lat="46.224354477810515" lon="7.660155590094151"><ele>2747.2</ele></trkpt><trkpt lat="46.22434547790768" lon="7.660129590171876"><ele>2746.7</ele></trkpt><trkpt lat="46.224273478317855" lon="7.660103590493259"><ele>2744.6</ele></trkpt><trkpt lat="46.22414747892445" lon="7.660103590965369"><ele>2741.5</ele></trkpt><trkpt lat="46.22410247921708" lon="7.66009059119452"><ele>2740.0</ele></trkpt><trkpt lat="46.224102479294494" lon="7.660077591256141"><ele>2739.6</ele></trkpt><trkpt lat="46.224102479449286" lon="7.660051591379385"><ele>2738.8</ele></trkpt><trkpt lat="46.22417448002609" lon="7.659947591841394"><ele>2735.8</ele></trkpt><trkpt lat="46.22423748042922" lon="7.6598835921641335"><ele>2733.7</ele></trkpt><trkpt lat="46.224264480660054" lon="7.659831592349612"><ele>2732.5</ele></trkpt><trkpt lat="46.22430048085181" lon="7.659818592502135"><ele>2731.5</ele></trkpt><trkpt lat="46.22431848094767" lon="7.6598055925788096"><ele>2731.0</ele></trkpt><trkpt lat="46.22430948102549" lon="7.659779592641324"><ele>2730.6</ele></trkpt><trkpt lat="46.22426448129869" lon="7.6597405928569176"><ele>2729.2</ele></trkpt><trkpt lat="46.22423748145475" lon="7.659701592981185"><ele>2728.4</ele></trkpt><trkpt lat="46.224220481726526" lon="7.659649593197381"><ele>2727.0</ele></trkpt><trkpt lat="46.22422048192002" lon="7.659610593351834"><ele>2726.0</ele></trkpt><trkpt lat="46.22418448225072" lon="7.659533593615347"><ele>2724.3</ele></trkpt><trkpt lat="46.22414848263943" lon="7.659442593925338"><ele>2722.3</ele></trkpt><trkpt lat="46.22411248287356" lon="7.659442594107971"><ele>2721.1</ele></trkpt><trkpt lat="46.224103483144845" lon="7.659377594324913"><ele>2719.7</ele></trkpt><trkpt lat="46.224094483242" lon="7.6593515944026125"><ele>2719.2</ele></trkpt><trkpt lat="46.224112483492526" lon="7.659273594604971"><ele>2717.9</ele></trkpt><trkpt lat="46.224112483589195" lon="7.659234594683424"><ele>2717.4</ele></trkpt><trkpt lat="46.224158483838444" lon="7.659183594883846"><ele>2716.1</ele></trkpt><trkpt lat="46.22419348393347" lon="7.659196594958731"><ele>2715.6</ele></trkpt><trkpt lat="46.22422948424146" lon="7.659196595201588"><ele>2714.0</ele></trkpt><trkpt lat="46.224230484473544" lon="7.659131595388044"><ele>2712.8</ele></trkpt><trkpt lat="46.22427548478101" lon="7.659118595631654"><ele>2711.2</ele></trkpt><trkpt lat="46.22427548493568" lon="7.659053595757329"><ele>2710.4</ele></trkpt><trkpt lat="46.224284485244674" lon="7.658950596006897"><ele>2708.8</ele></trkpt><trkpt lat="46.22429348536023" lon="7.658911596100463"><ele>2708.2</ele></trkpt><trkpt lat="46.22428448541874" lon="7.658898596146941"><ele>2707.9</ele></trkpt><trkpt lat="46.22426648549709" lon="7.658898596207857"><ele>2707.5</ele></trkpt><trkpt lat="46.224239485711344" lon="7.658885596376032"><ele>2706.4</ele></trkpt><trkpt lat="46.224239485769424" lon="7.65887259642244"><ele>2706.1</ele></trkpt><trkpt lat="46.22423948580809" lon="7.6588595964536506"><ele>2705.9</ele></trkpt><trkpt lat="46.22424848588498" lon="7.658833596516002"><ele>2705.5</ele></trkpt><trkpt lat="46.224257486000674" lon="7.658820596607926"><ele>2704.9</ele></trkpt><trkpt lat="46.22425748603934" lon="7.658807596639137"><ele>2704.7</ele></trkpt><trkpt lat="46.22425748605863" lon="7.658794596655149"><ele>2704.6</ele></trkpt><trkpt lat="46.224248486136524" lon="7.658794596715999"><ele>2704.2</ele></trkpt><trkpt lat="46.22423048625361" lon="7.6587945968073035"><ele>2703.6</ele></trkpt><trkpt lat="46.224221486331594" lon="7.658807596867332"><ele>2703.2</ele></trkpt><trkpt lat="46.22419448648778" lon="7.658794596989919"><ele>2702.4</ele></trkpt><trkpt lat="46.22419448652646" lon="7.65878159702113"><ele>2702.2</ele></trkpt><trkpt lat="46.224194486603835" lon="7.658768597082728"><ele>2701.8</ele></trkpt><trkpt lat="46.22421248681583" lon="7.6587425972513685"><ele>2700.7</ele></trkpt><trkpt lat="46.22422148685406" lon="7.658729597282513"><ele>2700.5</ele></trkpt><trkpt lat="46.22421248693183" lon="7.6587165973441795"><ele>2700.1</ele></trkpt><trkpt lat="46.22420348697109" lon="7.65871659737464"><ele>2699.9</ele></trkpt><trkpt lat="46.224194487048976" lon="7.658716597435485"><ele>2699.5</ele></trkpt><trkpt lat="46.224176487166005" lon="7.65870359752761"><ele>2698.9</ele></trkpt><trkpt lat="46.22415848724433" lon="7.6587035975885245"><ele>2698.5</ele></trkpt><trkpt lat="46.22414948728348" lon="7.658690597619801"><ele>2698.3</ele></trkpt><trkpt lat="46.22414148732254" lon="7.658677597651069"><ele>2698.1</ele></trkpt><trkpt lat="46.22414148736116" lon="7.658651597683095"><ele>2697.9</ele></trkpt><trkpt lat="46.22415948741827" lon="7.658625597730177"><ele>2697.6</ele></trkpt><trkpt lat="46.22417748749479" lon="7.658612597791638"><ele>2697.2</ele></trkpt><trkpt lat="46.22415948761177" lon="7.658586597884577"><ele>2696.6</ele></trkpt><trkpt lat="46.22414148767072" lon="7.6585865979303"><ele>2696.3</ele></trkpt><trkpt lat="46.22413248792267" lon="7.658521598131981"><ele>2695.0</ele></trkpt><trkpt lat="46.22413248799995" lon="7.658470598195964"><ele>2694.6</ele></trkpt><trkpt lat="46.22411448811687" lon="7.658418598290535"><ele>2694.0</ele></trkpt><trkpt lat="46.22408748819563" lon="7.658418598351519"><ele>2693.6</ele></trkpt><trkpt lat="46.22404248846897" lon="7.6584305985638235"><ele>2692.2</ele></trkpt><trkpt lat="46.22400648868391" lon="7.6584825987279705"><ele>2691.1</ele></trkpt><trkpt lat="46.22396148895714" lon="7.658469598941845"><ele>2689.7</ele></trkpt><trkpt lat="46.22388948934772" lon="7.6583915992511695"><ele>2687.7</ele></trkpt><trkpt lat="46.22382648971835" lon="7.658300599546034"><ele>2685.8</ele></trkpt><trkpt lat="46.2237824899719" lon="7.6581965997504"><ele>2684.5</ele></trkpt><trkpt lat="46.22374649038001" lon="7.658118600074616"><ele>2682.4</ele></trkpt><trkpt lat="46.22374649045732" lon="7.658079600137829"><ele>2682.0</ele></trkpt><trkpt lat="46.22371949078759" lon="7.658014600400383"><ele>2680.3</ele></trkpt><trkpt lat="46.22367449123478" lon="7.65792360075585"><ele>2678.0</ele></trkpt><trkpt lat="46.22362949168212" lon="7.657858601109682"><ele>2675.7</ele></trkpt><trkpt lat="46.2236024919543" lon="7.657806601325827"><ele>2674.3</ele></trkpt><trkpt lat="46.223576492091084" lon="7.657793601433181"><ele>2673.6</ele></trkpt><trkpt lat="46.22354049247994" lon="7.657741601740545"><ele>2671.6</ele></trkpt><trkpt lat="46.223504492907274" lon="7.657638602081462"><ele>2669.4</ele></trkpt><trkpt lat="46.22346849308308" lon="7.657586602221702"><ele>2668.5</ele></trkpt><trkpt lat="46.22343249318165" lon="7.657573602298741"><ele>2668.0</ele></trkpt><trkpt lat="46.22339649357033" lon="7.657482602608512"><ele>2666.0</ele></trkpt><trkpt lat="46.22338749391895" lon="7.657391602887685"><ele>2664.2</ele></trkpt><trkpt lat="46.22337949432565" lon="7.657313603211612"><ele>2662.1</ele></trkpt><trkpt lat="46.22334349459847" lon="7.657313603424563"><ele>2660.7</ele></trkpt><trkpt lat="46.22328049518207" lon="7.657222603886417"><ele>2657.7</ele></trkpt><trkpt lat="46.22325349522214" lon="7.657222603917006"><ele>2657.5</ele></trkpt><trkpt lat="46.22321749514649" lon="7.657235603855706"><ele>2657.9</ele></trkpt><trkpt lat="46.22315449555585" lon="7.657144604180831"><ele>2655.8</ele></trkpt><trkpt lat="46.223073495946856" lon="7.657092604488475"><ele>2653.8</ele></trkpt><trkpt lat="46.22299249639596" lon="7.65705260484095"><ele>2651.5</ele></trkpt><trkpt lat="46.222920496844615" lon="7.657000605194086"><ele>2649.2</ele></trkpt><trkpt lat="46.222821497372" lon="7.656961605607384"><ele>2646.5</ele></trkpt><trkpt lat="46.22278649758663" lon="7.6569486057755425"><ele>2645.4</ele></trkpt><trkpt lat="46.222768497722974" lon="7.656935605882812"><ele>2644.7</ele></trkpt><trkpt lat="46.22276849776168" lon="7.656922605913993"><ele>2644.5</ele></trkpt><trkpt lat="46.22279549795386" lon="7.656896606067297"><ele>2643.5</ele></trkpt><trkpt lat="46.222840498241965" lon="7.656870606296417"><ele>2642.0</ele></trkpt><trkpt lat="46.22291249854813" lon="7.656858606539661"><ele>2640.4</ele></trkpt><trkpt lat="46.22295749887491" lon="7.656819606799963"><ele>2638.7</ele></trkpt><trkpt lat="46.22299349920215" lon="7.656767607061123"><ele>2637.0</ele></trkpt><trkpt lat="46.22301149929797" lon="7.656754607137738"><ele>2636.5</ele></trkpt><trkpt lat="46.22302049935562" lon="7.656754607183237"><ele>2636.2</ele></trkpt><trkpt lat="46.223056499489466" lon="7.656767607288502"><ele>2635.5</ele></trkpt><trkpt lat="46.223119499699244" lon="7.6567426074566605"><ele>2634.4</ele></trkpt><trkpt lat="46.22317350012237" lon="7.656690607793629"><ele>2632.2</ele></trkpt><trkpt lat="46.2232545005829" lon="7.656639608160713"><ele>2629.8</ele></trkpt><trkpt lat="46.22333550098539" lon="7.6566006084814875"><ele>2627.7</ele></trkpt><trkpt lat="46.22338950117625" lon="7.656561608635372"><ele>2626.7</ele></trkpt><trkpt lat="46.22343450138689" lon="7.65652360880445"><ele>2625.6</ele></trkpt><trkpt lat="46.22345250140521" lon="7.656471608822692"><ele>2625.5</ele></trkpt><trkpt lat="46.22347050136535" lon="7.656393608796953"><ele>2625.7</ele></trkpt><trkpt lat="46.22347050136535" lon="7.656393608796953"><ele>2625.7</ele></trkpt><trkpt lat="46.22344350130851" lon="7.656354608753975"><ele>2626.0</ele></trkpt><trkpt lat="46.22342550134791" lon="7.656315608786874"><ele>2625.8</ele></trkpt><trkpt lat="46.22339950144586" lon="7.6562766088654035"><ele>2625.3</ele></trkpt><trkpt lat="46.22337250164071" lon="7.656250609019084"><ele>2624.3</ele></trkpt><trkpt lat="46.22335450177698" lon="7.656224609127133"><ele>2623.6</ele></trkpt><trkpt lat="46.22333650193276" lon="7.656224609248779"><ele>2622.8</ele></trkpt><trkpt lat="46.2232825022839" lon="7.656224609522581"><ele>2621.0</ele></trkpt><trkpt lat="46.223264502439555" lon="7.656211609645017"><ele>2620.2</ele></trkpt><trkpt lat="46.22322850257682" lon="7.656198609752403"><ele>2619.5</ele></trkpt><trkpt lat="46.22321950263528" lon="7.656198609798034"><ele>2619.2</ele></trkpt><trkpt lat="46.223210502771174" lon="7.6561596099068066"><ele>2618.5</ele></trkpt><trkpt lat="46.22320150286833" lon="7.656133609984406"><ele>2618.0</ele></trkpt><trkpt lat="46.22318350296591" lon="7.656107610062068"><ele>2617.5</ele></trkpt><trkpt lat="46.22316550306344" lon="7.656068610140526"><ele>2617.0</ele></trkpt><trkpt lat="46.223156503160574" lon="7.656029610218916"><ele>2616.5</ele></trkpt><trkpt lat="46.22314750327698" lon="7.655977610313282"><ele>2615.9</ele></trkpt><trkpt lat="46.22312950337457" lon="7.655951610390947"><ele>2615.4</ele></trkpt><trkpt lat="46.22312050345235" lon="7.655925610453346"><ele>2615.0</ele></trkpt><trkpt lat="46.22310250356921" lon="7.655860610548571"><ele>2614.4</ele></trkpt><trkpt lat="46.223085503705484" lon="7.655834610656601"><ele>2613.7</ele></trkpt><trkpt lat="46.22306750386113" lon="7.655808610779823"><ele>2612.9</ele></trkpt><trkpt lat="46.22304950399738" lon="7.655769610888644"><ele>2612.2</ele></trkpt><trkpt lat="46.22303150421108" lon="7.655731611058161"><ele>2611.1</ele></trkpt><trkpt lat="46.22301350436671" lon="7.65569261118217"><ele>2610.3</ele></trkpt><trkpt lat="46.223004504444496" lon="7.65565361124536"><ele>2609.9</ele></trkpt><trkpt lat="46.22300450450241" lon="7.655614611293294"><ele>2609.6</ele></trkpt><trkpt lat="46.2230045045798" lon="7.6555886113556255"><ele>2609.2</ele></trkpt><trkpt lat="46.22298650467733" lon="7.655549611434069"><ele>2608.7</ele></trkpt><trkpt lat="46.22296850483297" lon="7.655523611557282"><ele>2607.9</ele></trkpt><trkpt lat="46.222941505027656" lon="7.6554586117133026"><ele>2606.9</ele></trkpt><trkpt lat="46.222932505105355" lon="7.655406611777282"><ele>2606.5</ele></trkpt><trkpt lat="46.22291550522215" lon="7.6553416118724735"><ele>2605.9</ele></trkpt><trkpt lat="46.222906505280505" lon="7.655302611920473"><ele>2605.6</ele></trkpt><trkpt lat="46.22289750537758" lon="7.65525061199963"><ele>2605.1</ele></trkpt><trkpt lat="46.22287950549451" lon="7.655211612093251"><ele>2604.5</ele></trkpt><trkpt lat="46.22286150553402" lon="7.655186612125273"><ele>2604.3</ele></trkpt><trkpt lat="46.22283450561273" lon="7.6551726121870685"><ele>2603.9</ele></trkpt><trkpt lat="46.22280750571073" lon="7.655146612264782"><ele>2603.4</ele></trkpt><trkpt lat="46.2227805057894" lon="7.655133612326515"><ele>2603.0</ele></trkpt><trkpt lat="46.22276250586765" lon="7.655107612388967"><ele>2602.6</ele></trkpt><trkpt lat="46.222708506179615" lon="7.654990612639443"><ele>2601.0</ele></trkpt><trkpt lat="46.222681506277674" lon="7.654977612716357"><ele>2600.5</ele></trkpt><trkpt lat="46.22266350633661" lon="7.65497761276205"><ele>2600.2</ele></trkpt><trkpt lat="46.222618506435616" lon="7.654990612837523"><ele>2599.7</ele></trkpt><trkpt lat="46.222609506494145" lon="7.654990612883147"><ele>2599.4</ele></trkpt><trkpt lat="46.22259150653374" lon="7.654990612913653"><ele>2599.2</ele></trkpt><trkpt lat="46.22257350653462" lon="7.6550036129129975"><ele>2599.2</ele></trkpt><trkpt lat="46.22255550657421" lon="7.655003612943503"><ele>2599.0</ele></trkpt><trkpt lat="46.222537506594364" lon="7.654977612960397"><ele>2598.9</ele></trkpt><trkpt lat="46.222510506634336" lon="7.654964612991755"><ele>2598.7</ele></trkpt><trkpt lat="46.22249350659636" lon="7.65493861296308"><ele>2598.9</ele></trkpt><trkpt lat="46.2224665065976" lon="7.654925612964067"><ele>2598.9</ele></trkpt><trkpt lat="46.22238550662068" lon="7.654873612983003"><ele>2598.8</ele></trkpt><trkpt lat="46.222268506838915" lon="7.654768613157265"><ele>2597.7</ele></trkpt><trkpt lat="46.2222325069374" lon="7.6547426132350305"><ele>2597.2</ele></trkpt><trkpt lat="46.222196507093756" lon="7.654664613361498"><ele>2596.4</ele></trkpt><trkpt lat="46.222133507328756" lon="7.654561613550412"><ele>2595.2</ele></trkpt><trkpt lat="46.22211650754223" lon="7.65448361372229"><ele>2594.1</ele></trkpt><trkpt lat="46.222089507814246" lon="7.654392613940576"><ele>2592.7</ele></trkpt><trkpt lat="46.222035508203696" lon="7.654288614250938"><ele>2590.7</ele></trkpt><trkpt lat="46.222008508514435" lon="7.654210614498792"><ele>2589.1</ele></trkpt><trkpt lat="46.22197250878701" lon="7.654145614715553"><ele>2587.7</ele></trkpt><trkpt lat="46.22194550890438" lon="7.654119614808421"><ele>2587.1</ele></trkpt><trkpt lat="46.22190950913825" lon="7.65408061499324"><ele>2585.9</ele></trkpt><trkpt lat="46.22189150931329" lon="7.65406761513081"><ele>2585.0</ele></trkpt><trkpt lat="46.221865509546674" lon="7.654015615316335"><ele>2583.8</ele></trkpt><trkpt lat="46.22182950976117" lon="7.653963615486748"><ele>2582.7</ele></trkpt><trkpt lat="46.221793509936994" lon="7.653924615626006"><ele>2581.8</ele></trkpt><trkpt lat="46.22175751015157" lon="7.653885615795638"><ele>2580.7</ele></trkpt><trkpt lat="46.221712510405226" lon="7.65385961599491"><ele>2579.4</ele></trkpt><trkpt lat="46.22168551058066" lon="7.653833616133316"><ele>2578.5</ele></trkpt><trkpt lat="46.221649510756535" lon="7.653820616271011"><ele>2577.6</ele></trkpt><trkpt lat="46.221595511049465" lon="7.653807616499928"><ele>2576.1</ele></trkpt><trkpt lat="46.22157751118581" lon="7.653794616607119"><ele>2575.4</ele></trkpt><trkpt lat="46.22155051134186" lon="7.653781616729558"><ele>2574.6</ele></trkpt><trkpt lat="46.22153251151705" lon="7.653806616864839"><ele>2573.7</ele></trkpt><trkpt lat="46.221496511692955" lon="7.653806617001747"><ele>2572.8</ele></trkpt><trkpt lat="46.22137951224045" lon="7.653767617430059"><ele>2570.0</ele></trkpt><trkpt lat="46.22134351241638" lon="7.653767617566968"><ele>2569.1</ele></trkpt><trkpt lat="46.22130751249557" lon="7.653780617627184"><ele>2568.7</ele></trkpt><trkpt lat="46.22128051259359" lon="7.653780617703295"><ele>2568.2</ele></trkpt><trkpt lat="46.22125351273034" lon="7.653754617811328"><ele>2567.5</ele></trkpt><trkpt lat="46.22123551286655" lon="7.653702617920849"><ele>2566.8</ele></trkpt><trkpt lat="46.221209513022465" lon="7.653663618044833"><ele>2566.0</ele></trkpt><trkpt lat="46.22117351321759" lon="7.653611618200029"><ele>2565.0</ele></trkpt><trkpt lat="46.221128513529216" lon="7.6535336184479315"><ele>2563.4</ele></trkpt><trkpt lat="46.22110151376259" lon="7.653481618633422"><ele>2562.2</ele></trkpt><trkpt lat="46.22108351395688" lon="7.65342961878848"><ele>2561.2</ele></trkpt><trkpt lat="46.22106551409313" lon="7.653403618896438"><ele>2560.5</ele></trkpt><trkpt lat="46.22102951419156" lon="7.653377618974155"><ele>2560.0</ele></trkpt><trkpt lat="46.22096651432999" lon="7.653364619081663"><ele>2559.3</ele></trkpt><trkpt lat="46.220903514449034" lon="7.653337619174821"><ele>2558.7</ele></trkpt><trkpt lat="46.220795514531375" lon="7.653285619239432"><ele>2558.3</ele></trkpt><trkpt lat="46.22074251453381" lon="7.6532596192413695"><ele>2558.3</ele></trkpt><trkpt lat="46.22056251459972" lon="7.653038619301392"><ele>2558.0</ele></trkpt><trkpt lat="46.22052651460124" lon="7.652986619304755"><ele>2558.0</ele></trkpt><trkpt lat="46.22049951462173" lon="7.652934619323232"><ele>2557.9</ele></trkpt><trkpt lat="46.22046351473942" lon="7.652882619417674"><ele>2557.3</ele></trkpt><trkpt lat="46.22043751477917" lon="7.652830619451323"><ele>2557.1</ele></trkpt><trkpt lat="46.220392514800594" lon="7.652804619468381"><ele>2557.0</ele></trkpt><trkpt lat="46.220311514939645" lon="7.652713619580651"><ele>2556.3</ele></trkpt><trkpt lat="46.220221515233895" lon="7.652622619814419"><ele>2554.8</ele></trkpt><trkpt lat="46.22014951535322" lon="7.652557619909893"><ele>2554.2</ele></trkpt><trkpt lat="46.220104515452064" lon="7.6525316199876645"><ele>2553.7</ele></trkpt><trkpt lat="46.22001451557228" lon="7.652466620083261"><ele>2553.1</ele></trkpt><trkpt lat="46.219960515555385" lon="7.652440620070018"><ele>2553.2</ele></trkpt><trkpt lat="46.219925515595676" lon="7.6524136201022355"><ele>2553.0</ele></trkpt><trkpt lat="46.21989851569357" lon="7.652374620180648"><ele>2552.5</ele></trkpt><trkpt lat="46.21986251583077" lon="7.652361620287939"><ele>2551.8</ele></trkpt><trkpt lat="46.21984451598624" lon="7.652309620412591"><ele>2551.0</ele></trkpt><trkpt lat="46.21981751606496" lon="7.6523096204735035"><ele>2550.6</ele></trkpt><trkpt lat="46.2197995161625" lon="7.6522966205503025"><ele>2550.1</ele></trkpt><trkpt lat="46.219790516279005" lon="7.652270620642984"><ele>2549.5</ele></trkpt><trkpt lat="46.21979051647238" lon="7.652219620797804"><ele>2548.5</ele></trkpt><trkpt lat="46.21979951651061" lon="7.652206620828867"><ele>2548.3</ele></trkpt><trkpt lat="46.21977251668603" lon="7.652180620967215"><ele>2547.4</ele></trkpt><trkpt lat="46.219763516783125" lon="7.652154621044719"><ele>2546.9</ele></trkpt><trkpt lat="46.21974551688069" lon="7.652128621122287"><ele>2546.4</ele></trkpt><trkpt lat="46.21973651697779" lon="7.652102621199785"><ele>2545.9</ele></trkpt><trkpt lat="46.219709517017726" lon="7.65208962123111"><ele>2545.7</ele></trkpt><trkpt lat="46.21968251711572" lon="7.65207662130797"><ele>2545.2</ele></trkpt><trkpt lat="46.21967351715479" lon="7.65205062133993"><ele>2545.0</ele></trkpt><trkpt lat="46.219629517562915" lon="7.651920621666698"><ele>2542.9</ele></trkpt><trkpt lat="46.21962051762136" lon="7.651907621713068"><ele>2542.6</ele></trkpt><trkpt lat="46.219611517718505" lon="7.651894621789793"><ele>2542.1</ele></trkpt><trkpt lat="46.219602517796275" lon="7.6518816218513415"><ele>2541.7</ele></trkpt><trkpt lat="46.21959351791268" lon="7.651842621944782"><ele>2541.1</ele></trkpt><trkpt lat="46.21958451802917" lon="7.651816622037457"><ele>2540.5</ele></trkpt><trkpt lat="46.21956651818474" lon="7.6517776221613145"><ele>2539.7</ele></trkpt><trkpt lat="46.219548518262975" lon="7.651751622223698"><ele>2539.3</ele></trkpt><trkpt lat="46.21953051836051" lon="7.651738622300481"><ele>2538.8</ele></trkpt><trkpt lat="46.21951251843867" lon="7.651712622362859"><ele>2538.4</ele></trkpt><trkpt lat="46.21950351855516" lon="7.651686622455527"><ele>2537.8</ele></trkpt><trkpt lat="46.219494518652255" lon="7.651660622533017"><ele>2537.3</ele></trkpt><trkpt lat="46.2194855187107" lon="7.6516346225801515"><ele>2537.0</ele></trkpt><trkpt lat="46.219467518788875" lon="7.651608622642529"><ele>2536.6</ele></trkpt><trkpt lat="46.21944051896424" lon="7.651582622780855"><ele>2535.7</ele></trkpt><trkpt lat="46.21943151906136" lon="7.651556622858342"><ele>2535.2</ele></trkpt><trkpt lat="46.219405519449396" lon="7.651478623166677"><ele>2533.2</ele></trkpt><trkpt lat="46.219396519546585" lon="7.651452623244163"><ele>2532.7</ele></trkpt><trkpt lat="46.21936051981896" lon="7.651387623460733"><ele>2531.3</ele></trkpt><trkpt lat="46.21934251993586" lon="7.651361623553457"><ele>2530.7</ele></trkpt><trkpt lat="46.219297520247515" lon="7.651322623798905"><ele>2529.1</ele></trkpt><trkpt lat="46.219261520500595" lon="7.651270623999522"><ele>2527.8</ele></trkpt><trkpt lat="46.219243520578836" lon="7.651257624061122"><ele>2527.4</ele></trkpt><trkpt lat="46.219234520695245" lon="7.651218624154544"><ele>2526.8</ele></trkpt><trkpt lat="46.21923452075326" lon="7.651193624201547"><ele>2526.5</ele></trkpt><trkpt lat="46.21923452086926" lon="7.6511676242941284"><ele>2525.9</ele></trkpt><trkpt lat="46.219234520946586" lon="7.651128624357132"><ele>2525.5</ele></trkpt><trkpt lat="46.21923452102388" lon="7.651102624419368"><ele>2525.1</ele></trkpt><trkpt lat="46.21923452113994" lon="7.651076624511953"><ele>2524.5</ele></trkpt><trkpt lat="46.21923452125601" lon="7.651050624604539"><ele>2523.9</ele></trkpt><trkpt lat="46.219226521353015" lon="7.651011624682768"><ele>2523.4</ele></trkpt><trkpt lat="46.21921752152756" lon="7.6509856248209465"><ele>2522.5</ele></trkpt><trkpt lat="46.21919952183784" lon="7.650920625067705"><ele>2520.9</ele></trkpt><trkpt lat="46.21918152195473" lon="7.650894625160413"><ele>2520.3</ele></trkpt><trkpt lat="46.21912752238282" lon="7.650816625499241"><ele>2518.1</ele></trkpt><trkpt lat="46.21910052259683" lon="7.650777625668654"><ele>2517.0</ele></trkpt><trkpt lat="46.21904652287012" lon="7.650725625884539"><ele>2515.6</ele></trkpt><trkpt lat="46.219010523084535" lon="7.650673626054772"><ele>2514.5</ele></trkpt><trkpt lat="46.21895652331911" lon="7.650608626241061"><ele>2513.3</ele></trkpt><trkpt lat="46.21880452365467" lon="7.65043962651001"><ele>2511.6</ele></trkpt><trkpt lat="46.21871452385205" lon="7.650348626667719"><ele>2510.6</ele></trkpt><trkpt lat="46.21858852418655" lon="7.650218626934175"><ele>2508.9</ele></trkpt><trkpt lat="46.21852552434414" lon="7.650166627059053"><ele>2508.1</ele></trkpt><trkpt lat="46.21847252459791" lon="7.650088627261248"><ele>2506.8</ele></trkpt><trkpt lat="46.21843652469627" lon="7.650049627339646"><ele>2506.3</ele></trkpt><trkpt lat="46.21840052481388" lon="7.649984627434738"><ele>2505.7</ele></trkpt><trkpt lat="46.21833752502944" lon="7.649932627605126"><ele>2504.6</ele></trkpt><trkpt lat="46.21829252516685" lon="7.649880627714694"><ele>2503.9</ele></trkpt><trkpt lat="46.218220525363535" lon="7.649815627870722"><ele>2502.9</ele></trkpt><trkpt lat="46.21813152571554" lon="7.649685628152041"><ele>2501.1</ele></trkpt><trkpt lat="46.21807752593065" lon="7.6495946283246194"><ele>2500.0</ele></trkpt><trkpt lat="46.21799652634033" lon="7.649438628652894"><ele>2497.9</ele></trkpt><trkpt lat="46.21793352659453" lon="7.649334628856627"><ele>2496.6</ele></trkpt><trkpt lat="46.21788852677049" lon="7.649256628998023"><ele>2495.7</ele></trkpt><trkpt lat="46.217709527164885" lon="7.648958629320029"><ele>2493.7</ele></trkpt><trkpt lat="46.21767352735995" lon="7.648919629474257"><ele>2492.7</ele></trkpt><trkpt lat="46.21766452739896" lon="7.648893629506168"><ele>2492.5</ele></trkpt><trkpt lat="46.21765552737983" lon="7.648828629494835"><ele>2492.6</ele></trkpt><trkpt lat="46.21761952743941" lon="7.648763629544377"><ele>2492.3</ele></trkpt><trkpt lat="46.2175755275572" lon="7.6486726296409895"><ele>2491.7</ele></trkpt><trkpt lat="46.217548527597025" lon="7.648620629674543"><ele>2491.5</ele></trkpt><trkpt lat="46.21753052769442" lon="7.6485556297542905"><ele>2491.0</ele></trkpt><trkpt lat="46.217512527733795" lon="7.648516629787017"><ele>2490.8</ele></trkpt><trkpt lat="46.21747652783206" lon="7.648464629866139"><ele>2490.3</ele></trkpt><trkpt lat="46.21744952792984" lon="7.648399629945945"><ele>2489.8</ele></trkpt><trkpt lat="46.21742252798898" lon="7.648347629994661"><ele>2489.5</ele></trkpt><trkpt lat="46.21741352804731" lon="7.648296630043187"><ele>2489.2</ele></trkpt><trkpt lat="46.21740552826012" lon="7.648166630217639"><ele>2488.1</ele></trkpt><trkpt lat="46.21737852847393" lon="7.648062630390712"><ele>2487.0</ele></trkpt><trkpt lat="46.21735152891974" lon="7.647894630749506"><ele>2484.7</ele></trkpt><trkpt lat="46.217324529268915" lon="7.647777631029488"><ele>2482.9</ele></trkpt><trkpt lat="46.217307529424424" lon="7.647738631153205"><ele>2482.1</ele></trkpt><trkpt lat="46.21726252961981" lon="7.647673631308959"><ele>2481.1</ele></trkpt><trkpt lat="46.21722653014345" lon="7.647517631727743"><ele>2478.4</ele></trkpt><trkpt lat="46.21722653025948" lon="7.647491631820245"><ele>2477.8</ele></trkpt><trkpt lat="46.2172265303948" lon="7.647440631929362"><ele>2477.1</ele></trkpt><trkpt lat="46.21723553052968" lon="7.647401632037717"><ele>2476.4</ele></trkpt><trkpt lat="46.21724453060659" lon="7.647362632100571"><ele>2476.0</ele></trkpt><trkpt lat="46.21723553072304" lon="7.647336632193137"><ele>2475.4</ele></trkpt><trkpt lat="46.21722653080072" lon="7.647297632256117"><ele>2475.0</ele></trkpt><trkpt lat="46.217217530859166" lon="7.647284632302427"><ele>2474.7</ele></trkpt><trkpt lat="46.21721753101387" lon="7.647245632426011"><ele>2473.9</ele></trkpt><trkpt lat="46.21720053120794" lon="7.647180632581539"><ele>2472.9</ele></trkpt><trkpt lat="46.21719153140154" lon="7.647090632738445"><ele>2471.9</ele></trkpt><trkpt lat="46.2171915314789" lon="7.647064632800611"><ele>2471.5</ele></trkpt><trkpt lat="46.21718253153723" lon="7.6470256328484165"><ele>2471.2</ele></trkpt><trkpt lat="46.21716453153802" lon="7.647012632849292"><ele>2471.2</ele></trkpt><trkpt lat="46.21714653161607" lon="7.646960632913072"><ele>2470.8</ele></trkpt><trkpt lat="46.21712853165538" lon="7.646882632948023"><ele>2470.6</ele></trkpt><trkpt lat="46.217110531694786" lon="7.646843632980723"><ele>2470.4</ele></trkpt><trkpt lat="46.2170925317342" lon="7.6468176330126765"><ele>2470.2</ele></trkpt><trkpt lat="46.21709253183086" lon="7.646778633090743"><ele>2469.7</ele></trkpt><trkpt lat="46.217083531927955" lon="7.6467526331681315"><ele>2469.2</ele></trkpt><trkpt lat="46.21709353202418" lon="7.646726633245384"><ele>2468.7</ele></trkpt><trkpt lat="46.217084532082495" lon="7.646687633293185"><ele>2468.4</ele></trkpt><trkpt lat="46.21707553212155" lon="7.646661633325076"><ele>2468.2</ele></trkpt><trkpt lat="46.217075532295496" lon="7.646584633465991"><ele>2467.3</ele></trkpt><trkpt lat="46.21706653233447" lon="7.6465586334978735"><ele>2467.1</ele></trkpt><trkpt lat="46.217048532393264" lon="7.646519633545735"><ele>2466.8</ele></trkpt><trkpt lat="46.217021532413725" lon="7.646480633563332"><ele>2466.7</ele></trkpt><trkpt lat="46.217012532414" lon="7.646441633565637"><ele>2466.7</ele></trkpt><trkpt lat="46.21700353251106" lon="7.646402633643759"><ele>2466.2</ele></trkpt><trkpt lat="46.21699453253078" lon="7.6463766336604815"><ele>2466.1</ele></trkpt><trkpt lat="46.21698553251173" lon="7.646350633646874"><ele>2466.2</ele></trkpt><trkpt lat="46.216985532569716" lon="7.646324633693861"><ele>2465.9</ele></trkpt><trkpt lat="46.21698553260828" lon="7.64628563372643"><ele>2465.7</ele></trkpt><trkpt lat="46.21697653272469" lon="7.646259633818969"><ele>2465.1</ele></trkpt><trkpt lat="46.21696853282169" lon="7.646208633897772"><ele>2464.6</ele></trkpt><trkpt lat="46.216923532900964" lon="7.646143633962476"><ele>2464.2</ele></trkpt><trkpt lat="46.2169145330367" lon="7.646104634070924"><ele>2463.5</ele></trkpt><trkpt lat="46.21690553311438" lon="7.6460656341338815"><ele>2463.1</ele></trkpt><trkpt lat="46.216914533210605" lon="7.6460266342118715"><ele>2462.6</ele></trkpt><trkpt lat="46.21692353328757" lon="7.646000634273957"><ele>2462.2</ele></trkpt><trkpt lat="46.21693253336445" lon="7.64597463433604"><ele>2461.8</ele></trkpt><trkpt lat="46.21693253367374" lon="7.6458706345846155"><ele>2460.2</ele></trkpt><trkpt lat="46.216950533885566" lon="7.645793634755698"><ele>2459.1</ele></trkpt><trkpt lat="46.216941533943945" lon="7.6457676348027395"><ele>2458.8</ele></trkpt><trkpt lat="46.216932534021616" lon="7.645728634865689"><ele>2458.4</ele></trkpt><trkpt lat="46.21692453413786" lon="7.645650634961188"><ele>2457.8</ele></trkpt><trkpt lat="46.21689753415832" lon="7.645611634978769"><ele>2457.7</ele></trkpt><trkpt lat="46.21688853423594" lon="7.645533635043948"><ele>2457.3</ele></trkpt><trkpt lat="46.216879534255526" lon="7.645494635061405"><ele>2457.2</ele></trkpt><trkpt lat="46.21682553425775" lon="7.645416635066242"><ele>2457.2</ele></trkpt><trkpt lat="46.21681653433545" lon="7.645378635129131"><ele>2456.8</ele></trkpt><trkpt lat="46.21679853449081" lon="7.645287635255758"><ele>2456.0</ele></trkpt><trkpt lat="46.216808534838094" lon="7.645105635539003"><ele>2454.2</ele></trkpt><trkpt lat="46.216790535051544" lon="7.645028635710305"><ele>2453.1</ele></trkpt><trkpt lat="46.216736535266364" lon="7.644859635887109"><ele>2452.0</ele></trkpt><trkpt lat="46.216709535383494" lon="7.644807635981232"><ele>2451.4</ele></trkpt><trkpt lat="46.21669153550023" lon="7.6447296360767725"><ele>2450.8</ele></trkpt><trkpt lat="46.21668253561654" lon="7.644677636170762"><ele>2450.2</ele></trkpt><trkpt lat="46.216683535732365" lon="7.644587636266854"><ele>2449.6</ele></trkpt><trkpt lat="46.216665535791016" lon="7.644522636316171"><ele>2449.3</ele></trkpt><trkpt lat="46.21662953579249" lon="7.644470636319386"><ele>2449.3</ele></trkpt><trkpt lat="46.216575535833464" lon="7.644405636353788"><ele>2449.1</ele></trkpt><trkpt lat="46.216521535990445" lon="7.644327636479886"><ele>2448.3</ele></trkpt><trkpt lat="46.21649453612693" lon="7.644262636589893"><ele>2447.6</ele></trkpt><trkpt lat="46.216467536185924" lon="7.6441846366400075"><ele>2447.3</ele></trkpt><trkpt lat="46.21640553642061" lon="7.644067636829013"><ele>2446.1</ele></trkpt><trkpt lat="46.216387536614796" lon="7.644015636983691"><ele>2445.1</ele></trkpt><trkpt lat="46.21636053690594" lon="7.643911637217179"><ele>2443.6</ele></trkpt><trkpt lat="46.216333537023104" lon="7.643847637311961"><ele>2443.0</ele></trkpt><trkpt lat="46.2163065373142" lon="7.643730637546175"><ele>2441.5</ele></trkpt><trkpt lat="46.216288537430984" lon="7.643691637639465"><ele>2440.9</ele></trkpt><trkpt lat="46.21628053754725" lon="7.6436266377341635"><ele>2440.3</ele></trkpt><trkpt lat="46.216262537722" lon="7.643561637874401"><ele>2439.4</ele></trkpt><trkpt lat="46.21627153789553" lon="7.64349663801445"><ele>2438.5</ele></trkpt><trkpt lat="46.2162715380695" lon="7.643419638155243"><ele>2437.6</ele></trkpt><trkpt lat="46.21625353836033" lon="7.6433416383871515"><ele>2436.1</ele></trkpt><trkpt lat="46.21626253847588" lon="7.643289638480982"><ele>2435.5</ele></trkpt><trkpt lat="46.216244538592626" lon="7.643237638574998"><ele>2434.9</ele></trkpt><trkpt lat="46.2162265387868" lon="7.643185638729643"><ele>2433.9</ele></trkpt><trkpt lat="46.21618153902093" lon="7.6431726389125725"><ele>2432.7</ele></trkpt><trkpt lat="46.2161545391769" lon="7.643146639035484"><ele>2431.9</ele></trkpt><trkpt lat="46.21614553925469" lon="7.643146639096173"><ele>2431.5</ele></trkpt><trkpt lat="46.21611853923669" lon="7.643185639078994"><ele>2431.6</ele></trkpt><trkpt lat="46.216109539237166" lon="7.643211639077584"><ele>2431.6</ele></trkpt><trkpt lat="46.216091539238064" lon="7.643237639076238"><ele>2431.6</ele></trkpt><trkpt lat="46.216091539238064" lon="7.643237639076238"><ele>2431.6</ele></trkpt><trkpt lat="46.21602853945363" lon="7.643210639244927"><ele>2430.5</ele></trkpt><trkpt lat="46.21601053953184" lon="7.643197639306414"><ele>2430.1</ele></trkpt><trkpt lat="46.21600153959021" lon="7.6431846393526826"><ele>2429.8</ele></trkpt><trkpt lat="46.21599353966789" lon="7.6431586394148345"><ele>2429.4</ele></trkpt><trkpt lat="46.21593953984425" lon="7.643081639555972"><ele>2428.5</ele></trkpt><trkpt lat="46.215894539846026" lon="7.642990639561427"><ele>2428.5</ele></trkpt><trkpt lat="46.21589453986525" lon="7.642951639578791"><ele>2428.4</ele></trkpt><trkpt lat="46.21588553988488" lon="7.642912639596214"><ele>2428.3</ele></trkpt><trkpt lat="46.215876539904556" lon="7.642886639612902"><ele>2428.2</ele></trkpt><trkpt lat="46.21587653992382" lon="7.642860639629527"><ele>2428.1</ele></trkpt><trkpt lat="46.2158765399818" lon="7.64283463967647"><ele>2427.8</ele></trkpt><trkpt lat="46.215876540020425" lon="7.642808639708249"><ele>2427.6</ele></trkpt><trkpt lat="46.21587654002031" lon="7.642769639710449"><ele>2427.6</ele></trkpt><trkpt lat="46.21585854005959" lon="7.64270463974456"><ele>2427.4</ele></trkpt><trkpt lat="46.21584054004097" lon="7.642678639730999"><ele>2427.5</ele></trkpt><trkpt lat="46.21584154004087" lon="7.642653639732408"><ele>2427.5</ele></trkpt><trkpt lat="46.21583254006058" lon="7.64262763974909"><ele>2427.4</ele></trkpt><trkpt lat="46.215796540081385" lon="7.642575639767434"><ele>2427.3</ele></trkpt><trkpt lat="46.21577854010142" lon="7.642549639784181"><ele>2427.2</ele></trkpt><trkpt lat="46.21576054012159" lon="7.642549639799464"><ele>2427.1</ele></trkpt><trkpt lat="46.21573354012278" lon="7.642548639799703"><ele>2427.1</ele></trkpt><trkpt lat="46.21569754014381" lon="7.642561639814374"><ele>2427.0</ele></trkpt><trkpt lat="46.21567054010635" lon="7.6425616397842475"><ele>2427.2</ele></trkpt><trkpt lat="46.21564354014621" lon="7.6425486398154785"><ele>2427.0</ele></trkpt><trkpt lat="46.21560754028319" lon="7.642522639923281"><ele>2426.3</ele></trkpt><trkpt lat="46.2155985403416" lon="7.642509639969543"><ele>2426.0</ele></trkpt><trkpt lat="46.215580540477724" lon="7.642470640077957"><ele>2425.3</ele></trkpt><trkpt lat="46.21556254055588" lon="7.64244464014017"><ele>2424.9</ele></trkpt><trkpt lat="46.21553554065373" lon="7.642418640217597"><ele>2424.4</ele></trkpt><trkpt lat="46.215508540751564" lon="7.642379640295758"><ele>2423.9</ele></trkpt><trkpt lat="46.215490540829656" lon="7.642340640358699"><ele>2423.5</ele></trkpt><trkpt lat="46.215463540985525" lon="7.642288640483058"><ele>2422.7</ele></trkpt><trkpt lat="46.21542854114161" lon="7.6422106406089325"><ele>2421.9</ele></trkpt><trkpt lat="46.21540154123949" lon="7.642171640687093"><ele>2421.4</ele></trkpt><trkpt lat="46.21539254129784" lon="7.642133640734758"><ele>2421.1</ele></trkpt><trkpt lat="46.215401541278" lon="7.642107640721009"><ele>2421.2</ele></trkpt><trkpt lat="46.215356541357316" lon="7.642081640783399"><ele>2420.8</ele></trkpt><trkpt lat="46.21532954149389" lon="7.642055640891128"><ele>2420.1</ele></trkpt><trkpt lat="46.21528454172791" lon="7.642003641076215"><ele>2418.9</ele></trkpt><trkpt lat="46.215248541903655" lon="7.641989641213635"><ele>2418.0</ele></trkpt><trkpt lat="46.21521254211809" lon="7.641989641380574"><ele>2416.9</ele></trkpt><trkpt lat="46.21516754235214" lon="7.641950641564925"><ele>2415.7</ele></trkpt><trkpt lat="46.215104542645" lon="7.641885641796318"><ele>2414.2</ele></trkpt><trkpt lat="46.215077542723435" lon="7.641833641860038"><ele>2413.8</ele></trkpt><trkpt lat="46.215014543035764" lon="7.641820642103656"><ele>2412.2</ele></trkpt><trkpt lat="46.214951543425556" lon="7.641820642407155"><ele>2410.2</ele></trkpt><trkpt lat="46.2148975436214" lon="7.641807642559791"><ele>2409.2</ele></trkpt><trkpt lat="46.21485354368142" lon="7.641807642605553"><ele>2408.9</ele></trkpt><trkpt lat="46.21481754354747" lon="7.64178164250118"><ele>2409.6</ele></trkpt><trkpt lat="46.21476354329825" lon="7.6417416423067985"><ele>2410.9</ele></trkpt><trkpt lat="46.21474554326028" lon="7.6417156422780765"><ele>2411.1</ele></trkpt><trkpt lat="46.214727543299624" lon="7.641664642311366"><ele>2410.9</ele></trkpt><trkpt lat="46.214718543319286" lon="7.641625642328772"><ele>2410.8</ele></trkpt><trkpt lat="46.21469154328173" lon="7.64161264229938"><ele>2411.0</ele></trkpt><trkpt lat="46.214664543205394" lon="7.641560642241873"><ele>2411.4</ele></trkpt><trkpt lat="46.214637543109774" lon="7.641521642168479"><ele>2411.9</ele></trkpt><trkpt lat="46.214601542879066" lon="7.641482641989087"><ele>2413.1</ele></trkpt><trkpt lat="46.21453854274629" lon="7.64143064188637"><ele>2413.8</ele></trkpt><trkpt lat="46.214502542709056" lon="7.641378641859233"><ele>2414.0</ele></trkpt><trkpt lat="46.214467542749226" lon="7.6413396418919675"><ele>2413.8</ele></trkpt><trkpt lat="46.21442254280914" lon="7.641300641939922"><ele>2413.5</ele></trkpt><trkpt lat="46.21442254280914" lon="7.641300641939922"><ele>2413.5</ele></trkpt><trkpt lat="46.214395542926354" lon="7.641274642032485"><ele>2412.9</ele></trkpt><trkpt lat="46.21435054302512" lon="7.641273642108607"><ele>2412.4</ele></trkpt><trkpt lat="46.21430554322049" lon="7.641247642261895"><ele>2411.4</ele></trkpt><trkpt lat="46.21422454370749" lon="7.641156642646347"><ele>2408.9</ele></trkpt><trkpt lat="46.214179543902866" lon="7.641117642800361"><ele>2407.9</ele></trkpt><trkpt lat="46.21415254402004" lon="7.641078642893642"><ele>2407.3</ele></trkpt><trkpt lat="46.21413454415613" lon="7.641039643002008"><ele>2406.6</ele></trkpt><trkpt lat="46.214116544292224" lon="7.640987643111104"><ele>2405.9</ele></trkpt><trkpt lat="46.21409854446702" lon="7.640949643249715"><ele>2405.0</ele></trkpt><trkpt lat="46.21406354462316" lon="7.640884643374799"><ele>2404.2</ele></trkpt><trkpt lat="46.214027544818066" lon="7.640832643529467"><ele>2403.2</ele></trkpt><trkpt lat="46.214018544953746" lon="7.640780643638491"><ele>2402.5</ele></trkpt><trkpt lat="46.21400054520599" lon="7.640754643837028"><ele>2401.2</ele></trkpt><trkpt lat="46.213964545401005" lon="7.640741643989506"><ele>2400.2</ele></trkpt><trkpt lat="46.21394654545987" lon="7.640741644035081"><ele>2399.9</ele></trkpt><trkpt lat="46.21388354563655" lon="7.640676644175495"><ele>2399.0</ele></trkpt><trkpt lat="46.21384754577352" lon="7.640650644283244"><ele>2398.3</ele></trkpt><trkpt lat="46.213811545968476" lon="7.640623644436499"><ele>2397.3</ele></trkpt><trkpt lat="46.21376654628" lon="7.640623644679214"><ele>2395.7</ele></trkpt><trkpt lat="46.21374854635815" lon="7.640610644740662"><ele>2395.3</ele></trkpt><trkpt lat="46.21373954641647" lon="7.640584644787624"><ele>2395.0</ele></trkpt><trkpt lat="46.213712546495046" lon="7.6405716448491345"><ele>2394.6</ele></trkpt><trkpt lat="46.21370354645673" lon="7.6405586448196186"><ele>2394.8</ele></trkpt><trkpt lat="46.21370354647601" lon="7.640532644836217"><ele>2394.7</ele></trkpt><trkpt lat="46.21370354649524" lon="7.6404946448534865"><ele>2394.6</ele></trkpt><trkpt lat="46.21369454647616" lon="7.640468644839844"><ele>2394.7</ele></trkpt><trkpt lat="46.213686546437785" lon="7.640429644811776"><ele>2394.9</ele></trkpt><trkpt lat="46.21368654649555" lon="7.640351644861571"><ele>2394.6</ele></trkpt><trkpt lat="46.21367754649592" lon="7.640338644862353"><ele>2394.6</ele></trkpt><trkpt lat="46.21366854653496" lon="7.6403256448934425"><ele>2394.4</ele></trkpt><trkpt lat="46.21364154657487" lon="7.640325644923923"><ele>2394.2</ele></trkpt><trkpt lat="46.21361454657603" lon="7.640325644924106"><ele>2394.2</ele></trkpt><trkpt lat="46.21358754661595" lon="7.640325644954586"><ele>2394.0</ele></trkpt><trkpt lat="46.21356054667516" lon="7.640325645000223"><ele>2393.7</ele></trkpt><trkpt lat="46.21351554677386" lon="7.6403116450770545"><ele>2393.2</ele></trkpt><trkpt lat="46.21346154687289" lon="7.6402856451546155"><ele>2392.7</ele></trkpt><trkpt lat="46.21339854693376" lon="7.6402986451997705"><ele>2392.4</ele></trkpt><trkpt lat="46.213344547110324" lon="7.6403246453350375"><ele>2391.5</ele></trkpt><trkpt lat="46.213299547112356" lon="7.640337645334613"><ele>2391.5</ele></trkpt><trkpt lat="46.213272547268325" lon="7.640336645456051"><ele>2390.7</ele></trkpt><trkpt lat="46.21323654742467" lon="7.640336645577492"><ele>2389.9</ele></trkpt><trkpt lat="46.21317354771779" lon="7.640388645802275"><ele>2388.4</ele></trkpt><trkpt lat="46.213137547971" lon="7.640440645996573"><ele>2387.1</ele></trkpt><trkpt lat="46.2131015482435" lon="7.640478646206805"><ele>2385.7</ele></trkpt><trkpt lat="46.21306554849662" lon="7.640491646403277"><ele>2384.4</ele></trkpt><trkpt lat="46.21302054869212" lon="7.640517646553635"><ele>2383.4</ele></trkpt><trkpt lat="46.21299354877069" lon="7.640517646614419"><ele>2383.0</ele></trkpt><trkpt lat="46.212966548829954" lon="7.6405176466600535"><ele>2382.7</ele></trkpt><trkpt lat="46.212957548849694" lon="7.6405176466752645"><ele>2382.6</ele></trkpt><trkpt lat="46.21294854888876" lon="7.640530646704906"><ele>2382.4</ele></trkpt><trkpt lat="46.21293054894761" lon="7.640530646750472"><ele>2382.1</ele></trkpt><trkpt lat="46.212885549142975" lon="7.640503646903777"><ele>2381.1</ele></trkpt><trkpt lat="46.21286754929848" lon="7.640490647025815"><ele>2380.3</ele></trkpt><trkpt lat="46.21284954941537" lon="7.640490647116839"><ele>2379.7</ele></trkpt><trkpt lat="46.21284054955119" lon="7.640503647222228"><ele>2379.0</ele></trkpt><trkpt lat="46.21282254964878" lon="7.640529647296657"><ele>2378.5</ele></trkpt><trkpt lat="46.21279554976621" lon="7.6405946473841455"><ele>2377.9</ele></trkpt><trkpt lat="46.21278654986339" lon="7.6406076474592375"><ele>2377.4</ele></trkpt><trkpt lat="46.21276854998023" lon="7.640607647550262"><ele>2376.8</ele></trkpt><trkpt lat="46.21275055009718" lon="7.640633647639844"><ele>2376.2</ele></trkpt><trkpt lat="46.21273255027207" lon="7.640645647775654"><ele>2375.3</ele></trkpt><trkpt lat="46.212714550388945" lon="7.640645647866675"><ele>2374.7</ele></trkpt><trkpt lat="46.2126965506218" lon="7.640619648050041"><ele>2373.5</ele></trkpt><trkpt lat="46.21264255101088" lon="7.640554648356992"><ele>2371.5</ele></trkpt><trkpt lat="46.21264255104948" lon="7.64052864838873"><ele>2371.3</ele></trkpt><trkpt lat="46.21263355124308" lon="7.6404516485445315"><ele>2370.3</ele></trkpt><trkpt lat="46.212624551320744" lon="7.6404126486073425"><ele>2369.9</ele></trkpt><trkpt lat="46.21258855159293" lon="7.640334648823983"><ele>2368.5</ele></trkpt><trkpt lat="46.21257055174829" lon="7.640269648948883"><ele>2367.7</ele></trkpt><trkpt lat="46.21255255186496" lon="7.6402176490427625"><ele>2367.1</ele></trkpt><trkpt lat="46.21254455200052" lon="7.640152649152436"><ele>2366.4</ele></trkpt><trkpt lat="46.21254455217443" lon="7.640088649292301"><ele>2365.5</ele></trkpt><trkpt lat="46.21253555225214" lon="7.640062649354391"><ele>2365.1</ele></trkpt><trkpt lat="46.21252655246516" lon="7.6400106495239495"><ele>2364.0</ele></trkpt><trkpt lat="46.21251755254284" lon="7.639984649586034"><ele>2363.6</ele></trkpt><trkpt lat="46.21250855262054" lon="7.639958649648121"><ele>2363.2</ele></trkpt><trkpt lat="46.2125175527747" lon="7.639893649772823"><ele>2362.4</ele></trkpt><trkpt lat="46.21250855285244" lon="7.639880649834192"><ele>2362.0</ele></trkpt><trkpt lat="46.21249955294943" lon="7.639841649912137"><ele>2361.5</ele></trkpt><trkpt lat="46.21249955308462" lon="7.639763650022458"><ele>2360.8</ele></trkpt><trkpt lat="46.21249955314256" lon="7.6397256500699875"><ele>2360.5</ele></trkpt><trkpt lat="46.21251755329633" lon="7.6396606501946245"><ele>2359.7</ele></trkpt><trkpt lat="46.21251855345081" lon="7.639595650319366"><ele>2358.9</ele></trkpt><trkpt lat="46.21252755360506" lon="7.639543650443344"><ele>2358.1</ele></trkpt><trkpt lat="46.21252755368237" lon="7.639517650505358"><ele>2357.7</ele></trkpt><trkpt lat="46.21251855376006" lon="7.639491650567436"><ele>2357.3</ele></trkpt><trkpt lat="46.212509553857075" lon="7.639465650644658"><ele>2356.8</ele></trkpt><trkpt lat="46.21251855397264" lon="7.639440650736855"><ele>2356.2</ele></trkpt><trkpt lat="46.21252755397223" lon="7.63942765073751"><ele>2356.2</ele></trkpt><trkpt lat="46.212527554088275" lon="7.639401650829818"><ele>2355.6</ele></trkpt><trkpt lat="46.21251855420458" lon="7.639362650922902"><ele>2355.0</ele></trkpt><trkpt lat="46.21250955434032" lon="7.639336651030418"><ele>2354.3</ele></trkpt><trkpt lat="46.2125095544756" lon="7.639297651138582"><ele>2353.6</ele></trkpt><trkpt lat="46.21250955455292" lon="7.639271651200592"><ele>2353.2</ele></trkpt><trkpt lat="46.21253655493836" lon="7.639193651507623"><ele>2351.2</ele></trkpt><trkpt lat="46.21254555499597" lon="7.63916865155437"><ele>2350.9</ele></trkpt><trkpt lat="46.21255455511153" lon="7.639129651647323"><ele>2350.3</ele></trkpt><trkpt lat="46.212563555207744" lon="7.639090651725129"><ele>2349.8</ele></trkpt><trkpt lat="46.21256455534301" lon="7.639051651833279"><ele>2349.1</ele></trkpt><trkpt lat="46.212555555439955" lon="7.638999651911915"><ele>2348.6</ele></trkpt><trkpt lat="46.21253755565327" lon="7.638921652082907"><ele>2347.5</ele></trkpt><trkpt lat="46.21253755573055" lon="7.638882652145619"><ele>2347.1</ele></trkpt><trkpt lat="46.212528555924244" lon="7.6388186523006345"><ele>2346.1</ele></trkpt><trkpt lat="46.21252855602084" lon="7.638779652378491"><ele>2345.6</ele></trkpt><trkpt lat="46.21252855617541" lon="7.6387276525025"><ele>2344.8</ele></trkpt><trkpt lat="46.21252855623337" lon="7.638701652549354"><ele>2344.5</ele></trkpt><trkpt lat="46.21252855634937" lon="7.638675652641643"><ele>2343.9</ele></trkpt><trkpt lat="46.21251955665894" lon="7.638571652889703"><ele>2342.3</ele></trkpt><trkpt lat="46.2125195567556" lon="7.638532652967559"><ele>2341.8</ele></trkpt><trkpt lat="46.212520556852155" lon="7.638494653045345"><ele>2341.3</ele></trkpt><trkpt lat="46.212529557006384" lon="7.638442653169281"><ele>2340.5</ele></trkpt><trkpt lat="46.21252055710337" lon="7.63840365324719"><ele>2340.0</ele></trkpt><trkpt lat="46.21251155718107" lon="7.638390653308536"><ele>2339.6</ele></trkpt><trkpt lat="46.21250255725875" lon="7.638351653371299"><ele>2339.2</ele></trkpt><trkpt lat="46.21250255735536" lon="7.638312653449144"><ele>2338.7</ele></trkpt><trkpt lat="46.212493557510335" lon="7.638260653573193"><ele>2337.9</ele></trkpt><trkpt lat="46.212484557626745" lon="7.638234653665531"><ele>2337.3</ele></trkpt><trkpt lat="46.21247555770444" lon="7.638208653727586"><ele>2336.9</ele></trkpt><trkpt lat="46.21247555782047" lon="7.638195653819158"><ele>2336.3</ele></trkpt><trkpt lat="46.21248455811005" lon="7.638131654049744"><ele>2334.8</ele></trkpt><trkpt lat="46.21252055851448" lon="7.638040654372477"><ele>2332.7</ele></trkpt><trkpt lat="46.212520558591784" lon="7.638014654434467"><ele>2332.3</ele></trkpt><trkpt lat="46.21252055868844" lon="7.637988654511594"><ele>2331.8</ele></trkpt><trkpt lat="46.21251255888197" lon="7.637923654666615"><ele>2330.8</ele></trkpt><trkpt lat="46.21251255905607" lon="7.637898654804266"><ele>2329.9</ele></trkpt><trkpt lat="46.21251255921071" lon="7.637872654926829"><ele>2329.1</ele></trkpt><trkpt lat="46.212512559288015" lon="7.637846654988811"><ele>2328.7</ele></trkpt><trkpt lat="46.21253055955787" lon="7.637781655204223"><ele>2327.3</ele></trkpt><trkpt lat="46.21253055965454" lon="7.63775565528135"><ele>2326.8</ele></trkpt><trkpt lat="46.21253055975121" lon="7.63774265535777"><ele>2326.3</ele></trkpt><trkpt lat="46.21253055984789" lon="7.637716655434893"><ele>2325.8</ele></trkpt><trkpt lat="46.21250356008106" lon="7.637677655618902"><ele>2324.6</ele></trkpt><trkpt lat="46.21249456019744" lon="7.637651655711228"><ele>2324.0</ele></trkpt><trkpt lat="46.21248556027517" lon="7.637638655772564"><ele>2323.6</ele></trkpt><trkpt lat="46.212476560372195" lon="7.6376126558497495"><ele>2323.1</ele></trkpt><trkpt lat="46.21245856046968" lon="7.637599655926283"><ele>2322.6</ele></trkpt><trkpt lat="46.2124225606451" lon="7.637521656067021"><ele>2321.7</ele></trkpt><trkpt lat="46.21241356078074" lon="7.637470656175834"><ele>2321.0</ele></trkpt><trkpt lat="46.212413560819364" lon="7.637444656207522"><ele>2320.8</ele></trkpt><trkpt lat="46.21239556080066" lon="7.637418656193899"><ele>2320.9</ele></trkpt><trkpt lat="46.212387560878305" lon="7.6373926562559316"><ele>2320.5</ele></trkpt><trkpt lat="46.21238756091692" lon="7.637353656288321"><ele>2320.3</ele></trkpt><trkpt lat="46.212360560975995" lon="7.637301656336733"><ele>2320.0</ele></trkpt><trkpt lat="46.212342561073335" lon="7.637262656414666"><ele>2319.5</ele></trkpt><trkpt lat="46.21232456132528" lon="7.637145656617947"><ele>2318.2</ele></trkpt><trkpt lat="46.21230656138393" lon="7.637106656665593"><ele>2317.9</ele></trkpt><trkpt lat="46.212279561404415" lon="7.637080656682318"><ele>2317.8</ele></trkpt><trkpt lat="46.21227056152079" lon="7.63705465677463"><ele>2317.2</ele></trkpt><trkpt lat="46.21227056157871" lon="7.637028656821451"><ele>2316.9</ele></trkpt><trkpt lat="46.21228856167461" lon="7.637003656898391"><ele>2316.4</ele></trkpt><trkpt lat="46.212288561751905" lon="7.636977656960361"><ele>2316.0</ele></trkpt><trkpt lat="46.21227956179086" lon="7.636938656992803"><ele>2315.8</ele></trkpt><trkpt lat="46.21227056194589" lon="7.636899657116099"><ele>2315.0</ele></trkpt><trkpt lat="46.21226256198475" lon="7.63684765714923"><ele>2314.8</ele></trkpt><trkpt lat="46.212253561965746" lon="7.636821657135549"><ele>2314.9</ele></trkpt><trkpt lat="46.212253562043095" lon="7.636808657196813"><ele>2314.5</ele></trkpt><trkpt lat="46.212244562159455" lon="7.636782657289123"><ele>2313.9</ele></trkpt><trkpt lat="46.21226256237137" lon="7.636743657457654"><ele>2312.8</ele></trkpt><trkpt lat="46.21225356258445" lon="7.636704657626363"><ele>2311.7</ele></trkpt><trkpt lat="46.212244562913305" lon="7.636575657890752"><ele>2310.0</ele></trkpt><trkpt lat="46.212244563048586" lon="7.636536657998832"><ele>2309.3</ele></trkpt><trkpt lat="46.212253563202815" lon="7.636471658123392"><ele>2308.5</ele></trkpt><trkpt lat="46.212253563531384" lon="7.6363816583856075"><ele>2306.8</ele></trkpt><trkpt lat="46.21225356378272" lon="7.636329658585218"><ele>2305.5</ele></trkpt><trkpt lat="46.212254563937314" lon="7.636303658707726"><ele>2304.7</ele></trkpt><trkpt lat="46.212245564092356" lon="7.636264658830994"><ele>2303.9</ele></trkpt><trkpt lat="46.21223656440207" lon="7.636186659077476"><ele>2302.3</ele></trkpt><trkpt lat="46.21223656451811" lon="7.6361736591690095"><ele>2301.7</ele></trkpt><trkpt lat="46.21223656473073" lon="7.6361346593376345"><ele>2300.6</ele></trkpt><trkpt lat="46.21222756500186" lon="7.636095659551737"><ele>2299.2</ele></trkpt><trkpt lat="46.21222756517585" lon="7.63605665969008"><ele>2298.3</ele></trkpt><trkpt lat="46.21222756548516" lon="7.63599265993573"><ele>2296.7</ele></trkpt><trkpt lat="46.212227565620495" lon="7.635966660043094"><ele>2296.0</ele></trkpt><trkpt lat="46.212227565639736" lon="7.635940660059624"><ele>2295.9</ele></trkpt><trkpt lat="46.21221856573678" lon="7.635914660136765"><ele>2295.4</ele></trkpt><trkpt lat="46.212218565891504" lon="7.635888660259268"><ele>2294.6</ele></trkpt><trkpt lat="46.21222756612313" lon="7.635849660442959"><ele>2293.4</ele></trkpt><trkpt lat="46.212209566355895" lon="7.6358106606268255"><ele>2292.2</ele></trkpt><trkpt lat="46.212209566529886" lon="7.635771660765156"><ele>2291.3</ele></trkpt><trkpt lat="46.21221056678108" lon="7.635681660966746"><ele>2290.0</ele></trkpt><trkpt lat="46.21220156695542" lon="7.635629661105823"><ele>2289.1</ele></trkpt><trkpt lat="46.21220156724534" lon="7.635538661337744"><ele>2287.6</ele></trkpt><trkpt lat="46.212192567613" lon="7.63546066162958"><ele>2285.7</ele></trkpt><trkpt lat="46.212183567748724" lon="7.635421661737675"><ele>2285.0</ele></trkpt><trkpt lat="46.21219256778696" lon="7.635395661769273"><ele>2284.8</ele></trkpt><trkpt lat="46.21219256778696" lon="7.635395661769273"><ele>2284.8</ele></trkpt><trkpt lat="46.21214756802091" lon="7.6353696619526055"><ele>2283.6</ele></trkpt><trkpt lat="46.21208456829432" lon="7.635343662166325"><ele>2282.2</ele></trkpt><trkpt lat="46.21203956854755" lon="7.63529166236617"><ele>2280.9</ele></trkpt><trkpt lat="46.212003568897075" lon="7.635226662642327"><ele>2279.1</ele></trkpt><trkpt lat="46.211923569886416" lon="7.635019663425809"><ele>2274.0</ele></trkpt><trkpt lat="46.21185157116545" lon="7.634785664437664"><ele>2267.4</ele></trkpt><trkpt lat="46.211807571921405" lon="7.63464366503575"><ele>2263.5</ele></trkpt><trkpt lat="46.211771572367496" lon="7.634539665389582"><ele>2261.2</ele></trkpt><trkpt lat="46.21174457265855" lon="7.634461665620896"><ele>2259.7</ele></trkpt><trkpt lat="46.211735572890895" lon="7.634396665805995"><ele>2258.5</ele></trkpt><trkpt lat="46.21173557310347" lon="7.634331665975898"><ele>2257.4</ele></trkpt><trkpt lat="46.211744573470355" lon="7.634228666268819"><ele>2255.5</ele></trkpt><trkpt lat="46.211744573663616" lon="7.634163666423578"><ele>2254.5</ele></trkpt><trkpt lat="46.211736573876586" lon="7.63409866659352"><ele>2253.4</ele></trkpt><trkpt lat="46.211664575348436" lon="7.633644667767946"><ele>2245.8</ele></trkpt><trkpt lat="46.211647575696965" lon="7.633515668047198"><ele>2244.0</ele></trkpt><trkpt lat="46.211647576160836" lon="7.633372668417854"><ele>2241.6</ele></trkpt><trkpt lat="46.211656576663046" lon="7.633243668817979"><ele>2239.0</ele></trkpt><trkpt lat="46.211665577087956" lon="7.633139669156256"><ele>2236.8</ele></trkpt><trkpt lat="46.21170257803381" lon="7.632971669906247"><ele>2231.9</ele></trkpt><trkpt lat="46.21171157851684" lon="7.632880670289215"><ele>2229.4</ele></trkpt><trkpt lat="46.21171157900012" lon="7.632776670672904"><ele>2226.9</ele></trkpt><trkpt lat="46.21172957967601" lon="7.632608671211094"><ele>2223.4</ele></trkpt><trkpt lat="46.211738580042955" lon="7.632517671503239"><ele>2221.5</ele></trkpt><trkpt lat="46.211747580448495" lon="7.6324276718255835"><ele>2219.4</ele></trkpt><trkpt lat="46.21175758071878" lon="7.632349672041375"><ele>2218.0</ele></trkpt><trkpt lat="46.21175758093136" lon="7.632284672211168"><ele>2216.9</ele></trkpt><trkpt lat="46.211748581414966" lon="7.632142672596807"><ele>2214.4</ele></trkpt><trkpt lat="46.21174858178221" lon="7.632038672889634"><ele>2212.5</ele></trkpt><trkpt lat="46.21174858199481" lon="7.631973673059407"><ele>2211.4</ele></trkpt><trkpt lat="46.21175758222647" lon="7.631921673243586"><ele>2210.2</ele></trkpt><trkpt lat="46.21177558243839" lon="7.631869673412573"><ele>2209.1</ele></trkpt><trkpt lat="46.21177558243839" lon="7.631869673412573"><ele>2209.1</ele></trkpt><trkpt lat="46.21177558270905" lon="7.631805673627675"><ele>2207.7</ele></trkpt><trkpt lat="46.2117945829402" lon="7.6317536738117795"><ele>2206.5</ele></trkpt><trkpt lat="46.21180358311389" lon="7.631701673950558"><ele>2205.6</ele></trkpt><trkpt lat="46.21181258326819" lon="7.63167567407287"><ele>2204.8</ele></trkpt><trkpt lat="46.21180358342321" lon="7.631636674195959"><ele>2204.0</ele></trkpt><trkpt lat="46.211794583558905" lon="7.631610674303254"><ele>2203.3</ele></trkpt><trkpt lat="46.21177658365623" lon="7.631571674381009"><ele>2202.8</ele></trkpt><trkpt lat="46.2117495836766" lon="7.631545674397641"><ele>2202.7</ele></trkpt><trkpt lat="46.21171358373605" lon="7.631519674444578"><ele>2202.4</ele></trkpt><trkpt lat="46.211677583698844" lon="7.631519674414547"><ele>2202.6</ele></trkpt><trkpt lat="46.211542583240096" lon="7.6315456740509635"><ele>2205.0</ele></trkpt><trkpt lat="46.211416583129235" lon="7.63155767396036"><ele>2205.6</ele></trkpt><trkpt lat="46.21135358313186" lon="7.631583673959422"><ele>2205.6</ele></trkpt><trkpt lat="46.211227583233864" lon="7.631647674032575"><ele>2205.1</ele></trkpt><trkpt lat="46.21119158335145" lon="7.631660674122916"><ele>2204.5</ele></trkpt><trkpt lat="46.211155583507775" lon="7.631686674242841"><ele>2203.7</ele></trkpt><trkpt lat="46.211101583587336" lon="7.631699674303033"><ele>2203.3</ele></trkpt><trkpt lat="46.21105658368592" lon="7.63169967437896"><ele>2202.8</ele></trkpt><trkpt lat="46.21101158380373" lon="7.6316726744714005"><ele>2202.2</ele></trkpt><trkpt lat="46.210975583959886" lon="7.631646674593991"><ele>2201.4</ele></trkpt><trkpt lat="46.21095758407653" lon="7.631607674686872"><ele>2200.8</ele></trkpt><trkpt lat="46.210939584212525" lon="7.63154367479616"><ele>2200.1</ele></trkpt><trkpt lat="46.21093058430946" lon="7.631504674873854"><ele>2199.6</ele></trkpt><trkpt lat="46.2109315844252" lon="7.631387674970602"><ele>2199.0</ele></trkpt><trkpt lat="46.2109315844252" lon="7.631387674970602"><ele>2199.0</ele></trkpt><trkpt lat="46.210958584501455" lon="7.631387675030945"><ele>2198.6</ele></trkpt><trkpt lat="46.21098558461642" lon="7.631374675122214"><ele>2198.0</ele></trkpt><trkpt lat="46.21098558461642" lon="7.631374675122214"><ele>2198.0</ele></trkpt><trkpt lat="46.210949584617666" lon="7.631309675125756"><ele>2198.0</ele></trkpt><trkpt lat="46.21094058465664" lon="7.631270675158064"><ele>2197.8</ele></trkpt><trkpt lat="46.210913584715634" lon="7.63121967520622"><ele>2197.5</ele></trkpt><trkpt lat="46.210877584755465" lon="7.631102675242674"><ele>2197.3</ele></trkpt><trkpt lat="46.210868584775135" lon="7.6310766752591865"><ele>2197.2</ele></trkpt><trkpt lat="46.21085058479504" lon="7.631037675276415"><ele>2197.1</ele></trkpt><trkpt lat="46.21078758481681" lon="7.630985675294592"><ele>2197.0</ele></trkpt><trkpt lat="46.21075158481818" lon="7.630946675296806"><ele>2197.0</ele></trkpt><trkpt lat="46.21073458481871" lon="7.6308816753002295"><ele>2197.0</ele></trkpt><trkpt lat="46.210707584800325" lon="7.630829675287925"><ele>2197.1</ele></trkpt><trkpt lat="46.21068958476216" lon="7.630738675262426"><ele>2197.3</ele></trkpt><trkpt lat="46.2106535845505" lon="7.630622675102178"><ele>2198.4</ele></trkpt><trkpt lat="46.210635584357576" lon="7.630531674955674"><ele>2199.4</ele></trkpt><trkpt lat="46.210608584261756" lon="7.630466674883534"><ele>2199.9</ele></trkpt><trkpt lat="46.21059058420442" lon="7.630440674839594"><ele>2200.2</ele></trkpt><trkpt lat="46.21056358422484" lon="7.630440674854891"><ele>2200.1</ele></trkpt><trkpt lat="46.21051858428481" lon="7.630479674898555"><ele>2199.8</ele></trkpt><trkpt lat="46.21047358436412" lon="7.63053067495674"><ele>2199.4</ele></trkpt><trkpt lat="46.210437584443085" lon="7.630569675015477"><ele>2199.0</ele></trkpt><trkpt lat="46.210401584560636" lon="7.630595675105133"><ele>2198.4</ele></trkpt><trkpt lat="46.210401584560636" lon="7.630595675105133"><ele>2198.4</ele></trkpt><trkpt lat="46.21035658456261" lon="7.630646675102809"><ele>2198.4</ele></trkpt><trkpt lat="46.21030258439081" lon="7.630672674965674"><ele>2199.3</ele></trkpt><trkpt lat="46.210266584489005" lon="7.630685675040869"><ele>2198.8</ele></trkpt><trkpt lat="46.21023958456755" lon="7.630711675100216"><ele>2198.4</ele></trkpt><trkpt lat="46.21021258464609" lon="7.6307376751595655"><ele>2198.0</ele></trkpt><trkpt lat="46.21019458464691" lon="7.630775675157737"><ele>2198.0</ele></trkpt><trkpt lat="46.21015858460976" lon="7.630801675126382"><ele>2198.2</ele></trkpt><trkpt lat="46.21011358449562" lon="7.6308276750345705"><ele>2198.8</ele></trkpt><trkpt lat="46.210068584381474" lon="7.630853674942761"><ele>2199.4</ele></trkpt><trkpt lat="46.21001458420963" lon="7.630866674806293"><ele>2200.3</ele></trkpt><trkpt lat="46.20998758428814" lon="7.630878674866352"><ele>2199.9</ele></trkpt><trkpt lat="46.20993358421285" lon="7.630852674807508"><ele>2200.3</ele></trkpt><trkpt lat="46.20990658419473" lon="7.630878674791221"><ele>2200.4</ele></trkpt><trkpt lat="46.2098795841571" lon="7.630878674761135"><ele>2200.6</ele></trkpt><trkpt lat="46.2098525840808" lon="7.630852674702128"><ele>2201.0</ele></trkpt><trkpt lat="46.20981658404353" lon="7.6308266746734255"><ele>2201.2</ele></trkpt><trkpt lat="46.20978058396755" lon="7.630826674613143"><ele>2201.6</ele></trkpt><trkpt lat="46.209744583969076" lon="7.63082667461337"><ele>2201.6</ele></trkpt><trkpt lat="46.20971758397021" lon="7.630839674612873"><ele>2201.6</ele></trkpt><trkpt lat="46.20969058395192" lon="7.630826674598578"><ele>2201.7</ele></trkpt><trkpt lat="46.20966358387559" lon="7.630800674539571"><ele>2202.1</ele></trkpt><trkpt lat="46.20961858366468" lon="7.630799674373504"><ele>2203.2</ele></trkpt><trkpt lat="46.209573583627865" lon="7.6308126743428675"><ele>2203.4</ele></trkpt><trkpt lat="46.20953758351327" lon="7.630812674252332"><ele>2204.0</ele></trkpt><trkpt lat="46.20950158345678" lon="7.630838674205846"><ele>2204.3</ele></trkpt><trkpt lat="46.209465583419636" lon="7.630864674174487"><ele>2204.5</ele></trkpt><trkpt lat="46.20944758340107" lon="7.630877674158807"><ele>2204.6</ele></trkpt><trkpt lat="46.20940258328687" lon="7.630876674068375"><ele>2205.2</ele></trkpt><trkpt lat="46.20935758319189" lon="7.6308506739943525"><ele>2205.7</ele></trkpt><trkpt lat="46.209339583153955" lon="7.63083767396488"><ele>2205.9</ele></trkpt><trkpt lat="46.20928558304011" lon="7.630837673874454"><ele>2206.5</ele></trkpt><trkpt lat="46.20924058290652" lon="7.630811673770182"><ele>2207.2</ele></trkpt><trkpt lat="46.20915158289068" lon="7.630785673756946"><ele>2207.3</ele></trkpt><trkpt lat="46.20908858271917" lon="7.630772673621867"><ele>2208.2</ele></trkpt><trkpt lat="46.20901658254805" lon="7.6307586734869"><ele>2209.1</ele></trkpt><trkpt lat="46.20897158239523" lon="7.630771673365501"><ele>2209.9</ele></trkpt><trkpt lat="46.20897158239523" lon="7.630771673365501"><ele>2209.9</ele></trkpt><trkpt lat="46.20894458229955" lon="7.630758673290705"><ele>2210.4</ele></trkpt><trkpt lat="46.20891758226196" lon="7.630745673261289"><ele>2210.6</ele></trkpt><trkpt lat="46.20891758226196" lon="7.630745673261289"><ele>2210.6</ele></trkpt><trkpt lat="46.208890582224164" lon="7.6306676732352114"><ele>2210.8</ele></trkpt><trkpt lat="46.208890582224164" lon="7.6306676732352114"><ele>2210.8</ele></trkpt><trkpt lat="46.208863582263895" lon="7.630641673266972"><ele>2210.6</ele></trkpt><trkpt lat="46.20881858213" lon="7.630512673167995"><ele>2211.3</ele></trkpt><trkpt lat="46.20877358199631" lon="7.630460673065073"><ele>2212.0</ele></trkpt><trkpt lat="46.20875558191962" lon="7.630421673006684"><ele>2212.4</ele></trkpt><trkpt lat="46.20875558176468" lon="7.630343672889688"><ele>2213.2</ele></trkpt><trkpt lat="46.208873581237164" lon="7.63014967249055"><ele>2215.9</ele></trkpt><trkpt lat="46.20896358092367" lon="7.63002067225463"><ele>2217.5</ele></trkpt><trkpt lat="46.20899058074822" lon="7.629903672124366"><ele>2218.4</ele></trkpt><trkpt lat="46.20905358051312" lon="7.629748671950473"><ele>2219.6</ele></trkpt><trkpt lat="46.209071580318806" lon="7.62968367180247"><ele>2220.6</ele></trkpt><trkpt lat="46.209198579848746" lon="7.629424671452075"><ele>2223.0</ele></trkpt><trkpt lat="46.20920757979025" lon="7.629373671409283"><ele>2223.3</ele></trkpt><trkpt lat="46.20918057977177" lon="7.62929567139836"><ele>2223.4</ele></trkpt><trkpt lat="46.209153579714574" lon="7.629178671359206"><ele>2223.7</ele></trkpt><trkpt lat="46.20916257965597" lon="7.629100671317812"><ele>2224.0</ele></trkpt><trkpt lat="46.20916257959782" lon="7.629062671274411"><ele>2224.3</ele></trkpt><trkpt lat="46.20915357955951" lon="7.629049671244891"><ele>2224.5</ele></trkpt><trkpt lat="46.2091725793649" lon="7.628893671101618"><ele>2225.5</ele></trkpt><trkpt lat="46.209154579055856" lon="7.628776670865831"><ele>2227.1</ele></trkpt><trkpt lat="46.20916357870699" lon="7.628634670600938"><ele>2228.9</ele></trkpt><trkpt lat="46.20920857831786" lon="7.628466670306931"><ele>2230.9</ele></trkpt><trkpt lat="46.20924557792906" lon="7.628297670013047"><ele>2232.9</ele></trkpt><trkpt lat="46.209290577714164" lon="7.628168669853132"><ele>2234.0</ele></trkpt><trkpt lat="46.20935357747915" lon="7.6280526696773165"><ele>2235.2</ele></trkpt><trkpt lat="46.209371577323495" lon="7.6280006695589435"><ele>2236.0</ele></trkpt><trkpt lat="46.209380577110124" lon="7.6279096693972965"><ele>2237.1</ele></trkpt><trkpt lat="46.209380576994015" lon="7.627870669308605"><ele>2237.7</ele></trkpt><trkpt lat="46.20936257697527" lon="7.627818669296305"><ele>2237.8</ele></trkpt><trkpt lat="46.20931857691885" lon="7.627740669255279"><ele>2238.1</ele></trkpt><trkpt lat="46.20927357678482" lon="7.627546669159826"><ele>2238.8</ele></trkpt><trkpt lat="46.20924657674708" lon="7.627481669133143"><ele>2239.0</ele></trkpt><trkpt lat="46.20919257657492" lon="7.627364669003507"><ele>2239.9</ele></trkpt><trkpt lat="46.20913857649949" lon="7.627247668949471"><ele>2240.3</ele></trkpt><trkpt lat="46.209103576462084" lon="7.627183668922789"><ele>2240.5</ele></trkpt><trkpt lat="46.20906757642466" lon="7.627105668896842"><ele>2240.7</ele></trkpt><trkpt lat="46.20904957644466" lon="7.6270666689141065"><ele>2240.6</ele></trkpt><trkpt lat="46.20901357588499" lon="7.6269626684813465"><ele>2243.5</ele></trkpt><trkpt lat="46.20901357588499" lon="7.6269626684813465"><ele>2243.5</ele></trkpt><trkpt lat="46.209022575826445" lon="7.626897668439326"><ele>2243.8</ele></trkpt><trkpt lat="46.209022575826445" lon="7.626897668439326"><ele>2243.8</ele></trkpt><trkpt lat="46.20904957582513" lon="7.626820668443169"><ele>2243.8</ele></trkpt><trkpt lat="46.209094575591" lon="7.6267686682641935"><ele>2245.0</ele></trkpt><trkpt lat="46.20911257555146" lon="7.62672966823588"><ele>2245.2</ele></trkpt><trkpt lat="46.20911257541594" lon="7.6266516681341345"><ele>2245.9</ele></trkpt><trkpt lat="46.20911357528038" lon="7.626612668030345"><ele>2246.6</ele></trkpt><trkpt lat="46.209086574991034" lon="7.626483667810509"><ele>2248.1</ele></trkpt><trkpt lat="46.20907757495253" lon="7.6264186677837325"><ele>2248.3</ele></trkpt><trkpt lat="46.209086574913364" lon="7.6263666677561615"><ele>2248.5</ele></trkpt><trkpt lat="46.20906857466248" lon="7.626288667563846"><ele>2249.8</ele></trkpt><trkpt lat="46.2090865743326" lon="7.626159667313512"><ele>2251.5</ele></trkpt><trkpt lat="46.20911357419594" lon="7.626107667210257"><ele>2252.2</ele></trkpt><trkpt lat="46.20912257382781" lon="7.626016666927777"><ele>2254.1</ele></trkpt><trkpt lat="46.209195573166795" lon="7.625848666422207"><ele>2257.5</ele></trkpt><trkpt lat="46.209249572796786" lon="7.625758666139408"><ele>2259.4</ele></trkpt><trkpt lat="46.209267572505745" lon="7.625680665916674"><ele>2260.9</ele></trkpt><trkpt lat="46.20929457163355" lon="7.625421665249996"><ele>2265.4</ele></trkpt><trkpt lat="46.20931357128433" lon="7.62530466498399"><ele>2267.2</ele></trkpt><trkpt lat="46.20932257110973" lon="7.625240664851289"><ele>2268.1</ele></trkpt><trkpt lat="46.20934957052789" lon="7.62507166440664"><ele>2271.1</ele></trkpt><trkpt lat="46.20938557029392" lon="7.624929664232553"><ele>2272.3</ele></trkpt><trkpt lat="46.20939457013868" lon="7.6248776641143445"><ele>2273.1</ele></trkpt><trkpt lat="46.209404569499455" lon="7.624683663625838"><ele>2276.4</ele></trkpt><trkpt lat="46.20942256936313" lon="7.62461866352338"><ele>2277.1</ele></trkpt><trkpt lat="46.20948556895403" lon="7.624515663211081"><ele>2279.2</ele></trkpt><trkpt lat="46.20950356883715" lon="7.624476663122365"><ele>2279.8</ele></trkpt><trkpt lat="46.20951256872054" lon="7.624411663035086"><ele>2280.4</ele></trkpt><trkpt lat="46.20952156839108" lon="7.624307662783651"><ele>2282.1</ele></trkpt><trkpt lat="46.209521568003645" lon="7.624100662492422"><ele>2284.1</ele></trkpt><trkpt lat="46.209522567926086" lon="7.624048662434737"><ele>2284.5</ele></trkpt><trkpt lat="46.20953156786753" lon="7.623997662392059"><ele>2284.8</ele></trkpt><trkpt lat="46.20952256780976" lon="7.623945662349545"><ele>2285.1</ele></trkpt><trkpt lat="46.20943256765846" lon="7.623815662236156"><ele>2285.9</ele></trkpt><trkpt lat="46.209360567680626" lon="7.623724662256571"><ele>2285.8</ele></trkpt><trkpt lat="46.20931556764369" lon="7.623685662228714"><ele>2286.0</ele></trkpt><trkpt lat="46.20927956754855" lon="7.623685662153401"><ele>2286.5</ele></trkpt><trkpt lat="46.20926156749122" lon="7.623659662109569"><ele>2286.8</ele></trkpt><trkpt lat="46.209262567007286" lon="7.623529661738748"><ele>2289.3</ele></trkpt><trkpt lat="46.209253566852865" lon="7.6234906616200115"><ele>2290.1</ele></trkpt><trkpt lat="46.20921756654474" lon="7.623425661381962"><ele>2291.7</ele></trkpt><trkpt lat="46.20917256621768" lon="7.6233606611288725"><ele>2293.4</ele></trkpt><trkpt lat="46.20908256577642" lon="7.623269660786812"><ele>2295.7</ele></trkpt><trkpt lat="46.209028565449735" lon="7.623204660533792"><ele>2297.4</ele></trkpt><trkpt lat="46.20901956527598" lon="7.623166660399911"><ele>2298.3</ele></trkpt><trkpt lat="46.20902856510139" lon="7.623114660266658"><ele>2299.2</ele></trkpt><trkpt lat="46.209055564732424" lon="7.622997659985688"><ele>2301.1</ele></trkpt><trkpt lat="46.20906556438364" lon="7.622907659718504"><ele>2302.9</ele></trkpt><trkpt lat="46.20905656415167" lon="7.622816659542147"><ele>2304.1</ele></trkpt><trkpt lat="46.20903856390085" lon="7.622751659349356"><ele>2305.4</ele></trkpt><trkpt lat="46.20904756370687" lon="7.6226736592024125"><ele>2306.4</ele></trkpt><trkpt lat="46.209083563473" lon="7.622596659025023"><ele>2307.6</ele></trkpt><trkpt lat="46.20911956329722" lon="7.622531658892317"><ele>2308.5</ele></trkpt><trkpt lat="46.20913756318023" lon="7.62246665880505"><ele>2309.1</ele></trkpt><trkpt lat="46.209146563063655" lon="7.6224026587177915"><ele>2309.7</ele></trkpt><trkpt lat="46.20914656296675" lon="7.622350658645055"><ele>2310.2</ele></trkpt><trkpt lat="46.20912956281262" lon="7.622285658527805"><ele>2311.0</ele></trkpt><trkpt lat="46.20908456260152" lon="7.6221946583668245"><ele>2312.1</ele></trkpt><trkpt lat="46.20904856246753" lon="7.6221426582641225"><ele>2312.8</ele></trkpt><trkpt lat="46.20902156237194" lon="7.622116658190169"><ele>2313.3</ele></trkpt><trkpt lat="46.20900356229525" lon="7.622090658131261"><ele>2313.7</ele></trkpt><trkpt lat="46.208976561889884" lon="7.621947657821927"><ele>2315.8</ele></trkpt><trkpt lat="46.20895856146479" lon="7.621818657496684"><ele>2318.0</ele></trkpt><trkpt lat="46.20894156119451" lon="7.62171465729094"><ele>2319.4</ele></trkpt><trkpt lat="46.208914560943924" lon="7.6216236570996685"><ele>2320.7</ele></trkpt><trkpt lat="46.208860560733385" lon="7.621571656936682"><ele>2321.8</ele></trkpt><trkpt lat="46.208842560637336" lon="7.621532656863386"><ele>2322.3</ele></trkpt><trkpt lat="46.208833560521576" lon="7.6214936567749305"><ele>2322.9</ele></trkpt><trkpt lat="46.20884256025019" lon="7.621403656568281"><ele>2324.3</ele></trkpt><trkpt lat="46.20885156011425" lon="7.621351656465306"><ele>2325.0</ele></trkpt><trkpt lat="46.208878559822786" lon="7.6212606562434955"><ele>2326.5</ele></trkpt><trkpt lat="46.209077558517784" lon="7.62105465524143"><ele>2333.2</ele></trkpt><trkpt lat="46.209086558401204" lon="7.621002655153581"><ele>2333.8</ele></trkpt><trkpt lat="46.209077558227314" lon="7.620924655021946"><ele>2334.7</ele></trkpt><trkpt lat="46.209068558072865" lon="7.620872654904009"><ele>2335.5</ele></trkpt><trkpt lat="46.20905955799585" lon="7.62084665484507"><ele>2335.9</ele></trkpt><trkpt lat="46.20898755770868" lon="7.620794654621838"><ele>2337.4</ele></trkpt><trkpt lat="46.2089335575949" lon="7.620781654532284"><ele>2338.0</ele></trkpt><trkpt lat="46.20890655751864" lon="7.6207426544741805"><ele>2338.4</ele></trkpt><trkpt lat="46.208897557422176" lon="7.620690654401559"><ele>2338.9</ele></trkpt><trkpt lat="46.208862557229786" lon="7.620522654259912"><ele>2339.9</ele></trkpt><trkpt lat="46.20885355717193" lon="7.620431654219618"><ele>2340.2</ele></trkpt><trkpt lat="46.20886255711335" lon="7.620379654177086"><ele>2340.5</ele></trkpt><trkpt lat="46.20886255711335" lon="7.620379654177086"><ele>2340.5</ele></trkpt><trkpt lat="46.208871557054536" lon="7.620237654139456"><ele>2340.8</ele></trkpt><trkpt lat="46.20887155697694" lon="7.620146654084011"><ele>2341.2</ele></trkpt><trkpt lat="46.20888055693762" lon="7.620068654057997"><ele>2341.4</ele></trkpt><trkpt lat="46.20889855689796" lon="7.619991654031869"><ele>2341.6</ele></trkpt><trkpt lat="46.2089085568199" lon="7.619900653976359"><ele>2342.0</ele></trkpt><trkpt lat="46.20890855676161" lon="7.619809653936019"><ele>2342.3</ele></trkpt><trkpt lat="46.20890855676161" lon="7.619809653936019"><ele>2342.3</ele></trkpt><trkpt lat="46.20892655677977" lon="7.619654653959445"><ele>2342.2</ele></trkpt><trkpt lat="46.2089355567985" lon="7.619589653978025"><ele>2342.1</ele></trkpt><trkpt lat="46.208944556797775" lon="7.619473653984287"><ele>2342.1</ele></trkpt><trkpt lat="46.208936556816624" lon="7.619175654015675"><ele>2342.0</ele></trkpt><trkpt lat="46.20892755679758" lon="7.619149654002053"><ele>2342.1</ele></trkpt><trkpt lat="46.20890955679832" lon="7.619136654002879"><ele>2342.1</ele></trkpt><trkpt lat="46.20886455697438" lon="7.619148654138412"><ele>2341.2</ele></trkpt><trkpt lat="46.20883755703356" lon="7.619148654183886"><ele>2340.9</ele></trkpt><trkpt lat="46.20881055707327" lon="7.619109654216381"><ele>2340.7</ele></trkpt><trkpt lat="46.20880155705425" lon="7.619083654202761"><ele>2340.8</ele></trkpt><trkpt lat="46.208801556899076" lon="7.618915654091126"><ele>2341.6</ele></trkpt><trkpt lat="46.208792556879935" lon="7.618850654079629"><ele>2341.7</ele></trkpt><trkpt lat="46.20874755688159" lon="7.6187466540855935"><ele>2341.7</ele></trkpt><trkpt lat="46.20870355686387" lon="7.618655654075744"><ele>2341.8</ele></trkpt><trkpt lat="46.20867655684555" lon="7.6185916540643115"><ele>2341.9</ele></trkpt><trkpt lat="46.208649556865986" lon="7.618565654081002"><ele>2341.8</ele></trkpt><trkpt lat="46.208604556867805" lon="7.6185266540834276"><ele>2341.8</ele></trkpt><trkpt lat="46.20858655686846" lon="7.618487654085669"><ele>2341.8</ele></trkpt><trkpt lat="46.208568556849805" lon="7.618448654072817"><ele>2341.9</ele></trkpt><trkpt lat="46.208568556849805" lon="7.618448654072817"><ele>2341.9</ele></trkpt><trkpt lat="46.20851455702581" lon="7.61830565421683"><ele>2341.0</ele></trkpt><trkpt lat="46.20851455702581" lon="7.61830565421683"><ele>2341.0</ele></trkpt><trkpt lat="46.20847855695003" lon="7.618318654155975"><ele>2341.4</ele></trkpt><trkpt lat="46.20845155691249" lon="7.6183056541266705"><ele>2341.6</ele></trkpt><trkpt lat="46.208442556854806" lon="7.6182926540821505"><ele>2341.9</ele></trkpt><trkpt lat="46.208371556528775" lon="7.618175653832362"><ele>2343.6</ele></trkpt><trkpt lat="46.208335556394836" lon="7.618123653729765"><ele>2344.3</ele></trkpt><trkpt lat="46.2082905563193" lon="7.618084653671804"><ele>2344.7</ele></trkpt><trkpt lat="46.20815555620896" lon="7.618019653585672"><ele>2345.3</ele></trkpt><trkpt lat="46.20815555620896" lon="7.618019653585672"><ele>2345.3</ele></trkpt><trkpt lat="46.207984556119584" lon="7.617992653512803"><ele>2345.8</ele></trkpt></trkseg></trk></gpx>