<?xml version="1.0" encoding="utf-8"?><gpx version="1.1" creator="MySchweizMobil - https://map.schweizmobil.ch/" xmlns:xsi="http://www.w3.org/2001/XMLSchema-instance" xmlns="http://www.topografix.com/GPX/1/1" xsi:schemaLocation="http://www.topografix.com/GPX/1/1 http://www.topografix.com/GPX/1/1/gpx.xsd"><metadata><name>6 Alpine Passes Trail - Stage 23</name><bounds minlat="46.1735987437862" minlon="7.573950769677406" maxlat="46.207984556119584" maxlon="7.625927645011535" /></metadata><trk><name>6 Alpine Passes Trail - Stage 23</name><trkseg><trkpt lat="46.207984556119584" lon="7.617992653512803"><ele>2345.8</ele></trkpt><trkpt lat="46.20790355600716" lon="7.61801865342135"><ele>2346.4</ele></trkpt><trkpt lat="46.20783155575898" lon="7.618057653223456"><ele>2347.7</ele></trkpt><trkpt lat="46.20773255533817" lon="7.618173652885667"><ele>2349.9</ele></trkpt><trkpt lat="46.207642554955505" lon="7.618237652580853"><ele>2351.9</ele></trkpt><trkpt lat="46.20758855480341" lon="7.618315652456176"><ele>2352.7</ele></trkpt><trkpt lat="46.20756155465015" lon="7.618406652330606"><ele>2353.5</ele></trkpt><trkpt lat="46.20754255445789" lon="7.6185226521734135"><ele>2354.5</ele></trkpt><trkpt lat="46.207524554188524" lon="7.618703651952262"><ele>2355.9</ele></trkpt><trkpt lat="46.207488553765295" lon="7.618924651608247"><ele>2358.1</ele></trkpt><trkpt lat="46.20744255330402" lon="7.619208651230617"><ele>2360.5</ele></trkpt><trkpt lat="46.20743355307271" lon="7.619325651043073"><ele>2361.7</ele></trkpt><trkpt lat="46.207442552956536" lon="7.619416650947422"><ele>2362.3</ele></trkpt><trkpt lat="46.20746955276235" lon="7.619532650789876"><ele>2363.3</ele></trkpt><trkpt lat="46.20750555268365" lon="7.619610650724951"><ele>2363.7</ele></trkpt><trkpt lat="46.20750555268365" lon="7.619610650724951"><ele>2363.7</ele></trkpt><trkpt lat="46.207478552588206" lon="7.619649650647491"><ele>2364.2</ele></trkpt><trkpt lat="46.207460552511726" lon="7.619662650586498"><ele>2364.6</ele></trkpt><trkpt lat="46.20744255247388" lon="7.61966265055642"><ele>2364.8</ele></trkpt><trkpt lat="46.207424552397285" lon="7.619662650496148"><ele>2365.2</ele></trkpt><trkpt lat="46.207352552129656" lon="7.619636650286673"><ele>2366.6</ele></trkpt><trkpt lat="46.207298551899825" lon="7.619597650107995"><ele>2367.8</ele></trkpt><trkpt lat="46.207172551325044" lon="7.6195196496601705"><ele>2370.8</ele></trkpt><trkpt lat="46.207109551018334" lon="7.619492649420506"><ele>2372.4</ele></trkpt><trkpt lat="46.20701955049991" lon="7.619401649018477"><ele>2375.1</ele></trkpt><trkpt lat="46.2069565501932" lon="7.619362648779488"><ele>2376.7</ele></trkpt><trkpt lat="46.20693855009731" lon="7.619349648704833"><ele>2377.2</ele></trkpt><trkpt lat="46.20689354988656" lon="7.619349648539056"><ele>2378.3</ele></trkpt><trkpt lat="46.206704549140944" lon="7.619400647948675"><ele>2382.2</ele></trkpt><trkpt lat="46.20665954896892" lon="7.619400647813091"><ele>2383.1</ele></trkpt><trkpt lat="46.2066145488162" lon="7.619400647692611"><ele>2383.9</ele></trkpt><trkpt lat="46.20657854877909" lon="7.619387647663379"><ele>2384.1</ele></trkpt><trkpt lat="46.206525548703986" lon="7.619361647604785"><ele>2384.5</ele></trkpt><trkpt lat="46.206408548419034" lon="7.619322647381265"><ele>2386.0</ele></trkpt><trkpt lat="46.20635454822804" lon="7.619321647230708"><ele>2387.0</ele></trkpt><trkpt lat="46.20628254807649" lon="7.619295647111855"><ele>2387.8</ele></trkpt><trkpt lat="46.206219547943896" lon="7.6192956470066"><ele>2388.5</ele></trkpt><trkpt lat="46.206138547715504" lon="7.619295646825969"><ele>2389.7</ele></trkpt><trkpt lat="46.20610254763977" lon="7.61929564676582"><ele>2390.1</ele></trkpt><trkpt lat="46.20606654756397" lon="7.619282646706394"><ele>2390.5</ele></trkpt><trkpt lat="46.20603954748778" lon="7.619282646646187"><ele>2390.9</ele></trkpt><trkpt lat="46.20600354739264" lon="7.619256646572389"><ele>2391.4</ele></trkpt><trkpt lat="46.20593154743434" lon="7.61920364660602"><ele>2391.2</ele></trkpt><trkpt lat="46.20588654745562" lon="7.61917764662287"><ele>2391.1</ele></trkpt><trkpt lat="46.205850547457175" lon="7.619177646623111"><ele>2391.1</ele></trkpt><trkpt lat="46.20582354743904" lon="7.619164646608917"><ele>2391.2</ele></trkpt><trkpt lat="46.20575154740354" lon="7.619164646579211"><ele>2391.4</ele></trkpt><trkpt lat="46.20571554740512" lon="7.6191646465794545"><ele>2391.4</ele></trkpt><trkpt lat="46.20568854738697" lon="7.6191646465645375"><ele>2391.5</ele></trkpt><trkpt lat="46.205607547274674" lon="7.6192026464723845"><ele>2392.1</ele></trkpt><trkpt lat="46.20555354723837" lon="7.619202646442556"><ele>2392.3</ele></trkpt><trkpt lat="46.205535547200526" lon="7.619202646412484"><ele>2392.5</ele></trkpt><trkpt lat="46.205499547144065" lon="7.619176646368882"><ele>2392.8</ele></trkpt><trkpt lat="46.20547254710658" lon="7.619176646338867"><ele>2393.0</ele></trkpt><trkpt lat="46.20543654705018" lon="7.61917664629382"><ele>2393.3</ele></trkpt><trkpt lat="46.20540954703203" lon="7.619176646278906"><ele>2393.4</ele></trkpt><trkpt lat="46.205373546956224" lon="7.619150646220209"><ele>2393.8</ele></trkpt><trkpt lat="46.205328546861516" lon="7.619150646145026"><ele>2394.3</ele></trkpt><trkpt lat="46.20532054684252" lon="7.619137646130709"><ele>2394.4</ele></trkpt><trkpt lat="46.20528454682467" lon="7.61909864611803"><ele>2394.5</ele></trkpt><trkpt lat="46.205266546864074" lon="7.619072646149792"><ele>2394.3</ele></trkpt><trkpt lat="46.20518554684821" lon="7.619033646137418"><ele>2394.4</ele></trkpt><trkpt lat="46.20514954694636" lon="7.6189946462153175"><ele>2393.9</ele></trkpt><trkpt lat="46.20508654712291" lon="7.618929646355231"><ele>2393.0</ele></trkpt><trkpt lat="46.20505054722111" lon="7.618903646432406"><ele>2392.5</ele></trkpt><trkpt lat="46.20501454728068" lon="7.618889646478719"><ele>2392.2</ele></trkpt><trkpt lat="46.20485254728781" lon="7.618876646480539"><ele>2392.2</ele></trkpt><trkpt lat="46.20481654736663" lon="7.6188506465426125"><ele>2391.8</ele></trkpt><trkpt lat="46.20469954760365" lon="7.618798646727448"><ele>2390.6</ele></trkpt><trkpt lat="46.20462754751008" lon="7.618772646653904"><ele>2391.1</ele></trkpt><trkpt lat="46.20458354751187" lon="7.618720646657095"><ele>2391.1</ele></trkpt><trkpt lat="46.204529547552895" lon="7.618694646689095"><ele>2390.9</ele></trkpt><trkpt lat="46.204466547555604" lon="7.6186806466903025"><ele>2390.9</ele></trkpt><trkpt lat="46.20434954723188" lon="7.6185896464395295"><ele>2392.6</ele></trkpt><trkpt lat="46.20432254715572" lon="7.6185636463807755"><ele>2393.0</ele></trkpt><trkpt lat="46.20432254715572" lon="7.6185636463807755"><ele>2393.0</ele></trkpt><trkpt lat="46.204286547157274" lon="7.618563646381021"><ele>2393.0</ele></trkpt><trkpt lat="46.20425054710084" lon="7.618550646336702"><ele>2393.3</ele></trkpt><trkpt lat="46.2042235470247" lon="7.618537646277229"><ele>2393.7</ele></trkpt><trkpt lat="46.204205547006076" lon="7.618524646262976"><ele>2393.8</ele></trkpt><trkpt lat="46.20418754694882" lon="7.618485646219983"><ele>2394.1</ele></trkpt><trkpt lat="46.20416954683354" lon="7.618459646130982"><ele>2394.7</ele></trkpt><trkpt lat="46.20413354675771" lon="7.618433646072298"><ele>2395.1</ele></trkpt><trkpt lat="46.20413354675771" lon="7.618433646072298"><ele>2395.1</ele></trkpt><trkpt lat="46.204097546913886" lon="7.61840764619475"><ele>2394.3</ele></trkpt><trkpt lat="46.20404354718679" lon="7.618368646408616"><ele>2392.9</ele></trkpt><trkpt lat="46.20397154749933" lon="7.618368646650624"><ele>2391.3</ele></trkpt><trkpt lat="46.2039085477147" lon="7.6183556468178155"><ele>2390.2</ele></trkpt><trkpt lat="46.2038725478129" lon="7.6183556468935345"><ele>2389.7</ele></trkpt><trkpt lat="46.20384654789131" lon="7.618329646955534"><ele>2389.3</ele></trkpt><trkpt lat="46.20381954793116" lon="7.61832864698596"><ele>2389.1</ele></trkpt><trkpt lat="46.203801547989976" lon="7.618341647030642"><ele>2388.8</ele></trkpt><trkpt lat="46.203765548088256" lon="7.618354647105638"><ele>2388.3</ele></trkpt><trkpt lat="46.20373854814743" lon="7.618354647151103"><ele>2388.0</ele></trkpt><trkpt lat="46.20372954816717" lon="7.618354647166258"><ele>2387.9</ele></trkpt><trkpt lat="46.203720548244775" lon="7.618328647228147"><ele>2387.5</ele></trkpt><trkpt lat="46.203693548342564" lon="7.618315647304524"><ele>2387.0</ele></trkpt><trkpt lat="46.203675548401414" lon="7.618315647349933"><ele>2386.7</ele></trkpt><trkpt lat="46.20365754846019" lon="7.618315647395338"><ele>2386.4</ele></trkpt><trkpt lat="46.20358554867605" lon="7.6183416475604195"><ele>2385.3</ele></trkpt><trkpt lat="46.203567548715526" lon="7.61834164759073"><ele>2385.1</ele></trkpt><trkpt lat="46.203531548813665" lon="7.618302647668611"><ele>2384.6</ele></trkpt><trkpt lat="46.203504548853495" lon="7.618302647698982"><ele>2384.4</ele></trkpt><trkpt lat="46.20346854897104" lon="7.618301647789848"><ele>2383.8</ele></trkpt><trkpt lat="46.20336954934281" lon="7.618327648075872"><ele>2381.9</ele></trkpt><trkpt lat="46.20320754913735" lon="7.61835264790953"><ele>2383.0</ele></trkpt><trkpt lat="46.20315354890777" lon="7.618352647728762"><ele>2384.2</ele></trkpt><trkpt lat="46.20311754890934" lon="7.618339647729724"><ele>2384.2</ele></trkpt><trkpt lat="46.20309954891019" lon="7.6183526477291235"><ele>2384.2</ele></trkpt><trkpt lat="46.203081548852985" lon="7.618365647683241"><ele>2384.5</ele></trkpt><trkpt lat="46.20307254889215" lon="7.61839164771205"><ele>2384.3</ele></trkpt><trkpt lat="46.202982549302114" lon="7.618429648027538"><ele>2382.2</ele></trkpt><trkpt lat="46.20294654945839" lon="7.618442648147821"><ele>2381.4</ele></trkpt><trkpt lat="46.202928549575155" lon="7.618429648239232"><ele>2380.8</ele></trkpt><trkpt lat="46.20288354973161" lon="7.618403648361729"><ele>2380.0</ele></trkpt><trkpt lat="46.20284754967519" lon="7.618390648317408"><ele>2380.3</ele></trkpt><trkpt lat="46.20279354942627" lon="7.618377648122262"><ele>2381.6</ele></trkpt><trkpt lat="46.20276654917606" lon="7.618338647928369"><ele>2382.9</ele></trkpt><trkpt lat="46.20273054902293" lon="7.618299647810023"><ele>2383.7</ele></trkpt><trkpt lat="46.20272154900398" lon="7.618299647794985"><ele>2383.8</ele></trkpt><trkpt lat="46.20268554900558" lon="7.618299647795229"><ele>2383.8</ele></trkpt><trkpt lat="46.20264054914286" lon="7.6182996479011935"><ele>2383.1</ele></trkpt><trkpt lat="46.20261354918276" lon="7.618312647930843"><ele>2382.9</ele></trkpt><trkpt lat="46.2025685491848" lon="7.618337647929758"><ele>2382.9</ele></trkpt><trkpt lat="46.202433549132934" lon="7.618402647881779"><ele>2383.2</ele></trkpt><trkpt lat="46.2023975490766" lon="7.6184146478360715"><ele>2383.5</ele></trkpt><trkpt lat="46.202298548906974" lon="7.618401647701608"><ele>2384.4</ele></trkpt><trkpt lat="46.20227154885016" lon="7.618388647657229"><ele>2384.7</ele></trkpt><trkpt lat="46.202235548638946" lon="7.618323647495039"><ele>2385.8</ele></trkpt><trkpt lat="46.20221754846568" lon="7.618284647361475"><ele>2386.7</ele></trkpt><trkpt lat="46.20221754823361" lon="7.618233647183175"><ele>2387.9</ele></trkpt><trkpt lat="46.2022005479829" lon="7.618168646990682"><ele>2389.2</ele></trkpt><trkpt lat="46.20218254763558" lon="7.61809064672345"><ele>2391.0</ele></trkpt><trkpt lat="46.20217354746192" lon="7.618051646589837"><ele>2391.9</ele></trkpt><trkpt lat="46.202146547366404" lon="7.618025646515999"><ele>2392.4</ele></trkpt><trkpt lat="46.20211954721279" lon="7.6179606463990535"><ele>2393.2</ele></trkpt><trkpt lat="46.202101547213594" lon="7.617960646399173"><ele>2393.2</ele></trkpt><trkpt lat="46.202056547350765" lon="7.61793464650658"><ele>2392.5</ele></trkpt><trkpt lat="46.20200254743042" lon="7.617908646568765"><ele>2392.1</ele></trkpt><trkpt lat="46.20195754741299" lon="7.617869646556147"><ele>2392.2</ele></trkpt><trkpt lat="46.201912547318194" lon="7.617830646483154"><ele>2392.7</ele></trkpt><trkpt lat="46.201894547260984" lon="7.617817646438723"><ele>2393.0</ele></trkpt><trkpt lat="46.20184954730163" lon="7.6178176464692084"><ele>2392.8</ele></trkpt><trkpt lat="46.201813547245244" lon="7.617817646424176"><ele>2393.1</ele></trkpt><trkpt lat="46.20172354697847" lon="7.617764646216435"><ele>2394.5</ele></trkpt><trkpt lat="46.20163454673109" lon="7.617725646023002"><ele>2395.8</ele></trkpt><trkpt lat="46.20160754669364" lon="7.617725645992999"><ele>2396.0</ele></trkpt><trkpt lat="46.20158054671404" lon="7.617699646009726"><ele>2395.9</ele></trkpt><trkpt lat="46.20155354671524" lon="7.617686646010633"><ele>2395.9</ele></trkpt><trkpt lat="46.20151754671683" lon="7.617686646010877"><ele>2395.9</ele></trkpt><trkpt lat="46.20146354662268" lon="7.617699645935054"><ele>2396.4</ele></trkpt><trkpt lat="46.20142754656631" lon="7.617712645889296"><ele>2396.7</ele></trkpt><trkpt lat="46.201337546531725" lon="7.617750645857599"><ele>2396.9</ele></trkpt><trkpt lat="46.20131054666816" lon="7.61775064596343"><ele>2396.2</ele></trkpt><trkpt lat="46.2012475470575" lon="7.617737646266433"><ele>2394.2</ele></trkpt><trkpt lat="46.201211547155715" lon="7.617737646342143"><ele>2393.7</ele></trkpt><trkpt lat="46.20118454717624" lon="7.61775064635669"><ele>2393.6</ele></trkpt><trkpt lat="46.201139547158974" lon="7.617763646341179"><ele>2393.7</ele></trkpt><trkpt lat="46.20110354716061" lon="7.617775646340754"><ele>2393.7</ele></trkpt><trkpt lat="46.201031547241136" lon="7.617788646400887"><ele>2393.3</ele></trkpt><trkpt lat="46.200977547243546" lon="7.617788646401253"><ele>2393.3</ele></trkpt><trkpt lat="46.2009505472254" lon="7.617788646386344"><ele>2393.4</ele></trkpt><trkpt lat="46.20090554720815" lon="7.6178146463701015"><ele>2393.5</ele></trkpt><trkpt lat="46.20086054721016" lon="7.617826646369742"><ele>2393.5</ele></trkpt><trkpt lat="46.20082454715388" lon="7.617852646323257"><ele>2393.8</ele></trkpt><trkpt lat="46.200698547082304" lon="7.617904646260841"><ele>2394.2</ele></trkpt><trkpt lat="46.200653547142366" lon="7.617942646304305"><ele>2393.9</ele></trkpt><trkpt lat="46.20061754710544" lon="7.61798164627219"><ele>2394.1</ele></trkpt><trkpt lat="46.200572547146194" lon="7.618020646300508"><ele>2393.9</ele></trkpt><trkpt lat="46.20050954722636" lon="7.618046646359861"><ele>2393.5</ele></trkpt><trkpt lat="46.200419547346314" lon="7.618058646450358"><ele>2392.9</ele></trkpt><trkpt lat="46.20037454748363" lon="7.618071646555593"><ele>2392.2</ele></trkpt><trkpt lat="46.20032954762092" lon="7.618097646660102"><ele>2391.5</ele></trkpt><trkpt lat="46.20026654787492" lon="7.61809764685674"><ele>2390.2</ele></trkpt><trkpt lat="46.20022154810879" lon="7.618096647038217"><ele>2389.0</ele></trkpt><trkpt lat="46.20017654826536" lon="7.618083647159992"><ele>2388.2</ele></trkpt><trkpt lat="46.20013154834467" lon="7.618096647219943"><ele>2387.8</ele></trkpt><trkpt lat="46.200095548442924" lon="7.6181096472949275"><ele>2387.3</ele></trkpt><trkpt lat="46.200068548521386" lon="7.618109647355489"><ele>2386.9</ele></trkpt><trkpt lat="46.19998754860227" lon="7.6181096474164045"><ele>2386.5</ele></trkpt><trkpt lat="46.19996054856479" lon="7.618109647386397"><ele>2386.7</ele></trkpt><trkpt lat="46.19992454850841" lon="7.618108647341419"><ele>2387.0</ele></trkpt><trkpt lat="46.199843548744006" lon="7.618134647521639"><ele>2385.8</ele></trkpt><trkpt lat="46.19978954897824" lon="7.618147647702404"><ele>2384.6</ele></trkpt><trkpt lat="46.199735549135234" lon="7.6181606478227915"><ele>2383.8</ele></trkpt><trkpt lat="46.19969954927216" lon="7.618172647928022"><ele>2383.1</ele></trkpt><trkpt lat="46.19964554940975" lon="7.618159648034762"><ele>2382.4</ele></trkpt><trkpt lat="46.1995375494532" lon="7.618172648064952"><ele>2382.2</ele></trkpt><trkpt lat="46.19949254955183" lon="7.618185648140001"><ele>2381.7</ele></trkpt><trkpt lat="46.19945654961146" lon="7.618210648184138"><ele>2381.4</ele></trkpt><trkpt lat="46.19942054959379" lon="7.618236648167843"><ele>2381.5</ele></trkpt><trkpt lat="46.19938454955679" lon="7.618262648136461"><ele>2381.7</ele></trkpt><trkpt lat="46.19928554929072" lon="7.6182886479243725"><ele>2383.1</ele></trkpt><trkpt lat="46.19923154909998" lon="7.618313647772417"><ele>2384.1</ele></trkpt><trkpt lat="46.19913254875655" lon="7.618313647501399"><ele>2385.9</ele></trkpt><trkpt lat="46.199033548335926" lon="7.6183266471692885"><ele>2388.1</ele></trkpt><trkpt lat="46.198907547916434" lon="7.618351646836687"><ele>2390.3</ele></trkpt><trkpt lat="46.1988085476117" lon="7.618351646595859"><ele>2391.9</ele></trkpt><trkpt lat="46.198736547440994" lon="7.618351646460504"><ele>2392.8</ele></trkpt><trkpt lat="46.19861954719503" lon="7.618363646264411"><ele>2394.1</ele></trkpt><trkpt lat="46.198547547004985" lon="7.618350646114691"><ele>2395.1</ele></trkpt><trkpt lat="46.19850254696834" lon="7.618350646084805"><ele>2395.3</ele></trkpt><trkpt lat="46.1984395469131" lon="7.618324646041399"><ele>2395.6</ele></trkpt><trkpt lat="46.19842154697178" lon="7.618311646087526"><ele>2395.3</ele></trkpt><trkpt lat="46.198385546954036" lon="7.6182986460733995"><ele>2395.4</ele></trkpt><trkpt lat="46.198340546917365" lon="7.618285646044244"><ele>2395.6</ele></trkpt><trkpt lat="46.19830454695759" lon="7.618284646074731"><ele>2395.4</ele></trkpt><trkpt lat="46.19825954694018" lon="7.6182586460613875"><ele>2395.5</ele></trkpt><trkpt lat="46.198205546865196" lon="7.618219646003555"><ele>2395.9</ele></trkpt><trkpt lat="46.198178546827705" lon="7.618193645974999"><ele>2396.1</ele></trkpt><trkpt lat="46.19813454694536" lon="7.618128646069481"><ele>2395.5</ele></trkpt><trkpt lat="46.19807154671629" lon="7.618115645889518"><ele>2396.7</ele></trkpt><trkpt lat="46.19803554675651" lon="7.618115645919947"><ele>2396.5</ele></trkpt><trkpt lat="46.198008546776975" lon="7.618102645935948"><ele>2396.4</ele></trkpt><trkpt lat="46.19796354677889" lon="7.618076645937699"><ele>2396.4</ele></trkpt><trkpt lat="46.19792754670317" lon="7.618063645878299"><ele>2396.8</ele></trkpt><trkpt lat="46.19789154655011" lon="7.618024645759979"><ele>2397.6</ele></trkpt><trkpt lat="46.1978645463387" lon="7.618011645594867"><ele>2398.7</ele></trkpt><trkpt lat="46.197819546147535" lon="7.617998645444974"><ele>2399.7</ele></trkpt><trkpt lat="46.19777454603351" lon="7.6179726453561765"><ele>2400.3</ele></trkpt><trkpt lat="46.19772054592002" lon="7.617972645265991"><ele>2400.9</ele></trkpt><trkpt lat="46.19769354584395" lon="7.617972645205803"><ele>2401.3</ele></trkpt><trkpt lat="46.19761254546105" lon="7.617932644906746"><ele>2403.3</ele></trkpt><trkpt lat="46.19756754525048" lon="7.617919644741764"><ele>2404.4</ele></trkpt><trkpt lat="46.19750454502133" lon="7.617867644563997"><ele>2405.6</ele></trkpt><trkpt lat="46.19744154485016" lon="7.617828644430785"><ele>2406.5</ele></trkpt><trkpt lat="46.19736954487261" lon="7.617802644447819"><ele>2406.4</ele></trkpt><trkpt lat="46.19732554485516" lon="7.617776644434478"><ele>2406.5</ele></trkpt><trkpt lat="46.19723554476257" lon="7.617776644359635"><ele>2407.0</ele></trkpt><trkpt lat="46.19714554467002" lon="7.617788644284116"><ele>2407.5</ele></trkpt><trkpt lat="46.1970735447699" lon="7.6178146443586074"><ele>2407.0</ele></trkpt><trkpt lat="46.19703754481016" lon="7.617827644388308"><ele>2406.8</ele></trkpt><trkpt lat="46.19703754481016" lon="7.617827644388308"><ele>2406.8</ele></trkpt><trkpt lat="46.19700154473456" lon="7.617853644326727"><ele>2407.2</ele></trkpt><trkpt lat="46.19694754460179" lon="7.617865644220781"><ele>2407.9</ele></trkpt><trkpt lat="46.19687554446986" lon="7.617891644114171"><ele>2408.6</ele></trkpt><trkpt lat="46.196722544399535" lon="7.617929644052711"><ele>2409.0</ele></trkpt><trkpt lat="46.19667754434371" lon="7.617968644005554"><ele>2409.3</ele></trkpt><trkpt lat="46.19662354430749" lon="7.617981643975005"><ele>2409.5</ele></trkpt><trkpt lat="46.196569544232716" lon="7.618007643913547"><ele>2409.9</ele></trkpt><trkpt lat="46.19652454413828" lon="7.618045643836266"><ele>2410.4</ele></trkpt><trkpt lat="46.19648754408208" lon="7.618084643789053"><ele>2410.7</ele></trkpt><trkpt lat="46.19643354394951" lon="7.6181626436793985"><ele>2411.4</ele></trkpt><trkpt lat="46.19634354383782" lon="7.618226643585864"><ele>2412.0</ele></trkpt><trkpt lat="46.196289543763136" lon="7.618291643522215"><ele>2412.4</ele></trkpt><trkpt lat="46.19623554363046" lon="7.618329643414799"><ele>2413.1</ele></trkpt><trkpt lat="46.19620854357374" lon="7.618355643368243"><ele>2413.4</ele></trkpt><trkpt lat="46.19618154351713" lon="7.61838164332169"><ele>2413.7</ele></trkpt><trkpt lat="46.196154543518375" lon="7.61840764332041"><ele>2413.7</ele></trkpt><trkpt lat="46.19611854352007" lon="7.618433643319196"><ele>2413.7</ele></trkpt><trkpt lat="46.19609154348276" lon="7.618459643287735"><ele>2413.9</ele></trkpt><trkpt lat="46.19606454344532" lon="7.618471643257058"><ele>2414.1</ele></trkpt><trkpt lat="46.19601054350581" lon="7.618510643300514"><ele>2413.8</ele></trkpt><trkpt lat="46.19598354354565" lon="7.618510643330883"><ele>2413.6</ele></trkpt><trkpt lat="46.19594754354727" lon="7.618510643331133"><ele>2413.6</ele></trkpt><trkpt lat="46.19587554362784" lon="7.618548643389859"><ele>2413.2</ele></trkpt><trkpt lat="46.19584854360972" lon="7.618548643374949"><ele>2413.3</ele></trkpt><trkpt lat="46.19583054357187" lon="7.618535643345611"><ele>2413.5</ele></trkpt><trkpt lat="46.1957585434399" lon="7.618535643240454"><ele>2414.2</ele></trkpt><trkpt lat="46.19565954332846" lon="7.618548643149842"><ele>2414.8</ele></trkpt><trkpt lat="46.19555154327532" lon="7.618547643105353"><ele>2415.1</ele></trkpt><trkpt lat="46.195506543296645" lon="7.618547643120752"><ele>2415.0</ele></trkpt><trkpt lat="46.19547054324034" lon="7.61854764307572"><ele>2415.3</ele></trkpt><trkpt lat="46.195443543241524" lon="7.618547643075901"><ele>2415.3</ele></trkpt><trkpt lat="46.195362543399675" lon="7.618547643197198"><ele>2414.5</ele></trkpt><trkpt lat="46.19529954344111" lon="7.6185476432278145"><ele>2414.3</ele></trkpt><trkpt lat="46.19525454332728" lon="7.618559643136888"><ele>2414.9</ele></trkpt><trkpt lat="46.19520054325238" lon="7.6185466430776145"><ele>2415.3</ele></trkpt><trkpt lat="46.195173543176345" lon="7.618546643017426"><ele>2415.7</ele></trkpt><trkpt lat="46.19514654321619" lon="7.6185466430478"><ele>2415.5</ele></trkpt><trkpt lat="46.195119543159464" lon="7.618546643002704"><ele>2415.8</ele></trkpt><trkpt lat="46.19507454304553" lon="7.618533642913182"><ele>2416.4</ele></trkpt><trkpt lat="46.19504754302737" lon="7.618520642899005"><ele>2416.5</ele></trkpt><trkpt lat="46.195012542970964" lon="7.618507642854698"><ele>2416.8</ele></trkpt><trkpt lat="46.194985542914296" lon="7.61853364280814"><ele>2417.1</ele></trkpt><trkpt lat="46.194949542973895" lon="7.618532642853723"><ele>2416.8</ele></trkpt><trkpt lat="46.19491354293684" lon="7.618532642823782"><ele>2417.0</ele></trkpt><trkpt lat="46.19488654286083" lon="7.61854564276286"><ele>2417.4</ele></trkpt><trkpt lat="46.19484154284352" lon="7.618545642748075"><ele>2417.5</ele></trkpt><trkpt lat="46.19476954280819" lon="7.618571642716918"><ele>2417.7</ele></trkpt><trkpt lat="46.194625542776215" lon="7.618648642683384"><ele>2417.9</ele></trkpt><trkpt lat="46.194553542740834" lon="7.618648642653686"><ele>2418.1</ele></trkpt><trkpt lat="46.19449854264683" lon="7.61868664257646"><ele>2418.6</ele></trkpt><trkpt lat="46.19445354261031" lon="7.618712642545118"><ele>2418.8</ele></trkpt><trkpt lat="46.19442654253438" lon="7.618751642482733"><ele>2419.2</ele></trkpt><trkpt lat="46.1943635424411" lon="7.618893642399699"><ele>2419.7</ele></trkpt><trkpt lat="46.19430954246317" lon="7.619010642408576"><ele>2419.6</ele></trkpt><trkpt lat="46.19425554248517" lon="7.619113642418239"><ele>2419.5</ele></trkpt><trkpt lat="46.19421954256429" lon="7.619204642473741"><ele>2419.1</ele></trkpt><trkpt lat="46.19417454256664" lon="7.619307642468247"><ele>2419.1</ele></trkpt><trkpt lat="46.19415654262545" lon="7.6193466425114575"><ele>2418.8</ele></trkpt><trkpt lat="46.19414754254874" lon="7.619385642448945"><ele>2419.2</ele></trkpt><trkpt lat="46.19411954262746" lon="7.619449642505912"><ele>2418.8</ele></trkpt><trkpt lat="46.19410154258979" lon="7.619501642472919"><ele>2419.0</ele></trkpt><trkpt lat="46.19401154298044" lon="7.619643642767438"><ele>2417.0</ele></trkpt><trkpt lat="46.19396654304064" lon="7.619721642808646"><ele>2416.7</ele></trkpt><trkpt lat="46.19392154308146" lon="7.619773642836222"><ele>2416.5</ele></trkpt><trkpt lat="46.19389454314067" lon="7.619798642880282"><ele>2416.2</ele></trkpt><trkpt lat="46.193867543161325" lon="7.619850642892637"><ele>2416.1</ele></trkpt><trkpt lat="46.19384954316213" lon="7.619850642892762"><ele>2416.1</ele></trkpt><trkpt lat="46.19379554328046" lon="7.619876642982244"><ele>2415.5</ele></trkpt><trkpt lat="46.193768543262436" lon="7.619889642966603"><ele>2415.6</ele></trkpt><trkpt lat="46.19374154328306" lon="7.619928642979689"><ele>2415.5</ele></trkpt><trkpt lat="46.19370554334272" lon="7.619966643023087"><ele>2415.2</ele></trkpt><trkpt lat="46.19366954344096" lon="7.61999264309735"><ele>2414.7</ele></trkpt><trkpt lat="46.19357954356104" lon="7.6200566431849435"><ele>2414.1</ele></trkpt><trkpt lat="46.193525543486416" lon="7.620134643120544"><ele>2414.5</ele></trkpt><trkpt lat="46.19348954341096" lon="7.620186643057483"><ele>2414.9</ele></trkpt><trkpt lat="46.193462543431565" lon="7.620212643071302"><ele>2414.8</ele></trkpt><trkpt lat="46.19340754349212" lon="7.62027664311337"><ele>2414.5</ele></trkpt><trkpt lat="46.193335543727194" lon="7.620315643292828"><ele>2413.3</ele></trkpt><trkpt lat="46.19331754367011" lon="7.620341643246202"><ele>2413.6</ele></trkpt><trkpt lat="46.193290543632806" lon="7.620366643214788"><ele>2413.8</ele></trkpt><trkpt lat="46.193245543615596" lon="7.620405643197807"><ele>2413.9</ele></trkpt><trkpt lat="46.193218543500976" lon="7.62041864310668"><ele>2414.5</ele></trkpt><trkpt lat="46.19320054338593" lon="7.62041864301622"><ele>2415.1</ele></trkpt><trkpt lat="46.19315554346513" lon="7.6204056430776435"><ele>2414.7</ele></trkpt><trkpt lat="46.193119543505404" lon="7.620418643107352"><ele>2414.5</ele></trkpt><trkpt lat="46.193074543449576" lon="7.620456643060233"><ele>2414.8</ele></trkpt><trkpt lat="46.19303854339334" lon="7.620482643013731"><ele>2415.1</ele></trkpt><trkpt lat="46.19297554337684" lon="7.620482642999061"><ele>2415.2</ele></trkpt><trkpt lat="46.19293954353299" lon="7.620495643119349"><ele>2414.4</ele></trkpt><trkpt lat="46.19289454370883" lon="7.62052164325407"><ele>2413.5</ele></trkpt><trkpt lat="46.19285854372983" lon="7.620546643268004"><ele>2413.4</ele></trkpt><trkpt lat="46.19280454380955" lon="7.620559643328031"><ele>2413.0</ele></trkpt><trkpt lat="46.19278654377176" lon="7.6205726432972325"><ele>2413.2</ele></trkpt><trkpt lat="46.19275954363781" lon="7.620585643191003"><ele>2413.9</ele></trkpt><trkpt lat="46.19274154346497" lon="7.620624643053062"><ele>2414.8</ele></trkpt><trkpt lat="46.192723543388546" lon="7.620637642992069"><ele>2415.2</ele></trkpt><trkpt lat="46.19269654337052" lon="7.620649642976479"><ele>2415.3</ele></trkpt><trkpt lat="46.19265154346899" lon="7.620623643053732"><ele>2414.8</ele></trkpt><trkpt lat="46.192615543451346" lon="7.620636643038152"><ele>2414.9</ele></trkpt><trkpt lat="46.19255254353137" lon="7.620636643098967"><ele>2414.5</ele></trkpt><trkpt lat="46.192525543493964" lon="7.6206366430689565"><ele>2414.7</ele></trkpt><trkpt lat="46.19247154332273" lon="7.62067564293126"><ele>2415.6</ele></trkpt><trkpt lat="46.19242654334398" lon="7.620661642947452"><ele>2415.5</ele></trkpt><trkpt lat="46.19239054330693" lon="7.620648642918233"><ele>2415.7</ele></trkpt><trkpt lat="46.19232854340611" lon="7.620596642997063"><ele>2415.2</ele></trkpt><trkpt lat="46.19224754312003" lon="7.62058364277189"><ele>2416.7</ele></trkpt><trkpt lat="46.192175543432036" lon="7.6205186430175855"><ele>2415.1</ele></trkpt><trkpt lat="46.19211254378218" lon="7.6204536432934065"><ele>2413.3</ele></trkpt><trkpt lat="46.192049544113054" lon="7.620401643553395"><ele>2411.6</ele></trkpt><trkpt lat="46.19199554417328" lon="7.620362643601241"><ele>2411.3</ele></trkpt><trkpt lat="46.19199554417328" lon="7.620362643601241"><ele>2411.3</ele></trkpt><trkpt lat="46.1918155438145" lon="7.620362643315637"><ele>2413.2</ele></trkpt><trkpt lat="46.19150954334553" lon="7.620373642939692"><ele>2415.7</ele></trkpt><trkpt lat="46.19142854327193" lon="7.620399642878403"><ele>2416.1</ele></trkpt><trkpt lat="46.19137454321653" lon="7.620425642832019"><ele>2416.4</ele></trkpt><trkpt lat="46.19123954301045" lon="7.620502642662552"><ele>2417.5</ele></trkpt><trkpt lat="46.19114054284126" lon="7.62055464252443"><ele>2418.4</ele></trkpt><trkpt lat="46.191077542728436" lon="7.6206186424306805"><ele>2419.0</ele></trkpt><trkpt lat="46.1909425424453" lon="7.620760642197151"><ele>2420.5</ele></trkpt><trkpt lat="46.1907625419134" lon="7.620967641763998"><ele>2423.3</ele></trkpt><trkpt lat="46.19056454107334" lon="7.62112264109231"><ele>2427.7</ele></trkpt><trkpt lat="46.19056454107334" lon="7.62112264109231"><ele>2427.7</ele></trkpt><trkpt lat="46.190474541058094" lon="7.621121641077885"><ele>2427.8</ele></trkpt><trkpt lat="46.19029454104671" lon="7.621069641066956"><ele>2427.9</ele></trkpt><trkpt lat="46.19027654106682" lon="7.621069641082178"><ele>2427.8</ele></trkpt><trkpt lat="46.19024054106842" lon="7.621069641082423"><ele>2427.8</ele></trkpt><trkpt lat="46.190195541089736" lon="7.621069641097828"><ele>2427.7</ele></trkpt><trkpt lat="46.190150541091725" lon="7.621055641098929"><ele>2427.7</ele></trkpt><trkpt lat="46.19012354101576" lon="7.62106864103799"><ele>2428.1</ele></trkpt><trkpt lat="46.19011454103553" lon="7.621081641052418"><ele>2428.0</ele></trkpt><trkpt lat="46.1900965411135" lon="7.621068641113662"><ele>2427.6</ele></trkpt><trkpt lat="46.190078541191575" lon="7.621081641173443"><ele>2427.2</ele></trkpt><trkpt lat="46.19005154125068" lon="7.621081641218919"><ele>2426.9</ele></trkpt><trkpt lat="46.18993454133328" lon="7.621119641277965"><ele>2426.5</ele></trkpt><trkpt lat="46.18989854137355" lon="7.621132641307674"><ele>2426.3</ele></trkpt><trkpt lat="46.18988054135509" lon="7.621145641291963"><ele>2426.4</ele></trkpt><trkpt lat="46.189835541260784" lon="7.621210641213112"><ele>2426.9</ele></trkpt><trkpt lat="46.18982654131905" lon="7.621210641258467"><ele>2426.6</ele></trkpt><trkpt lat="46.189799541320426" lon="7.621249641256448"><ele>2426.6</ele></trkpt><trkpt lat="46.189763541360776" lon="7.621287641284746"><ele>2426.4</ele></trkpt><trkpt lat="46.18970054142181" lon="7.621391641324598"><ele>2426.1</ele></trkpt><trkpt lat="46.18967354151961" lon="7.6214046413995415"><ele>2425.6</ele></trkpt><trkpt lat="46.18963654163719" lon="7.621455641487504"><ele>2425.0</ele></trkpt><trkpt lat="46.189582541852246" lon="7.621546641648819"><ele>2423.9</ele></trkpt><trkpt lat="46.189528542144366" lon="7.621597641872792"><ele>2422.4</ele></trkpt><trkpt lat="46.18947454241704" lon="7.621610642083805"><ele>2421.0</ele></trkpt><trkpt lat="46.18945654247582" lon="7.621623642128494"><ele>2420.7</ele></trkpt><trkpt lat="46.18943854245736" lon="7.621649642112055"><ele>2420.8</ele></trkpt><trkpt lat="46.18942054241958" lon="7.621649642081983"><ele>2421.0</ele></trkpt><trkpt lat="46.18941154240071" lon="7.621649642066943"><ele>2421.1</ele></trkpt><trkpt lat="46.18936654244118" lon="7.621610642099642"><ele>2420.9</ele></trkpt><trkpt lat="46.189294542618036" lon="7.621571642238219"><ele>2420.0</ele></trkpt><trkpt lat="46.18919654281528" lon="7.621531642392125"><ele>2419.0</ele></trkpt><trkpt lat="46.18907954285921" lon="7.621557642421655"><ele>2418.8</ele></trkpt><trkpt lat="46.18904354295734" lon="7.621544642498126"><ele>2418.3</ele></trkpt><trkpt lat="46.188989543114154" lon="7.621544642619281"><ele>2417.5</ele></trkpt><trkpt lat="46.188944543193436" lon="7.6215576426792495"><ele>2417.1</ele></trkpt><trkpt lat="46.18888154325419" lon="7.621582642723564"><ele>2416.8</ele></trkpt><trkpt lat="46.188809543296145" lon="7.621621642752061"><ele>2416.6</ele></trkpt><trkpt lat="46.18874554331858" lon="7.621698642763268"><ele>2416.5</ele></trkpt><trkpt lat="46.18872754335791" lon="7.621698642793587"><ele>2416.3</ele></trkpt><trkpt lat="46.18871054335871" lon="7.621698642793703"><ele>2416.3</ele></trkpt><trkpt lat="46.188683543340645" lon="7.621711642778055"><ele>2416.4</ele></trkpt><trkpt lat="46.18864754334223" lon="7.621698642779034"><ele>2416.4</ele></trkpt><trkpt lat="46.18862954334296" lon="7.621685642779883"><ele>2416.4</ele></trkpt><trkpt lat="46.18858454328712" lon="7.621698642734169"><ele>2416.7</ele></trkpt><trkpt lat="46.188530543251" lon="7.6217246427028735"><ele>2416.9</ele></trkpt><trkpt lat="46.18847654319565" lon="7.621762642655808"><ele>2417.2</ele></trkpt><trkpt lat="46.18837654321964" lon="7.621840642667203"><ele>2417.1</ele></trkpt><trkpt lat="46.18834954320165" lon="7.621878642650152"><ele>2417.2</ele></trkpt><trkpt lat="46.188286543127546" lon="7.621969642585064"><ele>2417.6</ele></trkpt><trkpt lat="46.1882685430706" lon="7.622021642536969"><ele>2417.9</ele></trkpt><trkpt lat="46.188241542994824" lon="7.6220986424724195"><ele>2418.3</ele></trkpt><trkpt lat="46.18820554297732" lon="7.622163642453912"><ele>2418.4</ele></trkpt><trkpt lat="46.18818754297825" lon="7.622189642452571"><ele>2418.4</ele></trkpt><trkpt lat="46.188133542980665" lon="7.622201642452262"><ele>2418.4</ele></trkpt><trkpt lat="46.18808854300199" lon="7.622214642466937"><ele>2418.3</ele></trkpt><trkpt lat="46.188052543022906" lon="7.6222146424822865"><ele>2418.2</ele></trkpt><trkpt lat="46.188007542986306" lon="7.622201642453122"><ele>2418.4</ele></trkpt><trkpt lat="46.18794454295044" lon="7.622175642424814"><ele>2418.6</ele></trkpt><trkpt lat="46.187836542974345" lon="7.622097642445042"><ele>2418.5</ele></trkpt><trkpt lat="46.18780954303333" lon="7.6220586424927195"><ele>2418.2</ele></trkpt><trkpt lat="46.18778254301505" lon="7.621993642481461"><ele>2418.3</ele></trkpt><trkpt lat="46.18779154301464" lon="7.621993642481397"><ele>2418.3</ele></trkpt><trkpt lat="46.18778354301499" lon="7.621980642482188"><ele>2418.3</ele></trkpt><trkpt lat="46.18778354301499" lon="7.621980642482188"><ele>2418.3</ele></trkpt><trkpt lat="46.18771154280559" lon="7.621876642322444"><ele>2419.4</ele></trkpt><trkpt lat="46.18764854261521" lon="7.6218116421755475"><ele>2420.4</ele></trkpt><trkpt lat="46.18754954236859" lon="7.621746641983603"><ele>2421.7</ele></trkpt><trkpt lat="46.18745954217946" lon="7.6216946418361715"><ele>2422.7</ele></trkpt><trkpt lat="46.18740554208537" lon="7.621694641761043"><ele>2423.2</ele></trkpt><trkpt lat="46.18740554208537" lon="7.621694641761043"><ele>2423.2</ele></trkpt><trkpt lat="46.18736054206806" lon="7.6216816417469895"><ele>2423.3</ele></trkpt><trkpt lat="46.18729754210939" lon="7.62165564177908"><ele>2423.1</ele></trkpt><trkpt lat="46.18726154216891" lon="7.6216556418246215"><ele>2422.8</ele></trkpt><trkpt lat="46.18722554211267" lon="7.621667641778897"><ele>2423.1</ele></trkpt><trkpt lat="46.187198542113975" lon="7.621693641777618"><ele>2423.1</ele></trkpt><trkpt lat="46.18716254209632" lon="7.621706641762031"><ele>2423.2</ele></trkpt><trkpt lat="46.187126542097985" lon="7.621719641761541"><ele>2423.2</ele></trkpt><trkpt lat="46.18706354192729" lon="7.6217836416224785"><ele>2424.1</ele></trkpt><trkpt lat="46.187045541870305" lon="7.621809641575843"><ele>2424.4</ele></trkpt><trkpt lat="46.187018541813714" lon="7.621848641528533"><ele>2424.7</ele></trkpt><trkpt lat="46.18700054187241" lon="7.621848641573952"><ele>2424.4</ele></trkpt><trkpt lat="46.1869645418356" lon="7.621900641541066"><ele>2424.6</ele></trkpt><trkpt lat="46.1869375418755" lon="7.621938641569304"><ele>2424.4</ele></trkpt><trkpt lat="46.18688354187808" lon="7.621977641567473"><ele>2424.4</ele></trkpt><trkpt lat="46.18684754189912" lon="7.622029641579882"><ele>2424.3</ele></trkpt><trkpt lat="46.186793541998156" lon="7.6220676416536035"><ele>2423.8</ele></trkpt><trkpt lat="46.186784542056486" lon="7.622080641698232"><ele>2423.5</ele></trkpt><trkpt lat="46.186757542077025" lon="7.62209364171278"><ele>2423.4</ele></trkpt><trkpt lat="46.186658542158774" lon="7.622132641771652"><ele>2423.0</ele></trkpt><trkpt lat="46.18663154217936" lon="7.6221586417854725"><ele>2422.9</ele></trkpt><trkpt lat="46.18660454220001" lon="7.6222096417978795"><ele>2422.8</ele></trkpt><trkpt lat="46.18655954227947" lon="7.6222876418541885"><ele>2422.4</ele></trkpt><trkpt lat="46.18654154235749" lon="7.622300641913977"><ele>2422.0</ele></trkpt><trkpt lat="46.186496542494744" lon="7.622351642017108"><ele>2421.3</ele></trkpt><trkpt lat="46.18645054257412" lon="7.622403642074888"><ele>2420.9</ele></trkpt><trkpt lat="46.186387542693055" lon="7.622519642159383"><ele>2420.3</ele></trkpt><trkpt lat="46.18636954273252" lon="7.622532642188975"><ele>2420.1</ele></trkpt><trkpt lat="46.18636054277158" lon="7.622558642217771"><ele>2419.9</ele></trkpt><trkpt lat="46.18634254284963" lon="7.622571642277563"><ele>2419.5</ele></trkpt><trkpt lat="46.18630654290939" lon="7.622662642317987"><ele>2419.2</ele></trkpt><trkpt lat="46.18627054298833" lon="7.622700642376499"><ele>2418.8</ele></trkpt><trkpt lat="46.186243543008985" lon="7.622752642388851"><ele>2418.7</ele></trkpt><trkpt lat="46.1862165430104" lon="7.622830642384646"><ele>2418.7</ele></trkpt><trkpt lat="46.186144543110444" lon="7.622933642454845"><ele>2418.2</ele></trkpt><trkpt lat="46.18611754311187" lon="7.623011642450639"><ele>2418.2</ele></trkpt><trkpt lat="46.18608154319087" lon="7.62307564250769"><ele>2417.8</ele></trkpt><trkpt lat="46.18606254323045" lon="7.6231276425351"><ele>2417.6</ele></trkpt><trkpt lat="46.186026543328744" lon="7.623192642607193"><ele>2417.1</ele></trkpt><trkpt lat="46.186008543368146" lon="7.623205642636787"><ele>2416.9</ele></trkpt><trkpt lat="46.185981543446765" lon="7.623269642693781"><ele>2416.5</ele></trkpt><trkpt lat="46.185954543544526" lon="7.62330864276728"><ele>2416.0</ele></trkpt><trkpt lat="46.1859455436029" lon="7.623334642811183"><ele>2415.7</ele></trkpt><trkpt lat="46.18592754412496" lon="7.623424643213998"><ele>2413.0</ele></trkpt><trkpt lat="46.18586454476483" lon="7.62351564370769"><ele>2409.7</ele></trkpt><trkpt lat="46.185828544920945" lon="7.623554643826565"><ele>2408.9</ele></trkpt><trkpt lat="46.185747545214305" lon="7.623670644047151"><ele>2407.4</ele></trkpt><trkpt lat="46.185747545233625" lon="7.6236836440615265"><ele>2407.3</ele></trkpt><trkpt lat="46.18573854529213" lon="7.623735644103988"><ele>2407.0</ele></trkpt><trkpt lat="46.18572954527332" lon="7.62378664408609"><ele>2407.1</ele></trkpt><trkpt lat="46.18570154481192" lon="7.623942643715066"><ele>2409.5</ele></trkpt><trkpt lat="46.1856925447545" lon="7.623955643669088"><ele>2409.8</ele></trkpt><trkpt lat="46.18568354473567" lon="7.623981643652587"><ele>2409.9</ele></trkpt><trkpt lat="46.18564754481456" lon="7.624006643711843"><ele>2409.5</ele></trkpt><trkpt lat="46.18561154489353" lon="7.624071643768863"><ele>2409.1</ele></trkpt><trkpt lat="46.185539544993425" lon="7.62414864384055"><ele>2408.6</ele></trkpt><trkpt lat="46.18550354501441" lon="7.6241746438544435"><ele>2408.5</ele></trkpt><trkpt lat="46.18547654507353" lon="7.624187643899209"><ele>2408.2</ele></trkpt><trkpt lat="46.185449545074775" lon="7.624200643898664"><ele>2408.2</ele></trkpt><trkpt lat="46.18543154507562" lon="7.62422664389733"><ele>2408.2</ele></trkpt><trkpt lat="46.18538654507779" lon="7.62426464389551"><ele>2408.2</ele></trkpt><trkpt lat="46.18536854507861" lon="7.6242776438948985"><ele>2408.2</ele></trkpt><trkpt lat="46.1853325450803" lon="7.62430364389369"><ele>2408.2</ele></trkpt><trkpt lat="46.185305545062285" lon="7.624329643877311"><ele>2408.3</ele></trkpt><trkpt lat="46.18528754506315" lon="7.624355643875978"><ele>2408.3</ele></trkpt><trkpt lat="46.18526954512194" lon="7.624381643919954"><ele>2408.0</ele></trkpt><trkpt lat="46.18522454520125" lon="7.624432643977818"><ele>2407.6</ele></trkpt><trkpt lat="46.18518854518358" lon="7.624445643962231"><ele>2407.7</ele></trkpt><trkpt lat="46.185089545303946" lon="7.624510644049889"><ele>2407.1</ele></trkpt><trkpt lat="46.18506254532446" lon="7.624522644064507"><ele>2407.0</ele></trkpt><trkpt lat="46.18501754530722" lon="7.624522644049711"><ele>2407.1</ele></trkpt><trkpt lat="46.1849905453085" lon="7.624548644048437"><ele>2407.1</ele></trkpt><trkpt lat="46.184954545310084" lon="7.624548644048682"><ele>2407.1</ele></trkpt><trkpt lat="46.18485554531446" lon="7.624535644050081"><ele>2407.1</ele></trkpt><trkpt lat="46.18483754539249" lon="7.624548644109892"><ele>2406.7</ele></trkpt><trkpt lat="46.184756545512016" lon="7.6246126441974855"><ele>2406.1</ele></trkpt><trkpt lat="46.184693545727306" lon="7.624690644359696"><ele>2405.0</ele></trkpt><trkpt lat="46.18465754570976" lon="7.624741644341985"><ele>2405.1</ele></trkpt><trkpt lat="46.184648545710196" lon="7.624754644341317"><ele>2405.1</ele></trkpt><trkpt lat="46.18462154571145" lon="7.624767644340773"><ele>2405.1</ele></trkpt><trkpt lat="46.18458554577093" lon="7.624767644386331"><ele>2404.8</ele></trkpt><trkpt lat="46.184540545811565" lon="7.62478064441612"><ele>2404.6</ele></trkpt><trkpt lat="46.18452254581233" lon="7.624780644416242"><ele>2404.6</ele></trkpt><trkpt lat="46.184476545853094" lon="7.6248316444439075"><ele>2404.4</ele></trkpt><trkpt lat="46.18443154583604" lon="7.624896644425476"><ele>2404.5</ele></trkpt><trkpt lat="46.184413545836854" lon="7.624909644424869"><ele>2404.5</ele></trkpt><trkpt lat="46.18435054589768" lon="7.624947644468486"><ele>2404.2</ele></trkpt><trkpt lat="46.184323545879714" lon="7.624999644450656"><ele>2404.3</ele></trkpt><trkpt lat="46.18429654590026" lon="7.625025644464493"><ele>2404.2</ele></trkpt><trkpt lat="46.18426054590198" lon="7.62505164446328"><ele>2404.2</ele></trkpt><trkpt lat="46.1842245459229" lon="7.625063644477957"><ele>2404.1</ele></trkpt><trkpt lat="46.1841705459448" lon="7.625128644489799"><ele>2404.0</ele></trkpt><trkpt lat="46.184134546023714" lon="7.625180644547555"><ele>2403.6</ele></trkpt><trkpt lat="46.184107546140766" lon="7.625219644636191"><ele>2403.0</ele></trkpt><trkpt lat="46.18405354614334" lon="7.625270644633705"><ele>2403.0</ele></trkpt><trkpt lat="46.18402654616391" lon="7.625296644647541"><ele>2402.9</ele></trkpt><trkpt lat="46.18398154626238" lon="7.625309644722651"><ele>2402.4</ele></trkpt><trkpt lat="46.183963546263215" lon="7.6253096447227735"><ele>2402.4</ele></trkpt><trkpt lat="46.183945546206175" lon="7.625335644676125"><ele>2402.7</ele></trkpt><trkpt lat="46.18392754620706" lon="7.6253476446755775"><ele>2402.7</ele></trkpt><trkpt lat="46.18390954618859" lon="7.625360644659865"><ele>2402.8</ele></trkpt><trkpt lat="46.183792546270936" lon="7.625360644721084"><ele>2402.4</ele></trkpt><trkpt lat="46.18365754629627" lon="7.625372644736433"><ele>2402.3</ele></trkpt><trkpt lat="46.1836395463164" lon="7.625385644750934"><ele>2402.2</ele></trkpt><trkpt lat="46.183495546573866" lon="7.625475644943267"><ele>2400.9</ele></trkpt><trkpt lat="46.18337854663707" lon="7.625527644986471"><ele>2400.6</ele></trkpt><trkpt lat="46.18333354665844" lon="7.625553645000429"><ele>2400.5</ele></trkpt><trkpt lat="46.18330654660184" lon="7.625578644953896"><ele>2400.8</ele></trkpt><trkpt lat="46.18326154666192" lon="7.62564364499589"><ele>2400.5</ele></trkpt><trkpt lat="46.18321654674124" lon="7.625695645053719"><ele>2400.1</ele></trkpt><trkpt lat="46.18318054674305" lon="7.6257726450496595"><ele>2400.1</ele></trkpt><trkpt lat="46.183171546782056" lon="7.625785645079213"><ele>2399.9</ele></trkpt><trkpt lat="46.18314454672546" lon="7.625811645032624"><ele>2400.2</ele></trkpt><trkpt lat="46.18312554668787" lon="7.625850645000361"><ele>2400.4</ele></trkpt><trkpt lat="46.183107546650184" lon="7.625889644968093"><ele>2400.6</ele></trkpt><trkpt lat="46.183071546709755" lon="7.625927645011535"><ele>2400.3</ele></trkpt><trkpt lat="46.183071546709755" lon="7.625927645011535"><ele>2400.3</ele></trkpt><trkpt lat="46.18305354696113" lon="7.625850645212345"><ele>2399.0</ele></trkpt><trkpt lat="46.18305454719235" lon="7.625772645397972"><ele>2397.8</ele></trkpt><trkpt lat="46.18309954788411" lon="7.625552645953764"><ele>2394.2</ele></trkpt><trkpt lat="46.18316254874852" lon="7.625241646650412"><ele>2389.7</ele></trkpt><trkpt lat="46.18327154972684" lon="7.624995647433707"><ele>2384.6</ele></trkpt><trkpt lat="46.18336155008922" lon="7.624931647723647"><ele>2382.7</ele></trkpt><trkpt lat="46.1833975502613" lon="7.624957647857906"><ele>2381.8</ele></trkpt><trkpt lat="46.183415550414864" lon="7.624957647978627"><ele>2381.0</ele></trkpt><trkpt lat="46.18342455058794" lon="7.624905648117388"><ele>2380.1</ele></trkpt><trkpt lat="46.183397550859" lon="7.6248286483333025"><ele>2378.7</ele></trkpt><trkpt lat="46.18332555111276" lon="7.62477664853302"><ele>2377.4</ele></trkpt><trkpt lat="46.183271551308074" lon="7.624775648684482"><ele>2376.4</ele></trkpt><trkpt lat="46.183235551502634" lon="7.624801648834335"><ele>2375.4</ele></trkpt><trkpt lat="46.18321755163839" lon="7.624788648940909"><ele>2374.7</ele></trkpt><trkpt lat="46.183226551850055" lon="7.624736649109864"><ele>2373.6</ele></trkpt><trkpt lat="46.18326255215695" lon="7.624672649354828"><ele>2372.0</ele></trkpt><trkpt lat="46.183316552540184" lon="7.6245816496615735"><ele>2370.0</ele></trkpt><trkpt lat="46.183371552827005" lon="7.624530649890575"><ele>2368.5</ele></trkpt><trkpt lat="46.183451553190004" lon="7.624517650177734"><ele>2366.6</ele></trkpt><trkpt lat="46.18347855332383" lon="7.624517650283282"><ele>2365.9</ele></trkpt><trkpt lat="46.18350555345778" lon="7.624543650387399"><ele>2365.2</ele></trkpt><trkpt lat="46.18353255357236" lon="7.624556650477127"><ele>2364.6</ele></trkpt><trkpt lat="46.18355055368733" lon="7.624556650567637"><ele>2364.0</ele></trkpt><trkpt lat="46.18357755391758" lon="7.624530650750136"><ele>2362.8</ele></trkpt><trkpt lat="46.18364055416566" lon="7.624531650946009"><ele>2361.5</ele></trkpt><trkpt lat="46.18371255437467" lon="7.624518651112392"><ele>2360.4</ele></trkpt><trkpt lat="46.1837575547005" lon="7.624466651371713"><ele>2358.7</ele></trkpt><trkpt lat="46.18376655483517" lon="7.624453651478097"><ele>2358.0</ele></trkpt><trkpt lat="46.18375855506679" lon="7.624401651662247"><ele>2356.8</ele></trkpt><trkpt lat="46.18375855525963" lon="7.62436365181537"><ele>2355.8</ele></trkpt><trkpt lat="46.1837585553368" lon="7.624350651876498"><ele>2355.4</ele></trkpt><trkpt lat="46.183713555762914" lon="7.624272652213346"><ele>2353.2</ele></trkpt><trkpt lat="46.183659556208795" lon="7.624194652565354"><ele>2350.9</ele></trkpt><trkpt lat="46.18362355636461" lon="7.624168652687841"><ele>2350.1</ele></trkpt><trkpt lat="46.183398557493035" lon="7.624076653570341"><ele>2344.3</ele></trkpt><trkpt lat="46.18335355772651" lon="7.624089653751167"><ele>2343.1</ele></trkpt><trkpt lat="46.18329955797966" lon="7.624089653947866"><ele>2341.8</ele></trkpt><trkpt lat="46.183263558154856" lon="7.624089654084033"><ele>2340.9</ele></trkpt><trkpt lat="46.18324555825206" lon="7.624089654159666"><ele>2340.4</ele></trkpt><trkpt lat="46.18324555838701" lon="7.624050654267513"><ele>2339.7</ele></trkpt><trkpt lat="46.18325455848301" lon="7.624024654344377"><ele>2339.2</ele></trkpt><trkpt lat="46.183290558712876" lon="7.623985654527498"><ele>2338.0</ele></trkpt><trkpt lat="46.183362559134" lon="7.623934654862057"><ele>2335.8</ele></trkpt><trkpt lat="46.183408559459835" lon="7.623882655121324"><ele>2334.1</ele></trkpt><trkpt lat="46.18348956018901" lon="7.623753655701681"><ele>2330.3</ele></trkpt><trkpt lat="46.18357956099506" lon="7.623611656343073"><ele>2326.1</ele></trkpt><trkpt lat="46.18363356130132" lon="7.623585656585759"><ele>2324.5</ele></trkpt><trkpt lat="46.18370556183827" lon="7.623534657010898"><ele>2321.7</ele></trkpt><trkpt lat="46.1837595623374" lon="7.623482657405999"><ele>2319.1</ele></trkpt><trkpt lat="46.18378656247129" lon="7.623469657512235"><ele>2318.4</ele></trkpt><trkpt lat="46.183813562566485" lon="7.623443657588967"><ele>2317.9</ele></trkpt><trkpt lat="46.18383156277783" lon="7.623391657757771"><ele>2316.8</ele></trkpt><trkpt lat="46.18383156312481" lon="7.623301658034448"><ele>2315.0</ele></trkpt><trkpt lat="46.183840563278586" lon="7.623249658158"><ele>2314.2</ele></trkpt><trkpt lat="46.18387656337345" lon="7.62321065823537"><ele>2313.7</ele></trkpt><trkpt lat="46.183939563698544" lon="7.6231466584951235"><ele>2312.0</ele></trkpt><trkpt lat="46.18401156392695" lon="7.623133658676562"><ele>2310.8</ele></trkpt><trkpt lat="46.184030564061125" lon="7.623107658783544"><ele>2310.1</ele></trkpt><trkpt lat="46.18407556419419" lon="7.623081658890351"><ele>2309.4</ele></trkpt><trkpt lat="46.18409356430908" lon="7.623043658982883"><ele>2308.8</ele></trkpt><trkpt lat="46.18412056457775" lon="7.622952659199001"><ele>2307.4</ele></trkpt><trkpt lat="46.18414756484639" lon="7.622836659416454"><ele>2306.0</ele></trkpt><trkpt lat="46.184210565171206" lon="7.622655659682451"><ele>2304.3</ele></trkpt><trkpt lat="46.184264565323" lon="7.622564659807772"><ele>2303.5</ele></trkpt><trkpt lat="46.184327565513115" lon="7.622512659961146"><ele>2302.5</ele></trkpt><trkpt lat="46.184381565722965" lon="7.622487660128228"><ele>2301.4</ele></trkpt><trkpt lat="46.184417565875705" lon="7.62246166025018"><ele>2300.6</ele></trkpt><trkpt lat="46.18445356604769" lon="7.622409660388629"><ele>2299.7</ele></trkpt><trkpt lat="46.1845355663719" lon="7.622293660650988"><ele>2298.0</ele></trkpt><trkpt lat="46.18458056648544" lon="7.6221906607467895"><ele>2297.4</ele></trkpt><trkpt lat="46.18461656663807" lon="7.622112660871515"><ele>2296.6</ele></trkpt><trkpt lat="46.18464356677175" lon="7.622034660981195"><ele>2295.9</ele></trkpt><trkpt lat="46.18465256682905" lon="7.621970661029848"><ele>2295.6</ele></trkpt><trkpt lat="46.184652566906074" lon="7.621918661093013"><ele>2295.2</ele></trkpt><trkpt lat="46.184643567291786" lon="7.621711661406077"><ele>2293.2</ele></trkpt><trkpt lat="46.18463556754273" lon="7.621620661607256"><ele>2291.9</ele></trkpt><trkpt lat="46.18465356790827" lon="7.621516661899532"><ele>2290.0</ele></trkpt><trkpt lat="46.18466256825486" lon="7.621400662177401"><ele>2288.2</ele></trkpt><trkpt lat="46.184653568505766" lon="7.6212966623792555"><ele>2286.9</ele></trkpt><trkpt lat="46.18463556898839" lon="7.621115662766405"><ele>2284.4</ele></trkpt><trkpt lat="46.184564569434656" lon="7.620933663123742"><ele>2282.1</ele></trkpt><trkpt lat="46.184546569686" lon="7.620830663325569"><ele>2280.8</ele></trkpt><trkpt lat="46.18451956980276" lon="7.6207916634183865"><ele>2280.2</ele></trkpt><trkpt lat="46.18448356993927" lon="7.620765663525665"><ele>2279.5</ele></trkpt><trkpt lat="46.18442057057815" lon="7.62058366403386"><ele>2276.2</ele></trkpt><trkpt lat="46.18441257088678" lon="7.620441664282948"><ele>2274.6</ele></trkpt><trkpt lat="46.18440357113782" lon="7.620363664483363"><ele>2273.3</ele></trkpt><trkpt lat="46.18433157166116" lon="7.620155664902361"><ele>2270.6</ele></trkpt><trkpt lat="46.18427757191407" lon="7.620077665103049"><ele>2269.3</ele></trkpt><trkpt lat="46.18421457216733" lon="7.620000665303737"><ele>2268.0</ele></trkpt><trkpt lat="46.18417057230413" lon="7.619961665411733"><ele>2267.3</ele></trkpt><trkpt lat="46.184152572401366" lon="7.619960665487367"><ele>2266.8</ele></trkpt><trkpt lat="46.184152572420665" lon="7.619973665501779"><ele>2266.7</ele></trkpt><trkpt lat="46.18416957269038" lon="7.620090665706826"><ele>2265.3</ele></trkpt><trkpt lat="46.18418757282501" lon="7.620207665806214"><ele>2264.6</ele></trkpt><trkpt lat="46.1841785731152" lon="7.6203496660252235"><ele>2263.1</ele></trkpt><trkpt lat="46.18412457369689" lon="7.620556666467542"><ele>2260.1</ele></trkpt><trkpt lat="46.184078574027154" lon="7.620698666717008"><ele>2258.4</ele></trkpt><trkpt lat="46.184069574201374" lon="7.620763666849518"><ele>2257.5</ele></trkpt><trkpt lat="46.18406057451079" lon="7.6208936670842915"><ele>2255.9</ele></trkpt><trkpt lat="46.18404257480129" lon="7.621009667304773"><ele>2254.4</ele></trkpt><trkpt lat="46.18403357493689" lon="7.621074667407102"><ele>2253.7</ele></trkpt><trkpt lat="46.18401557509222" lon="7.621152667523908"><ele>2252.9</ele></trkpt><trkpt lat="46.18400657520843" lon="7.621190667612555"><ele>2252.3</ele></trkpt><trkpt lat="46.18399757524746" lon="7.621216667641445"><ele>2252.1</ele></trkpt><trkpt lat="46.18399757524746" lon="7.621216667641445"><ele>2252.1</ele></trkpt><trkpt lat="46.183979575325345" lon="7.621203667702626"><ele>2251.7</ele></trkpt><trkpt lat="46.18397057536428" lon="7.621190667733561"><ele>2251.5</ele></trkpt><trkpt lat="46.18394357563513" lon="7.621048667952512"><ele>2250.1</ele></trkpt><trkpt lat="46.183925575809276" lon="7.620957668093251"><ele>2249.2</ele></trkpt><trkpt lat="46.1838985760031" lon="7.620866668249136"><ele>2248.2</ele></trkpt><trkpt lat="46.18386257617808" lon="7.620801668388625"><ele>2247.3</ele></trkpt><trkpt lat="46.18380957650799" lon="7.620698668650969"><ele>2245.6</ele></trkpt><trkpt lat="46.18370157697508" lon="7.620542669022078"><ele>2243.2</ele></trkpt><trkpt lat="46.18361157730642" lon="7.620425669285365"><ele>2241.5</ele></trkpt><trkpt lat="46.183593577345746" lon="7.620412669316341"><ele>2241.3</ele></trkpt><trkpt lat="46.1835305775798" lon="7.620386669499236"><ele>2240.1</ele></trkpt><trkpt lat="46.18347657783276" lon="7.620347669697835"><ele>2238.8</ele></trkpt><trkpt lat="46.18337757820322" lon="7.620269669989317"><ele>2236.9</ele></trkpt><trkpt lat="46.183297578572926" lon="7.620217670279321"><ele>2235.0</ele></trkpt><trkpt lat="46.18318957869282" lon="7.620113670375968"><ele>2234.4</ele></trkpt><trkpt lat="46.18313557873356" lon="7.620074670408522"><ele>2234.2</ele></trkpt><trkpt lat="46.18305457898762" lon="7.620048670606605"><ele>2232.9</ele></trkpt><trkpt lat="46.182982579222056" lon="7.620021670789587"><ele>2231.7</ele></trkpt><trkpt lat="46.18294657933922" lon="7.619995670881723"><ele>2231.1</ele></trkpt><trkpt lat="46.182919579494616" lon="7.61998267100332"><ele>2230.3</ele></trkpt><trkpt lat="46.18291057961061" lon="7.6199436710959585"><ele>2229.7</ele></trkpt><trkpt lat="46.18278558046364" lon="7.619593671778965"><ele>2225.3</ele></trkpt><trkpt lat="46.18275858056114" lon="7.619541671857282"><ele>2224.8</ele></trkpt><trkpt lat="46.18273158069716" lon="7.61950367196506"><ele>2224.1</ele></trkpt><trkpt lat="46.182668580853864" lon="7.619438672089554"><ele>2223.3</ele></trkpt><trkpt lat="46.18264158093208" lon="7.619386672152785"><ele>2222.9</ele></trkpt><trkpt lat="46.18263258102872" lon="7.619334672230983"><ele>2222.4</ele></trkpt><trkpt lat="46.18262358118335" lon="7.6192956723537915"><ele>2221.6</ele></trkpt><trkpt lat="46.18262358139534" lon="7.619230672523158"><ele>2220.5</ele></trkpt><trkpt lat="46.182633581529835" lon="7.619178672631419"><ele>2219.8</ele></trkpt><trkpt lat="46.182669581740385" lon="7.619101672801174"><ele>2218.7</ele></trkpt><trkpt lat="46.18272358195009" lon="7.618997672972201"><ele>2217.6</ele></trkpt><trkpt lat="46.1827595820835" lon="7.61894667308024"><ele>2216.9</ele></trkpt><trkpt lat="46.18283158238903" lon="7.618868673325263"><ele>2215.3</ele></trkpt><trkpt lat="46.18289458261776" lon="7.618791673509928"><ele>2214.1</ele></trkpt><trkpt lat="46.18297558292281" lon="7.6186746737568845"><ele>2212.5</ele></trkpt><trkpt lat="46.1830115830755" lon="7.618610673880678"><ele>2211.7</ele></trkpt><trkpt lat="46.18312058364907" lon="7.618338674346667"><ele>2208.7</ele></trkpt><trkpt lat="46.183174583935994" lon="7.618235674577962"><ele>2207.2</ele></trkpt><trkpt lat="46.183264584279115" lon="7.618054674858287"><ele>2205.4</ele></trkpt><trkpt lat="46.18330058443184" lon="7.617989674982109"><ele>2204.6</ele></trkpt><trkpt lat="46.18335458446807" lon="7.617925675015226"><ele>2204.4</ele></trkpt><trkpt lat="46.18339058454364" lon="7.617886675077357"><ele>2204.0</ele></trkpt><trkpt lat="46.183498584751355" lon="7.617834675245323"><ele>2202.9</ele></trkpt><trkpt lat="46.18353458473053" lon="7.617809675231289"><ele>2203.0</ele></trkpt><trkpt lat="46.18360658486242" lon="7.617718675341119"><ele>2202.3</ele></trkpt><trkpt lat="46.18372358491524" lon="7.617615675390925"><ele>2202.0</ele></trkpt><trkpt lat="46.183751585126195" lon="7.61756367555938"><ele>2200.9</ele></trkpt><trkpt lat="46.1837515851647" lon="7.617524675591551"><ele>2200.7</ele></trkpt><trkpt lat="46.18372458520408" lon="7.617408675627821"><ele>2200.5</ele></trkpt><trkpt lat="46.18372458520408" lon="7.617408675627821"><ele>2200.5</ele></trkpt><trkpt lat="46.18367958522523" lon="7.617421675642525"><ele>2200.4</ele></trkpt><trkpt lat="46.183580585210116" lon="7.617472675625448"><ele>2200.5</ele></trkpt><trkpt lat="46.183499585213575" lon="7.617536675622683"><ele>2200.5</ele></trkpt><trkpt lat="46.18345458521552" lon="7.617588675620305"><ele>2200.5</ele></trkpt><trkpt lat="46.183418585217154" lon="7.617653675617205"><ele>2200.5</ele></trkpt><trkpt lat="46.183372585257835" lon="7.617730675643736"><ele>2200.3</ele></trkpt><trkpt lat="46.18332758529839" lon="7.617795675670873"><ele>2200.1</ele></trkpt><trkpt lat="46.18325558543652" lon="7.617847675774283"><ele>2199.4</ele></trkpt><trkpt lat="46.18315658573016" lon="7.617924675997305"><ele>2197.9</ele></trkpt><trkpt lat="46.183039586063074" lon="7.6179886762512865"><ele>2196.2</ele></trkpt><trkpt lat="46.18290458643526" lon="7.618053676535508"><ele>2194.3</ele></trkpt><trkpt lat="46.18280558667088" lon="7.61807867671592"><ele>2193.1</ele></trkpt><trkpt lat="46.18265258706292" lon="7.618078677018659"><ele>2191.1</ele></trkpt><trkpt lat="46.182562587298044" lon="7.618077677200337"><ele>2189.9</ele></trkpt><trkpt lat="46.1825085874546" lon="7.618090677320726"><ele>2189.1</ele></trkpt><trkpt lat="46.1824185877671" lon="7.618168677558756"><ele>2187.5</ele></trkpt><trkpt lat="46.18232858809894" lon="7.618258677811263"><ele>2185.8</ele></trkpt><trkpt lat="46.182211588509084" lon="7.618387678122334"><ele>2183.7</ele></trkpt><trkpt lat="46.18214858878194" lon="7.618465678330028"><ele>2182.3</ele></trkpt><trkpt lat="46.18209458895792" lon="7.618555678461617"><ele>2181.4</ele></trkpt><trkpt lat="46.1820395892501" lon="7.618762678677836"><ele>2179.9</ele></trkpt><trkpt lat="46.182021589424906" lon="7.618930678805269"><ele>2179.0</ele></trkpt><trkpt lat="46.18203058971443" lon="7.6191386790210665"><ele>2177.5</ele></trkpt><trkpt lat="46.1820385902554" lon="7.619565679422024"><ele>2174.7</ele></trkpt><trkpt lat="46.18205659064109" lon="7.619798679712021"><ele>2172.7</ele></trkpt><trkpt lat="46.18207359108497" lon="7.620135680042086"><ele>2170.4</ele></trkpt><trkpt lat="46.18207359118181" lon="7.62026468011106"><ele>2169.9</ele></trkpt><trkpt lat="46.182046591279615" lon="7.620368680181459"><ele>2169.4</ele></trkpt><trkpt lat="46.18186559169302" lon="7.620769680479385"><ele>2167.3</ele></trkpt><trkpt lat="46.18180259194667" lon="7.620924680668219"><ele>2166.0</ele></trkpt><trkpt lat="46.18176659214137" lon="7.62104068081357"><ele>2165.0</ele></trkpt><trkpt lat="46.18174859223882" lon="7.621144680883934"><ele>2164.5</ele></trkpt><trkpt lat="46.18173059227815" lon="7.621170680912934"><ele>2164.3</ele></trkpt><trkpt lat="46.18170359231787" lon="7.621183680942641"><ele>2164.1</ele></trkpt><trkpt lat="46.18168559235715" lon="7.6211706809735995"><ele>2163.9</ele></trkpt><trkpt lat="46.18167659239599" lon="7.621131681005808"><ele>2163.7</ele></trkpt><trkpt lat="46.18167659253084" lon="7.621079681114091"><ele>2163.0</ele></trkpt><trkpt lat="46.18169459283838" lon="7.6209246813633"><ele>2161.4</ele></trkpt><trkpt lat="46.18172259322251" lon="7.620717681675424"><ele>2159.4</ele></trkpt><trkpt lat="46.181749593356244" lon="7.620626681785488"><ele>2158.7</ele></trkpt><trkpt lat="46.181803593623755" lon="7.620484682003604"><ele>2157.3</ele></trkpt><trkpt lat="46.181830593718956" lon="7.620406682082822"><ele>2156.8</ele></trkpt><trkpt lat="46.181839593795615" lon="7.620354682145748"><ele>2156.4</ele></trkpt><trkpt lat="46.1818395938726" lon="7.620277682209982"><ele>2156.0</ele></trkpt><trkpt lat="46.18183059398845" lon="7.620186682305156"><ele>2155.4</ele></trkpt><trkpt lat="46.181803594104984" lon="7.620082682401089"><ele>2154.8</ele></trkpt><trkpt lat="46.18175059437672" lon="7.619914682621125"><ele>2153.4</ele></trkpt><trkpt lat="46.1816965945907" lon="7.619784682793979"><ele>2152.3</ele></trkpt><trkpt lat="46.181633594805085" lon="7.6196676829662335"><ele>2151.2</ele></trkpt><trkpt lat="46.18156159507766" lon="7.619525683185058"><ele>2149.8</ele></trkpt><trkpt lat="46.18151759525273" lon="7.619434683325699"><ele>2148.9</ele></trkpt><trkpt lat="46.18148159556251" lon="7.619291683574527"><ele>2147.3</ele></trkpt><trkpt lat="46.18142759598849" lon="7.619110683915895"><ele>2145.1</ele></trkpt><trkpt lat="46.181391596279006" lon="7.618993684148309"><ele>2143.6</ele></trkpt><trkpt lat="46.181382596337166" lon="7.618980684194285"><ele>2143.3</ele></trkpt><trkpt lat="46.181355596415344" lon="7.618954684256107"><ele>2142.9</ele></trkpt><trkpt lat="46.181355596415344" lon="7.618954684256107"><ele>2142.9</ele></trkpt><trkpt lat="46.18134759643483" lon="7.618915684273187"><ele>2142.8</ele></trkpt><trkpt lat="46.18135659639578" lon="7.618876684244891"><ele>2143.0</ele></trkpt><trkpt lat="46.18136559641454" lon="7.618799684263756"><ele>2142.9</ele></trkpt><trkpt lat="46.18135659656887" lon="7.618669684391003"><ele>2142.1</ele></trkpt><trkpt lat="46.18134759674278" lon="7.618630684528814"><ele>2141.2</ele></trkpt><trkpt lat="46.181302597438595" lon="7.618488685079388"><ele>2137.6</ele></trkpt><trkpt lat="46.18126659780617" lon="7.618358685372765"><ele>2135.7</ele></trkpt><trkpt lat="46.18125859782557" lon="7.618280685391768"><ele>2135.6</ele></trkpt><trkpt lat="46.18125859782557" lon="7.618280685391768"><ele>2135.6</ele></trkpt><trkpt lat="46.18122259819332" lon="7.618215685681911"><ele>2133.7</ele></trkpt><trkpt lat="46.181195598522166" lon="7.618151685941769"><ele>2132.0</ele></trkpt><trkpt lat="46.18116859871603" lon="7.6181126860947534"><ele>2131.0</ele></trkpt><trkpt lat="46.18115059902518" lon="7.6180346863401445"><ele>2129.4</ele></trkpt><trkpt lat="46.181150599121544" lon="7.618008686416873"><ele>2128.9</ele></trkpt><trkpt lat="46.181141599237506" lon="7.6179696865093876"><ele>2128.3</ele></trkpt><trkpt lat="46.18114159931455" lon="7.617930686571672"><ele>2127.9</ele></trkpt><trkpt lat="46.181141599449504" lon="7.617891686679221"><ele>2127.2</ele></trkpt><trkpt lat="46.18113259958484" lon="7.617865686786181"><ele>2126.5</ele></trkpt><trkpt lat="46.1811325997776" lon="7.6178146869395835"><ele>2125.5</ele></trkpt><trkpt lat="46.18113359995098" lon="7.617749687078578"><ele>2124.6</ele></trkpt><trkpt lat="46.18113360006662" lon="7.617710687171032"><ele>2124.0</ele></trkpt><trkpt lat="46.18112460024047" lon="7.6176586873094445"><ele>2123.1</ele></trkpt><trkpt lat="46.181106600414594" lon="7.617593687448545"><ele>2122.2</ele></trkpt><trkpt lat="46.18110660070379" lon="7.6175296876780205"><ele>2120.7</ele></trkpt><trkpt lat="46.18110660103153" lon="7.617451687938352"><ele>2119.0</ele></trkpt><trkpt lat="46.18110660126284" lon="7.61739968812196"><ele>2117.8</ele></trkpt><trkpt lat="46.18112460155128" lon="7.6173226883519485"><ele>2116.3</ele></trkpt><trkpt lat="46.18114260183979" lon="7.617270688580703"><ele>2114.8</ele></trkpt><trkpt lat="46.1811336020137" lon="7.617244688717822"><ele>2113.9</ele></trkpt><trkpt lat="46.18109760232372" lon="7.6172446889594365"><ele>2112.3</ele></trkpt><trkpt lat="46.18099860296418" lon="7.617269689456688"><ele>2109.0</ele></trkpt><trkpt lat="46.180908603507866" lon="7.617282689879037"><ele>2106.2</ele></trkpt><trkpt lat="46.18088160368256" lon="7.617308690013714"><ele>2105.3</ele></trkpt><trkpt lat="46.180854603934456" lon="7.6173476902081125"><ele>2104.0</ele></trkpt><trkpt lat="46.180836604166764" lon="7.617385690387415"><ele>2102.8</ele></trkpt><trkpt lat="46.18082760426364" lon="7.617411690461641"><ele>2102.3</ele></trkpt><trkpt lat="46.180809604341505" lon="7.617424690521461"><ele>2101.9</ele></trkpt><trkpt lat="46.180791604438646" lon="7.617411690597645"><ele>2101.4</ele></trkpt><trkpt lat="46.18078260463181" lon="7.617385690749843"><ele>2100.4</ele></trkpt><trkpt lat="46.18077360476702" lon="7.617333690858041"><ele>2099.7</ele></trkpt><trkpt lat="46.18077360507553" lon="7.617269691102558"><ele>2098.1</ele></trkpt><trkpt lat="46.18076460521086" lon="7.617256691208855"><ele>2097.4</ele></trkpt><trkpt lat="46.180747605346475" lon="7.617243691315201"><ele>2096.7</ele></trkpt><trkpt lat="46.180728605462996" lon="7.617255691405255"><ele>2096.1</ele></trkpt><trkpt lat="46.18071060565664" lon="7.617281691554973"><ele>2095.1</ele></trkpt><trkpt lat="46.180692605850325" lon="7.617320691704056"><ele>2094.1</ele></trkpt><trkpt lat="46.18067460594754" lon="7.617333691778971"><ele>2093.6</ele></trkpt><trkpt lat="46.18065660614106" lon="7.617320691930583"><ele>2092.6</ele></trkpt><trkpt lat="46.18063060635416" lon="7.617281692098593"><ele>2091.5</ele></trkpt><trkpt lat="46.18062160658583" lon="7.6172296922822165"><ele>2090.3</ele></trkpt><trkpt lat="46.18059460676034" lon="7.617190692420051"><ele>2089.4</ele></trkpt><trkpt lat="46.180594606895326" lon="7.617164692526921"><ele>2088.7</ele></trkpt><trkpt lat="46.18059460701095" lon="7.617126692619285"><ele>2088.1</ele></trkpt><trkpt lat="46.18061260724161" lon="7.617074692802743"><ele>2086.9</ele></trkpt><trkpt lat="46.18063060747227" lon="7.617035692985567"><ele>2085.7</ele></trkpt><trkpt lat="46.180612607858656" lon="7.6169836932899235"><ele>2083.7</ele></trkpt><trkpt lat="46.18055860836212" lon="7.616944693684379"><ele>2081.1</ele></trkpt><trkpt lat="46.18043260919633" lon="7.6169316943344745"><ele>2076.8</ele></trkpt><trkpt lat="46.1803426098364" lon="7.616956694831661"><ele>2073.5</ele></trkpt><trkpt lat="46.180306610223646" lon="7.616995695131732"><ele>2071.5</ele></trkpt><trkpt lat="46.18025261088179" lon="7.617099695640009"><ele>2068.1</ele></trkpt><trkpt lat="46.18007261214281" lon="7.617279696613114"><ele>2061.6</ele></trkpt><trkpt lat="46.180009612627565" lon="7.617344696987564"><ele>2059.1</ele></trkpt><trkpt lat="46.179964612976526" lon="7.617370697258165"><ele>2057.3</ele></trkpt><trkpt lat="46.17992861322872" lon="7.617408697452701"><ele>2056.0</ele></trkpt><trkpt lat="46.17988361367424" lon="7.6174866977962665"><ele>2053.7</ele></trkpt><trkpt lat="46.17985661388747" lon="7.617512697961151"><ele>2052.6</ele></trkpt><trkpt lat="46.17983761404257" lon="7.617537698080779"><ele>2051.8</ele></trkpt><trkpt lat="46.179792614488115" lon="7.617628698423737"><ele>2049.5</ele></trkpt><trkpt lat="46.17978361462352" lon="7.617654698528176"><ele>2048.8</ele></trkpt><trkpt lat="46.179747614895085" lon="7.617718698736583"><ele>2047.4</ele></trkpt><trkpt lat="46.17972961518525" lon="7.61778369895993"><ele>2045.9</ele></trkpt><trkpt lat="46.17972061520486" lon="7.61778369897507"><ele>2045.8</ele></trkpt><trkpt lat="46.179711615301635" lon="7.617770699051178"><ele>2045.3</ele></trkpt><trkpt lat="46.179702615533316" lon="7.617731699234143"><ele>2044.1</ele></trkpt><trkpt lat="46.17964861622939" lon="7.617615699783132"><ele>2040.5</ele></trkpt><trkpt lat="46.179622616481" lon="7.617576699981271"><ele>2039.2</ele></trkpt><trkpt lat="46.17961361667411" lon="7.6175247001346635"><ele>2038.2</ele></trkpt><trkpt lat="46.179604616751526" lon="7.617511700195675"><ele>2037.8</ele></trkpt><trkpt lat="46.179586616925754" lon="7.617472700333417"><ele>2036.9</ele></trkpt><trkpt lat="46.17957761711868" lon="7.617368700489256"><ele>2035.9</ele></trkpt><trkpt lat="46.179577617253585" lon="7.617316700597321"><ele>2035.2</ele></trkpt><trkpt lat="46.179568617639454" lon="7.617226700903369"><ele>2033.2</ele></trkpt><trkpt lat="46.17955961769769" lon="7.617239700948069"><ele>2032.9</ele></trkpt><trkpt lat="46.179541617775484" lon="7.617252701007908"><ele>2032.5</ele></trkpt><trkpt lat="46.17952361781476" lon="7.617239701038799"><ele>2032.3</ele></trkpt><trkpt lat="46.17952361781476" lon="7.617239701038799"><ele>2032.3</ele></trkpt><trkpt lat="46.17950561793099" lon="7.617200701131261"><ele>2031.7</ele></trkpt><trkpt lat="46.17948761816313" lon="7.617174701313638"><ele>2030.5</ele></trkpt><trkpt lat="46.17943461943754" lon="7.616966702319453"><ele>2023.9</ele></trkpt><trkpt lat="46.1794256195728" lon="7.616940702426329"><ele>2023.2</ele></trkpt><trkpt lat="46.179407619708506" lon="7.616940702532042"><ele>2022.5</ele></trkpt><trkpt lat="46.179353620115585" lon="7.616953702848561"><ele>2020.4</ele></trkpt><trkpt lat="46.17930862081148" lon="7.616901703394371"><ele>2016.8</ele></trkpt><trkpt lat="46.17923662141212" lon="7.616953703860033"><ele>2013.7</ele></trkpt><trkpt lat="46.17918262170349" lon="7.616966704086038"><ele>2012.2</ele></trkpt><trkpt lat="46.1791646219934" lon="7.616927704314259"><ele>2010.7</ele></trkpt><trkpt lat="46.179164622321096" lon="7.616862704573756"><ele>2009.0</ele></trkpt><trkpt lat="46.17915562261058" lon="7.616797704803129"><ele>2007.5</ele></trkpt><trkpt lat="46.1791286235947" lon="7.616577705582891"><ele>2002.4</ele></trkpt><trkpt lat="46.179093624039275" lon="7.616473705934883"><ele>2000.1</ele></trkpt><trkpt lat="46.17906662450295" lon="7.616369706301904"><ele>1997.7</ele></trkpt><trkpt lat="46.179039624850965" lon="7.616331706575348"><ele>1995.9</ele></trkpt><trkpt lat="46.17901262517969" lon="7.6162797068343515"><ele>1994.2</ele></trkpt><trkpt lat="46.17898562581691" lon="7.616162707337711"><ele>1990.9</ele></trkpt><trkpt lat="46.17895862612643" lon="7.6161367075804165"><ele>1989.3</ele></trkpt><trkpt lat="46.17893162637809" lon="7.616136707776671"><ele>1988.0</ele></trkpt><trkpt lat="46.17890462655274" lon="7.61614970791199"><ele>1987.1</ele></trkpt><trkpt lat="46.178886626765646" lon="7.616188708076229"><ele>1986.0</ele></trkpt><trkpt lat="46.17885962746124" lon="7.616317708613509"><ele>1982.4</ele></trkpt><trkpt lat="46.17885062775098" lon="7.616356708838049"><ele>1980.9</ele></trkpt><trkpt lat="46.17882362811854" lon="7.616408709122441"><ele>1979.0</ele></trkpt><trkpt lat="46.178805628466456" lon="7.61645970939174"><ele>1977.2</ele></trkpt><trkpt lat="46.178742629028314" lon="7.616563709824818"><ele>1974.3</ele></trkpt><trkpt lat="46.1787146294152" lon="7.616627710123769"><ele>1972.3</ele></trkpt><trkpt lat="46.17869662978243" lon="7.616692710407533"><ele>1970.4</ele></trkpt><trkpt lat="46.178687630014316" lon="7.616731710586836"><ele>1969.2</ele></trkpt><trkpt lat="46.178687630323004" lon="7.616783710825843"><ele>1967.6</ele></trkpt><trkpt lat="46.17867863049697" lon="7.616808710960534"><ele>1966.7</ele></trkpt><trkpt lat="46.17863363090374" lon="7.616860711275235"><ele>1964.6</ele></trkpt><trkpt lat="46.178588631252566" lon="7.616886711545857"><ele>1962.8</ele></trkpt><trkpt lat="46.178498632085166" lon="7.616899712194492"><ele>1958.5</ele></trkpt><trkpt lat="46.178435632569695" lon="7.616937712570286"><ele>1956.0</ele></trkpt><trkpt lat="46.17837263299626" lon="7.616963712901366"><ele>1953.8</ele></trkpt><trkpt lat="46.17830963324925" lon="7.616963713097841"><ele>1952.5</ele></trkpt><trkpt lat="46.178120634181845" lon="7.617001713821337"><ele>1947.7</ele></trkpt><trkpt lat="46.17803963464766" lon="7.617027714182697"><ele>1945.3</ele></trkpt><trkpt lat="46.1779856349775" lon="7.617052714438344"><ele>1943.6</ele></trkpt><trkpt lat="46.17791363534651" lon="7.6170657147248075"><ele>1941.7</ele></trkpt><trkpt lat="46.177850635657364" lon="7.617078714965962"><ele>1940.1</ele></trkpt><trkpt lat="46.177778636084284" lon="7.617116715296566"><ele>1937.9</ele></trkpt><trkpt lat="46.17773363645241" lon="7.617168715581132"><ele>1936.0</ele></trkpt><trkpt lat="46.17768863680126" lon="7.617220715850619"><ele>1934.2</ele></trkpt><trkpt lat="46.177652637169075" lon="7.617271716135193"><ele>1932.3</ele></trkpt><trkpt lat="46.17760763757577" lon="7.617310716450533"><ele>1930.2</ele></trkpt><trkpt lat="46.17756263802101" lon="7.617362716795472"><ele>1927.9</ele></trkpt><trkpt lat="46.17749963869846" lon="7.617478717318711"><ele>1924.4</ele></trkpt><trkpt lat="46.17744563918265" lon="7.617556717692732"><ele>1921.9</ele></trkpt><trkpt lat="46.17738263949353" lon="7.617607717932216"><ele>1920.3</ele></trkpt><trkpt lat="46.177337639958026" lon="7.617646718292847"><ele>1917.9</ele></trkpt><trkpt lat="46.17729264024897" lon="7.617685718517683"><ele>1916.4</ele></trkpt><trkpt lat="46.17722864069498" lon="7.617775718861076"><ele>1914.1</ele></trkpt><trkpt lat="46.177201640946684" lon="7.617814719055648"><ele>1912.8</ele></trkpt><trkpt lat="46.177201640946684" lon="7.617814719055648"><ele>1912.8</ele></trkpt><trkpt lat="46.177211641370285" lon="7.617697719392718"><ele>1910.6</ele></trkpt><trkpt lat="46.17723864227501" lon="7.617399720114869"><ele>1905.9</ele></trkpt><trkpt lat="46.177274642929" lon="7.617205720636199"><ele>1902.5</ele></trkpt><trkpt lat="46.17731164396846" lon="7.616959721461509"><ele>1897.1</ele></trkpt><trkpt lat="46.17731164460433" lon="7.616739721969011"><ele>1893.8</ele></trkpt><trkpt lat="46.17729364518296" lon="7.616532722430754"><ele>1890.8</ele></trkpt><trkpt lat="46.1773036455487" lon="7.616403722722968"><ele>1888.9</ele></trkpt><trkpt lat="46.177384646451955" lon="7.61626072343778"><ele>1884.2</ele></trkpt><trkpt lat="46.177510646832964" lon="7.616118723744995"><ele>1882.2</ele></trkpt><trkpt lat="46.17755564669633" lon="7.616080723640815"><ele>1882.9</ele></trkpt><trkpt lat="46.177564646753794" lon="7.616054723687155"><ele>1882.6</ele></trkpt><trkpt lat="46.17754664710142" lon="7.616002723961035"><ele>1880.8</ele></trkpt><trkpt lat="46.17751964735287" lon="7.615924724160673"><ele>1879.5</ele></trkpt><trkpt lat="46.17749264758506" lon="7.615846724345219"><ele>1878.3</ele></trkpt><trkpt lat="46.17740364851338" lon="7.615665725077578"><ele>1873.5</ele></trkpt><trkpt lat="46.17738564884169" lon="7.615600725336918"><ele>1871.8</ele></trkpt><trkpt lat="46.177376649343195" lon="7.615522725732509"><ele>1869.2</ele></trkpt><trkpt lat="46.17736764976766" lon="7.615457726067199"><ele>1867.0</ele></trkpt><trkpt lat="46.17736765007609" lon="7.615393726311294"><ele>1865.4</ele></trkpt><trkpt lat="46.17736765038447" lon="7.615341726554867"><ele>1863.8</ele></trkpt><trkpt lat="46.17735865075108" lon="7.61527672684429"><ele>1861.9</ele></trkpt><trkpt lat="46.1773406511372" lon="7.615185727149958"><ele>1859.9</ele></trkpt><trkpt lat="46.17732365142681" lon="7.615095727380158"><ele>1858.4</ele></trkpt><trkpt lat="46.17729665171685" lon="7.615030727609328"><ele>1856.9</ele></trkpt><trkpt lat="46.17727865192953" lon="7.614965727778118"><ele>1855.8</ele></trkpt><trkpt lat="46.17726965223815" lon="7.614887728022826"><ele>1854.2</ele></trkpt><trkpt lat="46.177242652547484" lon="7.614823728267023"><ele>1852.6</ele></trkpt><trkpt lat="46.177215652818255" lon="7.6147587284810925"><ele>1851.2</ele></trkpt><trkpt lat="46.177197653030795" lon="7.614680728650424"><ele>1850.1</ele></trkpt><trkpt lat="46.17711765347672" lon="7.614511729004944"><ele>1847.8</ele></trkpt><trkpt lat="46.17710865376618" lon="7.614460729233385"><ele>1846.3</ele></trkpt><trkpt lat="46.177099654055624" lon="7.614395729462417"><ele>1844.8</ele></trkpt><trkpt lat="46.17710865430582" lon="7.614343729660637"><ele>1843.5</ele></trkpt><trkpt lat="46.177135654690495" lon="7.614265729965433"><ele>1841.5</ele></trkpt><trkpt lat="46.177171655171215" lon="7.614188730345534"><ele>1839.0</ele></trkpt><trkpt lat="46.17722565609461" lon="7.614007731076781"><ele>1834.2</ele></trkpt><trkpt lat="46.17726165647889" lon="7.613916731382051"><ele>1832.2</ele></trkpt><trkpt lat="46.17727065676772" lon="7.613851731610953"><ele>1830.7</ele></trkpt><trkpt lat="46.17728965707549" lon="7.613787731854832"><ele>1829.1</ele></trkpt><trkpt lat="46.1773256573634" lon="7.613709732084137"><ele>1827.6</ele></trkpt><trkpt lat="46.17732565778747" lon="7.61361973241968"><ele>1825.4</ele></trkpt><trkpt lat="46.177343658210965" lon="7.613541732754611"><ele>1823.2</ele></trkpt><trkpt lat="46.17734365853862" lon="7.613476733013693"><ele>1821.5</ele></trkpt><trkpt lat="46.17734365913625" lon="7.613360733486011"><ele>1818.4</ele></trkpt><trkpt lat="46.17731665973473" lon="7.613243733958499"><ele>1815.3</ele></trkpt><trkpt lat="46.177299660255734" lon="7.613126734370599"><ele>1812.6</ele></trkpt><trkpt lat="46.17726366083531" lon="7.61303673482689"><ele>1809.6</ele></trkpt><trkpt lat="46.177209661338416" lon="7.612984735221365"><ele>1807.0</ele></trkpt><trkpt lat="46.177209661338416" lon="7.612984735221365"><ele>1807.0</ele></trkpt><trkpt lat="46.17718266176349" lon="7.612945735554837"><ele>1804.8</ele></trkpt><trkpt lat="46.177146662169505" lon="7.61288073587436"><ele>1802.7</ele></trkpt><trkpt lat="46.17711066267194" lon="7.61281573626926"><ele>1800.1</ele></trkpt><trkpt lat="46.17706566330964" lon="7.612711736771363"><ele>1796.8</ele></trkpt><trkpt lat="46.17702166404367" lon="7.612595737349319"><ele>1793.0</ele></trkpt><trkpt lat="46.17701266435237" lon="7.612530737593287"><ele>1791.4</ele></trkpt><trkpt lat="46.17700366458394" lon="7.612465737776938"><ele>1790.2</ele></trkpt><trkpt lat="46.177003665451466" lon="7.612335738460746"><ele>1785.7</ele></trkpt><trkpt lat="46.17699466581808" lon="7.61228473874934"><ele>1783.8</ele></trkpt><trkpt lat="46.17697666601145" lon="7.612258738901263"><ele>1782.8</ele></trkpt><trkpt lat="46.17695866614698" lon="7.612245739007421"><ele>1782.1</ele></trkpt><trkpt lat="46.17695866614698" lon="7.612245739007421"><ele>1782.1</ele></trkpt><trkpt lat="46.17692266632175" lon="7.612245739143285"><ele>1781.2</ele></trkpt><trkpt lat="46.176850666825565" lon="7.612283739534066"><ele>1778.6</ele></trkpt><trkpt lat="46.176823667135004" lon="7.612283739775416"><ele>1777.0</ele></trkpt><trkpt lat="46.17681466734742" lon="7.61225773994237"><ele>1775.9</ele></trkpt><trkpt lat="46.17681466748235" lon="7.612244740048432"><ele>1775.2</ele></trkpt><trkpt lat="46.176832667635985" lon="7.612205740170547"><ele>1774.4</ele></trkpt><trkpt lat="46.17684166780919" lon="7.61218074030721"><ele>1773.5</ele></trkpt><trkpt lat="46.17683266792515" lon="7.612154740398775"><ele>1772.9</ele></trkpt><trkpt lat="46.17681466807995" lon="7.612141740520003"><ele>1772.1</ele></trkpt><trkpt lat="46.17678766819656" lon="7.612141740610596"><ele>1771.5</ele></trkpt><trkpt lat="46.176742668583785" lon="7.6121797409107845"><ele>1769.5</ele></trkpt><trkpt lat="46.176679669010106" lon="7.6122057412417075"><ele>1767.3</ele></trkpt><trkpt lat="46.176643669223495" lon="7.612218741407192"><ele>1766.2</ele></trkpt><trkpt lat="46.176616669436484" lon="7.612231741572632"><ele>1765.1</ele></trkpt><trkpt lat="46.176571669958875" lon="7.612334741975714"><ele>1762.4</ele></trkpt><trkpt lat="46.1765446701526" lon="7.612347742126085"><ele>1761.4</ele></trkpt><trkpt lat="46.176526670249565" lon="7.612334742202085"><ele>1760.9</ele></trkpt><trkpt lat="46.17650867059717" lon="7.61229574247513"><ele>1759.1</ele></trkpt><trkpt lat="46.17648167111847" lon="7.612191742886536"><ele>1756.4</ele></trkpt><trkpt lat="46.176454671254334" lon="7.6121787429927315"><ele>1755.7</ele></trkpt><trkpt lat="46.17643667142852" lon="7.612191743127977"><ele>1754.8</ele></trkpt><trkpt lat="46.17640967179583" lon="7.612217743413498"><ele>1752.9</ele></trkpt><trkpt lat="46.17636467212523" lon="7.612269743667908"><ele>1751.2</ele></trkpt><trkpt lat="46.176337672434684" lon="7.612295743908211"><ele>1749.6</ele></trkpt><trkpt lat="46.176310672628425" lon="7.612307744058621"><ele>1748.6</ele></trkpt><trkpt lat="46.17628367282209" lon="7.612307744209514"><ele>1747.6</ele></trkpt><trkpt lat="46.176247673363044" lon="7.612229744634969"><ele>1744.8</ele></trkpt><trkpt lat="46.17622167373014" lon="7.6121657449241145"><ele>1742.9</ele></trkpt><trkpt lat="46.1761946739816" lon="7.612113745122328"><ele>1741.6</ele></trkpt><trkpt lat="46.176167674136686" lon="7.6120877452441125"><ele>1740.8</ele></trkpt><trkpt lat="46.176167674271575" lon="7.61204874535121"><ele>1740.1</ele></trkpt><trkpt lat="46.17617667446403" lon="7.61200974550348"><ele>1739.1</ele></trkpt><trkpt lat="46.17621267473272" lon="7.611945745716927"><ele>1737.7</ele></trkpt><trkpt lat="46.17627567527047" lon="7.6118547461423685"><ele>1734.9</ele></trkpt><trkpt lat="46.176347675865735" lon="7.6117517466134625"><ele>1731.8</ele></trkpt><trkpt lat="46.176410676326356" lon="7.611647746979097"><ele>1729.4</ele></trkpt><trkpt lat="46.17646467707643" lon="7.611505747572402"><ele>1725.5</ele></trkpt><trkpt lat="46.176510677653184" lon="7.611376748029534"><ele>1722.5</ele></trkpt><trkpt lat="46.17655567815288" lon="7.611246748426402"><ele>1719.9</ele></trkpt><trkpt lat="46.17656467844182" lon="7.611208748653971"><ele>1718.4</ele></trkpt><trkpt lat="46.17657367878856" lon="7.611156748927312"><ele>1716.6</ele></trkpt><trkpt lat="46.176564678885185" lon="7.611143749003238"><ele>1716.1</ele></trkpt><trkpt lat="46.176537679117494" lon="7.61114374918426"><ele>1714.9</ele></trkpt><trkpt lat="46.1764656797755" lon="7.611181749695609"><ele>1711.5</ele></trkpt><trkpt lat="46.176420680201204" lon="7.611194750026934"><ele>1709.3</ele></trkpt><trkpt lat="46.17637568049191" lon="7.611207750252746"><ele>1707.8</ele></trkpt><trkpt lat="46.17635768070456" lon="7.611181750419667"><ele>1706.7</ele></trkpt><trkpt lat="46.17635768083946" lon="7.61114275052672"><ele>1706.0</ele></trkpt><trkpt lat="46.17635768114784" lon="7.611077750770451"><ele>1704.4</ele></trkpt><trkpt lat="46.176375681436475" lon="7.6110397509979615"><ele>1702.9</ele></trkpt><trkpt lat="46.176429681897446" lon="7.61094875136303"><ele>1700.5</ele></trkpt><trkpt lat="46.17643868216705" lon="7.610909751575539"><ele>1699.1</ele></trkpt><trkpt lat="46.176429682418" lon="7.610883751772551"><ele>1697.8</ele></trkpt><trkpt lat="46.176412682630556" lon="7.610844751939961"><ele>1696.7</ele></trkpt><trkpt lat="46.176403682881464" lon="7.61080675213744"><ele>1695.4</ele></trkpt><trkpt lat="46.1764036831706" lon="7.610741752366072"><ele>1693.9</ele></trkpt><trkpt lat="46.17639468340219" lon="7.610689752549018"><ele>1692.7</ele></trkpt><trkpt lat="46.17638568363381" lon="7.610650752731455"><ele>1691.5</ele></trkpt><trkpt lat="46.176394683787734" lon="7.610611752853513"><ele>1690.7</ele></trkpt><trkpt lat="46.1764216839604" lon="7.6105857529900485"><ele>1689.8</ele></trkpt><trkpt lat="46.17647568438295" lon="7.610573753321843"><ele>1687.6</ele></trkpt><trkpt lat="46.17654768497847" lon="7.610547753789752"><ele>1684.5</ele></trkpt><trkpt lat="46.17656568517073" lon="7.61053475394089"><ele>1683.5</ele></trkpt><trkpt lat="46.17656568530566" lon="7.610508754047407"><ele>1682.8</ele></trkpt><trkpt lat="46.17655668547945" lon="7.610482754184111"><ele>1681.9</ele></trkpt><trkpt lat="46.17652968576951" lon="7.610443754411836"><ele>1680.4</ele></trkpt><trkpt lat="46.17649368619478" lon="7.610404754745099"><ele>1678.2</ele></trkpt><trkpt lat="46.17645768638861" lon="7.610353754897968"><ele>1677.2</ele></trkpt><trkpt lat="46.17643068673649" lon="7.610301755171398"><ele>1675.4</ele></trkpt><trkpt lat="46.17641268702624" lon="7.6102497553995665"><ele>1673.9</ele></trkpt><trkpt lat="46.176413687373184" lon="7.610197755672855"><ele>1672.1</ele></trkpt><trkpt lat="46.17642268750792" lon="7.6101717557793185"><ele>1671.4</ele></trkpt><trkpt lat="46.1764676877572" lon="7.610158755975532"><ele>1670.1</ele></trkpt><trkpt lat="46.176709689196116" lon="7.610146757105202"><ele>1662.6</ele></trkpt><trkpt lat="46.17679168986843" lon="7.610069757635261"><ele>1659.1</ele></trkpt><trkpt lat="46.17685469042562" lon="7.60999175807501"><ele>1656.2</ele></trkpt><trkpt lat="46.17694469096277" lon="7.609940758498522"><ele>1653.4</ele></trkpt><trkpt lat="46.17703469140353" lon="7.609888758846714"><ele>1651.1</ele></trkpt><trkpt lat="46.17712469186353" lon="7.609837759209934"><ele>1648.7</ele></trkpt><trkpt lat="46.17721469215006" lon="7.609798759437056"><ele>1647.2</ele></trkpt><trkpt lat="46.177295692494646" lon="7.609747759709886"><ele>1645.4</ele></trkpt><trkpt lat="46.177376692742804" lon="7.609695759907392"><ele>1644.1</ele></trkpt><trkpt lat="46.17744869295269" lon="7.609656760074313"><ele>1643.0</ele></trkpt><trkpt lat="46.17749369312492" lon="7.609656760209736"><ele>1642.1</ele></trkpt><trkpt lat="46.177538693432204" lon="7.6096577604506175"><ele>1640.5</ele></trkpt><trkpt lat="46.17758369364304" lon="7.6096837606152015"><ele>1639.4</ele></trkpt><trkpt lat="46.17761969379622" lon="7.6096837607355985"><ele>1638.6</ele></trkpt><trkpt lat="46.17765569385296" lon="7.609670760781134"><ele>1638.3</ele></trkpt><trkpt lat="46.17767369419951" lon="7.609618761054284"><ele>1636.5</ele></trkpt><trkpt lat="46.17767369419951" lon="7.609618761054284"><ele>1636.5</ele></trkpt><trkpt lat="46.17766469443113" lon="7.609566761237132"><ele>1635.3</ele></trkpt><trkpt lat="46.17768269471983" lon="7.609515761465027"><ele>1633.8</ele></trkpt><trkpt lat="46.17771869495003" lon="7.6094507616481515"><ele>1632.6</ele></trkpt><trkpt lat="46.17776369531498" lon="7.609359761937696"><ele>1630.7</ele></trkpt><trkpt lat="46.17779069579619" lon="7.609269762317701"><ele>1628.2</ele></trkpt><trkpt lat="46.17780869620052" lon="7.609178762637493"><ele>1626.1</ele></trkpt><trkpt lat="46.177844696546416" lon="7.609088762911951"><ele>1624.3</ele></trkpt><trkpt lat="46.177890696487054" lon="7.609023762868961"><ele>1624.6</ele></trkpt><trkpt lat="46.17791769658259" lon="7.608959762946578"><ele>1624.1</ele></trkpt><trkpt lat="46.177926697045045" lon="7.608881763311114"><ele>1621.7</ele></trkpt><trkpt lat="46.177935697526856" lon="7.608790763691192"><ele>1619.2</ele></trkpt><trkpt lat="46.17793569825958" lon="7.608700764267157"><ele>1615.4</ele></trkpt><trkpt lat="46.177962698702174" lon="7.608570764618443"><ele>1613.1</ele></trkpt><trkpt lat="46.17801669914396" lon="7.608441764969554"><ele>1610.8</ele></trkpt><trkpt lat="46.17807069952799" lon="7.608363765273558"><ele>1608.8</ele></trkpt><trkpt lat="46.17809869989339" lon="7.608247765564015"><ele>1606.9</ele></trkpt><trkpt lat="46.17812570014321" lon="7.608169765762652"><ele>1605.6</ele></trkpt><trkpt lat="46.17817970037291" lon="7.608079765946543"><ele>1604.4</ele></trkpt><trkpt lat="46.17821570064163" lon="7.607936766162603"><ele>1603.0</ele></trkpt><trkpt lat="46.17823370073737" lon="7.607859766240694"><ele>1602.5</ele></trkpt><trkpt lat="46.178260701044955" lon="7.607729766486436"><ele>1600.9</ele></trkpt><trkpt lat="46.17827870135288" lon="7.6076527667302525"><ele>1599.3</ele></trkpt><trkpt lat="46.17828870148751" lon="7.607587766838064"><ele>1598.6</ele></trkpt><trkpt lat="46.17827970164206" lon="7.607574766959114"><ele>1597.8</ele></trkpt><trkpt lat="46.17825270183571" lon="7.6075617671103775"><ele>1596.8</ele></trkpt><trkpt lat="46.17822570202941" lon="7.607574767260685"><ele>1595.8</ele></trkpt><trkpt lat="46.17820770218431" lon="7.6076007673803385"><ele>1595.0</ele></trkpt><trkpt lat="46.17818070232015" lon="7.607613767485448"><ele>1594.3</ele></trkpt><trkpt lat="46.17818070232015" lon="7.607613767485448"><ele>1594.3</ele></trkpt><trkpt lat="46.17819870241591" lon="7.60753576756356"><ele>1593.8</ele></trkpt><trkpt lat="46.178225702453574" lon="7.607457767596432"><ele>1593.6</ele></trkpt><trkpt lat="46.178225702453574" lon="7.607457767596432"><ele>1593.6</ele></trkpt><trkpt lat="46.1782257026849" lon="7.607406767779095"><ele>1592.4</ele></trkpt><trkpt lat="46.178225703089865" lon="7.6073417680978555"><ele>1590.3</ele></trkpt><trkpt lat="46.17825270341689" lon="7.60728976835575"><ele>1588.6</ele></trkpt><trkpt lat="46.1782887041486" lon="7.6071607689327845"><ele>1584.8</ele></trkpt><trkpt lat="46.178297704649694" lon="7.607069769327756"><ele>1582.2</ele></trkpt><trkpt lat="46.17829770522809" lon="7.606952769783961"><ele>1579.2</ele></trkpt><trkpt lat="46.17828070542144" lon="7.606914769936066"><ele>1578.2</ele></trkpt><trkpt lat="46.1782897057297" lon="7.606862770178947"><ele>1576.6</ele></trkpt><trkpt lat="46.17828070592276" lon="7.606810770331521"><ele>1575.6</ele></trkpt><trkpt lat="46.178307706288344" lon="7.6067457706199795"><ele>1573.7</ele></trkpt><trkpt lat="46.1782987065007" lon="7.606694770787573"><ele>1572.6</ele></trkpt><trkpt lat="46.17831670665446" lon="7.606668770908944"><ele>1571.8</ele></trkpt><trkpt lat="46.17831670665446" lon="7.606668770908944"><ele>1571.8</ele></trkpt><trkpt lat="46.17829870680921" lon="7.606629771030951"><ele>1571.0</ele></trkpt><trkpt lat="46.17826270694527" lon="7.6066167711370305"><ele>1570.3</ele></trkpt><trkpt lat="46.17823570731244" lon="7.606577771424775"><ele>1568.4</ele></trkpt><trkpt lat="46.17819970775702" lon="7.6065257717732795"><ele>1566.1</ele></trkpt><trkpt lat="46.17818170808533" lon="7.606460772031785"><ele>1564.4</ele></trkpt><trkpt lat="46.17818170850953" lon="7.606356772366928"><ele>1562.2</ele></trkpt><trkpt lat="46.17820070881745" lon="7.6062667726110895"><ele>1560.6</ele></trkpt><trkpt lat="46.17819170908757" lon="7.606175772825279"><ele>1559.2</ele></trkpt><trkpt lat="46.17819170931886" lon="7.606072773009729"><ele>1558.0</ele></trkpt><trkpt lat="46.17820070951123" lon="7.605942773164976"><ele>1557.0</ele></trkpt><trkpt lat="46.178191710128566" lon="7.605838773650731"><ele>1553.8</ele></trkpt><trkpt lat="46.17820971107302" lon="7.605735774392375"><ele>1548.9</ele></trkpt><trkpt lat="46.17819171157492" lon="7.605631774787766"><ele>1546.3</ele></trkpt><trkpt lat="46.1781477121739" lon="7.605515775258992"><ele>1543.2</ele></trkpt><trkpt lat="46.17817471238529" lon="7.605489775425472"><ele>1542.1</ele></trkpt><trkpt lat="46.1782107130593" lon="7.605450775953846"><ele>1538.6</ele></trkpt><trkpt lat="46.17825571375241" lon="7.605437776496318"><ele>1535.0</ele></trkpt><trkpt lat="46.178300713847655" lon="7.605476776570045"><ele>1534.5</ele></trkpt><trkpt lat="46.178327713885466" lon="7.60547677660005"><ele>1534.3</ele></trkpt><trkpt lat="46.178363713980936" lon="7.605476776675197"><ele>1533.8</ele></trkpt><trkpt lat="46.17842671421057" lon="7.60542577685746"><ele>1532.6</ele></trkpt><trkpt lat="46.178525714574064" lon="7.605322777146818"><ele>1530.7</ele></trkpt><trkpt lat="46.17868771524446" lon="7.605193777677782"><ele>1527.2</ele></trkpt><trkpt lat="46.17874171553215" lon="7.6051027779066525"><ele>1525.7</ele></trkpt><trkpt lat="46.17874171553215" lon="7.6051027779066525"><ele>1525.7</ele></trkpt><trkpt lat="46.17877771566612" lon="7.605063778013291"><ele>1525.0</ele></trkpt><trkpt lat="46.17877771566612" lon="7.605063778013291"><ele>1525.0</ele></trkpt><trkpt lat="46.17881371574219" lon="7.605038778074252"><ele>1524.6</ele></trkpt><trkpt lat="46.17881371574219" lon="7.605038778074252"><ele>1524.6</ele></trkpt><trkpt lat="46.178876717128915" lon="7.604805779166476"><ele>1517.4</ele></trkpt><trkpt lat="46.17892271853544" lon="7.604559780274208"><ele>1510.1</ele></trkpt><trkpt lat="46.178949719711035" lon="7.604313781201232"><ele>1504.0</ele></trkpt><trkpt lat="46.178976720134536" lon="7.604235781535108"><ele>1501.8</ele></trkpt><trkpt lat="46.178976720134536" lon="7.604235781535108"><ele>1501.8</ele></trkpt><trkpt lat="46.17900372098232" lon="7.604067782203367"><ele>1497.4</ele></trkpt><trkpt lat="46.17901372152202" lon="7.6039507826289805"><ele>1494.6</ele></trkpt><trkpt lat="46.17901372194628" lon="7.603860782963348"><ele>1492.4</ele></trkpt><trkpt lat="46.17900472242859" lon="7.603743783343847"><ele>1489.9</ele></trkpt><trkpt lat="46.178995722486654" lon="7.603691783390837"><ele>1489.6</ele></trkpt><trkpt lat="46.178995722486654" lon="7.603691783390837"><ele>1489.6</ele></trkpt><trkpt lat="46.17898672254471" lon="7.60366578343694"><ele>1489.3</ele></trkpt><trkpt lat="46.178941723413786" lon="7.603497784120456"><ele>1484.8</ele></trkpt><trkpt lat="46.17890572389687" lon="7.603419784499697"><ele>1482.3</ele></trkpt><trkpt lat="46.17890572389687" lon="7.603419784499697"><ele>1482.3</ele></trkpt><trkpt lat="46.178878724264045" lon="7.603354784788107"><ele>1480.4</ele></trkpt><trkpt lat="46.178878724264045" lon="7.603354784788107"><ele>1480.4</ele></trkpt><trkpt lat="46.17892372457149" lon="7.6033677850283805"><ele>1478.8</ele></trkpt><trkpt lat="46.178923724648605" lon="7.603328785089933"><ele>1478.4</ele></trkpt><trkpt lat="46.178923724648605" lon="7.603328785089933"><ele>1478.4</ele></trkpt><trkpt lat="46.178870724707856" lon="7.60331578513577"><ele>1478.1</ele></trkpt><trkpt lat="46.178807724748175" lon="7.603302785166592"><ele>1477.9</ele></trkpt><trkpt lat="46.178807724748175" lon="7.603302785166592"><ele>1477.9</ele></trkpt><trkpt lat="46.17878972484497" lon="7.603224785244601"><ele>1477.4</ele></trkpt><trkpt lat="46.17878972484497" lon="7.603224785244601"><ele>1477.4</ele></trkpt><trkpt lat="46.17874472490401" lon="7.6031987852908465"><ele>1477.1</ele></trkpt><trkpt lat="46.17871772496262" lon="7.60318578533657"><ele>1476.8</ele></trkpt><trkpt lat="46.17868172506006" lon="7.603198785411564"><ele>1476.3</ele></trkpt><trkpt lat="46.178591725371234" lon="7.603237785651524"><ele>1474.7</ele></trkpt><trkpt lat="46.17851072568214" lon="7.603275785891485"><ele>1473.1</ele></trkpt><trkpt lat="46.17843872597342" lon="7.603275786117637"><ele>1471.6</ele></trkpt><trkpt lat="46.17836672628401" lon="7.603262786359284"><ele>1470.0</ele></trkpt><trkpt lat="46.17836672628401" lon="7.603262786359284"><ele>1470.0</ele></trkpt><trkpt lat="46.17818672717612" lon="7.603210787054398"><ele>1465.4</ele></trkpt><trkpt lat="46.178096727583636" lon="7.6032097873709885"><ele>1463.3</ele></trkpt><trkpt lat="46.17797972818472" lon="7.603209787838226"><ele>1460.2</ele></trkpt><trkpt lat="46.177880728708175" lon="7.603196788245597"><ele>1457.5</ele></trkpt><trkpt lat="46.17779972896106" lon="7.6031577884429735"><ele>1456.2</ele></trkpt><trkpt lat="46.17779972896106" lon="7.6031577884429735"><ele>1456.2</ele></trkpt><trkpt lat="46.177853728978754" lon="7.603053788461283"><ele>1456.1</ele></trkpt><trkpt lat="46.177853728978754" lon="7.603053788461283"><ele>1456.1</ele></trkpt><trkpt lat="46.17782672897941" lon="7.603014788462701"><ele>1456.1</ele></trkpt><trkpt lat="46.177799729462414" lon="7.603053788837905"><ele>1453.6</ele></trkpt><trkpt lat="46.177799729462414" lon="7.603053788837905"><ele>1453.6</ele></trkpt><trkpt lat="46.17777272961747" lon="7.603066788958032"><ele>1452.8</ele></trkpt><trkpt lat="46.17774572981112" lon="7.603079789108272"><ele>1451.8</ele></trkpt><trkpt lat="46.17770972992783" lon="7.603079789198757"><ele>1451.2</ele></trkpt><trkpt lat="46.177691730024705" lon="7.6030667892745445"><ele>1450.7</ele></trkpt><trkpt lat="46.17767373023731" lon="7.603040789441102"><ele>1449.6</ele></trkpt><trkpt lat="46.17766573039181" lon="7.60300178956288"><ele>1448.8</ele></trkpt><trkpt lat="46.17761173068254" lon="7.602988789789375"><ele>1447.3</ele></trkpt><trkpt lat="46.17756673114666" lon="7.602975790151331"><ele>1444.9</ele></trkpt><trkpt lat="46.17753073137909" lon="7.602988790331718"><ele>1443.7</ele></trkpt><trkpt lat="46.17750373168843" lon="7.602987790572757"><ele>1442.1</ele></trkpt><trkpt lat="46.177494731804344" lon="7.6029627906639545"><ele>1441.5</ele></trkpt><trkpt lat="46.177494731804344" lon="7.6029627906639545"><ele>1441.5</ele></trkpt><trkpt lat="46.17747673190132" lon="7.602987790738481"><ele>1441.0</ele></trkpt><trkpt lat="46.17732373294702" lon="7.603013791551267"><ele>1435.6</ele></trkpt><trkpt lat="46.177278733218245" lon="7.603013791762233"><ele>1434.2</ele></trkpt><trkpt lat="46.17717973374165" lon="7.60301279216918"><ele>1431.5</ele></trkpt><trkpt lat="46.177062734361954" lon="7.603025792651024"><ele>1428.3</ele></trkpt><trkpt lat="46.17700873476848" lon="7.603051792966564"><ele>1426.2</ele></trkpt><trkpt lat="46.17695473511718" lon="7.603128793235271"><ele>1424.4</ele></trkpt><trkpt lat="46.1768917354468" lon="7.603180793489786"><ele>1422.7</ele></trkpt><trkpt lat="46.17681073575758" lon="7.603218793729777"><ele>1421.1</ele></trkpt><trkpt lat="46.17674773608719" lon="7.603270793984292"><ele>1419.4</ele></trkpt><trkpt lat="46.176639736456615" lon="7.603360794267874"><ele>1417.5</ele></trkpt><trkpt lat="46.17656673672867" lon="7.603451794476006"><ele>1416.1</ele></trkpt><trkpt lat="46.17647673715542" lon="7.603502794805965"><ele>1413.9</ele></trkpt><trkpt lat="46.17640473752383" lon="7.603554795090654"><ele>1412.0</ele></trkpt><trkpt lat="46.176323737815224" lon="7.603554795316836"><ele>1410.5</ele></trkpt><trkpt lat="46.176269737990275" lon="7.6035797954517585"><ele>1409.6</ele></trkpt><trkpt lat="46.17617073828216" lon="7.603605795677173"><ele>1408.1</ele></trkpt><trkpt lat="46.1760807384774" lon="7.60364479582685"><ele>1407.1</ele></trkpt><trkpt lat="46.17602673859453" lon="7.603643795917445"><ele>1406.5</ele></trkpt><trkpt lat="46.17593773888609" lon="7.603617796144499"><ele>1405.0</ele></trkpt><trkpt lat="46.175838739216466" lon="7.603604796401284"><ele>1403.3</ele></trkpt><trkpt lat="46.175784739410744" lon="7.603604796552075"><ele>1402.3</ele></trkpt><trkpt lat="46.17574873945022" lon="7.6036047965823315"><ele>1402.1</ele></trkpt><trkpt lat="46.17570373950925" lon="7.603630796626848"><ele>1401.8</ele></trkpt><trkpt lat="46.17564973951069" lon="7.603655796626263"><ele>1401.8</ele></trkpt><trkpt lat="46.17559573949289" lon="7.6037077966097515"><ele>1401.9</ele></trkpt><trkpt lat="46.17555073947482" lon="7.6037467965936205"><ele>1402.0</ele></trkpt><trkpt lat="46.175495739862" lon="7.603784796893767"><ele>1400.0</ele></trkpt><trkpt lat="46.17545074001755" lon="7.60383679701274"><ele>1399.2</ele></trkpt><trkpt lat="46.17541474013423" lon="7.603875797101977"><ele>1398.6</ele></trkpt><trkpt lat="46.175387740289224" lon="7.603875797222545"><ele>1397.8</ele></trkpt><trkpt lat="46.17534274050245" lon="7.603874797388388"><ele>1396.7</ele></trkpt><trkpt lat="46.17528874069677" lon="7.603887797538765"><ele>1395.7</ele></trkpt><trkpt lat="46.17518074089239" lon="7.6039007976893584"><ele>1394.7</ele></trkpt><trkpt lat="46.175117741125405" lon="7.603900797870302"><ele>1393.5</ele></trkpt><trkpt lat="46.175055741262" lon="7.6039127979755685"><ele>1392.8</ele></trkpt><trkpt lat="46.174974741456964" lon="7.603938798125636"><ele>1391.8</ele></trkpt><trkpt lat="46.174920741554786" lon="7.603938798201141"><ele>1391.3</ele></trkpt><trkpt lat="46.174875741613725" lon="7.60392579824691"><ele>1391.0</ele></trkpt><trkpt lat="46.17480374161556" lon="7.603912798247614"><ele>1391.0</ele></trkpt><trkpt lat="46.17469574163754" lon="7.603885798263962"><ele>1390.9</ele></trkpt><trkpt lat="46.17461474177464" lon="7.6038857983696895"><ele>1390.2</ele></trkpt><trkpt lat="46.17446174251127" lon="7.6038857989424775"><ele>1386.4</ele></trkpt><trkpt lat="46.17438074274472" lon="7.603859799124317"><ele>1385.2</ele></trkpt><trkpt lat="46.17431774276563" lon="7.603884799138831"><ele>1385.1</ele></trkpt><trkpt lat="46.17422774276788" lon="7.603884799139191"><ele>1385.1</ele></trkpt><trkpt lat="46.174155742519154" lon="7.60393679894208"><ele>1386.4</ele></trkpt><trkpt lat="46.17404774225212" lon="7.604039798728432"><ele>1387.8</ele></trkpt><trkpt lat="46.174011742272306" lon="7.604052798743216"><ele>1387.7</ele></trkpt><trkpt lat="46.17399374242704" lon="7.604052798863748"><ele>1386.9</ele></trkpt><trkpt lat="46.17396674277481" lon="7.604039799135311"><ele>1385.1</ele></trkpt><trkpt lat="46.17390374300774" lon="7.6040267993166655"><ele>1383.9</ele></trkpt><trkpt lat="46.173876743143396" lon="7.604013799422584"><ele>1383.2</ele></trkpt><trkpt lat="46.17383174327954" lon="7.604025799527785"><ele>1382.5</ele></trkpt><trkpt lat="46.173795743396134" lon="7.604038799617864"><ele>1381.9</ele></trkpt><trkpt lat="46.17376874355111" lon="7.604025799738844"><ele>1381.1</ele></trkpt><trkpt lat="46.17375074364796" lon="7.604012799814614"><ele>1380.6</ele></trkpt><trkpt lat="46.17373274366765" lon="7.603999799830151"><ele>1380.5</ele></trkpt><trkpt lat="46.17373274366765" lon="7.603999799830151"><ele>1380.5</ele></trkpt><trkpt lat="46.1735987437862" lon="7.603662799931692"><ele>1379.9</ele></trkpt><trkpt lat="46.1735987437862" lon="7.603662799931692"><ele>1379.9</ele></trkpt><trkpt lat="46.17360774388231" lon="7.603610800008585"><ele>1379.4</ele></trkpt><trkpt lat="46.17361674390134" lon="7.603584800024427"><ele>1379.3</ele></trkpt><trkpt lat="46.17363474395867" lon="7.603559800070317"><ele>1379.0</ele></trkpt><trkpt lat="46.173661744092946" lon="7.603533800176424"><ele>1378.3</ele></trkpt><trkpt lat="46.173724744419054" lon="7.603520800432543"><ele>1376.6</ele></trkpt><trkpt lat="46.17376074461095" lon="7.603494800583782"><ele>1375.6</ele></trkpt><trkpt lat="46.17381474472519" lon="7.603430800675924"><ele>1375.0</ele></trkpt><trkpt lat="46.17385974499396" lon="7.603391800887762"><ele>1373.6</ele></trkpt><trkpt lat="46.17391374532036" lon="7.603378801143909"><ele>1371.9</ele></trkpt><trkpt lat="46.17394074522325" lon="7.603339801069751"><ele>1372.4</ele></trkpt><trkpt lat="46.17396774526105" lon="7.603301801100949"><ele>1372.2</ele></trkpt><trkpt lat="46.17398574495198" lon="7.603236800862032"><ele>1373.8</ele></trkpt><trkpt lat="46.17399474464314" lon="7.60318480062274"><ele>1375.4</ele></trkpt><trkpt lat="46.17400374437287" lon="7.603119800413983"><ele>1376.8</ele></trkpt><trkpt lat="46.174075743946695" lon="7.603042800084912"><ele>1379.0</ele></trkpt><trkpt lat="46.174093743734055" lon="7.603016799920055"><ele>1380.1</ele></trkpt><trkpt lat="46.174093743483326" lon="7.602990799725162"><ele>1381.4</ele></trkpt><trkpt lat="46.17407574338733" lon="7.602951799651195"><ele>1381.9</ele></trkpt><trkpt lat="46.17404874321447" lon="7.60293879951622"><ele>1382.8</ele></trkpt><trkpt lat="46.17403074296419" lon="7.602899799321809"><ele>1384.1</ele></trkpt><trkpt lat="46.174049742751556" lon="7.602874799156926"><ele>1385.2</ele></trkpt><trkpt lat="46.17407674259656" lon="7.602861799036794"><ele>1386.0</ele></trkpt><trkpt lat="46.17409474236467" lon="7.602835798856892"><ele>1387.2</ele></trkpt><trkpt lat="46.1741037421523" lon="7.602796798692498"><ele>1388.3</ele></trkpt><trkpt lat="46.1741037419787" lon="7.602770798557828"><ele>1389.2</ele></trkpt><trkpt lat="46.17406774169031" lon="7.602731798333401"><ele>1390.7</ele></trkpt><trkpt lat="46.174049741536486" lon="7.60271879821345"><ele>1391.5</ele></trkpt><trkpt lat="46.17404974134361" lon="7.602692798063741"><ele>1392.5</ele></trkpt><trkpt lat="46.17407674118861" lon="7.6026667979440266"><ele>1393.3</ele></trkpt><trkpt lat="46.17406774099599" lon="7.6026287977947336"><ele>1394.3</ele></trkpt><trkpt lat="46.174049740668586" lon="7.602615797539301"><ele>1396.0</ele></trkpt><trkpt lat="46.174049740668586" lon="7.602615797539301"><ele>1396.0</ele></trkpt><trkpt lat="46.174040740553096" lon="7.602589797449844"><ele>1396.6</ele></trkpt><trkpt lat="46.17402274059198" lon="7.602537797481694"><ele>1396.4</ele></trkpt><trkpt lat="46.17400474051528" lon="7.602485797423216"><ele>1396.8</ele></trkpt><trkpt lat="46.17404074037936" lon="7.602459797318525"><ele>1397.5</ele></trkpt><trkpt lat="46.17404974028262" lon="7.6024337972440525"><ele>1398.0</ele></trkpt><trkpt lat="46.17404074008996" lon="7.602394797094804"><ele>1399.0</ele></trkpt><trkpt lat="46.17402273968542" lon="7.602343796780395"><ele>1401.1</ele></trkpt><trkpt lat="46.174022739338234" lon="7.60227879651152"><ele>1402.9</ele></trkpt><trkpt lat="46.17404073920276" lon="7.602265796406494"><ele>1403.6</ele></trkpt><trkpt lat="46.174076738970406" lon="7.602239796226547"><ele>1404.8</ele></trkpt><trkpt lat="46.174148738409286" lon="7.60218879579136"><ele>1407.7</ele></trkpt><trkpt lat="46.17422173790586" lon="7.602097795402629"><ele>1410.3</ele></trkpt><trkpt lat="46.17434773703462" lon="7.601955794729345"><ele>1414.8</ele></trkpt><trkpt lat="46.174311736823476" lon="7.601955794563914"><ele>1415.9</ele></trkpt><trkpt lat="46.17426673661252" lon="7.601968794398095"><ele>1417.0</ele></trkpt><trkpt lat="46.17421273628612" lon="7.6019687941424205"><ele>1418.7</ele></trkpt><trkpt lat="46.174104735614" lon="7.601954793616481"><ele>1422.2</ele></trkpt><trkpt lat="46.17392473500161" lon="7.601915793136815"><ele>1425.4</ele></trkpt><trkpt lat="46.173834734637595" lon="7.601928792850763"><ele>1427.3</ele></trkpt><trkpt lat="46.173780734253306" lon="7.601902792550789"><ele>1429.3</ele></trkpt><trkpt lat="46.17376273408023" lon="7.601889792415822"><ele>1430.2</ele></trkpt><trkpt lat="46.17379873369358" lon="7.601850792115912"><ele>1432.2</ele></trkpt><trkpt lat="46.17386173313267" lon="7.6017857916812845"><ele>1435.1</ele></trkpt><trkpt lat="46.17393373270652" lon="7.6017737913502375"><ele>1437.3</ele></trkpt><trkpt lat="46.174005732453914" lon="7.6017737911542635"><ele>1438.6</ele></trkpt><trkpt lat="46.17405973227886" lon="7.601734791019863"><ele>1439.5</ele></trkpt><trkpt lat="46.17411373194963" lon="7.601708790764618"><ele>1441.2</ele></trkpt><trkpt lat="46.17417673206365" lon="7.601696790855067"><ele>1440.6</ele></trkpt><trkpt lat="46.17420373194716" lon="7.601644790766366"><ele>1441.2</ele></trkpt><trkpt lat="46.17423973183029" lon="7.6015407906793495"><ele>1441.8</ele></trkpt><trkpt lat="46.17430373126875" lon="7.601152790255468"><ele>1444.7</ele></trkpt><trkpt lat="46.17434873117082" lon="7.600958790186465"><ele>1445.2</ele></trkpt><trkpt lat="46.17436673109297" lon="7.600803790131335"><ele>1445.6</ele></trkpt><trkpt lat="46.17436673101567" lon="7.600712790074155"><ele>1446.0</ele></trkpt><trkpt lat="46.17434073090038" lon="7.600557789989116"><ele>1446.6</ele></trkpt><trkpt lat="46.1743317308039" lon="7.60034978992082"><ele>1447.1</ele></trkpt><trkpt lat="46.17431373057242" lon="7.60001378975149"><ele>1448.3</ele></trkpt><trkpt lat="46.17432373007054" lon="7.599883789364537"><ele>1450.9</ele></trkpt><trkpt lat="46.17435072976096" lon="7.599689789130136"><ele>1452.5</ele></trkpt><trkpt lat="46.17436872947091" lon="7.599495788910836"><ele>1454.0</ele></trkpt><trkpt lat="46.17441472929565" lon="7.599223788784315"><ele>1454.9</ele></trkpt><trkpt lat="46.174441729082474" lon="7.599029788625183"><ele>1456.0</ele></trkpt><trkpt lat="46.17445072881203" lon="7.598874788419694"><ele>1457.4</ele></trkpt><trkpt lat="46.17447772856045" lon="7.598796788226611"><ele>1458.7</ele></trkpt><trkpt lat="46.174531728481746" lon="7.5987057881692595"><ele>1459.1</ele></trkpt><trkpt lat="46.174531728481746" lon="7.5987057881692595"><ele>1459.1</ele></trkpt><trkpt lat="46.17465772865185" lon="7.59865478830584"><ele>1458.2</ele></trkpt><trkpt lat="46.174792728860226" lon="7.598577788473343"><ele>1457.1</ele></trkpt><trkpt lat="46.174972729144486" lon="7.5984617887021395"><ele>1455.6</ele></trkpt><trkpt lat="46.1750897292955" lon="7.59838378882461"><ele>1454.8</ele></trkpt><trkpt lat="46.17526172957996" lon="7.598254789053863"><ele>1453.3</ele></trkpt><trkpt lat="46.17538772984647" lon="7.5981777892665185"><ele>1451.9</ele></trkpt><trkpt lat="46.17538772984647" lon="7.5981777892665185"><ele>1451.9</ele></trkpt><trkpt lat="46.175450729188775" lon="7.597983788761256"><ele>1455.3</ele></trkpt><trkpt lat="46.17558572879886" lon="7.597647788471072"><ele>1457.3</ele></trkpt><trkpt lat="46.17561272854724" lon="7.597530788279326"><ele>1458.6</ele></trkpt><trkpt lat="46.17564972825667" lon="7.597349788059607"><ele>1460.1</ele></trkpt><trkpt lat="46.175703728119885" lon="7.5971687879601655"><ele>1460.8</ele></trkpt><trkpt lat="46.175766727905675" lon="7.596961787801396"><ele>1461.9</ele></trkpt><trkpt lat="46.17582072784611" lon="7.596793787761692"><ele>1462.2</ele></trkpt><trkpt lat="46.17588372776709" lon="7.5966767877051975"><ele>1462.6</ele></trkpt><trkpt lat="46.17595672751415" lon="7.596547787513708"><ele>1463.9</ele></trkpt><trkpt lat="46.176154727122345" lon="7.596094787227333"><ele>1465.9</ele></trkpt><trkpt lat="46.17619072708264" lon="7.596017787199694"><ele>1466.1</ele></trkpt><trkpt lat="46.176217727043124" lon="7.595900787173444"><ele>1466.3</ele></trkpt><trkpt lat="46.17627172698368" lon="7.595810787131139"><ele>1466.6</ele></trkpt><trkpt lat="46.17637172642138" lon="7.595668786699401"><ele>1469.5</ele></trkpt><trkpt lat="46.17646172643809" lon="7.59557778671713"><ele>1469.4</ele></trkpt><trkpt lat="46.1765247263205" lon="7.595461786630558"><ele>1470.0</ele></trkpt><trkpt lat="46.17655172595307" lon="7.5953327863490925"><ele>1471.9</ele></trkpt><trkpt lat="46.176560725508956" lon="7.595202786007605"><ele>1474.2</ele></trkpt><trkpt lat="46.17657872512256" lon="7.595099785710284"><ele>1476.2</ele></trkpt><trkpt lat="46.17662372506333" lon="7.595021785667632"><ele>1476.5</ele></trkpt><trkpt lat="46.176641724831256" lon="7.594943785489763"><ele>1477.7</ele></trkpt><trkpt lat="46.17665172442577" lon="7.594840785177461"><ele>1479.8</ele></trkpt><trkpt lat="46.17666072432893" lon="7.594762785104899"><ele>1480.3</ele></trkpt><trkpt lat="46.17669672428921" lon="7.594685785077295"><ele>1480.5</ele></trkpt><trkpt lat="46.176732724442445" lon="7.594620785199638"><ele>1479.7</ele></trkpt><trkpt lat="46.17676872420947" lon="7.594296785030088"><ele>1480.9</ele></trkpt><trkpt lat="46.17680472397681" lon="7.594180784853469"><ele>1482.1</ele></trkpt><trkpt lat="46.17685072364743" lon="7.594063784601676"><ele>1483.8</ele></trkpt><trkpt lat="46.17693172387642" lon="7.59388278478791"><ele>1482.6</ele></trkpt><trkpt lat="46.17695872335464" lon="7.593753784386286"><ele>1485.3</ele></trkpt><trkpt lat="46.17696772285264" lon="7.593610784000269"><ele>1487.9</ele></trkpt><trkpt lat="46.17699472254317" lon="7.593533783762259"><ele>1489.5</ele></trkpt><trkpt lat="46.177048722464306" lon="7.593404783706317"><ele>1489.9</ele></trkpt><trkpt lat="46.1770857222316" lon="7.5932747835302195"><ele>1491.1</ele></trkpt><trkpt lat="46.177112721979874" lon="7.593158783338665"><ele>1492.4</ele></trkpt><trkpt lat="46.177148721978725" lon="7.59305478334208"><ele>1492.4</ele></trkpt><trkpt lat="46.177229722091994" lon="7.59289978343724"><ele>1491.8</ele></trkpt><trkpt lat="46.1773107214529" lon="7.592692782947969"><ele>1495.1</ele></trkpt><trkpt lat="46.17739172102582" lon="7.592446782625406"><ele>1497.3</ele></trkpt><trkpt lat="46.177455720985044" lon="7.592213782603092"><ele>1497.5</ele></trkpt><trkpt lat="46.177455720985044" lon="7.592213782603092"><ele>1497.5</ele></trkpt><trkpt lat="46.17729372014119" lon="7.5924467819344255"><ele>1501.9</ele></trkpt><trkpt lat="46.17723871977635" lon="7.592524781646387"><ele>1503.8</ele></trkpt><trkpt lat="46.17718471952717" lon="7.592562781449908"><ele>1505.1</ele></trkpt><trkpt lat="46.17713071952867" lon="7.592562781450142"><ele>1505.1</ele></trkpt><trkpt lat="46.17713071952867" lon="7.592562781450142"><ele>1505.1</ele></trkpt><trkpt lat="46.17705871947275" lon="7.592562781405358"><ele>1505.4</ele></trkpt><trkpt lat="46.17700471928141" lon="7.592588781254383"><ele>1506.4</ele></trkpt><trkpt lat="46.176932719013465" lon="7.592665781041595"><ele>1507.8</ele></trkpt><trkpt lat="46.176869718648966" lon="7.592794780751801"><ele>1509.7</ele></trkpt><trkpt lat="46.17685171839887" lon="7.592885780553312"><ele>1511.0</ele></trkpt><trkpt lat="46.17683371818734" lon="7.592963780385337"><ele>1512.1</ele></trkpt><trkpt lat="46.17678871805371" lon="7.593027780278084"><ele>1512.8</ele></trkpt><trkpt lat="46.17673471782381" lon="7.593092780095671"><ele>1514.0</ele></trkpt><trkpt lat="46.17666271751743" lon="7.59320877985143"><ele>1515.6</ele></trkpt><trkpt lat="46.17655471698073" lon="7.593389779424689"><ele>1518.4</ele></trkpt><trkpt lat="46.1764827166936" lon="7.593493779195877"><ele>1519.9</ele></trkpt><trkpt lat="46.17642771646376" lon="7.5935577790134845"><ele>1521.1</ele></trkpt><trkpt lat="46.1763377161192" lon="7.593609778741468"><ele>1522.9</ele></trkpt><trkpt lat="46.17624771583253" lon="7.5936997785132085"><ele>1524.4</ele></trkpt><trkpt lat="46.17617571554543" lon="7.593777778285293"><ele>1525.9</ele></trkpt><trkpt lat="46.17611271529656" lon="7.593828778088343"><ele>1527.2</ele></trkpt><trkpt lat="46.17603171502888" lon="7.593867777876863"><ele>1528.6</ele></trkpt><trkpt lat="46.1759417147036" lon="7.593880777621228"><ele>1530.3</ele></trkpt><trkpt lat="46.17585171443609" lon="7.593879777411196"><ele>1531.7</ele></trkpt><trkpt lat="46.175788714187114" lon="7.593879777216036"><ele>1533.0</ele></trkpt><trkpt lat="46.175788714187114" lon="7.593879777216036"><ele>1533.0</ele></trkpt><trkpt lat="46.17579771405182" lon="7.593853777111685"><ele>1533.7</ele></trkpt><trkpt lat="46.17582471401246" lon="7.593827777082414"><ele>1533.9</ele></trkpt><trkpt lat="46.17586971397256" lon="7.5938157770525745"><ele>1534.1</ele></trkpt><trkpt lat="46.175959713969974" lon="7.593789777053097"><ele>1534.1</ele></trkpt><trkpt lat="46.176013714026304" lon="7.593776777098419"><ele>1533.8</ele></trkpt><trkpt lat="46.176058714063586" lon="7.593763777128745"><ele>1533.6</ele></trkpt><trkpt lat="46.17608571404344" lon="7.593725777114938"><ele>1533.7</ele></trkpt><trkpt lat="46.17612171390735" lon="7.5936477770123"><ele>1534.4</ele></trkpt><trkpt lat="46.17617671382844" lon="7.593556776955143"><ele>1534.8</ele></trkpt><trkpt lat="46.17631171368936" lon="7.593388776855257"><ele>1535.5</ele></trkpt><trkpt lat="46.17635671364932" lon="7.5932987768281714"><ele>1535.7</ele></trkpt><trkpt lat="46.176392713513046" lon="7.593169776727353"><ele>1536.4</ele></trkpt><trkpt lat="46.176419713492855" lon="7.593078776715422"><ele>1536.5</ele></trkpt><trkpt lat="46.17644671343395" lon="7.592923776675687"><ele>1536.8</ele></trkpt><trkpt lat="46.1764737134137" lon="7.592806776664674"><ele>1536.9</ele></trkpt><trkpt lat="46.17651071350876" lon="7.5926257767460665"><ele>1536.4</ele></trkpt><trkpt lat="46.17655571364207" lon="7.592366776860234"><ele>1535.7</ele></trkpt><trkpt lat="46.17659171387221" lon="7.592224777045447"><ele>1534.5</ele></trkpt><trkpt lat="46.17660971394872" lon="7.59214677710824"><ele>1534.1</ele></trkpt><trkpt lat="46.17660971394872" lon="7.59214677710824"><ele>1534.1</ele></trkpt><trkpt lat="46.176654713966634" lon="7.59208277712533"><ele>1534.0</ele></trkpt><trkpt lat="46.176690713946236" lon="7.59203077711198"><ele>1534.1</ele></trkpt><trkpt lat="46.17676271396338" lon="7.591965777128989"><ele>1534.0</ele></trkpt><trkpt lat="46.17691671405517" lon="7.5917727772102666"><ele>1533.5</ele></trkpt><trkpt lat="46.1770157139171" lon="7.591642777109223"><ele>1534.2</ele></trkpt><trkpt lat="46.177087713857034" lon="7.591552777066998"><ele>1534.5</ele></trkpt><trkpt lat="46.17715971373902" lon="7.59142377698107"><ele>1535.1</ele></trkpt><trkpt lat="46.17719571369925" lon="7.591306776954988"><ele>1535.3</ele></trkpt><trkpt lat="46.177258713774414" lon="7.591190777018921"><ele>1534.9</ele></trkpt><trkpt lat="46.17728571383138" lon="7.591112777066639"><ele>1534.6</ele></trkpt><trkpt lat="46.17729471377305" lon="7.591009777025157"><ele>1534.9</ele></trkpt><trkpt lat="46.177295713792105" lon="7.590879777044767"><ele>1534.8</ele></trkpt><trkpt lat="46.177286713657104" lon="7.590750776944178"><ele>1535.5</ele></trkpt><trkpt lat="46.17728671363757" lon="7.590607776934206"><ele>1535.6</ele></trkpt><trkpt lat="46.17730471342445" lon="7.59038777677662"><ele>1536.7</ele></trkpt><trkpt lat="46.17729671328937" lon="7.590219776677421"><ele>1537.4</ele></trkpt><trkpt lat="46.177305713192474" lon="7.5901157766059395"><ele>1537.9</ele></trkpt><trkpt lat="46.17731471317278" lon="7.5900247765940945"><ele>1538.0</ele></trkpt><trkpt lat="46.177323713075936" lon="7.589947776521658"><ele>1538.5</ele></trkpt><trkpt lat="46.177323713095056" lon="7.589856776539903"><ele>1538.4</ele></trkpt><trkpt lat="46.17734171315232" lon="7.589791776587199"><ele>1538.1</ele></trkpt><trkpt lat="46.17737771305466" lon="7.589701776515105"><ele>1538.6</ele></trkpt><trkpt lat="46.177449713013885" lon="7.589597776488422"><ele>1538.8</ele></trkpt><trkpt lat="46.1775307130114" lon="7.589494776491717"><ele>1538.8</ele></trkpt><trkpt lat="46.17761171302828" lon="7.5894177765091095"><ele>1538.7</ele></trkpt><trkpt lat="46.177656713084836" lon="7.589404776554439"><ele>1538.4</ele></trkpt><trkpt lat="46.17776471302381" lon="7.589352776510737"><ele>1538.7</ele></trkpt><trkpt lat="46.17786371288584" lon="7.5892887764074075"><ele>1539.4</ele></trkpt><trkpt lat="46.17800771259239" lon="7.589275776181889"><ele>1540.9</ele></trkpt><trkpt lat="46.17818771220152" lon="7.589302775879683"><ele>1542.9</ele></trkpt><trkpt lat="46.17821471218144" lon="7.589289775865"><ele>1543.0</ele></trkpt><trkpt lat="46.178241712180565" lon="7.589250775866262"><ele>1543.0</ele></trkpt><trkpt lat="46.17827771214082" lon="7.589159775839294"><ele>1543.2</ele></trkpt><trkpt lat="46.17829671212086" lon="7.589095775826459"><ele>1543.3</ele></trkpt><trkpt lat="46.1783057121205" lon="7.589017775829189"><ele>1543.3</ele></trkpt><trkpt lat="46.178341712003544" lon="7.588940775741633"><ele>1543.9</ele></trkpt><trkpt lat="46.17840471180867" lon="7.588823775595293"><ele>1544.9</ele></trkpt><trkpt lat="46.17846771165234" lon="7.588707775478964"><ele>1545.7</ele></trkpt><trkpt lat="46.17849471149711" lon="7.588629775361451"><ele>1546.5</ele></trkpt><trkpt lat="46.17851271143856" lon="7.588551775319081"><ele>1546.8</ele></trkpt><trkpt lat="46.17853071141859" lon="7.588461775307184"><ele>1546.9</ele></trkpt><trkpt lat="46.178530711379835" lon="7.588383775279921"><ele>1547.1</ele></trkpt><trkpt lat="46.17853971132157" lon="7.588293775238024"><ele>1547.4</ele></trkpt><trkpt lat="46.1785587113016" lon="7.5882157752257"><ele>1547.5</ele></trkpt><trkpt lat="46.17861271129969" lon="7.588008775232829"><ele>1547.5</ele></trkpt><trkpt lat="46.17868471147092" lon="7.5878147753746"><ele>1546.6</ele></trkpt><trkpt lat="46.17872971127634" lon="7.58759477523204"><ele>1547.6</ele></trkpt><trkpt lat="46.17877571133243" lon="7.5873357752861175"><ele>1547.3</ele></trkpt><trkpt lat="46.17879371127388" lon="7.5872447752442245"><ele>1547.6</ele></trkpt><trkpt lat="46.178802711254214" lon="7.587205775230555"><ele>1547.7</ele></trkpt><trkpt lat="46.17883871113736" lon="7.587141775142569"><ele>1548.3</ele></trkpt><trkpt lat="46.17887471103982" lon="7.587102775068709"><ele>1548.8</ele></trkpt><trkpt lat="46.17890171094247" lon="7.5870377749958156"><ele>1549.3</ele></trkpt><trkpt lat="46.17891071084562" lon="7.586973774922969"><ele>1549.8</ele></trkpt><trkpt lat="46.17891071082621" lon="7.586908774910273"><ele>1549.9</ele></trkpt><trkpt lat="46.178901710787805" lon="7.586869774881667"><ele>1550.1</ele></trkpt><trkpt lat="46.178883710768915" lon="7.586804774869051"><ele>1550.2</ele></trkpt><trkpt lat="46.17887471074978" lon="7.586752774855928"><ele>1550.3</ele></trkpt><trkpt lat="46.17886571067272" lon="7.586688774798181"><ele>1550.7</ele></trkpt><trkpt lat="46.17885771057631" lon="7.58657177472731"><ele>1551.2</ele></trkpt><trkpt lat="46.17886671042149" lon="7.586455774611282"><ele>1552.0</ele></trkpt><trkpt lat="46.17886671030552" lon="7.586312774526294"><ele>1552.6</ele></trkpt><trkpt lat="46.1788577101319" lon="7.586221774394446"><ele>1553.5</ele></trkpt><trkpt lat="46.17883971013223" lon="7.586144774397277"><ele>1553.5</ele></trkpt><trkpt lat="46.178821710151965" lon="7.58606677441516"><ele>1553.4</ele></trkpt><trkpt lat="46.17877671021094" lon="7.585962774464125"><ele>1553.1</ele></trkpt><trkpt lat="46.1787507102887" lon="7.585872774527516"><ele>1552.7</ele></trkpt><trkpt lat="46.178741710308074" lon="7.58579477454536"><ele>1552.6</ele></trkpt><trkpt lat="46.17875971024948" lon="7.585690774503955"><ele>1552.9</ele></trkpt><trkpt lat="46.17876871021059" lon="7.5856267744761725"><ele>1553.1</ele></trkpt><trkpt lat="46.17877771019087" lon="7.585535774464371"><ele>1553.2</ele></trkpt><trkpt lat="46.178786710074725" lon="7.585457774377036"><ele>1553.8</ele></trkpt><trkpt lat="46.1787957098813" lon="7.585341774231003"><ele>1554.8</ele></trkpt><trkpt lat="46.17881370966829" lon="7.5851987740709"><ele>1555.9</ele></trkpt><trkpt lat="46.17885970941588" lon="7.58503077388154"><ele>1557.2</ele></trkpt><trkpt lat="46.178895709202344" lon="7.584901773720866"><ele>1558.3</ele></trkpt><trkpt lat="46.17890470906691" lon="7.584810773619003"><ele>1559.0</ele></trkpt><trkpt lat="46.178886708951474" lon="7.58470677353274"><ele>1559.6</ele></trkpt><trkpt lat="46.178877708816465" lon="7.58459077343186"><ele>1560.3</ele></trkpt><trkpt lat="46.178850708720596" lon="7.5844737733611325"><ele>1560.8</ele></trkpt><trkpt lat="46.17883270860518" lon="7.584395773273938"><ele>1561.4</ele></trkpt><trkpt lat="46.17879770845167" lon="7.584305773157242"><ele>1562.2</ele></trkpt><trkpt lat="46.17872570833772" lon="7.5841627730726415"><ele>1562.8</ele></trkpt><trkpt lat="46.17868070793357" lon="7.584020772762728"><ele>1564.9</ele></trkpt><trkpt lat="46.17861770762651" lon="7.583890772527532"><ele>1566.5</ele></trkpt><trkpt lat="46.178474707302215" lon="7.583656772281446"><ele>1568.2</ele></trkpt><trkpt lat="46.178447707225715" lon="7.58359277222384"><ele>1568.6</ele></trkpt><trkpt lat="46.17843870720657" lon="7.583527772211222"><ele>1568.7</ele></trkpt><trkpt lat="46.17841170724575" lon="7.5834237722451165"><ele>1568.5</ele></trkpt><trkpt lat="46.178393707323316" lon="7.583358772307578"><ele>1568.1</ele></trkpt><trkpt lat="46.17838470743918" lon="7.583294772399983"><ele>1567.5</ele></trkpt><trkpt lat="46.17837570755516" lon="7.583255772491484"><ele>1566.9</ele></trkpt><trkpt lat="46.178348707633" lon="7.58321677255304"><ele>1566.5</ele></trkpt><trkpt lat="46.17832170780737" lon="7.583177772689644"><ele>1565.6</ele></trkpt><trkpt lat="46.17826770794374" lon="7.583047772799632"><ele>1564.9</ele></trkpt><trkpt lat="46.178258707905236" lon="7.582982772771997"><ele>1565.1</ele></trkpt><trkpt lat="46.17825070796317" lon="7.582905772819827"><ele>1564.8</ele></trkpt><trkpt lat="46.17823270804079" lon="7.582840772882283"><ele>1564.4</ele></trkpt><trkpt lat="46.17822370819529" lon="7.582775773004723"><ele>1563.6</ele></trkpt><trkpt lat="46.17822370838808" lon="7.582697773157603"><ele>1562.6</ele></trkpt><trkpt lat="46.17822370834929" lon="7.582607773130826"><ele>1562.8</ele></trkpt><trkpt lat="46.17822370834911" lon="7.582503773134571"><ele>1562.8</ele></trkpt><trkpt lat="46.17822370840682" lon="7.582400773183295"><ele>1562.5</ele></trkpt><trkpt lat="46.17822370844536" lon="7.582348773215178"><ele>1562.3</ele></trkpt><trkpt lat="46.17821470846476" lon="7.582283773232562"><ele>1562.2</ele></trkpt><trkpt lat="46.17817070865867" lon="7.582140773387962"><ele>1561.2</ele></trkpt><trkpt lat="46.17813470877534" lon="7.582076773480455"><ele>1560.6</ele></trkpt><trkpt lat="46.178116708833585" lon="7.582011773527887"><ele>1560.3</ele></trkpt><trkpt lat="46.178107708949476" lon="7.5819467736203"><ele>1559.7</ele></trkpt><trkpt lat="46.178089709027105" lon="7.581894773682268"><ele>1559.3</ele></trkpt><trkpt lat="46.178053709278714" lon="7.581790773881225"><ele>1558.0</ele></trkpt><trkpt lat="46.1780267092987" lon="7.5817267738986445"><ele>1557.9</ele></trkpt><trkpt lat="46.17801770933742" lon="7.581687773930089"><ele>1557.7</ele></trkpt><trkpt lat="46.17800870939549" lon="7.581622773977479"><ele>1557.4</ele></trkpt><trkpt lat="46.178009709588125" lon="7.581480774132607"><ele>1556.4</ele></trkpt><trkpt lat="46.177991709704315" lon="7.5814287742245785"><ele>1555.8</ele></trkpt><trkpt lat="46.17797370974333" lon="7.5813897742560625"><ele>1555.6</ele></trkpt><trkpt lat="46.17793770978285" lon="7.581350774287622"><ele>1555.4</ele></trkpt><trkpt lat="46.1778927098613" lon="7.581337774348307"><ele>1555.0</ele></trkpt><trkpt lat="46.177838709978545" lon="7.5813117744394996"><ele>1554.4</ele></trkpt><trkpt lat="46.17776671013484" lon="7.5812727745612465"><ele>1553.6</ele></trkpt><trkpt lat="46.177667710349745" lon="7.581194774729514"><ele>1552.5</ele></trkpt><trkpt lat="46.17761371056338" lon="7.581142774896649"><ele>1551.4</ele></trkpt><trkpt lat="46.17755071081583" lon="7.581064775094752"><ele>1550.1</ele></trkpt><trkpt lat="46.17750571091348" lon="7.58099977517229"><ele>1549.6</ele></trkpt><trkpt lat="46.17747871095274" lon="7.580947775204269"><ele>1549.4</ele></trkpt><trkpt lat="46.177460710991774" lon="7.580934775234818"><ele>1549.2</ele></trkpt><trkpt lat="46.1774337110697" lon="7.5809217752954146"><ele>1548.8</ele></trkpt><trkpt lat="46.17739871116711" lon="7.580908775371045"><ele>1548.3</ele></trkpt><trkpt lat="46.177371711245044" lon="7.580895775431638"><ele>1547.9</ele></trkpt><trkpt lat="46.177326711304104" lon="7.580856775478235"><ele>1547.6</ele></trkpt><trkpt lat="46.1772907114015" lon="7.580817775554796"><ele>1547.1</ele></trkpt><trkpt lat="46.17725471159537" lon="7.580765775706834"><ele>1546.1</ele></trkpt><trkpt lat="46.17721871175055" lon="7.580675775830213"><ele>1545.3</ele></trkpt><trkpt lat="46.17720071190527" lon="7.580610775952622"><ele>1544.5</ele></trkpt><trkpt lat="46.177191711982594" lon="7.5805587760145166"><ele>1544.1</ele></trkpt><trkpt lat="46.177200712136525" lon="7.580493776136802"><ele>1543.3</ele></trkpt><trkpt lat="46.17720071230998" lon="7.580390776275472"><ele>1542.4</ele></trkpt><trkpt lat="46.17720071236775" lon="7.580325776322785"><ele>1542.1</ele></trkpt><trkpt lat="46.17719171234863" lon="7.580286776309207"><ele>1542.2</ele></trkpt><trkpt lat="46.17716471238789" lon="7.580234776341176"><ele>1542.0</ele></trkpt><trkpt lat="46.177129712465955" lon="7.580169776403638"><ele>1541.6</ele></trkpt><trkpt lat="46.17709371240895" lon="7.580105776361061"><ele>1541.9</ele></trkpt><trkpt lat="46.17703971227534" lon="7.580027776259064"><ele>1542.6</ele></trkpt><trkpt lat="46.17702171227583" lon="7.580014776259608"><ele>1542.6</ele></trkpt><trkpt lat="46.17702171227583" lon="7.580014776259608"><ele>1542.6</ele></trkpt><trkpt lat="46.17692271281826" lon="7.579754776689272"><ele>1539.8</ele></trkpt><trkpt lat="46.17688671299278" lon="7.579703776826239"><ele>1538.9</ele></trkpt><trkpt lat="46.1767707131501" lon="7.579521776953187"><ele>1538.1</ele></trkpt><trkpt lat="46.176662713326415" lon="7.579326777095555"><ele>1537.2</ele></trkpt><trkpt lat="46.17660871352068" lon="7.579249777248504"><ele>1536.2</ele></trkpt><trkpt lat="46.17655471365713" lon="7.579184777356026"><ele>1535.5</ele></trkpt><trkpt lat="46.17651871369661" lon="7.579132777388014"><ele>1535.3</ele></trkpt><trkpt lat="46.176491713813014" lon="7.5790677774804225"><ele>1534.7</ele></trkpt><trkpt lat="46.17646471412224" lon="7.578963777724181"><ele>1533.1</ele></trkpt><trkpt lat="46.17646471412224" lon="7.578963777724181"><ele>1533.1</ele></trkpt><trkpt lat="46.176455714180285" lon="7.578925777770559"><ele>1532.8</ele></trkpt><trkpt lat="46.176438714296445" lon="7.578873777862453"><ele>1532.2</ele></trkpt><trkpt lat="46.17640271445162" lon="7.578808777984882"><ele>1531.4</ele></trkpt><trkpt lat="46.17636671445252" lon="7.578743777987331"><ele>1531.4</ele></trkpt><trkpt lat="46.17634871456866" lon="7.578678778079685"><ele>1530.8</ele></trkpt><trkpt lat="46.17632171456921" lon="7.578562778083886"><ele>1530.8</ele></trkpt><trkpt lat="46.17629471466614" lon="7.578406778164484"><ele>1530.3</ele></trkpt><trkpt lat="46.176267714878946" lon="7.578315778332767"><ele>1529.2</ele></trkpt><trkpt lat="46.1762497148986" lon="7.578264778349637"><ele>1529.1</ele></trkpt><trkpt lat="46.17625871497539" lon="7.5781867784123245"><ele>1528.7</ele></trkpt><trkpt lat="46.1762507150912" lon="7.578121778504623"><ele>1528.1</ele></trkpt><trkpt lat="46.17622371540042" lon="7.578017778748329"><ele>1526.5</ele></trkpt><trkpt lat="46.17616071590343" lon="7.5778627791439295"><ele>1523.9</ele></trkpt><trkpt lat="46.176124716174265" lon="7.577719779359031"><ele>1522.5</ele></trkpt><trkpt lat="46.17606171654217" lon="7.5775387796505385"><ele>1520.6</ele></trkpt><trkpt lat="46.17594571714289" lon="7.577266780125374"><ele>1517.5</ele></trkpt><trkpt lat="46.175918717162816" lon="7.57720178014275"><ele>1517.4</ele></trkpt><trkpt lat="46.17589171714421" lon="7.5771497801296865"><ele>1517.5</ele></trkpt><trkpt lat="46.1758917171249" lon="7.5771237801156035"><ele>1517.6</ele></trkpt><trkpt lat="46.17591871710476" lon="7.577084780101854"><ele>1517.7</ele></trkpt><trkpt lat="46.17591871710476" lon="7.577084780101854"><ele>1517.7</ele></trkpt><trkpt lat="46.17577471695406" lon="7.576838779991119"><ele>1518.5</ele></trkpt><trkpt lat="46.17557771674682" lon="7.5765277798379245"><ele>1519.6</ele></trkpt><trkpt lat="46.175406716500405" lon="7.576267779652863"><ele>1520.9</ele></trkpt><trkpt lat="46.17535271638599" lon="7.5761647795667555"><ele>1521.5</ele></trkpt><trkpt lat="46.175308716290616" lon="7.576060779495628"><ele>1522.0</ele></trkpt><trkpt lat="46.175281716194725" lon="7.575969779423979"><ele>1522.5</ele></trkpt><trkpt lat="46.17528171609806" lon="7.5758277793539985"><ele>1523.0</ele></trkpt><trkpt lat="46.17528171609806" lon="7.5758277793539985"><ele>1523.0</ele></trkpt><trkpt lat="46.175299716058916" lon="7.575775779325761"><ele>1523.2</ele></trkpt><trkpt lat="46.17531771603905" lon="7.575736779312061"><ele>1523.3</ele></trkpt><trkpt lat="46.17533571611558" lon="7.575697779373308"><ele>1522.9</ele></trkpt><trkpt lat="46.17533571611558" lon="7.575697779373308"><ele>1522.9</ele></trkpt><trkpt lat="46.17538071597925" lon="7.575646779269972"><ele>1523.6</ele></trkpt><trkpt lat="46.17538071597925" lon="7.575646779269972"><ele>1523.6</ele></trkpt><trkpt lat="46.175416715958974" lon="7.5756337792552815"><ele>1523.7</ele></trkpt><trkpt lat="46.17547071589958" lon="7.575633779210075"><ele>1524.0</ele></trkpt><trkpt lat="46.17547071589958" lon="7.575633779210075"><ele>1524.0</ele></trkpt><trkpt lat="46.17552471584019" lon="7.575646779164417"><ele>1524.3</ele></trkpt><trkpt lat="46.17558771576131" lon="7.575672779103267"><ele>1524.7</ele></trkpt><trkpt lat="46.17565071568246" lon="7.575698779042123"><ele>1525.1</ele></trkpt><trkpt lat="46.17593771515394" lon="7.575893778629284"><ele>1527.8</ele></trkpt><trkpt lat="46.176117714801904" lon="7.576010778354546"><ele>1529.6</ele></trkpt><trkpt lat="46.17625271456675" lon="7.576088778171321"><ele>1530.8</ele></trkpt><trkpt lat="46.17645071421416" lon="7.576192777896948"><ele>1532.6</ele></trkpt><trkpt lat="46.17659471392086" lon="7.576283777668233"><ele>1534.1</ele></trkpt><trkpt lat="46.176666713803236" lon="7.576335777576129"><ele>1534.7</ele></trkpt><trkpt lat="46.176728713666556" lon="7.576387777469075"><ele>1535.4</ele></trkpt><trkpt lat="46.176836713451465" lon="7.576491777300015"><ele>1536.5</ele></trkpt><trkpt lat="46.17711571284611" lon="7.576803776822977"><ele>1539.6</ele></trkpt><trkpt lat="46.177241712591965" lon="7.576919776623396"><ele>1540.9</ele></trkpt><trkpt lat="46.177375712337614" lon="7.5770367764237445"><ele>1542.2</ele></trkpt><trkpt lat="46.17745671220038" lon="7.5771017763161215"><ele>1542.9</ele></trkpt><trkpt lat="46.177510712083155" lon="7.577140776224534"><ele>1543.5</ele></trkpt><trkpt lat="46.17756471198519" lon="7.57715377614887"><ele>1544.0</ele></trkpt><trkpt lat="46.177609711906754" lon="7.577140776089156"><ele>1544.4</ele></trkpt><trkpt lat="46.17766371180871" lon="7.577115776014832"><ele>1544.9</ele></trkpt><trkpt lat="46.17770871171088" lon="7.577076775941053"><ele>1545.4</ele></trkpt><trkpt lat="46.177960711124285" lon="7.576727775502563"><ele>1548.4</ele></trkpt><trkpt lat="46.17817771061605" lon="7.57645677512146"><ele>1551.0</ele></trkpt><trkpt lat="46.17817771061605" lon="7.57645677512146"><ele>1551.0</ele></trkpt><trkpt lat="46.17823171044068" lon="7.576352774989997"><ele>1551.9</ele></trkpt><trkpt lat="46.17823171044068" lon="7.576352774989997"><ele>1551.9</ele></trkpt><trkpt lat="46.178267710343036" lon="7.576274774917663"><ele>1552.4</ele></trkpt><trkpt lat="46.17828571026525" lon="7.5762237748594385"><ele>1552.8</ele></trkpt><trkpt lat="46.178303710226" lon="7.576145774832167"><ele>1553.0</ele></trkpt><trkpt lat="46.17831271018706" lon="7.576093774804"><ele>1553.2</ele></trkpt><trkpt lat="46.17831271018706" lon="7.576093774804"><ele>1553.2</ele></trkpt><trkpt lat="46.178366710224175" lon="7.576106774833283"><ele>1553.0</ele></trkpt><trkpt lat="46.17841171022295" lon="7.576145774831687"><ele>1553.0</ele></trkpt><trkpt lat="46.17841171022295" lon="7.576145774831687"><ele>1553.0</ele></trkpt><trkpt lat="46.178429710183686" lon="7.576081774803911"><ele>1553.2</ele></trkpt><trkpt lat="46.1785017096992" lon="7.576016774431126"><ele>1555.7</ele></trkpt><trkpt lat="46.178537709408694" lon="7.575977774207495"><ele>1557.2</ele></trkpt><trkpt lat="46.17856470904124" lon="7.5759137739248334"><ele>1559.1</ele></trkpt><trkpt lat="46.17856470877099" lon="7.575861773716823"><ele>1560.5</ele></trkpt><trkpt lat="46.178564708230574" lon="7.57574477330128"><ele>1563.3</ele></trkpt><trkpt lat="46.17856470776733" lon="7.575628772945681"><ele>1565.7</ele></trkpt><trkpt lat="46.17857470749676" lon="7.575537772739049"><ele>1567.1</ele></trkpt><trkpt lat="46.17859270732249" lon="7.575498772605466"><ele>1568.0</ele></trkpt><trkpt lat="46.17861970707088" lon="7.57547277241141"><ele>1569.3</ele></trkpt><trkpt lat="46.17867370674119" lon="7.5754217721581805"><ele>1571.0</ele></trkpt><trkpt lat="46.178727706353726" lon="7.575382771859549"><ele>1573.0</ele></trkpt><trkpt lat="46.178799705560486" lon="7.575330771246522"><ele>1577.1</ele></trkpt><trkpt lat="46.178799705560486" lon="7.575330771246522"><ele>1577.1</ele></trkpt><trkpt lat="46.1787637056" lon="7.575266771278989"><ele>1576.9</ele></trkpt><trkpt lat="46.1787637056" lon="7.575266771278989"><ele>1576.9</ele></trkpt><trkpt lat="46.17863770585405" lon="7.575058771481967"><ele>1575.6</ele></trkpt><trkpt lat="46.178422705859695" lon="7.574734771494686"><ele>1575.6</ele></trkpt><trkpt lat="46.17838670580275" lon="7.574682771451769"><ele>1575.9</ele></trkpt><trkpt lat="46.17833270566912" lon="7.574591771350397"><ele>1576.6</ele></trkpt><trkpt lat="46.17833270566912" lon="7.574591771350397"><ele>1576.6</ele></trkpt><trkpt lat="46.17832370568869" lon="7.574604771364956"><ele>1576.5</ele></trkpt><trkpt lat="46.178296705689476" lon="7.574604771365076"><ele>1576.5</ele></trkpt><trkpt lat="46.17818870555747" lon="7.574539771263004"><ele>1577.2</ele></trkpt><trkpt lat="46.17818870555747" lon="7.574539771263004"><ele>1577.2</ele></trkpt><trkpt lat="46.178179705519106" lon="7.574539771233072"><ele>1577.4</ele></trkpt><trkpt lat="46.17811670544374" lon="7.574513771174347"><ele>1577.8</ele></trkpt><trkpt lat="46.17807170538712" lon="7.574500771130059"><ele>1578.1</ele></trkpt><trkpt lat="46.17803570533029" lon="7.574487771085729"><ele>1578.4</ele></trkpt><trkpt lat="46.17803570533029" lon="7.574487771085729"><ele>1578.4</ele></trkpt><trkpt lat="46.17797270525494" lon="7.574500771025589"><ele>1578.8</ele></trkpt><trkpt lat="46.17797270525494" lon="7.574500771025589"><ele>1578.8</ele></trkpt><trkpt lat="46.17791870519864" lon="7.574499770980906"><ele>1579.1</ele></trkpt><trkpt lat="46.17772070501159" lon="7.574564770829554"><ele>1580.1</ele></trkpt><trkpt lat="46.177675704955014" lon="7.574564770784794"><ele>1580.4</ele></trkpt><trkpt lat="46.17761270491826" lon="7.574563770755139"><ele>1580.6</ele></trkpt><trkpt lat="46.177522704843675" lon="7.574550770696063"><ele>1581.0</ele></trkpt><trkpt lat="46.17701970437572" lon="7.574368770330274"><ele>1583.5</ele></trkpt><trkpt lat="46.17689370424424" lon="7.574329770227356"><ele>1584.2</ele></trkpt><trkpt lat="46.17689370424424" lon="7.574329770227356"><ele>1584.2</ele></trkpt><trkpt lat="46.17669570401849" lon="7.574276770050345"><ele>1585.4</ele></trkpt><trkpt lat="46.17620970364666" lon="7.574172769756605"><ele>1587.4</ele></trkpt><trkpt lat="46.17620970364666" lon="7.574172769756605"><ele>1587.4</ele></trkpt><trkpt lat="46.17612870359112" lon="7.5741457697130015"><ele>1587.7</ele></trkpt><trkpt lat="46.1760037035368" lon="7.574106769670032"><ele>1588.0</ele></trkpt><trkpt lat="46.175805703503826" lon="7.574015769644282"><ele>1588.2</ele></trkpt><trkpt lat="46.175634703547324" lon="7.573950769677406"><ele>1588.0</ele></trkpt></trkseg></trk></gpx>