<?xml version="1.0" encoding="utf-8"?><gpx version="1.1" creator="MySchweizMobil - https://map.schweizmobil.ch/" xmlns:xsi="http://www.w3.org/2001/XMLSchema-instance" xmlns="http://www.topografix.com/GPX/1/1" xsi:schemaLocation="http://www.topografix.com/GPX/1/1 http://www.topografix.com/GPX/1/1/gpx.xsd"><metadata><name>6 Alpine Passes Trail - Stage 4</name><bounds minlat="46.54496756118497" minlon="9.43843375722678" maxlat="46.5948047768777" maxlon="9.593871772084482" /></metadata><trk><name>6 Alpine Passes Trail - Stage 4</name><trkseg><trkpt lat="46.5948047768777" lon="9.5938057751462"><ele>1177.0</ele></trkpt><trkpt lat="46.594732776859495" lon="9.593802775126692"><ele>1177.1</ele></trkpt><trkpt lat="46.59471477685989" lon="9.5938017751268"><ele>1177.1</ele></trkpt><trkpt lat="46.59468777684071" lon="9.593800775107038"><ele>1177.2</ele></trkpt><trkpt lat="46.59466977680154" lon="9.59378677506766"><ele>1177.4</ele></trkpt><trkpt lat="46.59464377678231" lon="9.593772775048242"><ele>1177.5</ele></trkpt><trkpt lat="46.59461677672352" lon="9.593745774989344"><ele>1177.8</ele></trkpt><trkpt lat="46.59458177668471" lon="9.593704774950778"><ele>1178.0</ele></trkpt><trkpt lat="46.594448776509495" lon="9.59359577477509"><ele>1178.9</ele></trkpt><trkpt lat="46.59437777641209" lon="9.593539774677348"><ele>1179.4</ele></trkpt><trkpt lat="46.594342776353535" lon="9.593512774618485"><ele>1179.7</ele></trkpt><trkpt lat="46.594342776353535" lon="9.593512774618485"><ele>1179.7</ele></trkpt><trkpt lat="46.59429777629516" lon="9.593484774559707"><ele>1180.0</ele></trkpt><trkpt lat="46.59417377610007" lon="9.59340177436336"><ele>1181.0</ele></trkpt><trkpt lat="46.59417377610007" lon="9.59340177436336"><ele>1181.0</ele></trkpt><trkpt lat="46.59398677580743" lon="9.593276774068869"><ele>1182.5</ele></trkpt><trkpt lat="46.59395977576844" lon="9.59326277402954"><ele>1182.7</ele></trkpt><trkpt lat="46.59394277570946" lon="9.593222773970957"><ele>1183.0</ele></trkpt><trkpt lat="46.593916775650676" lon="9.59318277391242"><ele>1183.3</ele></trkpt><trkpt lat="46.593916775650676" lon="9.59318277391242"><ele>1183.3</ele></trkpt><trkpt lat="46.59372277524029" lon="9.59342277348852"><ele>1185.4</ele></trkpt><trkpt lat="46.59368677514231" lon="9.593460773388069"><ele>1185.9</ele></trkpt><trkpt lat="46.59368677514231" lon="9.593460773388069"><ele>1185.9</ele></trkpt><trkpt lat="46.59359477488752" lon="9.593547773127195"><ele>1187.2</ele></trkpt><trkpt lat="46.59345677451534" lon="9.593712772744892"><ele>1189.1</ele></trkpt><trkpt lat="46.59343777443678" lon="9.593737772664626"><ele>1189.5</ele></trkpt><trkpt lat="46.59334677420171" lon="9.593799772424338"><ele>1190.7</ele></trkpt><trkpt lat="46.59334677420171" lon="9.593799772424338"><ele>1190.7</ele></trkpt><trkpt lat="46.5933107741235" lon="9.593823772344177"><ele>1191.1</ele></trkpt><trkpt lat="46.59328377404499" lon="9.5938357722643"><ele>1191.5</ele></trkpt><trkpt lat="46.59323777394727" lon="9.593860772164243"><ele>1192.0</ele></trkpt><trkpt lat="46.59319277386923" lon="9.593871772084482"><ele>1192.4</ele></trkpt><trkpt lat="46.59317477383009" lon="9.593870772044756"><ele>1192.6</ele></trkpt><trkpt lat="46.59316577381054" lon="9.593870772024882"><ele>1192.7</ele></trkpt><trkpt lat="46.593147773771356" lon="9.59385677198551"><ele>1192.9</ele></trkpt><trkpt lat="46.593147773771356" lon="9.59385677198551"><ele>1192.9</ele></trkpt><trkpt lat="46.59312977375202" lon="9.593842771966061"><ele>1193.0</ele></trkpt><trkpt lat="46.59312177373237" lon="9.593829771946538"><ele>1193.1</ele></trkpt><trkpt lat="46.59311277369301" lon="9.593789771907847"><ele>1193.3</ele></trkpt><trkpt lat="46.59308777357485" lon="9.593723771790268"><ele>1193.9</ele></trkpt><trkpt lat="46.593070773456496" lon="9.593644771673015"><ele>1194.5</ele></trkpt><trkpt lat="46.59305477335788" lon="9.593565771575676"><ele>1195.0</ele></trkpt><trkpt lat="46.59303777321977" lon="9.593473771438871"><ele>1195.7</ele></trkpt><trkpt lat="46.59302177312117" lon="9.593394771341535"><ele>1196.2</ele></trkpt><trkpt lat="46.59301577286416" lon="9.593250771086618"><ele>1197.5</ele></trkpt><trkpt lat="46.59301577286416" lon="9.593250771086618"><ele>1197.5</ele></trkpt><trkpt lat="46.592978772034186" lon="9.592805770262622"><ele>1201.7</ele></trkpt><trkpt lat="46.592970771935455" lon="9.592752770164553"><ele>1202.2</ele></trkpt><trkpt lat="46.59296277181701" lon="9.592700770046537"><ele>1202.8</ele></trkpt><trkpt lat="46.59294577169867" lon="9.592634769928956"><ele>1203.4</ele></trkpt><trkpt lat="46.59291177148187" lon="9.592541769712637"><ele>1204.5</ele></trkpt><trkpt lat="46.5928777713046" lon="9.592448769536146"><ele>1205.4</ele></trkpt><trkpt lat="46.59286077122586" lon="9.592409769457651"><ele>1205.8</ele></trkpt><trkpt lat="46.59284277112739" lon="9.592369769359275"><ele>1206.3</ele></trkpt><trkpt lat="46.592816771009275" lon="9.592329769241028"><ele>1206.9</ele></trkpt><trkpt lat="46.592790770910995" lon="9.592288769142717"><ele>1207.4</ele></trkpt><trkpt lat="46.5927467707538" lon="9.592221768985482"><ele>1208.2</ele></trkpt><trkpt lat="46.5927467707538" lon="9.592221768985482"><ele>1208.2</ele></trkpt><trkpt lat="46.59272077067525" lon="9.592194768906703"><ele>1208.6</ele></trkpt><trkpt lat="46.59270277059655" lon="9.592154768828246"><ele>1209.0</ele></trkpt><trkpt lat="46.592668770379774" lon="9.592062768611923"><ele>1210.1</ele></trkpt><trkpt lat="46.5926437702616" lon="9.591995768494426"><ele>1210.7</ele></trkpt><trkpt lat="46.5926437702616" lon="9.591995768494426"><ele>1210.7</ele></trkpt><trkpt lat="46.59263477022229" lon="9.591982768455008"><ele>1210.9</ele></trkpt><trkpt lat="46.59262577020269" lon="9.591968768435528"><ele>1211.0</ele></trkpt><trkpt lat="46.59260777018332" lon="9.591968768415697"><ele>1211.1</ele></trkpt><trkpt lat="46.59257177012485" lon="9.591966768356189"><ele>1211.4</ele></trkpt><trkpt lat="46.592553770105496" lon="9.591979768335994"><ele>1211.5</ele></trkpt><trkpt lat="46.59253577008617" lon="9.591991768315834"><ele>1211.6</ele></trkpt><trkpt lat="46.59253577008617" lon="9.591991768315834"><ele>1211.6</ele></trkpt><trkpt lat="46.592517770047024" lon="9.591964768276847"><ele>1211.8</ele></trkpt><trkpt lat="46.592508770027386" lon="9.591964768256974"><ele>1211.9</ele></trkpt><trkpt lat="46.59249977000788" lon="9.59196376823713"><ele>1212.0</ele></trkpt><trkpt lat="46.59248176994897" lon="9.59196376817748"><ele>1212.3</ele></trkpt><trkpt lat="46.59239976951622" lon="9.592038767737685"><ele>1214.5</ele></trkpt><trkpt lat="46.59238176937829" lon="9.592050767598042"><ele>1215.2</ele></trkpt><trkpt lat="46.59236376929967" lon="9.592049767518507"><ele>1215.6</ele></trkpt><trkpt lat="46.59234476920131" lon="9.592062767418666"><ele>1216.1</ele></trkpt><trkpt lat="46.59229976898494" lon="9.592060767199891"><ele>1217.2</ele></trkpt><trkpt lat="46.59221976861123" lon="9.592031766822739"><ele>1219.1</ele></trkpt><trkpt lat="46.59216576841482" lon="9.59202876662395"><ele>1220.1</ele></trkpt><trkpt lat="46.592147768316444" lon="9.592028766524468"><ele>1220.6</ele></trkpt><trkpt lat="46.59212076823798" lon="9.592027766444977"><ele>1221.0</ele></trkpt><trkpt lat="46.59207576804141" lon="9.59203876624575"><ele>1222.0</ele></trkpt><trkpt lat="46.592057767962814" lon="9.592037766166213"><ele>1222.4</ele></trkpt><trkpt lat="46.592011767766245" lon="9.592061765966632"><ele>1223.4</ele></trkpt><trkpt lat="46.5919577675304" lon="9.592098765726885"><ele>1224.6</ele></trkpt><trkpt lat="46.59190276731436" lon="9.592135765507061"><ele>1225.7</ele></trkpt><trkpt lat="46.59183876705899" lon="9.59217276524745"><ele>1227.0</ele></trkpt><trkpt lat="46.591811766960824" lon="9.59218476514768"><ele>1227.5</ele></trkpt><trkpt lat="46.591748766705415" lon="9.592208764888428"><ele>1228.8</ele></trkpt><trkpt lat="46.59168476645002" lon="9.592218764629582"><ele>1230.1</ele></trkpt><trkpt lat="46.59163976629297" lon="9.59222976447018"><ele>1230.9</ele></trkpt><trkpt lat="46.591540765860515" lon="9.592239764032282"><ele>1233.1</ele></trkpt><trkpt lat="46.591540765860515" lon="9.592239764032282"><ele>1233.1</ele></trkpt><trkpt lat="46.591414765231086" lon="9.592234763395815"><ele>1236.3</ele></trkpt><trkpt lat="46.59139676517221" lon="9.592233763336186"><ele>1236.6</ele></trkpt><trkpt lat="46.5913787651331" lon="9.592219763296844"><ele>1236.8</ele></trkpt><trkpt lat="46.5913617650939" lon="9.592205763257503"><ele>1237.0</ele></trkpt><trkpt lat="46.5913617650939" lon="9.592205763257503"><ele>1237.0</ele></trkpt><trkpt lat="46.59136276505431" lon="9.592153763219157"><ele>1237.2</ele></trkpt><trkpt lat="46.59133676475835" lon="9.592074762922843"><ele>1238.7</ele></trkpt><trkpt lat="46.591201763239184" lon="9.591598761403906"><ele>1246.4</ele></trkpt><trkpt lat="46.591201763239184" lon="9.591598761403906"><ele>1246.4</ele></trkpt><trkpt lat="46.59119376312072" lon="9.591559761285598"><ele>1247.0</ele></trkpt><trkpt lat="46.591176762963" lon="9.59151976112754"><ele>1247.8</ele></trkpt><trkpt lat="46.5911677628446" lon="9.591493761008868"><ele>1248.4</ele></trkpt><trkpt lat="46.59112476252926" lon="9.591413760692806"><ele>1250.0</ele></trkpt><trkpt lat="46.59096676154459" lon="9.591211759703878"><ele>1255.0</ele></trkpt><trkpt lat="46.590930761367595" lon="9.59118375952567"><ele>1255.9</ele></trkpt><trkpt lat="46.59082476071787" lon="9.591087758871938"><ele>1259.2</ele></trkpt><trkpt lat="46.59079776054062" lon="9.591060758693667"><ele>1260.1</ele></trkpt><trkpt lat="46.59078076040268" lon="9.591046758554787"><ele>1260.8</ele></trkpt><trkpt lat="46.59076276030423" lon="9.59102075845608"><ele>1261.3</ele></trkpt><trkpt lat="46.59072776002832" lon="9.590953758179472"><ele>1262.7</ele></trkpt><trkpt lat="46.590692759752386" lon="9.590899757902482"><ele>1264.1</ele></trkpt><trkpt lat="46.59064975941737" lon="9.59080675756695"><ele>1265.8</ele></trkpt><trkpt lat="46.59050375813596" lon="9.590474756283319"><ele>1272.3</ele></trkpt><trkpt lat="46.590476757958676" lon="9.590434756105452"><ele>1273.2</ele></trkpt><trkpt lat="46.590415757584594" lon="9.59035375572988"><ele>1275.1</ele></trkpt><trkpt lat="46.59039775752569" lon="9.590339755670659"><ele>1275.4</ele></trkpt><trkpt lat="46.590379757486595" lon="9.590339755630932"><ele>1275.6</ele></trkpt><trkpt lat="46.59036175742776" lon="9.590338755571327"><ele>1275.9</ele></trkpt><trkpt lat="46.59036175742776" lon="9.590338755571327"><ele>1275.9</ele></trkpt><trkpt lat="46.590344757349065" lon="9.590298755492961"><ele>1276.3</ele></trkpt><trkpt lat="46.59032675729015" lon="9.59027175543412"><ele>1276.6</ele></trkpt><trkpt lat="46.59028275717255" lon="9.590230755316101"><ele>1277.2</ele></trkpt><trkpt lat="46.59023875705499" lon="9.59018975519808"><ele>1277.8</ele></trkpt><trkpt lat="46.59018475691787" lon="9.590161755059823"><ele>1278.5</ele></trkpt><trkpt lat="46.59015875685913" lon="9.590134755001024"><ele>1278.8</ele></trkpt><trkpt lat="46.59011475672186" lon="9.59009375486311"><ele>1279.5</ele></trkpt><trkpt lat="46.59007075658448" lon="9.590039754725572"><ele>1280.2</ele></trkpt><trkpt lat="46.590052756565115" lon="9.590025754706167"><ele>1280.3</ele></trkpt><trkpt lat="46.59003575652594" lon="9.589999754667206"><ele>1280.5</ele></trkpt><trkpt lat="46.59000975638815" lon="9.589932754529967"><ele>1281.2</ele></trkpt><trkpt lat="46.58997475623077" lon="9.589866754372842"><ele>1282.0</ele></trkpt><trkpt lat="46.58996675617165" lon="9.589839754313958"><ele>1282.3</ele></trkpt><trkpt lat="46.58993975613273" lon="9.589812754275075"><ele>1282.5</ele></trkpt><trkpt lat="46.58986075589732" lon="9.58971875403938"><ele>1283.7</ele></trkpt><trkpt lat="46.5898167556612" lon="9.589664753802325"><ele>1284.9</ele></trkpt><trkpt lat="46.589720755169296" lon="9.589529753309169"><ele>1287.4</ele></trkpt><trkpt lat="46.589623754697236" lon="9.58942175283513"><ele>1289.8</ele></trkpt><trkpt lat="46.58951775414635" lon="9.58929975228195"><ele>1292.6</ele></trkpt><trkpt lat="46.58948175392985" lon="9.589272752063982"><ele>1293.7</ele></trkpt><trkpt lat="46.58944675375285" lon="9.589244751885852"><ele>1294.6</ele></trkpt><trkpt lat="46.589313753242216" lon="9.589161751371481"><ele>1297.2</ele></trkpt><trkpt lat="46.58927775306521" lon="9.58913375119336"><ele>1298.1</ele></trkpt><trkpt lat="46.58922475277004" lon="9.589066750897073"><ele>1299.6</ele></trkpt><trkpt lat="46.589189752573276" lon="9.589038750699045"><ele>1300.6</ele></trkpt><trkpt lat="46.5891097521602" lon="9.588970750283504"><ele>1302.7</ele></trkpt><trkpt lat="46.58906575190441" lon="9.588942750025822"><ele>1304.0</ele></trkpt><trkpt lat="46.58899475149109" lon="9.588874749610245"><ele>1306.1</ele></trkpt><trkpt lat="46.58896775137325" lon="9.588860749491381"><ele>1306.7</ele></trkpt><trkpt lat="46.58895075123529" lon="9.588833749352958"><ele>1307.4</ele></trkpt><trkpt lat="46.58893275113692" lon="9.588832749253562"><ele>1307.9</ele></trkpt><trkpt lat="46.58890575101908" lon="9.588818749134703"><ele>1308.5</ele></trkpt><trkpt lat="46.58888775094047" lon="9.588817749055211"><ele>1308.9</ele></trkpt><trkpt lat="46.58885175078331" lon="9.588829748895801"><ele>1309.7</ele></trkpt><trkpt lat="46.58883375070474" lon="9.58882874881631"><ele>1310.1</ele></trkpt><trkpt lat="46.58882475064569" lon="9.58881574875704"><ele>1310.4</ele></trkpt><trkpt lat="46.58881575062612" lon="9.588801748737604"><ele>1310.5</ele></trkpt><trkpt lat="46.588807750567014" lon="9.588788748678326"><ele>1310.8</ele></trkpt><trkpt lat="46.58880775052746" lon="9.588762748639308"><ele>1311.0</ele></trkpt><trkpt lat="46.588807750507684" lon="9.588749748619794"><ele>1311.1</ele></trkpt><trkpt lat="46.588807750507684" lon="9.588749748619794"><ele>1311.1</ele></trkpt><trkpt lat="46.58879075044879" lon="9.5887357485606"><ele>1311.4</ele></trkpt><trkpt lat="46.58868474989803" lon="9.588627748007124"><ele>1314.2</ele></trkpt><trkpt lat="46.58856174913031" lon="9.588478747236074"><ele>1318.1</ele></trkpt><trkpt lat="46.58845574854002" lon="9.588356746643258"><ele>1321.1</ele></trkpt><trkpt lat="46.58842074830376" lon="9.588316746405834"><ele>1322.3</ele></trkpt><trkpt lat="46.58835874787053" lon="9.588222745971184"><ele>1324.5</ele></trkpt><trkpt lat="46.588306747575345" lon="9.588155745674976"><ele>1326.0</ele></trkpt><trkpt lat="46.58828874751653" lon="9.58814174561579"><ele>1326.3</ele></trkpt><trkpt lat="46.58827074745767" lon="9.588140745556208"><ele>1326.6</ele></trkpt><trkpt lat="46.5882527474186" lon="9.588139745516528"><ele>1326.8</ele></trkpt><trkpt lat="46.58823474739933" lon="9.588152745496325"><ele>1326.9</ele></trkpt><trkpt lat="46.58822574736001" lon="9.588151745456594"><ele>1327.1</ele></trkpt><trkpt lat="46.588215747340584" lon="9.588164745436346"><ele>1327.2</ele></trkpt><trkpt lat="46.58820674730134" lon="9.588203745395397"><ele>1327.4</ele></trkpt><trkpt lat="46.588206747261864" lon="9.588216745355194"><ele>1327.6</ele></trkpt><trkpt lat="46.588205747222446" lon="9.588242745314599"><ele>1327.8</ele></trkpt><trkpt lat="46.588214747182754" lon="9.588268745273949"><ele>1328.0</ele></trkpt><trkpt lat="46.58822274708384" lon="9.58829574517357"><ele>1328.5</ele></trkpt><trkpt lat="46.58824874688583" lon="9.588374744971986"><ele>1329.5</ele></trkpt><trkpt lat="46.588256746846234" lon="9.588401744931312"><ele>1329.7</ele></trkpt><trkpt lat="46.58826474670783" lon="9.58844074479076"><ele>1330.4</ele></trkpt><trkpt lat="46.58826474664859" lon="9.588466744730253"><ele>1330.7</ele></trkpt><trkpt lat="46.58825474653043" lon="9.588505744609693"><ele>1331.3</ele></trkpt><trkpt lat="46.58823574633352" lon="9.588583744408362"><ele>1332.3</ele></trkpt><trkpt lat="46.58820674609733" lon="9.58864774416771"><ele>1333.5</ele></trkpt><trkpt lat="46.58818874595958" lon="9.588685744027314"><ele>1334.2</ele></trkpt><trkpt lat="46.58814074548694" lon="9.588801743546314"><ele>1336.6</ele></trkpt><trkpt lat="46.58813174532923" lon="9.588840743385932"><ele>1337.4</ele></trkpt><trkpt lat="46.58813174532923" lon="9.588840743385932"><ele>1337.4</ele></trkpt><trkpt lat="46.588092744876135" lon="9.588982742923964"><ele>1339.7</ele></trkpt><trkpt lat="46.58807274473857" lon="9.58907274278196"><ele>1340.4</ele></trkpt><trkpt lat="46.58807274473857" lon="9.58907274278196"><ele>1340.4</ele></trkpt><trkpt lat="46.58804574466026" lon="9.589097742701707"><ele>1340.8</ele></trkpt><trkpt lat="46.5880277445817" lon="9.589109742621819"><ele>1341.2</ele></trkpt><trkpt lat="46.588008744483446" lon="9.589122742521992"><ele>1341.7</ele></trkpt><trkpt lat="46.587963744306826" lon="9.589133742342751"><ele>1342.6</ele></trkpt><trkpt lat="46.58793674414946" lon="9.589132742183695"><ele>1343.4</ele></trkpt><trkpt lat="46.58790974405132" lon="9.589131742084348"><ele>1343.9</ele></trkpt><trkpt lat="46.58789274393325" lon="9.58911774196545"><ele>1344.5</ele></trkpt><trkpt lat="46.58785674381561" lon="9.589103741846651"><ele>1345.1</ele></trkpt><trkpt lat="46.587829743697704" lon="9.589076741728208"><ele>1345.7</ele></trkpt><trkpt lat="46.58775974340299" lon="9.589007741432171"><ele>1347.2</ele></trkpt><trkpt lat="46.58768874308858" lon="9.588926741116609"><ele>1348.8</ele></trkpt><trkpt lat="46.58762774273438" lon="9.588846740761172"><ele>1350.6</ele></trkpt><trkpt lat="46.587530742341514" lon="9.588724740367432"><ele>1352.6</ele></trkpt><trkpt lat="46.58743374190918" lon="9.588616739933471"><ele>1354.8</ele></trkpt><trkpt lat="46.58738174165354" lon="9.588536739677522"><ele>1356.1</ele></trkpt><trkpt lat="46.587222740985624" lon="9.588360739007223"><ele>1359.5</ele></trkpt><trkpt lat="46.58720474090702" lon="9.588333738928554"><ele>1359.9</ele></trkpt><trkpt lat="46.58718774082841" lon="9.588319738849485"><ele>1360.3</ele></trkpt><trkpt lat="46.58716974076959" lon="9.588318738789903"><ele>1360.6</ele></trkpt><trkpt lat="46.5871157405932" lon="9.588303738611549"><ele>1361.5</ele></trkpt><trkpt lat="46.58707074035727" lon="9.588288738373441"><ele>1362.7</ele></trkpt><trkpt lat="46.587053740239156" lon="9.588275738254532"><ele>1363.3</ele></trkpt><trkpt lat="46.586972739885596" lon="9.588232737898096"><ele>1365.1</ele></trkpt><trkpt lat="46.586937739688935" lon="9.588218737699712"><ele>1366.1</ele></trkpt><trkpt lat="46.58690173949227" lon="9.588203737501365"><ele>1367.1</ele></trkpt><trkpt lat="46.586776738883046" lon="9.588133736887313"><ele>1370.2</ele></trkpt><trkpt lat="46.58670573848978" lon="9.588091736491007"><ele>1372.2</ele></trkpt><trkpt lat="46.58667873837192" lon="9.588077736372194"><ele>1372.8</ele></trkpt><trkpt lat="46.58653573758545" lon="9.588032735578361"><ele>1376.8</ele></trkpt><trkpt lat="46.58642873701536" lon="9.5879897350032"><ele>1379.7</ele></trkpt><trkpt lat="46.586401736897514" lon="9.58797573488439"><ele>1380.3</ele></trkpt><trkpt lat="46.58635773662212" lon="9.587960734606499"><ele>1381.7</ele></trkpt><trkpt lat="46.5862947363077" lon="9.587944734288945"><ele>1383.3</ele></trkpt><trkpt lat="46.58626773617012" lon="9.587943734149821"><ele>1384.0</ele></trkpt><trkpt lat="46.58624973609156" lon="9.587929734070764"><ele>1384.4</ele></trkpt><trkpt lat="46.586231735953746" lon="9.587916733931978"><ele>1385.1</ele></trkpt><trkpt lat="46.58618773567831" lon="9.587888733654514"><ele>1386.5</ele></trkpt><trkpt lat="46.586169735599746" lon="9.58787473357546"><ele>1386.9</ele></trkpt><trkpt lat="46.58613473542289" lon="9.587846733397448"><ele>1387.8</ele></trkpt><trkpt lat="46.58612573532434" lon="9.58783373329841"><ele>1388.3</ele></trkpt><trkpt lat="46.586090735028826" lon="9.587753733002677"><ele>1389.8</ele></trkpt><trkpt lat="46.58606573479233" lon="9.587700732765724"><ele>1391.0</ele></trkpt><trkpt lat="46.58604773469403" lon="9.587673732667193"><ele>1391.5</ele></trkpt><trkpt lat="46.586012734457796" lon="9.587620732430295"><ele>1392.7</ele></trkpt><trkpt lat="46.585951734103745" lon="9.587539732075056"><ele>1394.5</ele></trkpt><trkpt lat="46.58586273357264" lon="9.587444731541334"><ele>1397.2</ele></trkpt><trkpt lat="46.58582773341545" lon="9.587417731383209"><ele>1398.0</ele></trkpt><trkpt lat="46.585783733100484" lon="9.58735073106724"><ele>1399.6</ele></trkpt><trkpt lat="46.58577573302169" lon="9.587323730988567"><ele>1400.0</ele></trkpt><trkpt lat="46.58574973276541" lon="9.587231730733006"><ele>1401.3</ele></trkpt><trkpt lat="46.585732732667" lon="9.587191730634906"><ele>1401.8</ele></trkpt><trkpt lat="46.58572373260795" lon="9.587178730575683"><ele>1402.1</ele></trkpt><trkpt lat="46.58569773249009" lon="9.587137730457766"><ele>1402.7</ele></trkpt><trkpt lat="46.58567173233269" lon="9.587110730299605"><ele>1403.5</ele></trkpt><trkpt lat="46.585627732037445" lon="9.587043730003552"><ele>1405.0</ele></trkpt><trkpt lat="46.585583731682966" lon="9.586963729648241"><ele>1406.8</ele></trkpt><trkpt lat="46.58548773111246" lon="9.586816729076535"><ele>1409.7</ele></trkpt><trkpt lat="46.58548773111246" lon="9.586816729076535"><ele>1409.7</ele></trkpt><trkpt lat="46.58540973060082" lon="9.586695728563594"><ele>1412.3</ele></trkpt><trkpt lat="46.585365730364856" lon="9.586641728326843"><ele>1413.5</ele></trkpt><trkpt lat="46.585329730207725" lon="9.586601728169173"><ele>1414.3</ele></trkpt><trkpt lat="46.585303730030624" lon="9.586560727991595"><ele>1415.2</ele></trkpt><trkpt lat="46.5852777298535" lon="9.586520727813983"><ele>1416.1</ele></trkpt><trkpt lat="46.58524272965682" lon="9.586480727616525"><ele>1417.1</ele></trkpt><trkpt lat="46.58517172920434" lon="9.586412727161541"><ele>1419.4</ele></trkpt><trkpt lat="46.58503872835847" lon="9.586302726310374"><ele>1423.7</ele></trkpt><trkpt lat="46.58503872835847" lon="9.586302726310374"><ele>1423.7</ele></trkpt><trkpt lat="46.58502272826" lon="9.58622372621359"><ele>1424.2</ele></trkpt><trkpt lat="46.584988728023646" lon="9.586091725979394"><ele>1425.4</ele></trkpt><trkpt lat="46.58497272782641" lon="9.586012725783135"><ele>1426.4</ele></trkpt><trkpt lat="46.58493172729378" lon="9.585749725254905"><ele>1429.1</ele></trkpt><trkpt lat="46.584924727096336" lon="9.585684725058156"><ele>1430.1</ele></trkpt><trkpt lat="46.58490872680029" lon="9.585553724764173"><ele>1431.6</ele></trkpt><trkpt lat="46.58490972662239" lon="9.58548872458728"><ele>1432.5</ele></trkpt><trkpt lat="46.58489472630647" lon="9.585330724274314"><ele>1434.1</ele></trkpt><trkpt lat="46.584878726148794" lon="9.585251724117882"><ele>1434.9</ele></trkpt><trkpt lat="46.5848467257937" lon="9.585028723767403"><ele>1436.7</ele></trkpt><trkpt lat="46.584840725536836" lon="9.584897723513196"><ele>1438.0</ele></trkpt><trkpt lat="46.584840725477555" lon="9.584858723454822"><ele>1438.3</ele></trkpt><trkpt lat="46.58484172543801" lon="9.584832723415897"><ele>1438.5</ele></trkpt><trkpt lat="46.584850725398205" lon="9.584806723376927"><ele>1438.7</ele></trkpt><trkpt lat="46.584851725378364" lon="9.5847807233579"><ele>1438.8</ele></trkpt><trkpt lat="46.58486972531862" lon="9.584768723298522"><ele>1439.1</ele></trkpt><trkpt lat="46.58487872525909" lon="9.584742723239666"><ele>1439.4</ele></trkpt><trkpt lat="46.58491572517907" lon="9.584718723160693"><ele>1439.8</ele></trkpt><trkpt lat="46.584942725059875" lon="9.584706723041595"><ele>1440.4</ele></trkpt><trkpt lat="46.58497872496012" lon="9.58469472294233"><ele>1440.9</ele></trkpt><trkpt lat="46.58505172468175" lon="9.58468472266378"><ele>1442.3</ele></trkpt><trkpt lat="46.58514072436349" lon="9.584701722344455"><ele>1443.9</ele></trkpt><trkpt lat="46.58516772422451" lon="9.58470272220503"><ele>1444.6</ele></trkpt><trkpt lat="46.585203724124824" lon="9.584703722105335"><ele>1445.1</ele></trkpt><trkpt lat="46.58523072406485" lon="9.584704722045476"><ele>1445.4</ele></trkpt><trkpt lat="46.58523072406485" lon="9.584704722045476"><ele>1445.4</ele></trkpt><trkpt lat="46.58524872402492" lon="9.58470572200556"><ele>1445.6</ele></trkpt><trkpt lat="46.58526672396512" lon="9.58469272194622"><ele>1445.9</ele></trkpt><trkpt lat="46.58527672394507" lon="9.584680721926672"><ele>1446.0</ele></trkpt><trkpt lat="46.58528572388561" lon="9.584667721867389"><ele>1446.3</ele></trkpt><trkpt lat="46.585285723806535" lon="9.584641721788687"><ele>1446.7</ele></trkpt><trkpt lat="46.58528672364843" lon="9.584589721631295"><ele>1447.5</ele></trkpt><trkpt lat="46.58527872356959" lon="9.584562721552679"><ele>1447.9</ele></trkpt><trkpt lat="46.58527872345108" lon="9.584536721434205"><ele>1448.5</ele></trkpt><trkpt lat="46.58525372319488" lon="9.584470721177972"><ele>1449.8</ele></trkpt><trkpt lat="46.585244723096274" lon="9.584431721079875"><ele>1450.3</ele></trkpt><trkpt lat="46.585236723017445" lon="9.584404721001272"><ele>1450.7</ele></trkpt><trkpt lat="46.58521972285983" lon="9.58436472084358"><ele>1451.5</ele></trkpt><trkpt lat="46.58519372270247" lon="9.584311720686383"><ele>1452.3</ele></trkpt><trkpt lat="46.58508072215206" lon="9.584085720137692"><ele>1455.1</ele></trkpt><trkpt lat="46.58499472177869" lon="9.583885719767013"><ele>1457.0</ele></trkpt><trkpt lat="46.584934721483805" lon="9.583726719474383"><ele>1458.5</ele></trkpt><trkpt lat="46.58491672144467" lon="9.583687719436021"><ele>1458.7</ele></trkpt><trkpt lat="46.58490072132648" lon="9.583621719319007"><ele>1459.3</ele></trkpt><trkpt lat="46.584866721050666" lon="9.583502719044779"><ele>1460.7</ele></trkpt><trkpt lat="46.58484172087339" lon="9.583397718869481"><ele>1461.6</ele></trkpt><trkpt lat="46.584806720696406" lon="9.583317718693392"><ele>1462.5</ele></trkpt><trkpt lat="46.58475572038152" lon="9.583171718380424"><ele>1464.1</ele></trkpt><trkpt lat="46.58473872026342" lon="9.583118718262988"><ele>1464.7</ele></trkpt><trkpt lat="46.58471372006642" lon="9.58303971806694"><ele>1465.7</ele></trkpt><trkpt lat="46.5846627195737" lon="9.582841717576777"><ele>1468.2</ele></trkpt><trkpt lat="46.58459571894302" lon="9.582578716949744"><ele>1471.4</ele></trkpt><trkpt lat="46.58457071880533" lon="9.582485716813853"><ele>1472.1</ele></trkpt><trkpt lat="46.58454471874658" lon="9.582419716756592"><ele>1472.4</ele></trkpt><trkpt lat="46.58454471874658" lon="9.582419716756592"><ele>1472.4</ele></trkpt><trkpt lat="46.584508718727896" lon="9.582457716735616"><ele>1472.5</ele></trkpt><trkpt lat="46.58449871870855" lon="9.582495716714492"><ele>1472.6</ele></trkpt><trkpt lat="46.58441471853341" lon="9.58263671653118"><ele>1473.5</ele></trkpt><trkpt lat="46.58436871849525" lon="9.582686716489961"><ele>1473.7</ele></trkpt><trkpt lat="46.584322718516404" lon="9.582762716507515"><ele>1473.6</ele></trkpt><trkpt lat="46.584322718516404" lon="9.582762716507515"><ele>1473.6</ele></trkpt><trkpt lat="46.584305718477324" lon="9.582723716469172"><ele>1473.8</ele></trkpt><trkpt lat="46.58420171776882" lon="9.582510715761147"><ele>1477.4</ele></trkpt><trkpt lat="46.584183717631014" lon="9.582483715622969"><ele>1478.1</ele></trkpt><trkpt lat="46.58414071737531" lon="9.58239071536789"><ele>1479.4</ele></trkpt><trkpt lat="46.584079716981826" lon="9.582283714974203"><ele>1481.4</ele></trkpt><trkpt lat="46.58404471678521" lon="9.582242714776958"><ele>1482.4</ele></trkpt><trkpt lat="46.58400071656915" lon="9.582202714559847"><ele>1483.5</ele></trkpt><trkpt lat="46.58396571635278" lon="9.58214871434317"><ele>1484.6</ele></trkpt><trkpt lat="46.58392071609723" lon="9.582107714086334"><ele>1485.9</ele></trkpt><trkpt lat="46.583894715939884" lon="9.582067713928788"><ele>1486.7</ele></trkpt><trkpt lat="46.58386871574306" lon="9.582014713731915"><ele>1487.7</ele></trkpt><trkpt lat="46.58381671536915" lon="9.581933713357206"><ele>1489.6</ele></trkpt><trkpt lat="46.583772715113504" lon="9.58186671310128"><ele>1490.9</ele></trkpt><trkpt lat="46.58369371460208" lon="9.581772712588002"><ele>1493.5</ele></trkpt><trkpt lat="46.583666714504055" lon="9.58174571248967"><ele>1494.0</ele></trkpt><trkpt lat="46.583577714071986" lon="9.581676712055138"><ele>1496.2</ele></trkpt><trkpt lat="46.58350671373816" lon="9.581634711718989"><ele>1497.9</ele></trkpt><trkpt lat="46.58345371344341" lon="9.58161971142156"><ele>1499.4</ele></trkpt><trkpt lat="46.58342671328617" lon="9.58160571126314"><ele>1500.2</ele></trkpt><trkpt lat="46.583399713168454" lon="9.581590711144516"><ele>1500.8</ele></trkpt><trkpt lat="46.5833817131097" lon="9.581590711084974"><ele>1501.1</ele></trkpt><trkpt lat="46.58334571301198" lon="9.58160171098538"><ele>1501.6</ele></trkpt><trkpt lat="46.58332771297303" lon="9.581614710945264"><ele>1501.8</ele></trkpt><trkpt lat="46.58331771295358" lon="9.581626710925025"><ele>1501.9</ele></trkpt><trkpt lat="46.58329971293437" lon="9.581639710904788"><ele>1502.0</ele></trkpt><trkpt lat="46.583290712954444" lon="9.58165171092431"><ele>1501.9</ele></trkpt><trkpt lat="46.583290712954444" lon="9.58165171092431"><ele>1501.9</ele></trkpt><trkpt lat="46.58326371285639" lon="9.58162471082599"><ele>1502.4</ele></trkpt><trkpt lat="46.58323771277806" lon="9.581610710747096"><ele>1502.8</ele></trkpt><trkpt lat="46.58320171268034" lon="9.581596710648373"><ele>1503.3</ele></trkpt><trkpt lat="46.58309371242664" lon="9.581578710391147"><ele>1504.6</ele></trkpt><trkpt lat="46.58309371242664" lon="9.581578710391147"><ele>1504.6</ele></trkpt><trkpt lat="46.58293271223357" lon="9.581559710193913"><ele>1505.6</ele></trkpt><trkpt lat="46.58287871223512" lon="9.581557710194298"><ele>1505.6</ele></trkpt><trkpt lat="46.58277971223774" lon="9.58152771019592"><ele>1505.6</ele></trkpt><trkpt lat="46.58274471225844" lon="9.581512710216531"><ele>1505.5</ele></trkpt><trkpt lat="46.58270871227914" lon="9.581498710237108"><ele>1505.4</ele></trkpt><trkpt lat="46.5826637123001" lon="9.581483710257775"><ele>1505.3</ele></trkpt><trkpt lat="46.582628712340494" lon="9.581455710298714"><ele>1505.1</ele></trkpt><trkpt lat="46.582601712360905" lon="9.5814287103197"><ele>1505.0</ele></trkpt><trkpt lat="46.58255771240154" lon="9.581387710361147"><ele>1504.8</ele></trkpt><trkpt lat="46.582522712481335" lon="9.58133471044273"><ele>1504.4</ele></trkpt><trkpt lat="46.582470712620776" lon="9.581253710585028"><ele>1503.7</ele></trkpt><trkpt lat="46.58241771276024" lon="9.581173710727294"><ele>1503.0</ele></trkpt><trkpt lat="46.5823647128998" lon="9.581119710868656"><ele>1502.3</ele></trkpt><trkpt lat="46.58231171301964" lon="9.581077710989714"><ele>1501.7</ele></trkpt><trkpt lat="46.58226771311945" lon="9.581037711090767"><ele>1501.2</ele></trkpt><trkpt lat="46.582240713199056" lon="9.581009711171422"><ele>1500.8</ele></trkpt><trkpt lat="46.582188713358235" lon="9.580929711333553"><ele>1500.0</ele></trkpt><trkpt lat="46.58213571351746" lon="9.580849711495686"><ele>1499.2</ele></trkpt><trkpt lat="46.582109713577346" lon="9.580808711556907"><ele>1498.9</ele></trkpt><trkpt lat="46.58208371365691" lon="9.580755711638421"><ele>1498.5</ele></trkpt><trkpt lat="46.58203171385549" lon="9.580636711841654"><ele>1497.5</ele></trkpt><trkpt lat="46.581962714113686" lon="9.580489712105592"><ele>1496.2</ele></trkpt><trkpt lat="46.58184171445198" lon="9.580224712453429"><ele>1494.5</ele></trkpt><trkpt lat="46.58171171490899" lon="9.579944712921085"><ele>1492.2</ele></trkpt><trkpt lat="46.581677714988665" lon="9.57986571300353"><ele>1491.8</ele></trkpt><trkpt lat="46.581643715127576" lon="9.579759713146531"><ele>1491.1</ele></trkpt><trkpt lat="46.58160971528612" lon="9.579640713309864"><ele>1490.3</ele></trkpt><trkpt lat="46.581584715424775" lon="9.579535713452772"><ele>1489.6</ele></trkpt><trkpt lat="46.581584715424775" lon="9.579535713452772"><ele>1489.6</ele></trkpt><trkpt lat="46.581542715524265" lon="9.57937671355789"><ele>1489.1</ele></trkpt><trkpt lat="46.581516715544566" lon="9.579310713580194"><ele>1489.0</ele></trkpt><trkpt lat="46.581422715566305" lon="9.579071713608853"><ele>1488.9</ele></trkpt><trkpt lat="46.58139671560636" lon="9.57899271365148"><ele>1488.7</ele></trkpt><trkpt lat="46.581379715626404" lon="9.578939713673279"><ele>1488.6</ele></trkpt><trkpt lat="46.581362715646485" lon="9.57887371369553"><ele>1488.5</ele></trkpt><trkpt lat="46.58132971564706" lon="9.578742713700239"><ele>1488.5</ele></trkpt><trkpt lat="46.58129671562781" lon="9.5785587136869"><ele>1488.6</ele></trkpt><trkpt lat="46.58128071560834" lon="9.578479713669843"><ele>1488.7</ele></trkpt><trkpt lat="46.581263715608685" lon="9.578439713671317"><ele>1488.7</ele></trkpt><trkpt lat="46.58125471558917" lon="9.578412713652424"><ele>1488.8</ele></trkpt><trkpt lat="46.5812457155894" lon="9.578399713652923"><ele>1488.8</ele></trkpt><trkpt lat="46.58121971559004" lon="9.578372713654003"><ele>1488.8</ele></trkpt><trkpt lat="46.58121971559004" lon="9.578372713654003"><ele>1488.8</ele></trkpt><trkpt lat="46.58118371555147" lon="9.57834471361543"><ele>1489.0</ele></trkpt><trkpt lat="46.58115771549293" lon="9.578317713556883"><ele>1489.3</ele></trkpt><trkpt lat="46.58113171543433" lon="9.57829071349834"><ele>1489.6</ele></trkpt><trkpt lat="46.5811137153953" lon="9.578263713459627"><ele>1489.8</ele></trkpt><trkpt lat="46.581096715336386" lon="9.578210713401926"><ele>1490.1</ele></trkpt><trkpt lat="46.58107971529729" lon="9.578157713364112"><ele>1490.3</ele></trkpt><trkpt lat="46.58107171521842" lon="9.578105713286458"><ele>1490.7</ele></trkpt><trkpt lat="46.5810637151593" lon="9.578065713228261"><ele>1491.0</ele></trkpt><trkpt lat="46.58104071484361" lon="9.577843712918087"><ele>1492.6</ele></trkpt><trkpt lat="46.58102471466614" lon="9.577751712742502"><ele>1493.5</ele></trkpt><trkpt lat="46.581007714547994" lon="9.577659712626543"><ele>1494.1</ele></trkpt><trkpt lat="46.58099071446939" lon="9.577619712548534"><ele>1494.5</ele></trkpt><trkpt lat="46.58097371437104" lon="9.577553712451552"><ele>1495.0</ele></trkpt><trkpt lat="46.580956714272695" lon="9.577513712353676"><ele>1495.5</ele></trkpt><trkpt lat="46.58095771421335" lon="9.577474712295402"><ele>1495.8</ele></trkpt><trkpt lat="46.58093471385823" lon="9.577277711944665"><ele>1497.6</ele></trkpt><trkpt lat="46.58092671372006" lon="9.577199711808312"><ele>1498.3</ele></trkpt><trkpt lat="46.58091871364127" lon="9.577159711730259"><ele>1498.7</ele></trkpt><trkpt lat="46.580892713503594" lon="9.577080711594057"><ele>1499.4</ele></trkpt><trkpt lat="46.58086671342522" lon="9.577040711516112"><ele>1499.8</ele></trkpt><trkpt lat="46.58080571317008" lon="9.576933711261853"><ele>1501.1</ele></trkpt><trkpt lat="46.58080571317008" lon="9.576933711261853"><ele>1501.1</ele></trkpt><trkpt lat="46.58078871309145" lon="9.576893711183857"><ele>1501.5</ele></trkpt><trkpt lat="46.58076171301323" lon="9.576866711105469"><ele>1501.9</ele></trkpt><trkpt lat="46.58072671291542" lon="9.576825711007746"><ele>1502.4</ele></trkpt><trkpt lat="46.58067371273909" lon="9.576771710831094"><ele>1503.3</ele></trkpt><trkpt lat="46.580637712661115" lon="9.576756710752344"><ele>1503.7</ele></trkpt><trkpt lat="46.58060171258311" lon="9.576755710673106"><ele>1504.1</ele></trkpt><trkpt lat="46.58053071246661" lon="9.57673971055485"><ele>1504.7</ele></trkpt><trkpt lat="46.58049471242811" lon="9.576738710515357"><ele>1504.9</ele></trkpt><trkpt lat="46.58046771238931" lon="9.576711710476706"><ele>1505.1</ele></trkpt><trkpt lat="46.58044171237026" lon="9.576697710457479"><ele>1505.2</ele></trkpt><trkpt lat="46.58042371235098" lon="9.57667071043865"><ele>1505.3</ele></trkpt><trkpt lat="46.58041471233147" lon="9.576656710419323"><ele>1505.4</ele></trkpt><trkpt lat="46.580397712292346" lon="9.57663071038059"><ele>1505.6</ele></trkpt><trkpt lat="46.58038071223349" lon="9.576564710323378"><ele>1505.9</ele></trkpt><trkpt lat="46.58035471221435" lon="9.576510710305548"><ele>1506.0</ele></trkpt><trkpt lat="46.580336712195056" lon="9.576497710286233"><ele>1506.1</ele></trkpt><trkpt lat="46.58029371213688" lon="9.576430710229213"><ele>1506.4</ele></trkpt><trkpt lat="46.580081711846134" lon="9.576199709940472"><ele>1507.9</ele></trkpt><trkpt lat="46.58002871178829" lon="9.576145709883056"><ele>1508.2</ele></trkpt><trkpt lat="46.57998471173014" lon="9.576078709826044"><ele>1508.5</ele></trkpt><trkpt lat="46.57997671171054" lon="9.576052709807131"><ele>1508.6</ele></trkpt><trkpt lat="46.57994171167188" lon="9.57598570976994"><ele>1508.8</ele></trkpt><trkpt lat="46.579924711632735" lon="9.57593270973215"><ele>1509.0</ele></trkpt><trkpt lat="46.579907711573846" lon="9.57585370967541"><ele>1509.3</ele></trkpt><trkpt lat="46.579865711436554" lon="9.575734709540747"><ele>1510.0</ele></trkpt><trkpt lat="46.57984771135802" lon="9.575694709462777"><ele>1510.4</ele></trkpt><trkpt lat="46.57983071129921" lon="9.57566770940422"><ele>1510.7</ele></trkpt><trkpt lat="46.57981271124039" lon="9.575641709345627"><ele>1511.0</ele></trkpt><trkpt lat="46.57978671116216" lon="9.575614709267253"><ele>1511.4</ele></trkpt><trkpt lat="46.57978671116216" lon="9.575614709267253"><ele>1511.4</ele></trkpt><trkpt lat="46.579787711142274" lon="9.575574709248782"><ele>1511.5</ele></trkpt><trkpt lat="46.57978871114206" lon="9.575509709251053"><ele>1511.5</ele></trkpt><trkpt lat="46.57976271104399" lon="9.575443709154179"><ele>1512.0</ele></trkpt><trkpt lat="46.57973671082749" lon="9.575390708937654"><ele>1513.1</ele></trkpt><trkpt lat="46.5795957102981" lon="9.575228708407757"><ele>1515.8</ele></trkpt><trkpt lat="46.5795607100226" lon="9.575174708131726"><ele>1517.2</ele></trkpt><trkpt lat="46.57952770988509" lon="9.57505570799704"><ele>1517.9</ele></trkpt><trkpt lat="46.57948370962955" lon="9.57497570774186"><ele>1519.2</ele></trkpt><trkpt lat="46.579448709393525" lon="9.574922707505538"><ele>1520.4</ele></trkpt><trkpt lat="46.579404709138146" lon="9.574894707248529"><ele>1521.7</ele></trkpt><trkpt lat="46.57933270898221" lon="9.57489170709013"><ele>1522.5</ele></trkpt><trkpt lat="46.57933270898221" lon="9.57489170709013"><ele>1522.5</ele></trkpt><trkpt lat="46.57927870868764" lon="9.574876706792994"><ele>1524.0</ele></trkpt><trkpt lat="46.5791797083351" lon="9.574846706437057"><ele>1525.8</ele></trkpt><trkpt lat="46.57906470776575" lon="9.574763705864573"><ele>1528.7</ele></trkpt><trkpt lat="46.57901170749084" lon="9.574722705588231"><ele>1530.1</ele></trkpt><trkpt lat="46.57894070733481" lon="9.57466770543168"><ele>1530.9</ele></trkpt><trkpt lat="46.578779706766966" lon="9.574634704857717"><ele>1533.8</ele></trkpt><trkpt lat="46.57869970639404" lon="9.574566704483175"><ele>1535.7</ele></trkpt><trkpt lat="46.57869970639404" lon="9.574566704483175"><ele>1535.7</ele></trkpt><trkpt lat="46.57863570619864" lon="9.574615704283167"><ele>1536.7</ele></trkpt><trkpt lat="46.578617706120184" lon="9.57462870420335"><ele>1537.1</ele></trkpt><trkpt lat="46.578599706061524" lon="9.574627704143902"><ele>1537.4</ele></trkpt><trkpt lat="46.57858070600287" lon="9.574639704083989"><ele>1537.7</ele></trkpt><trkpt lat="46.57856270594413" lon="9.574639704024502"><ele>1538.0</ele></trkpt><trkpt lat="46.57854570586564" lon="9.574625703945644"><ele>1538.4</ele></trkpt><trkpt lat="46.578527705826644" lon="9.574611703906521"><ele>1538.6</ele></trkpt><trkpt lat="46.57851870576765" lon="9.574598703847442"><ele>1538.9</ele></trkpt><trkpt lat="46.57850170568913" lon="9.574558703769513"><ele>1539.3</ele></trkpt><trkpt lat="46.57849370561032" lon="9.574518703691535"><ele>1539.7</ele></trkpt><trkpt lat="46.57849470545223" lon="9.574440703535398"><ele>1540.5</ele></trkpt><trkpt lat="46.57848670539317" lon="9.574414703476778"><ele>1540.8</ele></trkpt><trkpt lat="46.57846970521581" lon="9.574322703301396"><ele>1541.7</ele></trkpt><trkpt lat="46.578452705137266" lon="9.574282703223473"><ele>1542.1</ele></trkpt><trkpt lat="46.578444705058466" lon="9.57425570314503"><ele>1542.5</ele></trkpt><trkpt lat="46.57842670499968" lon="9.574229703086472"><ele>1542.8</ele></trkpt><trkpt lat="46.578409704901496" lon="9.574202702988222"><ele>1543.3</ele></trkpt><trkpt lat="46.57838270484299" lon="9.574188702929291"><ele>1543.6</ele></trkpt><trkpt lat="46.57835570474506" lon="9.574174702830636"><ele>1544.1</ele></trkpt><trkpt lat="46.57828470452991" lon="9.574145702613597"><ele>1545.2</ele></trkpt><trkpt lat="46.578248704432234" lon="9.574143702514563"><ele>1545.7</ele></trkpt><trkpt lat="46.57813170411981" lon="9.574139702197595"><ele>1547.3</ele></trkpt><trkpt lat="46.57809570404187" lon="9.574137702118424"><ele>1547.7</ele></trkpt><trkpt lat="46.57805970396395" lon="9.574123702039689"><ele>1548.1</ele></trkpt><trkpt lat="46.57805970396395" lon="9.574123702039689"><ele>1548.1</ele></trkpt><trkpt lat="46.57804070390538" lon="9.574161701978847"><ele>1548.4</ele></trkpt><trkpt lat="46.578004703866924" lon="9.5741737019389"><ele>1548.6</ele></trkpt><trkpt lat="46.57792370359297" lon="9.574183701660939"><ele>1550.0</ele></trkpt><trkpt lat="46.57789670347535" lon="9.57418270154196"><ele>1550.6</ele></trkpt><trkpt lat="46.57786970333796" lon="9.574167701403615"><ele>1551.3</ele></trkpt><trkpt lat="46.57779970294499" lon="9.574060701010625"><ele>1553.3</ele></trkpt><trkpt lat="46.577755702768535" lon="9.574006700834067"><ele>1554.2</ele></trkpt><trkpt lat="46.577666702534124" lon="9.573951700598231"><ele>1555.4</ele></trkpt><trkpt lat="46.57760470233845" lon="9.57390970040149"><ele>1556.4</ele></trkpt><trkpt lat="46.577551702182056" lon="9.57388170024392"><ele>1557.2</ele></trkpt><trkpt lat="46.57746270159245" lon="9.573825699650607"><ele>1560.2</ele></trkpt><trkpt lat="46.577436701356284" lon="9.573785699413866"><ele>1561.4</ele></trkpt><trkpt lat="46.57737370127916" lon="9.573769699335376"><ele>1561.8</ele></trkpt><trkpt lat="46.57737370127916" lon="9.573769699335376"><ele>1561.8</ele></trkpt><trkpt lat="46.577346701200995" lon="9.573768699256124"><ele>1562.2</ele></trkpt><trkpt lat="46.5773027010048" lon="9.573727699059257"><ele>1563.2</ele></trkpt><trkpt lat="46.57728470088685" lon="9.573701698941138"><ele>1563.8</ele></trkpt><trkpt lat="46.57726770078858" lon="9.573674698842906"><ele>1564.3</ele></trkpt><trkpt lat="46.577249700729894" lon="9.573660698783941"><ele>1564.6</ele></trkpt><trkpt lat="46.57723170065147" lon="9.573646698705108"><ele>1565.0</ele></trkpt><trkpt lat="46.57718770053423" lon="9.573619698587187"><ele>1565.6</ele></trkpt><trkpt lat="46.577133700358154" lon="9.573603698409334"><ele>1566.5</ele></trkpt><trkpt lat="46.577097700240785" lon="9.573602698290422"><ele>1567.1</ele></trkpt><trkpt lat="46.57703470000581" lon="9.573599698052572"><ele>1568.3</ele></trkpt><trkpt lat="46.57700769992762" lon="9.573585697973797"><ele>1568.7</ele></trkpt><trkpt lat="46.57698169982967" lon="9.57357169787516"><ele>1569.2</ele></trkpt><trkpt lat="46.576927699633856" lon="9.573543697677888"><ele>1570.2</ele></trkpt><trkpt lat="46.576901699516156" lon="9.573516697559864"><ele>1570.8</ele></trkpt><trkpt lat="46.576865699339514" lon="9.573488697382349"><ele>1571.7</ele></trkpt><trkpt lat="46.57682269910381" lon="9.57342169714672"><ele>1572.9</ele></trkpt><trkpt lat="46.576787698907374" lon="9.573368696950254"><ele>1573.9</ele></trkpt><trkpt lat="46.57673469863248" lon="9.573300696675009"><ele>1575.3</ele></trkpt><trkpt lat="46.57670769853452" lon="9.57327369657686"><ele>1575.8</ele></trkpt><trkpt lat="46.57668169837736" lon="9.573246696419119"><ele>1576.6</ele></trkpt><trkpt lat="46.57665469822023" lon="9.573232696260908"><ele>1577.4</ele></trkpt><trkpt lat="46.57661969806335" lon="9.573205696103228"><ele>1578.2</ele></trkpt><trkpt lat="46.5765836980446" lon="9.573190696084136"><ele>1578.3</ele></trkpt><trkpt lat="46.5765566980848" lon="9.573163696125008"><ele>1578.1</ele></trkpt><trkpt lat="46.576539698124705" lon="9.573136696165818"><ele>1577.9</ele></trkpt><trkpt lat="46.576539698124705" lon="9.573136696165818"><ele>1577.9</ele></trkpt><trkpt lat="46.57651369812531" lon="9.573096696167445"><ele>1577.9</ele></trkpt><trkpt lat="46.57651369812531" lon="9.573096696167445"><ele>1577.9</ele></trkpt><trkpt lat="46.57646069787014" lon="9.57300369591299"><ele>1579.2</ele></trkpt><trkpt lat="46.576425697772386" lon="9.572962695815406"><ele>1579.7</ele></trkpt><trkpt lat="46.57639069769444" lon="9.572935695737167"><ele>1580.1</ele></trkpt><trkpt lat="46.57633669753811" lon="9.572919695579206"><ele>1580.9</ele></trkpt><trkpt lat="46.5762376974028" lon="9.572902695441414"><ele>1581.6</ele></trkpt><trkpt lat="46.57620269728543" lon="9.572888695322986"><ele>1582.2</ele></trkpt><trkpt lat="46.576166697108825" lon="9.572860695145495"><ele>1583.1</ele></trkpt><trkpt lat="46.57613069693227" lon="9.572846694967497"><ele>1584.0</ele></trkpt><trkpt lat="46.57608669685459" lon="9.57283169488888"><ele>1584.4</ele></trkpt><trkpt lat="46.57602369665908" lon="9.572829694690743"><ele>1585.4</ele></trkpt><trkpt lat="46.575969696502796" lon="9.57282769453227"><ele>1586.2</ele></trkpt><trkpt lat="46.57583569615143" lon="9.572769694177762"><ele>1588.0</ele></trkpt><trkpt lat="46.57577269603487" lon="9.572754694059546"><ele>1588.6</ele></trkpt><trkpt lat="46.5756656956433" lon="9.572736693663684"><ele>1590.6</ele></trkpt><trkpt lat="46.57559269546792" lon="9.572747693484994"><ele>1591.5</ele></trkpt><trkpt lat="46.57559269546792" lon="9.572747693484994"><ele>1591.5</ele></trkpt><trkpt lat="46.57554869539023" lon="9.572719693406867"><ele>1591.9</ele></trkpt><trkpt lat="46.57542369521616" lon="9.572662693231004"><ele>1592.8</ele></trkpt><trkpt lat="46.57536969515854" lon="9.572659693171868"><ele>1593.1</ele></trkpt><trkpt lat="46.57533369512017" lon="9.572658693132409"><ele>1593.3</ele></trkpt><trkpt lat="46.57528869510178" lon="9.57266969311242"><ele>1593.4</ele></trkpt><trkpt lat="46.57525269508309" lon="9.572668693092819"><ele>1593.5</ele></trkpt><trkpt lat="46.575161695105606" lon="9.572716693111458"><ele>1593.4</ele></trkpt><trkpt lat="46.57511669516611" lon="9.57272869317087"><ele>1593.1</ele></trkpt><trkpt lat="46.57507069530572" lon="9.57276569330879"><ele>1592.4</ele></trkpt><trkpt lat="46.57503469548437" lon="9.572790693486812"><ele>1591.5</ele></trkpt><trkpt lat="46.574915695843124" lon="9.572850693842781"><ele>1589.7</ele></trkpt><trkpt lat="46.57484369598341" lon="9.572887693980864"><ele>1589.0</ele></trkpt><trkpt lat="46.57478069604448" lon="9.572897694040455"><ele>1588.7</ele></trkpt><trkpt lat="46.57469969616515" lon="9.572881694160692"><ele>1588.1</ele></trkpt><trkpt lat="46.57455669614953" lon="9.572836694143364"><ele>1588.2</ele></trkpt><trkpt lat="46.57444069607386" lon="9.572779694066732"><ele>1588.6</ele></trkpt><trkpt lat="46.574324695998236" lon="9.572736693989594"><ele>1589.0</ele></trkpt><trkpt lat="46.57426169594084" lon="9.572707693931475"><ele>1589.3</ele></trkpt><trkpt lat="46.574226695902325" lon="9.572666693893483"><ele>1589.5</ele></trkpt><trkpt lat="46.57419169586379" lon="9.572626693855455"><ele>1589.7</ele></trkpt><trkpt lat="46.574156695785746" lon="9.572585693777748"><ele>1590.1</ele></trkpt><trkpt lat="46.57408569564961" lon="9.572530693641207"><ele>1590.8</ele></trkpt><trkpt lat="46.57400469557298" lon="9.57248869356382"><ele>1591.2</ele></trkpt><trkpt lat="46.573969695534444" lon="9.572448693525798"><ele>1591.4</ele></trkpt><trkpt lat="46.573934695555096" lon="9.572407693547383"><ele>1591.3</ele></trkpt><trkpt lat="46.57388169563538" lon="9.57234069362961"><ele>1590.9</ele></trkpt><trkpt lat="46.57382869555789" lon="9.572285693552534"><ele>1591.3</ele></trkpt><trkpt lat="46.573731695205396" lon="9.572190693199211"><ele>1593.1</ele></trkpt><trkpt lat="46.57367869510821" lon="9.572136693102244"><ele>1593.6</ele></trkpt><trkpt lat="46.573643695089416" lon="9.57209569308412"><ele>1593.7</ele></trkpt><trkpt lat="46.573599694991884" lon="9.572028692987585"><ele>1594.2</ele></trkpt><trkpt lat="46.573573694953126" lon="9.571988692949512"><ele>1594.4</ele></trkpt><trkpt lat="46.57348769471844" lon="9.571789692719134"><ele>1595.6</ele></trkpt><trkpt lat="46.57338469466161" lon="9.571524692670009"><ele>1595.9</ele></trkpt><trkpt lat="46.57334969456382" lon="9.571457692573432"><ele>1596.4</ele></trkpt><trkpt lat="46.57331469448581" lon="9.571391692496672"><ele>1596.8</ele></trkpt><trkpt lat="46.573279694407795" lon="9.57132469241995"><ele>1597.2</ele></trkpt><trkpt lat="46.573262694368715" lon="9.571297692381345"><ele>1597.4</ele></trkpt><trkpt lat="46.57323569434975" lon="9.571270692362656"><ele>1597.5</ele></trkpt><trkpt lat="46.57320069427179" lon="9.571243692284455"><ele>1597.9</ele></trkpt><trkpt lat="46.573102694077264" lon="9.571174692089075"><ele>1598.9</ele></trkpt><trkpt lat="46.57303069390179" lon="9.571158691911421"><ele>1599.8</ele></trkpt><trkpt lat="46.57295969388409" lon="9.57112969189308"><ele>1599.9</ele></trkpt><trkpt lat="46.572851693808296" lon="9.571112691814957"><ele>1600.3</ele></trkpt><trkpt lat="46.572708693674414" lon="9.571093691677559"><ele>1601.0</ele></trkpt><trkpt lat="46.57265469363654" lon="9.571078691638746"><ele>1601.2</ele></trkpt><trkpt lat="46.572627693617555" lon="9.571077691619095"><ele>1601.3</ele></trkpt><trkpt lat="46.572592693559365" lon="9.571049691560788"><ele>1601.6</ele></trkpt><trkpt lat="46.57249369346357" lon="9.571006691463728"><ele>1602.1</ele></trkpt><trkpt lat="46.57239569330857" lon="9.570976691306623"><ele>1602.9</ele></trkpt><trkpt lat="46.57235069327041" lon="9.570961691267748"><ele>1603.1</ele></trkpt><trkpt lat="46.57230669321247" lon="9.5709336912095"><ele>1603.4</ele></trkpt><trkpt lat="46.57230669321247" lon="9.5709336912095"><ele>1603.4</ele></trkpt><trkpt lat="46.572225692800686" lon="9.570943690792708"><ele>1605.5</ele></trkpt><trkpt lat="46.5721796923879" lon="9.570955690375627"><ele>1607.6</ele></trkpt><trkpt lat="46.57216169217145" lon="9.570954690157393"><ele>1608.7</ele></trkpt><trkpt lat="46.572134692014444" lon="9.570953689998769"><ele>1609.5</ele></trkpt><trkpt lat="46.57209069144371" lon="9.57093868942386"><ele>1612.4</ele></trkpt><trkpt lat="46.57202769079463" lon="9.57090968877019"><ele>1615.7</ele></trkpt><trkpt lat="46.57200069065731" lon="9.570895688631909"><ele>1616.4</ele></trkpt><trkpt lat="46.57195669052054" lon="9.570868688494231"><ele>1617.1</ele></trkpt><trkpt lat="46.571912690423105" lon="9.570827688396777"><ele>1617.6</ele></trkpt><trkpt lat="46.57182469005071" lon="9.570732688023691"><ele>1619.5</ele></trkpt><trkpt lat="46.57174468981625" lon="9.570650687789046"><ele>1620.7</ele></trkpt><trkpt lat="46.57170968975804" lon="9.570623687730723"><ele>1621.0</ele></trkpt><trkpt lat="46.57168268962074" lon="9.570609687592452"><ele>1621.7</ele></trkpt><trkpt lat="46.571655689443965" lon="9.570582687414966"><ele>1622.6</ele></trkpt><trkpt lat="46.57162868930668" lon="9.570581687276208"><ele>1623.3</ele></trkpt><trkpt lat="46.57160168913002" lon="9.570580687097745"><ele>1624.2</ele></trkpt><trkpt lat="46.57152968891525" lon="9.570590686879445"><ele>1625.3</ele></trkpt><trkpt lat="46.571493688797965" lon="9.570588686760635"><ele>1625.9</ele></trkpt><trkpt lat="46.57147668881819" lon="9.570575686781082"><ele>1625.8</ele></trkpt><trkpt lat="46.571440688740296" lon="9.570547686702957"><ele>1626.2</ele></trkpt><trkpt lat="46.57141468870159" lon="9.570520686664436"><ele>1626.4</ele></trkpt><trkpt lat="46.571370688742164" lon="9.570466686706451"><ele>1626.2</ele></trkpt><trkpt lat="46.57130868894116" lon="9.570411686907429"><ele>1625.2</ele></trkpt><trkpt lat="46.57123768892342" lon="9.570356686890095"><ele>1625.3</ele></trkpt><trkpt lat="46.57112168876888" lon="9.570274686735099"><ele>1626.1</ele></trkpt><trkpt lat="46.570900688282016" lon="9.570095686246969"><ele>1628.6</ele></trkpt><trkpt lat="46.57071368781388" lon="9.569944685777442"><ele>1631.0</ele></trkpt><trkpt lat="46.57043068732884" lon="9.5697246852913"><ele>1633.5</ele></trkpt><trkpt lat="46.57035868721258" lon="9.56968268517425"><ele>1634.1</ele></trkpt><trkpt lat="46.57028768685964" lon="9.569653684818507"><ele>1635.9</ele></trkpt><trkpt lat="46.570180686507825" lon="9.56961068446353"><ele>1637.7</ele></trkpt><trkpt lat="46.570135686607706" lon="9.569582684564118"><ele>1637.2</ele></trkpt><trkpt lat="46.57010068637199" lon="9.569529684328167"><ele>1638.4</ele></trkpt><trkpt lat="46.57006568627425" lon="9.569475684231197"><ele>1638.9</ele></trkpt><trkpt lat="46.57004968625487" lon="9.569409684213962"><ele>1639.0</ele></trkpt><trkpt lat="46.57003268619606" lon="9.56933068415753"><ele>1639.3</ele></trkpt><trkpt lat="46.57003368621562" lon="9.569291684178857"><ele>1639.2</ele></trkpt><trkpt lat="46.57003368621562" lon="9.569291684178857"><ele>1639.2</ele></trkpt><trkpt lat="46.56985468543209" lon="9.569245683387809"><ele>1643.2</ele></trkpt><trkpt lat="46.5698006852168" lon="9.569230683170394"><ele>1644.3</ele></trkpt><trkpt lat="46.56969368472695" lon="9.569186682676552"><ele>1646.8</ele></trkpt><trkpt lat="46.56963968449185" lon="9.56915868243979"><ele>1648.0</ele></trkpt><trkpt lat="46.569435683551184" lon="9.569033681493183"><ele>1652.8</ele></trkpt><trkpt lat="46.56937368339522" lon="9.568978681336912"><ele>1653.6</ele></trkpt><trkpt lat="46.56933768329765" lon="9.56895168123894"><ele>1654.1</ele></trkpt><trkpt lat="46.56931168312087" lon="9.568910681062055"><ele>1655.0</ele></trkpt><trkpt lat="46.569294682963566" lon="9.568884680904391"><ele>1655.8</ele></trkpt><trkpt lat="46.5692856828652" lon="9.568870680805752"><ele>1656.3</ele></trkpt><trkpt lat="46.56927668276685" lon="9.568844680707578"><ele>1656.8</ele></trkpt><trkpt lat="46.56926868266843" lon="9.568817680609433"><ele>1657.3</ele></trkpt><trkpt lat="46.56926868260917" lon="9.56879168055089"><ele>1657.6</ele></trkpt><trkpt lat="46.56926468154386" lon="9.568556679488282"><ele>1663.0</ele></trkpt><trkpt lat="46.56924768128794" lon="9.568503679232437"><ele>1664.3</ele></trkpt><trkpt lat="46.56922968099259" lon="9.56846467893637"><ele>1665.8</ele></trkpt><trkpt lat="46.56913467924012" lon="9.568290677177476"><ele>1674.7</ele></trkpt><trkpt lat="46.56912567898395" lon="9.568264676920554"><ele>1676.0</ele></trkpt><trkpt lat="46.56911767878696" lon="9.568237676723205"><ele>1677.0</ele></trkpt><trkpt lat="46.56910867845189" lon="9.568198676387418"><ele>1678.7</ele></trkpt><trkpt lat="46.56906767811745" lon="9.567987676058554"><ele>1680.4</ele></trkpt><trkpt lat="46.56905967801898" lon="9.567935675961412"><ele>1680.9</ele></trkpt><trkpt lat="46.56904267801944" lon="9.567908675962578"><ele>1680.9</ele></trkpt><trkpt lat="46.56902567796068" lon="9.567868675904714"><ele>1681.2</ele></trkpt><trkpt lat="46.568973677705664" lon="9.567749675651726"><ele>1682.5</ele></trkpt><trkpt lat="46.568903677017346" lon="9.567616674962853"><ele>1686.0</ele></trkpt><trkpt lat="46.568860676486025" lon="9.567510674431512"><ele>1688.7</ele></trkpt><trkpt lat="46.568843676269495" lon="9.567457674215426"><ele>1689.8</ele></trkpt><trkpt lat="46.56883567611189" lon="9.567417674058305"><ele>1690.6</ele></trkpt><trkpt lat="46.5688096759746" lon="9.567377673921147"><ele>1691.3</ele></trkpt><trkpt lat="46.568783675797796" lon="9.567337673744296"><ele>1692.2</ele></trkpt><trkpt lat="46.56874767558195" lon="9.567296673527872"><ele>1693.3</ele></trkpt><trkpt lat="46.568703675287395" lon="9.567242673232643"><ele>1694.8</ele></trkpt><trkpt lat="46.56865967509154" lon="9.567215673035568"><ele>1695.8</ele></trkpt><trkpt lat="46.568606674876186" lon="9.567173672819301"><ele>1696.9</ele></trkpt><trkpt lat="46.56856267473934" lon="9.567106672683332"><ele>1697.6</ele></trkpt><trkpt lat="46.56852767454319" lon="9.56706667248672"><ele>1698.6</ele></trkpt><trkpt lat="46.56843867387531" lon="9.566971671816425"><ele>1702.0</ele></trkpt><trkpt lat="46.56839467358087" lon="9.56693067152071"><ele>1703.5</ele></trkpt><trkpt lat="46.56834167328666" lon="9.566902671224542"><ele>1705.0</ele></trkpt><trkpt lat="46.56827867301256" lon="9.566873670948318"><ele>1706.4</ele></trkpt><trkpt lat="46.5682606729342" lon="9.56687367086907"><ele>1706.8</ele></trkpt><trkpt lat="46.56825167289503" lon="9.566872670829488"><ele>1707.0</ele></trkpt><trkpt lat="46.56823367281679" lon="9.56688567074972"><ele>1707.4</ele></trkpt><trkpt lat="46.5681696724444" lon="9.56696067037017"><ele>1709.3</ele></trkpt><trkpt lat="46.56815067228732" lon="9.566986670210529"><ele>1710.1</ele></trkpt><trkpt lat="46.56812367216992" lon="9.566998670091182"><ele>1710.7</ele></trkpt><trkpt lat="46.56808767201339" lon="9.567022669931731"><ele>1711.5</ele></trkpt><trkpt lat="46.56805967187628" lon="9.567034669792541"><ele>1712.2</ele></trkpt><trkpt lat="46.56804167173884" lon="9.56703466965377"><ele>1712.9</ele></trkpt><trkpt lat="46.568014671601674" lon="9.567033669515094"><ele>1713.6</ele></trkpt><trkpt lat="46.56799767150358" lon="9.56701966941655"><ele>1714.1</ele></trkpt><trkpt lat="46.56797067136637" lon="9.56699266927892"><ele>1714.8</ele></trkpt><trkpt lat="46.5679446710911" lon="9.566965669002382"><ele>1716.2</ele></trkpt><trkpt lat="46.567917670855245" lon="9.566924668766097"><ele>1717.4</ele></trkpt><trkpt lat="46.56789167073763" lon="9.566884668648816"><ele>1718.0</ele></trkpt><trkpt lat="46.567857670600496" lon="9.566805668513311"><ele>1718.7</ele></trkpt><trkpt lat="46.56783067050267" lon="9.566764668415917"><ele>1719.2</ele></trkpt><trkpt lat="46.56776067026813" lon="9.566696668181008"><ele>1720.4</ele></trkpt><trkpt lat="46.56772467013114" lon="9.566656668043956"><ele>1721.1</ele></trkpt><trkpt lat="46.56762766989736" lon="9.566574667809784"><ele>1722.3</ele></trkpt><trkpt lat="46.56758266980018" lon="9.566546667712007"><ele>1722.8</ele></trkpt><trkpt lat="46.56750366960529" lon="9.566478667516844"><ele>1723.8</ele></trkpt><trkpt lat="46.56745066944912" lon="9.566423667360677"><ele>1724.6</ele></trkpt><trkpt lat="46.56743266944969" lon="9.566410667361321"><ele>1724.6</ele></trkpt><trkpt lat="46.56741566937131" lon="9.566370667283676"><ele>1725.0</ele></trkpt><trkpt lat="46.56739766931261" lon="9.56634366722536"><ele>1725.3</ele></trkpt><trkpt lat="46.56737266911601" lon="9.566251667030818"><ele>1726.3</ele></trkpt><trkpt lat="46.567364668997826" lon="9.56619866691396"><ele>1726.9</ele></trkpt><trkpt lat="46.56734766889969" lon="9.566158666816484"><ele>1727.4</ele></trkpt><trkpt lat="46.567321668801796" lon="9.566105666719587"><ele>1727.9</ele></trkpt><trkpt lat="46.56730466870367" lon="9.566065666622105"><ele>1728.4</ele></trkpt><trkpt lat="46.567171668273765" lon="9.565916666192527"><ele>1730.6</ele></trkpt><trkpt lat="46.567136667900165" lon="9.565863665817956"><ele>1732.5</ele></trkpt><trkpt lat="46.56703966733132" lon="9.565781665246593"><ele>1735.4</ele></trkpt><trkpt lat="46.56702166729246" lon="9.565780665207075"><ele>1735.6</ele></trkpt><trkpt lat="46.56702166729246" lon="9.565780665207075"><ele>1735.6</ele></trkpt><trkpt lat="46.56699566721427" lon="9.565727665130034"><ele>1736.0</ele></trkpt><trkpt lat="46.56696966715587" lon="9.565687665072304"><ele>1736.3</ele></trkpt><trkpt lat="46.56691666703912" lon="9.56563266495585"><ele>1736.9</ele></trkpt><trkpt lat="46.56687266694182" lon="9.565579664859095"><ele>1737.4</ele></trkpt><trkpt lat="46.566828666844536" lon="9.565525664762383"><ele>1737.9</ele></trkpt><trkpt lat="46.56669566655275" lon="9.565415664470148"><ele>1739.4</ele></trkpt><trkpt lat="46.56663366641659" lon="9.565360664333925"><ele>1740.1</ele></trkpt><trkpt lat="46.56656266624129" lon="9.56531866415756"><ele>1741.0</ele></trkpt><trkpt lat="46.566419665950036" lon="9.565248663863798"><ele>1742.5</ele></trkpt><trkpt lat="46.56634766581425" lon="9.565219663726594"><ele>1743.2</ele></trkpt><trkpt lat="46.566267665639344" lon="9.565189663549807"><ele>1744.1</ele></trkpt><trkpt lat="46.56618666546449" lon="9.565173663372473"><ele>1745.0</ele></trkpt><trkpt lat="46.5661066652896" lon="9.565157663195127"><ele>1745.9</ele></trkpt><trkpt lat="46.566052665173025" lon="9.565155663076549"><ele>1746.5</ele></trkpt><trkpt lat="46.56598066497822" lon="9.565152662878788"><ele>1747.5</ele></trkpt><trkpt lat="46.565935664900806" lon="9.565150662799823"><ele>1747.9</ele></trkpt><trkpt lat="46.56586366472573" lon="9.565160662621366"><ele>1748.8</ele></trkpt><trkpt lat="46.56581766464846" lon="9.56518566254132"><ele>1749.2</ele></trkpt><trkpt lat="46.56578166455107" lon="9.565196662441927"><ele>1749.7</ele></trkpt><trkpt lat="46.565745664473404" lon="9.565195662362866"><ele>1750.1</ele></trkpt><trkpt lat="46.56570066435655" lon="9.565193662244226"><ele>1750.7</ele></trkpt><trkpt lat="46.5656646642789" lon="9.565192662165163"><ele>1751.1</ele></trkpt><trkpt lat="46.565583664084336" lon="9.565176661967993"><ele>1752.1</ele></trkpt><trkpt lat="46.56554866398682" lon="9.565148661870186"><ele>1752.6</ele></trkpt><trkpt lat="46.56551266386965" lon="9.565121661752512"><ele>1753.2</ele></trkpt><trkpt lat="46.56546866375266" lon="9.565080661635461"><ele>1753.8</ele></trkpt><trkpt lat="46.5653626634207" lon="9.564971661303408"><ele>1755.5</ele></trkpt><trkpt lat="46.56533666332288" lon="9.564918661206573"><ele>1756.0</ele></trkpt><trkpt lat="46.56531066324471" lon="9.564878661129038"><ele>1756.4</ele></trkpt><trkpt lat="46.56528466312716" lon="9.564825661012366"><ele>1757.0</ele></trkpt><trkpt lat="46.5652586629701" lon="9.564745660857128"><ele>1757.8</ele></trkpt><trkpt lat="46.565242662832404" lon="9.564666660721622"><ele>1758.5</ele></trkpt><trkpt lat="46.565225662714504" lon="9.564600660605429"><ele>1759.1</ele></trkpt><trkpt lat="46.56520866259663" lon="9.564535660489195"><ele>1759.7</ele></trkpt><trkpt lat="46.565191662518224" lon="9.564495660411607"><ele>1760.1</ele></trkpt><trkpt lat="46.5651656624006" lon="9.564429660295481"><ele>1760.7</ele></trkpt><trkpt lat="46.56513166224379" lon="9.564349660140314"><ele>1761.5</ele></trkpt><trkpt lat="46.56508766206767" lon="9.564269659965383"><ele>1762.4</ele></trkpt><trkpt lat="46.565053661910845" lon="9.564202659809684"><ele>1763.2</ele></trkpt><trkpt lat="46.565001661695426" lon="9.56409665959622"><ele>1764.3</ele></trkpt><trkpt lat="46.5649666615584" lon="9.564042659459838"><ele>1765.0</ele></trkpt><trkpt lat="46.564834661069476" lon="9.563868658972051"><ele>1767.5</ele></trkpt><trkpt lat="46.564772660854516" lon="9.563800658757105"><ele>1768.6</ele></trkpt><trkpt lat="46.56470166065952" lon="9.563732658562056"><ele>1769.6</ele></trkpt><trkpt lat="46.56464066046428" lon="9.563677658366412"><ele>1770.6</ele></trkpt><trkpt lat="46.56460466036681" lon="9.563650658268603"><ele>1771.1</ele></trkpt><trkpt lat="46.56454266019134" lon="9.563608658092264"><ele>1772.0</ele></trkpt><trkpt lat="46.56431965954785" lon="9.563482657444526"><ele>1775.3</ele></trkpt><trkpt lat="46.564230659294374" lon="9.563426657189638"><ele>1776.6</ele></trkpt><trkpt lat="46.56406265882648" lon="9.563302656719944"><ele>1779.0</ele></trkpt><trkpt lat="46.56384065816316" lon="9.563124656054583"><ele>1782.4</ele></trkpt><trkpt lat="46.56373365785115" lon="9.563054655740928"><ele>1784.0</ele></trkpt><trkpt lat="46.56367165769541" lon="9.563013655584413"><ele>1784.8</ele></trkpt><trkpt lat="46.56363565759805" lon="9.562998655486126"><ele>1785.3</ele></trkpt><trkpt lat="46.56361865751968" lon="9.562972655408"><ele>1785.7</ele></trkpt><trkpt lat="46.563574657383015" lon="9.562918655271735"><ele>1786.4</ele></trkpt><trkpt lat="46.563556657344094" lon="9.562891655233324"><ele>1786.6</ele></trkpt><trkpt lat="46.56349665708952" lon="9.562758654981474"><ele>1787.9</ele></trkpt><trkpt lat="46.56346165699196" lon="9.56270565488477"><ele>1788.4</ele></trkpt><trkpt lat="46.56341765683557" lon="9.562638654729223"><ele>1789.2</ele></trkpt><trkpt lat="46.56330365652358" lon="9.5624906544189"><ele>1790.8</ele></trkpt><trkpt lat="46.563250656485764" lon="9.562435654381897"><ele>1791.0</ele></trkpt><trkpt lat="46.563197656428144" lon="9.562355654326108"><ele>1791.3</ele></trkpt><trkpt lat="46.56315465637027" lon="9.562288654269706"><ele>1791.6</ele></trkpt><trkpt lat="46.563119656331835" lon="9.562221654233081"><ele>1791.8</ele></trkpt><trkpt lat="46.56305065625483" lon="9.562062654160865"><ele>1792.2</ele></trkpt><trkpt lat="46.56300765619676" lon="9.561930654107183"><ele>1792.5</ele></trkpt><trkpt lat="46.56295665611915" lon="9.561772654034817"><ele>1792.9</ele></trkpt><trkpt lat="46.562907656021615" lon="9.561548653945357"><ele>1793.4</ele></trkpt><trkpt lat="46.562881655982906" lon="9.561482653908637"><ele>1793.6</ele></trkpt><trkpt lat="46.562847655964" lon="9.561376653893467"><ele>1793.7</ele></trkpt><trkpt lat="46.56282165596471" lon="9.561323653895858"><ele>1793.7</ele></trkpt><trkpt lat="46.56279565596539" lon="9.561269653898286"><ele>1793.7</ele></trkpt><trkpt lat="46.56274265598662" lon="9.56117665392235"><ele>1793.6</ele></trkpt><trkpt lat="46.56269065600781" lon="9.561096653945873"><ele>1793.5</ele></trkpt><trkpt lat="46.56257665597162" lon="9.5609096539148"><ele>1793.7</ele></trkpt><trkpt lat="46.56248065597448" lon="9.56078765392055"><ele>1793.7</ele></trkpt><trkpt lat="46.56248065597448" lon="9.56078765392055"><ele>1793.7</ele></trkpt><trkpt lat="46.56240165593733" lon="9.56065465388699"><ele>1793.9</ele></trkpt><trkpt lat="46.56232365591987" lon="9.560533653872751"><ele>1794.0</ele></trkpt><trkpt lat="46.562217655903204" lon="9.560386653859778"><ele>1794.1</ele></trkpt><trkpt lat="46.56212165588631" lon="9.560238653846792"><ele>1794.2</ele></trkpt><trkpt lat="46.56202465586942" lon="9.560117653832682"><ele>1794.3</ele></trkpt><trkpt lat="46.56185765575622" lon="9.559941653722232"><ele>1794.9</ele></trkpt><trkpt lat="46.56185765575622" lon="9.559941653722232"><ele>1794.9</ele></trkpt><trkpt lat="46.56177765577834" lon="9.559847653746527"><ele>1794.8</ele></trkpt><trkpt lat="46.56177765577834" lon="9.559847653746527"><ele>1794.8</ele></trkpt><trkpt lat="46.56172465574059" lon="9.559805653708999"><ele>1795.0</ele></trkpt><trkpt lat="46.561680655761606" lon="9.559764653730836"><ele>1794.9</ele></trkpt><trkpt lat="46.56164465574304" lon="9.559750653711841"><ele>1795.0</ele></trkpt><trkpt lat="46.56161765574392" lon="9.559736653712612"><ele>1795.0</ele></trkpt><trkpt lat="46.561591655724996" lon="9.559722653693553"><ele>1795.1</ele></trkpt><trkpt lat="46.56155565566709" lon="9.559720653634418"><ele>1795.4</ele></trkpt><trkpt lat="46.561528655608896" lon="9.559732653574637"><ele>1795.7</ele></trkpt><trkpt lat="46.561491655531334" lon="9.5597446534951"><ele>1796.1</ele></trkpt><trkpt lat="46.56145565545375" lon="9.559756653415558"><ele>1796.5</ele></trkpt><trkpt lat="46.561382655298644" lon="9.55980565325544"><ele>1797.3</ele></trkpt><trkpt lat="46.56135565524049" lon="9.559817653195655"><ele>1797.6</ele></trkpt><trkpt lat="46.56132865520198" lon="9.559829653155695"><ele>1797.8</ele></trkpt><trkpt lat="46.561310655182886" lon="9.55981565313658"><ele>1797.9</ele></trkpt><trkpt lat="46.561310655182886" lon="9.55981565313658"><ele>1797.9</ele></trkpt><trkpt lat="46.56121265518596" lon="9.559772653139053"><ele>1797.9</ele></trkpt><trkpt lat="46.56114965516825" lon="9.55974465312083"><ele>1798.0</ele></trkpt><trkpt lat="46.5610606551317" lon="9.559714653083052"><ele>1798.2</ele></trkpt><trkpt lat="46.5610246551329" lon="9.559700653083887"><ele>1798.2</ele></trkpt><trkpt lat="46.56088265511767" lon="9.559629653068004"><ele>1798.3</ele></trkpt><trkpt lat="46.560819655119644" lon="9.55958765307019"><ele>1798.3</ele></trkpt><trkpt lat="46.5607486551219" lon="9.55955865307189"><ele>1798.3</ele></trkpt><trkpt lat="46.56073065512244" lon="9.5595326530731"><ele>1798.3</ele></trkpt><trkpt lat="46.56071365512296" lon="9.559518653073804"><ele>1798.3</ele></trkpt><trkpt lat="46.56071365512294" lon="9.55950565307435"><ele>1798.3</ele></trkpt><trkpt lat="46.560713655122846" lon="9.559479653075432"><ele>1798.3</ele></trkpt><trkpt lat="46.56071465512282" lon="9.559466653075967"><ele>1798.3</ele></trkpt><trkpt lat="46.56071465512282" lon="9.559466653075967"><ele>1798.3</ele></trkpt><trkpt lat="46.56081065511866" lon="9.559117653089917"><ele>1798.3</ele></trkpt><trkpt lat="46.56081065511866" lon="9.559117653089917"><ele>1798.3</ele></trkpt><trkpt lat="46.56082965515724" lon="9.55906665313156"><ele>1798.1</ele></trkpt><trkpt lat="46.56084865515652" lon="9.55902765313306"><ele>1798.1</ele></trkpt><trkpt lat="46.56094065513347" lon="9.558914653117343"><ele>1798.2</ele></trkpt><trkpt lat="46.561033655090604" lon="9.558774653082919"><ele>1798.4</ele></trkpt><trkpt lat="46.561060655109195" lon="9.558723653104689"><ele>1798.3</ele></trkpt><trkpt lat="46.561079655108514" lon="9.558684653106193"><ele>1798.3</ele></trkpt><trkpt lat="46.56108965512781" lon="9.55865865312703"><ele>1798.2</ele></trkpt><trkpt lat="46.561108655126986" lon="9.558594653129582"><ele>1798.2</ele></trkpt><trkpt lat="46.56111865514621" lon="9.558555653150957"><ele>1798.1</ele></trkpt><trkpt lat="46.56113665514555" lon="9.558517653152423"><ele>1798.1</ele></trkpt><trkpt lat="46.56117365514417" lon="9.558466653154305"><ele>1798.1</ele></trkpt><trkpt lat="46.56120065514324" lon="9.558454653154625"><ele>1798.1</ele></trkpt><trkpt lat="46.56125565514133" lon="9.558417653155795"><ele>1798.1</ele></trkpt><trkpt lat="46.56131965515871" lon="9.558354653177815"><ele>1798.0</ele></trkpt><trkpt lat="46.56135665517708" lon="9.55830465319947"><ele>1797.9</ele></trkpt><trkpt lat="46.5613936551363" lon="9.55825365316171"><ele>1798.1</ele></trkpt><trkpt lat="46.561459655015476" lon="9.558125653047709"><ele>1798.7</ele></trkpt><trkpt lat="46.56149665497467" lon="9.558048653011047"><ele>1798.9</ele></trkpt><trkpt lat="46.56153365497328" lon="9.557997653012924"><ele>1798.9</ele></trkpt><trkpt lat="46.5615706549916" lon="9.557934653035128"><ele>1798.8</ele></trkpt><trkpt lat="46.56160765502963" lon="9.557883653076642"><ele>1798.6</ele></trkpt><trkpt lat="46.56163565504835" lon="9.557858653097318"><ele>1798.5</ele></trkpt><trkpt lat="46.561662655047414" lon="9.557833653098173"><ele>1798.5</ele></trkpt><trkpt lat="46.561698655065825" lon="9.557808653118794"><ele>1798.4</ele></trkpt><trkpt lat="46.56172565506493" lon="9.557809653118566"><ele>1798.4</ele></trkpt><trkpt lat="46.56176265508334" lon="9.55779865313859"><ele>1798.3</ele></trkpt><trkpt lat="46.561780655082806" lon="9.557798653138468"><ele>1798.3</ele></trkpt><trkpt lat="46.56180665510168" lon="9.557812653157523"><ele>1798.2</ele></trkpt><trkpt lat="46.56183365512049" lon="9.557827653176528"><ele>1798.1</ele></trkpt><trkpt lat="46.56186065509996" lon="9.557854653155392"><ele>1798.2</ele></trkpt><trkpt lat="46.56187765511918" lon="9.55786765317455"><ele>1798.1</ele></trkpt><trkpt lat="46.56190465511835" lon="9.557895653173194"><ele>1798.1</ele></trkpt><trkpt lat="46.561921655098196" lon="9.557921653152174"><ele>1798.2</ele></trkpt><trkpt lat="46.56193965507796" lon="9.55796165313056"><ele>1798.3</ele></trkpt><trkpt lat="46.56196465507733" lon="9.558040653127083"><ele>1798.3</ele></trkpt><trkpt lat="46.56199065505692" lon="9.55809465310483"><ele>1798.4</ele></trkpt><trkpt lat="46.56202465503648" lon="9.558225653079301"><ele>1798.5</ele></trkpt><trkpt lat="46.56206665503551" lon="9.558384653072363"><ele>1798.5</ele></trkpt><trkpt lat="46.56210065503466" lon="9.558476653068276"><ele>1798.5</ele></trkpt><trkpt lat="46.562118655034126" lon="9.558490653067567"><ele>1798.5</ele></trkpt><trkpt lat="46.56213565505329" lon="9.558517653086138"><ele>1798.4</ele></trkpt><trkpt lat="46.56217965509141" lon="9.558558653123761"><ele>1798.2</ele></trkpt><trkpt lat="46.56225065503005" lon="9.558613653061522"><ele>1798.5</ele></trkpt><trkpt lat="46.56228665500927" lon="9.558640653040326"><ele>1798.6</ele></trkpt><trkpt lat="46.56228665500927" lon="9.558640653040326"><ele>1798.6</ele></trkpt><trkpt lat="46.562304654870616" lon="9.558615652902516"><ele>1799.3</ele></trkpt><trkpt lat="46.5623236547123" lon="9.558602652744371"><ele>1800.1</ele></trkpt><trkpt lat="46.5623326545937" lon="9.558590652625902"><ele>1800.7</ele></trkpt><trkpt lat="46.562333654495106" lon="9.558551652528436"><ele>1801.2</ele></trkpt><trkpt lat="46.5623176540026" lon="9.558433652038026"><ele>1803.7</ele></trkpt><trkpt lat="46.56231165360821" lon="9.558276651648288"><ele>1805.7</ele></trkpt><trkpt lat="46.56231265354888" lon="9.558211651591563"><ele>1806.0</ele></trkpt><trkpt lat="46.562304653470186" lon="9.558145651515119"><ele>1806.4</ele></trkpt><trkpt lat="46.562272653155375" lon="9.557961651205993"><ele>1808.0</ele></trkpt><trkpt lat="46.562264653076646" lon="9.557896651129514"><ele>1808.4</ele></trkpt><trkpt lat="46.56226665285944" lon="9.557765650917027"><ele>1809.5</ele></trkpt><trkpt lat="46.5622686526818" lon="9.557687650741945"><ele>1810.4</ele></trkpt><trkpt lat="46.56225165244562" lon="9.557595650508139"><ele>1811.6</ele></trkpt><trkpt lat="46.562252652366645" lon="9.557556650430511"><ele>1812.0</ele></trkpt><trkpt lat="46.562301651891445" lon="9.557349649963317"><ele>1814.4</ele></trkpt><trkpt lat="46.56232065179216" lon="9.557311649865714"><ele>1814.9</ele></trkpt><trkpt lat="46.56233865165354" lon="9.557285649727978"><ele>1815.6</ele></trkpt><trkpt lat="46.56238465141544" lon="9.557261649490883"><ele>1816.8</ele></trkpt><trkpt lat="46.56240265131628" lon="9.557236649392737"><ele>1817.3</ele></trkpt><trkpt lat="46.562412651118635" lon="9.557158649197811"><ele>1818.3</ele></trkpt><trkpt lat="46.562404650921636" lon="9.557105649001956"><ele>1819.3</ele></trkpt><trkpt lat="46.56239665080362" lon="9.557079648884221"><ele>1819.9</ele></trkpt><trkpt lat="46.562378650666226" lon="9.55706564874623"><ele>1820.6</ele></trkpt><trkpt lat="46.56237065052849" lon="9.557039648608685"><ele>1821.3</ele></trkpt><trkpt lat="46.56236165041047" lon="9.557012648491002"><ele>1821.9</ele></trkpt><trkpt lat="46.5623616503316" lon="9.556999648412285"><ele>1822.3</ele></trkpt><trkpt lat="46.56236265025274" lon="9.556986648333572"><ele>1822.7</ele></trkpt><trkpt lat="46.56235365021359" lon="9.55697364829456"><ele>1822.9</ele></trkpt><trkpt lat="46.56234465011526" lon="9.55695964819614"><ele>1823.4</ele></trkpt><trkpt lat="46.56232665005682" lon="9.556972648136266"><ele>1823.7</ele></trkpt><trkpt lat="46.56231764997823" lon="9.556958648057664"><ele>1824.1</ele></trkpt><trkpt lat="46.56230964986021" lon="9.556932647939936"><ele>1824.7</ele></trkpt><trkpt lat="46.562309649820705" lon="9.556906647901407"><ele>1824.9</ele></trkpt><trkpt lat="46.562309649820705" lon="9.556906647901407"><ele>1824.9</ele></trkpt><trkpt lat="46.562309649722145" lon="9.556893647802887"><ele>1825.4</ele></trkpt><trkpt lat="46.562274649467014" lon="9.556852647547283"><ele>1826.7</ele></trkpt><trkpt lat="46.56226664934898" lon="9.556826647429551"><ele>1827.3</ele></trkpt><trkpt lat="46.56225764925068" lon="9.556812647331139"><ele>1827.8</ele></trkpt><trkpt lat="46.56224864919184" lon="9.556799647272308"><ele>1828.1</ele></trkpt><trkpt lat="46.56223164911351" lon="9.556772647194318"><ele>1828.5</ele></trkpt><trkpt lat="46.56222264899554" lon="9.55675964707605"><ele>1829.1</ele></trkpt><trkpt lat="46.56220464889755" lon="9.556732646978253"><ele>1829.6</ele></trkpt><trkpt lat="46.56219664874004" lon="9.556693646821453"><ele>1830.4</ele></trkpt><trkpt lat="46.56218864862195" lon="9.556653646704326"><ele>1831.0</ele></trkpt><trkpt lat="46.56217264814921" lon="9.556535646233936"><ele>1833.4</ele></trkpt><trkpt lat="46.562172648109716" lon="9.556522646194859"><ele>1833.6</ele></trkpt><trkpt lat="46.562146647913536" lon="9.556508645997503"><ele>1834.6</ele></trkpt><trkpt lat="46.56212864785499" lon="9.556494645938784"><ele>1834.9</ele></trkpt><trkpt lat="46.56212964763807" lon="9.556455645722492"><ele>1836.0</ele></trkpt><trkpt lat="46.56212064746091" lon="9.55642964554535"><ele>1836.9</ele></trkpt><trkpt lat="46.56211164738235" lon="9.556415645466751"><ele>1837.3</ele></trkpt><trkpt lat="46.56205864712787" lon="9.55638764521075"><ele>1838.6</ele></trkpt><trkpt lat="46.562040647010186" lon="9.556360645093147"><ele>1839.2</ele></trkpt><trkpt lat="46.562032646931605" lon="9.556347645014506"><ele>1839.6</ele></trkpt><trkpt lat="46.562023646813635" lon="9.556321644896807"><ele>1840.2</ele></trkpt><trkpt lat="46.56202564655712" lon="9.556229644643162"><ele>1841.5</ele></trkpt><trkpt lat="46.562008646380114" lon="9.556163644467796"><ele>1842.4</ele></trkpt><trkpt lat="46.561991646104616" lon="9.556098644193323"><ele>1843.8</ele></trkpt><trkpt lat="46.56198364602602" lon="9.556084644114732"><ele>1844.2</ele></trkpt><trkpt lat="46.56194764592862" lon="9.556057644017077"><ele>1844.7</ele></trkpt><trkpt lat="46.56190264575279" lon="9.556055643839164"><ele>1845.6</ele></trkpt><trkpt lat="46.56185764557697" lon="9.556040643661813"><ele>1846.5</ele></trkpt><trkpt lat="46.561840645459235" lon="9.556026643543658"><ele>1847.1</ele></trkpt><trkpt lat="46.56182264542039" lon="9.556000643505278"><ele>1847.3</ele></trkpt><trkpt lat="46.56182264542039" lon="9.556000643505278"><ele>1847.3</ele></trkpt><trkpt lat="46.5618586453994" lon="9.55598864348573"><ele>1847.4</ele></trkpt><trkpt lat="46.56191364537776" lon="9.555964643466568"><ele>1847.5</ele></trkpt><trkpt lat="46.56203964527492" lon="9.555956643366962"><ele>1848.0</ele></trkpt><trkpt lat="46.562102645213606" lon="9.55594564330756"><ele>1848.3</ele></trkpt><trkpt lat="46.562111645213314" lon="9.555946643307456"><ele>1848.3</ele></trkpt><trkpt lat="46.562120645193254" lon="9.555933643288135"><ele>1848.4</ele></trkpt><trkpt lat="46.562120645193254" lon="9.555933643288135"><ele>1848.4</ele></trkpt><trkpt lat="46.56209464515465" lon="9.555906643249855"><ele>1848.6</ele></trkpt><trkpt lat="46.5620496450773" lon="9.555878643172127"><ele>1849.0</ele></trkpt><trkpt lat="46.562014644979904" lon="9.555864643073917"><ele>1849.5</ele></trkpt><trkpt lat="46.56192464480554" lon="9.555847642896973"><ele>1850.4</ele></trkpt><trkpt lat="46.56187964470857" lon="9.555845642798314"><ele>1850.9</ele></trkpt><trkpt lat="46.56183464459183" lon="9.555831642680364"><ele>1851.5</ele></trkpt><trkpt lat="46.561609644146266" lon="9.555835642226098"><ele>1853.8</ele></trkpt><trkpt lat="46.561456643836244" lon="9.555842641909878"><ele>1855.4</ele></trkpt><trkpt lat="46.561069643081" lon="9.555840641140039"><ele>1859.3</ele></trkpt><trkpt lat="46.56099764290614" lon="9.555837640962372"><ele>1860.2</ele></trkpt><trkpt lat="46.56096164284825" lon="9.555835640903283"><ele>1860.5</ele></trkpt><trkpt lat="46.5608726426739" lon="9.555819640726298"><ele>1861.4</ele></trkpt><trkpt lat="46.560836642576604" lon="9.555804640628146"><ele>1861.9</ele></trkpt><trkpt lat="46.56072964234373" lon="9.555761640393031"><ele>1863.1</ele></trkpt><trkpt lat="46.5606756422272" lon="9.555733640275758"><ele>1863.7</ele></trkpt><trkpt lat="46.56064064214954" lon="9.55570564019798"><ele>1864.1</ele></trkpt><trkpt lat="46.56060464207191" lon="9.555678640120158"><ele>1864.5</ele></trkpt><trkpt lat="46.56053464195587" lon="9.555610640004742"><ele>1865.1</ele></trkpt><trkpt lat="46.56050764191726" lon="9.555570639967046"><ele>1865.3</ele></trkpt><trkpt lat="46.56049064185868" lon="9.555543639908906"><ele>1865.6</ele></trkpt><trkpt lat="46.560455641820354" lon="9.555490639871834"><ele>1865.8</ele></trkpt><trkpt lat="46.56043864178137" lon="9.555450639834072"><ele>1866.0</ele></trkpt><trkpt lat="46.560412641762426" lon="9.555396639816792"><ele>1866.1</ele></trkpt><trkpt lat="46.5604036417429" lon="9.555344639799312"><ele>1866.2</ele></trkpt><trkpt lat="46.560361641763606" lon="9.55521263982515"><ele>1866.1</ele></trkpt><trkpt lat="46.56034564180329" lon="9.55512063986888"><ele>1865.9</ele></trkpt><trkpt lat="46.56033764180344" lon="9.555054639871805"><ele>1865.9</ele></trkpt><trkpt lat="46.56032964180352" lon="9.555002639874118"><ele>1865.9</ele></trkpt><trkpt lat="46.56032964180352" lon="9.555002639874118"><ele>1865.9</ele></trkpt><trkpt lat="46.56032064178407" lon="9.554975639855545"><ele>1866.0</ele></trkpt><trkpt lat="46.560314641724744" lon="9.554832639802374"><ele>1866.3</ele></trkpt><trkpt lat="46.56030964170454" lon="9.554597639792812"><ele>1866.4</ele></trkpt><trkpt lat="46.56030264170448" lon="9.55450563979686"><ele>1866.4</ele></trkpt><trkpt lat="46.560278641665505" lon="9.554361639763671"><ele>1866.6</ele></trkpt><trkpt lat="46.560271641645755" lon="9.554269639747917"><ele>1866.7</ele></trkpt><trkpt lat="46.56023764160708" lon="9.554124639714843"><ele>1866.9</ele></trkpt><trkpt lat="46.56023764160708" lon="9.554124639714843"><ele>1866.9</ele></trkpt><trkpt lat="46.56019664148967" lon="9.553914639605416"><ele>1867.5</ele></trkpt><trkpt lat="46.56015564137234" lon="9.553730639494875"><ele>1868.1</ele></trkpt><trkpt lat="46.56013164125432" lon="9.55352063938534"><ele>1868.7</ele></trkpt><trkpt lat="46.56012464119521" lon="9.553428639329978"><ele>1869.0</ele></trkpt><trkpt lat="46.560103640998015" lon="9.55314063914461"><ele>1870.0</ele></trkpt><trkpt lat="46.56008764087996" lon="9.552996639032168"><ele>1870.6</ele></trkpt><trkpt lat="46.560081640741835" lon="9.552866638899241"><ele>1871.3</ele></trkpt><trkpt lat="46.560074640623576" lon="9.552761638785043"><ele>1871.9</ele></trkpt><trkpt lat="46.56005764054506" lon="9.552669638709961"><ele>1872.3</ele></trkpt><trkpt lat="46.56004164044694" lon="9.552603638613933"><ele>1872.8</ele></trkpt><trkpt lat="46.559982640113304" lon="9.552366638288037"><ele>1874.5</ele></trkpt><trkpt lat="46.55986563932783" lon="9.551879637518061"><ele>1878.5</ele></trkpt><trkpt lat="46.55986563932783" lon="9.551879637518061"><ele>1878.5</ele></trkpt><trkpt lat="46.559824638954225" lon="9.55166863715136"><ele>1880.4</ele></trkpt><trkpt lat="46.55978363858072" lon="9.551458636784636"><ele>1882.3</ele></trkpt><trkpt lat="46.55975963826578" lon="9.551288636475459"><ele>1883.9</ele></trkpt><trkpt lat="46.55974363808877" lon="9.551209636300834"><ele>1884.8</ele></trkpt><trkpt lat="46.559725638010455" lon="9.551156636224093"><ele>1885.2</ele></trkpt><trkpt lat="46.55971763795149" lon="9.551116636166505"><ele>1885.5</ele></trkpt><trkpt lat="46.55970063791258" lon="9.551077636128744"><ele>1885.7</ele></trkpt><trkpt lat="46.55970063791258" lon="9.551077636128744"><ele>1885.7</ele></trkpt><trkpt lat="46.55966563787427" lon="9.551036636091194"><ele>1885.9</ele></trkpt><trkpt lat="46.559638637875146" lon="9.551009636092571"><ele>1885.9</ele></trkpt><trkpt lat="46.559638637875146" lon="9.551009636092571"><ele>1885.9</ele></trkpt><trkpt lat="46.55959463783708" lon="9.550968636055087"><ele>1886.1</ele></trkpt><trkpt lat="46.55959463783708" lon="9.550968636055087"><ele>1886.1</ele></trkpt><trkpt lat="46.55955063766121" lon="9.550940635878435"><ele>1887.0</ele></trkpt><trkpt lat="46.55952363758329" lon="9.550913635800622"><ele>1887.4</ele></trkpt><trkpt lat="46.55950563752475" lon="9.550899635741967"><ele>1887.7</ele></trkpt><trkpt lat="46.559497637485585" lon="9.55087363570357"><ele>1887.9</ele></trkpt><trkpt lat="46.55948063740722" lon="9.550833635626255"><ele>1888.3</ele></trkpt><trkpt lat="46.55946263732894" lon="9.550793635548944"><ele>1888.7</ele></trkpt><trkpt lat="46.559437637152186" lon="9.550688635375556"><ele>1889.6</ele></trkpt><trkpt lat="46.55942063705408" lon="9.550635635279018"><ele>1890.1</ele></trkpt><trkpt lat="46.55940363697575" lon="9.550595635201706"><ele>1890.5</ele></trkpt><trkpt lat="46.55938663687769" lon="9.550556635104552"><ele>1891.0</ele></trkpt><trkpt lat="46.55935963678002" lon="9.550515635007564"><ele>1891.5</ele></trkpt><trkpt lat="46.559333636702036" lon="9.550475634930319"><ele>1891.9</ele></trkpt><trkpt lat="46.55930763660435" lon="9.550448634832703"><ele>1892.4</ele></trkpt><trkpt lat="46.55927163650701" lon="9.55042163473516"><ele>1892.9</ele></trkpt><trkpt lat="46.55918263625387" lon="9.550378634480326"><ele>1894.2</ele></trkpt><trkpt lat="46.55912063607866" lon="9.550349634303872"><ele>1895.1</ele></trkpt><trkpt lat="46.55899463570859" lon="9.550305633930565"><ele>1897.0</ele></trkpt><trkpt lat="46.55895963565069" lon="9.550291633872046"><ele>1897.3</ele></trkpt><trkpt lat="46.55890663553415" lon="9.550237633756028"><ele>1897.9</ele></trkpt><trkpt lat="46.55887063549595" lon="9.55020963371793"><ele>1898.1</ele></trkpt><trkpt lat="46.55881763543848" lon="9.550142633661881"><ele>1898.4</ele></trkpt><trkpt lat="46.55870363534348" lon="9.549981633570837"><ele>1898.9</ele></trkpt><trkpt lat="46.55847563517318" lon="9.549659633408554"><ele>1899.8</ele></trkpt><trkpt lat="46.55830963494189" lon="9.549405633183449"><ele>1901.0</ele></trkpt><trkpt lat="46.558283634903226" lon="9.549351633146438"><ele>1901.2</ele></trkpt><trkpt lat="46.558257634864574" lon="9.549298633109375"><ele>1901.4</ele></trkpt><trkpt lat="46.5582146347672" lon="9.549179633015987"><ele>1901.9</ele></trkpt><trkpt lat="46.558180634689364" lon="9.549100632940553"><ele>1902.3</ele></trkpt><trkpt lat="46.55811163455333" lon="9.548914632810737"><ele>1903.0</ele></trkpt><trkpt lat="46.55804363439753" lon="9.548716632661653"><ele>1903.8</ele></trkpt><trkpt lat="46.55800063431989" lon="9.54859763258807"><ele>1904.2</ele></trkpt><trkpt lat="46.55795863424219" lon="9.548465632515054"><ele>1904.6</ele></trkpt><trkpt lat="46.557915634144834" lon="9.54834663242168"><ele>1905.1</ele></trkpt><trkpt lat="46.557828633989715" lon="9.54816063227223"><ele>1905.9</ele></trkpt><trkpt lat="46.557802633951084" lon="9.54810663223523"><ele>1906.1</ele></trkpt><trkpt lat="46.55777663389277" lon="9.548053632178396"><ele>1906.4</ele></trkpt><trkpt lat="46.55774163385447" lon="9.548013632140842"><ele>1906.6</ele></trkpt><trkpt lat="46.55771563383552" lon="9.54797363212301"><ele>1906.7</ele></trkpt><trkpt lat="46.55768863379702" lon="9.54794563208487"><ele>1906.9</ele></trkpt><trkpt lat="46.55765363377849" lon="9.547931632065952"><ele>1907.0</ele></trkpt><trkpt lat="46.55762663375969" lon="9.547904632047556"><ele>1907.1</ele></trkpt><trkpt lat="46.557590633721475" lon="9.547889632008902"><ele>1907.3</ele></trkpt><trkpt lat="46.5575556336833" lon="9.54787563197019"><ele>1907.5</ele></trkpt><trkpt lat="46.557357633414384" lon="9.547841631696059"><ele>1908.9</ele></trkpt><trkpt lat="46.557259633260195" lon="9.547824631539198"><ele>1909.7</ele></trkpt><trkpt lat="46.55702663277577" lon="9.547776631048249"><ele>1912.2</ele></trkpt><trkpt lat="46.55691863250376" lon="9.54775963077272"><ele>1913.6</ele></trkpt><trkpt lat="46.556855632348395" lon="9.54775663061499"><ele>1914.4</ele></trkpt><trkpt lat="46.556855632348395" lon="9.54775663061499"><ele>1914.4</ele></trkpt><trkpt lat="46.55671063197938" lon="9.547790630238499"><ele>1916.3</ele></trkpt><trkpt lat="46.556656631823806" lon="9.547814630079493"><ele>1917.1</ele></trkpt><trkpt lat="46.55660263166816" lon="9.547825629921073"><ele>1917.9</ele></trkpt><trkpt lat="46.55657563157063" lon="9.54782462982236"><ele>1918.4</ele></trkpt><trkpt lat="46.55653063147372" lon="9.547822629723823"><ele>1918.9</ele></trkpt><trkpt lat="46.55646763129871" lon="9.54782062954626"><ele>1919.8</ele></trkpt><trkpt lat="46.5564406312208" lon="9.547805629467957"><ele>1920.2</ele></trkpt><trkpt lat="46.55640463112353" lon="9.547791629369893"><ele>1920.7</ele></trkpt><trkpt lat="46.55636063098718" lon="9.547763629232938"><ele>1921.4</ele></trkpt><trkpt lat="46.55633363086983" lon="9.547736629115597"><ele>1922.0</ele></trkpt><trkpt lat="46.55629863075278" lon="9.547696628998903"><ele>1922.6</ele></trkpt><trkpt lat="46.5562546306163" lon="9.547642628863116"><ele>1923.3</ele></trkpt><trkpt lat="46.5561666302843" lon="9.547534628532167"><ele>1925.0</ele></trkpt><trkpt lat="46.5561666302843" lon="9.547534628532167"><ele>1925.0</ele></trkpt><trkpt lat="46.55610563006954" lon="9.547453628318559"><ele>1926.1</ele></trkpt><trkpt lat="46.555946629503424" lon="9.547264627754318"><ele>1929.0</ele></trkpt><trkpt lat="46.555779628898186" lon="9.547062627151176"><ele>1932.1</ele></trkpt><trkpt lat="46.55566562846852" lon="9.54691462672333"><ele>1934.3</ele></trkpt><trkpt lat="46.555603628253806" lon="9.546834626509732"><ele>1935.4</ele></trkpt><trkpt lat="46.555552627959806" lon="9.546701626219289"><ele>1936.9</ele></trkpt><trkpt lat="46.555509627744314" lon="9.546595626006726"><ele>1938.0</ele></trkpt><trkpt lat="46.55548362760724" lon="9.546529625871386"><ele>1938.7</ele></trkpt><trkpt lat="46.555457627509554" lon="9.54647662577504"><ele>1939.2</ele></trkpt><trkpt lat="46.555414627254756" lon="9.546383625522331"><ele>1940.5</ele></trkpt><trkpt lat="46.55536262700024" lon="9.546276625270327"><ele>1941.8</ele></trkpt><trkpt lat="46.5553446269023" lon="9.54623662517334"><ele>1942.3</ele></trkpt><trkpt lat="46.555327626804285" lon="9.546184625076888"><ele>1942.8</ele></trkpt><trkpt lat="46.55531062672593" lon="9.546131625000266"><ele>1943.2</ele></trkpt><trkpt lat="46.555269626332844" lon="9.54592062461441"><ele>1945.2</ele></trkpt><trkpt lat="46.55522862595948" lon="9.545710624248322"><ele>1947.1</ele></trkpt><trkpt lat="46.55517062548811" lon="9.545460623785267"><ele>1949.5</ele></trkpt><trkpt lat="46.555145625252315" lon="9.545342623553404"><ele>1950.7</ele></trkpt><trkpt lat="46.555119625115175" lon="9.545262623418743"><ele>1951.4</ele></trkpt><trkpt lat="46.55510262501713" lon="9.545210623322317"><ele>1951.9</ele></trkpt><trkpt lat="46.55507762495875" lon="9.5451436232662"><ele>1952.2</ele></trkpt><trkpt lat="46.55505162488076" lon="9.545090623189669"><ele>1952.6</ele></trkpt><trkpt lat="46.555025624822434" lon="9.54503762313292"><ele>1952.9</ele></trkpt><trkpt lat="46.55465062406582" lon="9.54435762239516"><ele>1956.8</ele></trkpt><trkpt lat="46.55439862364009" lon="9.543865621984295"><ele>1959.0</ele></trkpt><trkpt lat="46.55410362321586" lon="9.543318621576317"><ele>1961.2</ele></trkpt><trkpt lat="46.554025623119706" lon="9.54315962148527"><ele>1961.7</ele></trkpt><trkpt lat="46.553973623081866" lon="9.54305262145099"><ele>1961.9</ele></trkpt><trkpt lat="46.55384462292796" lon="9.542708621309458"><ele>1962.7</ele></trkpt><trkpt lat="46.55371562275434" lon="9.542364621148163"><ele>1963.6</ele></trkpt><trkpt lat="46.553595622560785" lon="9.54205962096525"><ele>1964.6</ele></trkpt><trkpt lat="46.55353662228658" lon="9.541835620699096"><ele>1966.0</ele></trkpt><trkpt lat="46.55337762164047" lon="9.541177620077903"><ele>1969.3</ele></trkpt><trkpt lat="46.553343621601975" lon="9.541071620043477"><ele>1969.5</ele></trkpt><trkpt lat="46.55328362158406" lon="9.540938620030255"><ele>1969.6</ele></trkpt><trkpt lat="46.553179621547685" lon="9.540687620003006"><ele>1969.8</ele></trkpt><trkpt lat="46.553119621509964" lon="9.540528619971209"><ele>1970.0</ele></trkpt><trkpt lat="46.553119621509964" lon="9.540528619971209"><ele>1970.0</ele></trkpt><trkpt lat="46.55301762145369" lon="9.540224619926613"><ele>1970.3</ele></trkpt><trkpt lat="46.55291562137763" lon="9.539907619862843"><ele>1970.7</ele></trkpt><trkpt lat="46.552872621359114" lon="9.539775619849458"><ele>1970.8</ele></trkpt><trkpt lat="46.55276962132266" lon="9.539523619822262"><ele>1971.0</ele></trkpt><trkpt lat="46.55276962132266" lon="9.539523619822262"><ele>1971.0</ele></trkpt><trkpt lat="46.552708621304774" lon="9.539390619809057"><ele>1971.1</ele></trkpt><trkpt lat="46.55264862128691" lon="9.539270619795243"><ele>1971.2</ele></trkpt><trkpt lat="46.55251862123164" lon="9.53897861975032"><ele>1971.5</ele></trkpt><trkpt lat="46.55247662117366" lon="9.538833619697996"><ele>1971.8</ele></trkpt><trkpt lat="46.55245962111489" lon="9.538741619643048"><ele>1972.1</ele></trkpt><trkpt lat="46.552395620919036" lon="9.538321619465169"><ele>1973.1</ele></trkpt><trkpt lat="46.55236362082117" lon="9.538137619375037"><ele>1973.6</ele></trkpt><trkpt lat="46.552356620761934" lon="9.538007619321771"><ele>1973.9</ele></trkpt><trkpt lat="46.552363620524126" lon="9.537603619103137"><ele>1975.1</ele></trkpt><trkpt lat="46.55237262026646" lon="9.537159618866584"><ele>1976.4</ele></trkpt><trkpt lat="46.552356620207625" lon="9.537054618812247"><ele>1976.7</ele></trkpt><trkpt lat="46.55232262012972" lon="9.536923618739483"><ele>1977.1</ele></trkpt><trkpt lat="46.552202619877136" lon="9.53660561849813"><ele>1978.4</ele></trkpt><trkpt lat="46.55209061964406" lon="9.536327618274644"><ele>1979.6</ele></trkpt><trkpt lat="46.552065619585655" lon="9.536248618219194"><ele>1979.9</ele></trkpt><trkpt lat="46.55204061952716" lon="9.536129618165589"><ele>1980.2</ele></trkpt><trkpt lat="46.55191861927343" lon="9.535433617941758"><ele>1981.5</ele></trkpt><trkpt lat="46.55179761919669" lon="9.534659617899381"><ele>1981.9</ele></trkpt><trkpt lat="46.55177261915781" lon="9.53452761786615"><ele>1982.1</ele></trkpt><trkpt lat="46.551730619158896" lon="9.53439561787256"><ele>1982.1</ele></trkpt><trkpt lat="46.551705619120156" lon="9.534290617838089"><ele>1982.3</ele></trkpt><trkpt lat="46.55165561914093" lon="9.534066617868568"><ele>1982.2</ele></trkpt><trkpt lat="46.55165561914093" lon="9.534066617868568"><ele>1982.2</ele></trkpt><trkpt lat="46.551638619121654" lon="9.533987617852588"><ele>1982.3</ele></trkpt><trkpt lat="46.551638619121654" lon="9.533987617852588"><ele>1982.3</ele></trkpt><trkpt lat="46.55162261896438" lon="9.533882617699513"><ele>1983.1</ele></trkpt><trkpt lat="46.551615618806856" lon="9.533791617545734"><ele>1983.9</ele></trkpt><trkpt lat="46.551615618806856" lon="9.533791617545734"><ele>1983.9</ele></trkpt><trkpt lat="46.55159961866931" lon="9.533699617411825"><ele>1984.6</ele></trkpt><trkpt lat="46.55157461853208" lon="9.533594617278588"><ele>1985.3</ele></trkpt><trkpt lat="46.55154961839477" lon="9.533475617146"><ele>1986.0</ele></trkpt><trkpt lat="46.55152361831678" lon="9.533409617070232"><ele>1986.4</ele></trkpt><trkpt lat="46.55147961818034" lon="9.53334261693539"><ele>1987.1</ele></trkpt><trkpt lat="46.551418618024826" lon="9.533261616781568"><ele>1987.9</ele></trkpt><trkpt lat="46.55137461788838" lon="9.533195616646681"><ele>1988.6</ele></trkpt><trkpt lat="46.551357617770655" lon="9.533116616531949"><ele>1989.2</ele></trkpt><trkpt lat="46.551350617652425" lon="9.533024616417752"><ele>1989.8</ele></trkpt><trkpt lat="46.55134361753418" lon="9.532893616305364"><ele>1990.4</ele></trkpt><trkpt lat="46.55133661745535" lon="9.532802616230626"><ele>1990.8</ele></trkpt><trkpt lat="46.55132861737679" lon="9.532762616153535"><ele>1991.2</ele></trkpt><trkpt lat="46.55129361727939" lon="9.5326836160587"><ele>1991.7</ele></trkpt><trkpt lat="46.55118061686945" lon="9.532483615654051"><ele>1993.8</ele></trkpt><trkpt lat="46.5511546168111" lon="9.532417615598057"><ele>1994.1</ele></trkpt><trkpt lat="46.55113761681163" lon="9.532377615600046"><ele>1994.1</ele></trkpt><trkpt lat="46.55108961610353" lon="9.532049614904631"><ele>1997.7</ele></trkpt><trkpt lat="46.55106561582836" lon="9.531904614635064"><ele>1999.1</ele></trkpt><trkpt lat="46.551039615671534" lon="9.531825614480939"><ele>1999.9</ele></trkpt><trkpt lat="46.551023615494586" lon="9.531720614308204"><ele>2000.8</ele></trkpt><trkpt lat="46.550998615337754" lon="9.531641614154081"><ele>2001.6</ele></trkpt><trkpt lat="46.55098061527929" lon="9.531614614096227"><ele>2001.9</ele></trkpt><trkpt lat="46.55095461514227" lon="9.531574613960046"><ele>2002.6</ele></trkpt><trkpt lat="46.5509106150453" lon="9.531520613864156"><ele>2003.1</ele></trkpt><trkpt lat="46.550884614928" lon="9.531480613747725"><ele>2003.7</ele></trkpt><trkpt lat="46.550718614598495" lon="9.531187613426939"><ele>2005.4</ele></trkpt><trkpt lat="46.55066661438348" lon="9.531067613215713"><ele>2006.5</ele></trkpt><trkpt lat="46.55060661420808" lon="9.530934613044659"><ele>2007.4</ele></trkpt><trkpt lat="46.550580614070924" lon="9.53084261291093"><ele>2008.1</ele></trkpt><trkpt lat="46.5505466139145" lon="9.530776612756299"><ele>2008.9</ele></trkpt><trkpt lat="46.55048461373927" lon="9.530682612583446"><ele>2009.8</ele></trkpt><trkpt lat="46.5503366132125" lon="9.530454612062098"><ele>2012.5</ele></trkpt><trkpt lat="46.55027561295847" lon="9.530348611810831"><ele>2013.8</ele></trkpt><trkpt lat="46.55023161274326" lon="9.530255611598323"><ele>2014.9</ele></trkpt><trkpt lat="46.55017861260722" lon="9.530187611463704"><ele>2015.6</ele></trkpt><trkpt lat="46.55013461251021" lon="9.530134611367798"><ele>2016.1</ele></trkpt><trkpt lat="46.550090612373886" lon="9.530093611231843"><ele>2016.8</ele></trkpt><trkpt lat="46.550037612237986" lon="9.530065611095344"><ele>2017.5</ele></trkpt><trkpt lat="46.55000161218024" lon="9.530050611037089"><ele>2017.8</ele></trkpt><trkpt lat="46.54997561210227" lon="9.529997610960798"><ele>2018.2</ele></trkpt><trkpt lat="46.54994061202464" lon="9.529943610884622"><ele>2018.6</ele></trkpt><trkpt lat="46.54991461192697" lon="9.529877610789201"><ele>2019.1</ele></trkpt><trkpt lat="46.54989861178947" lon="9.529785610655445"><ele>2019.8</ele></trkpt><trkpt lat="46.54985661149522" lon="9.529614610367656"><ele>2021.3</ele></trkpt><trkpt lat="46.549788611182024" lon="9.529390610062825"><ele>2022.9</ele></trkpt><trkpt lat="46.549703610849704" lon="9.529139609739682"><ele>2024.6</ele></trkpt><trkpt lat="46.549643610536435" lon="9.52898060943176"><ele>2026.2</ele></trkpt><trkpt lat="46.54954860996832" lon="9.52874160887126"><ele>2029.1</ele></trkpt><trkpt lat="46.5494876096947" lon="9.528648608599743"><ele>2030.5</ele></trkpt><trkpt lat="46.54933860908933" lon="9.528433607999085"><ele>2033.6</ele></trkpt><trkpt lat="46.54931260893271" lon="9.528393607843253"><ele>2034.4</ele></trkpt><trkpt lat="46.549260608638974" lon="9.528274607553186"><ele>2035.9</ele></trkpt><trkpt lat="46.54922660840363" lon="9.528168607321591"><ele>2037.1</ele></trkpt><trkpt lat="46.5491666080511" lon="9.528009606974289"><ele>2038.9</ele></trkpt><trkpt lat="46.54908860763997" lon="9.527811606569768"><ele>2041.0</ele></trkpt><trkpt lat="46.549045607385416" lon="9.527731606317293"><ele>2042.3</ele></trkpt><trkpt lat="46.54901060720934" lon="9.527664606143103"><ele>2043.2</ele></trkpt><trkpt lat="46.54894060691641" lon="9.527583605851417"><ele>2044.7</ele></trkpt><trkpt lat="46.54888660674116" lon="9.527542605676139"><ele>2045.6</ele></trkpt><trkpt lat="46.548842606604936" lon="9.527514605539638"><ele>2046.3</ele></trkpt><trkpt lat="46.5487626063913" lon="9.527472605325135"><ele>2047.4</ele></trkpt><trkpt lat="46.548690606177445" lon="9.527456605109332"><ele>2048.5</ele></trkpt><trkpt lat="46.54856560574896" lon="9.527412604678155"><ele>2050.7</ele></trkpt><trkpt lat="46.548440605399165" lon="9.527355604326559"><ele>2052.5</ele></trkpt><trkpt lat="46.54839660524321" lon="9.527314604170956"><ele>2053.3</ele></trkpt><trkpt lat="46.54836160506721" lon="9.527261603996125"><ele>2054.2</ele></trkpt><trkpt lat="46.54833560489088" lon="9.527208603821222"><ele>2055.1</ele></trkpt><trkpt lat="46.54830060465575" lon="9.527128603588478"><ele>2056.3</ele></trkpt><trkpt lat="46.54825760432231" lon="9.52699660325961"><ele>2058.0</ele></trkpt><trkpt lat="46.54820660398913" lon="9.526850602931487"><ele>2059.7</ele></trkpt><trkpt lat="46.54816460365553" lon="9.526679602604508"><ele>2061.4</ele></trkpt><trkpt lat="46.54811560312513" lon="9.52643060208399"><ele>2064.1</ele></trkpt><trkpt lat="46.54808960292902" lon="9.526350601890691"><ele>2065.1</ele></trkpt><trkpt lat="46.54804660265477" lon="9.526244601619837"><ele>2066.5</ele></trkpt><trkpt lat="46.54797660232237" lon="9.52612460129067"><ele>2068.2</ele></trkpt><trkpt lat="46.547924602127296" lon="9.52605760109696"><ele>2069.2</ele></trkpt><trkpt lat="46.547870601952106" lon="9.526016600921745"><ele>2070.1</ele></trkpt><trkpt lat="46.54780860175754" lon="9.526000600725657"><ele>2071.1</ele></trkpt><trkpt lat="46.547745601523744" lon="9.525985600490056"><ele>2072.3</ele></trkpt><trkpt lat="46.547701601367855" lon="9.525957600333879"><ele>2073.1</ele></trkpt><trkpt lat="46.54766560123135" lon="9.525917600197955"><ele>2073.8</ele></trkpt><trkpt lat="46.54762160105566" lon="9.5258636000233"><ele>2074.7</ele></trkpt><trkpt lat="46.54757860091933" lon="9.525796599888741"><ele>2075.4</ele></trkpt><trkpt lat="46.54756160086066" lon="9.525717599833499"><ele>2075.7</ele></trkpt><trkpt lat="46.547544600782395" lon="9.525651599757888"><ele>2076.1</ele></trkpt><trkpt lat="46.547546600703306" lon="9.525573599682719"><ele>2076.5</ele></trkpt><trkpt lat="46.547546600703306" lon="9.525573599682719"><ele>2076.5</ele></trkpt><trkpt lat="46.547574600662706" lon="9.525522599645498"><ele>2076.7</ele></trkpt><trkpt lat="46.54760260060243" lon="9.525471599588556"><ele>2077.0</ele></trkpt><trkpt lat="46.547665600481736" lon="9.525434599471453"><ele>2077.6</ele></trkpt><trkpt lat="46.547720600361515" lon="9.525410599353794"><ele>2078.2</ele></trkpt><trkpt lat="46.54777460024129" lon="9.525412599234876"><ele>2078.8</ele></trkpt><trkpt lat="46.54785460000208" lon="9.525428598996676"><ele>2080.0</ele></trkpt><trkpt lat="46.54806959940359" lon="9.525515598398766"><ele>2083.0</ele></trkpt><trkpt lat="46.54825759880602" lon="9.525561597803053"><ele>2086.0</ele></trkpt><trkpt lat="46.548310598646545" lon="9.525576597644037"><ele>2086.8</ele></trkpt><trkpt lat="46.54838259844692" lon="9.525579597445985"><ele>2087.8</ele></trkpt><trkpt lat="46.548500598186465" lon="9.525571597188915"><ele>2089.1</ele></trkpt><trkpt lat="46.54858959802554" lon="9.525587597029563"><ele>2089.9</ele></trkpt><trkpt lat="46.54866959782578" lon="9.525629596829548"><ele>2090.9</ele></trkpt><trkpt lat="46.54876759758601" lon="9.525698596588601"><ele>2092.1</ele></trkpt><trkpt lat="46.548883597207734" lon="9.525768596209325"><ele>2094.0</ele></trkpt><trkpt lat="46.54893659696958" lon="9.525809595970088"><ele>2095.2</ele></trkpt><trkpt lat="46.5489635968308" lon="9.525823595831051"><ele>2095.9</ele></trkpt><trkpt lat="46.54898159677102" lon="9.52582459577166"><ele>2096.2</ele></trkpt><trkpt lat="46.548999596711305" lon="9.525825595712263"><ele>2096.5</ele></trkpt><trkpt lat="46.54900859667154" lon="9.52581259567336"><ele>2096.7</ele></trkpt><trkpt lat="46.54901859663169" lon="9.525786595635083"><ele>2096.9</ele></trkpt><trkpt lat="46.549018596572544" lon="9.525760595577154"><ele>2097.2</ele></trkpt><trkpt lat="46.54895759606261" lon="9.525627595071057"><ele>2099.8</ele></trkpt><trkpt lat="46.54891559572918" lon="9.525495594742386"><ele>2101.5</ele></trkpt><trkpt lat="46.548881595493945" lon="9.525403594510365"><ele>2102.7</ele></trkpt><trkpt lat="46.54885559531762" lon="9.525349594335617"><ele>2103.6</ele></trkpt><trkpt lat="46.548828595200405" lon="9.5253095942194"><ele>2104.2</ele></trkpt><trkpt lat="46.54869559469344" lon="9.52520059371275"><ele>2106.8</ele></trkpt><trkpt lat="46.54864359445898" lon="9.525133593479662"><ele>2108.0</ele></trkpt><trkpt lat="46.54860859416478" lon="9.525040593188532"><ele>2109.5</ele></trkpt><trkpt lat="46.54857459390987" lon="9.52494759293686"><ele>2110.8</ele></trkpt><trkpt lat="46.548568593515874" lon="9.524778592550598"><ele>2112.8</ele></trkpt><trkpt lat="46.54858159310129" lon="9.524582592145803"><ele>2114.9</ele></trkpt><trkpt lat="46.548629592764264" lon="9.524428591817593"><ele>2116.6</ele></trkpt><trkpt lat="46.54865759252674" lon="9.524364591583765"><ele>2117.8</ele></trkpt><trkpt lat="46.548711592308" lon="9.524340591367485"><ele>2118.9</ele></trkpt><trkpt lat="46.548756592148784" lon="9.52434159120923"><ele>2119.7</ele></trkpt><trkpt lat="46.54879259197024" lon="9.524356591030623"><ele>2120.6</ele></trkpt><trkpt lat="46.54881859181192" lon="9.524409590869949"><ele>2121.4</ele></trkpt><trkpt lat="46.548869591534796" lon="9.524541590586773"><ele>2122.8</ele></trkpt><trkpt lat="46.54889559129778" lon="9.52462159034582"><ele>2124.0</ele></trkpt><trkpt lat="46.54892159119845" lon="9.52464859024562"><ele>2124.5</ele></trkpt><trkpt lat="46.54895759105932" lon="9.524675590105872"><ele>2125.2</ele></trkpt><trkpt lat="46.54913659058" lon="9.524721589628601"><ele>2127.6</ele></trkpt><trkpt lat="46.54919059047941" lon="9.52471058953006"><ele>2128.1</ele></trkpt><trkpt lat="46.549227590418795" lon="9.524686589471763"><ele>2128.4</ele></trkpt><trkpt lat="46.54925559035849" lon="9.524634589414928"><ele>2128.7</ele></trkpt><trkpt lat="46.5492655902988" lon="9.52457058935883"><ele>2129.0</ele></trkpt><trkpt lat="46.549239590201104" lon="9.524490589264358"><ele>2129.5</ele></trkpt><trkpt lat="46.54919659010405" lon="9.524397589170666"><ele>2130.0</ele></trkpt><trkpt lat="46.54902958993279" lon="9.524195589004476"><ele>2130.9</ele></trkpt><trkpt lat="46.548994589855184" lon="9.524129588929116"><ele>2131.3</ele></trkpt><trkpt lat="46.548933589660294" lon="9.524009588738274"><ele>2132.3</ele></trkpt><trkpt lat="46.548872589445814" lon="9.523889588527705"><ele>2133.4</ele></trkpt><trkpt lat="46.54880258917272" lon="9.52382158825544"><ele>2134.8</ele></trkpt><trkpt lat="46.548749588879325" lon="9.52375458796327"><ele>2136.3</ele></trkpt><trkpt lat="46.54872358866352" lon="9.5236755877504"><ele>2137.4</ele></trkpt><trkpt lat="46.54870758846703" lon="9.52359658755718"><ele>2138.4</ele></trkpt><trkpt lat="46.5487085883684" lon="9.523544587461126"><ele>2138.9</ele></trkpt><trkpt lat="46.54874658811057" lon="9.523428587210141"><ele>2140.2</ele></trkpt><trkpt lat="46.54875758797206" lon="9.523337587076501"><ele>2140.9</ele></trkpt><trkpt lat="46.548758587774884" lon="9.52325958688311"><ele>2141.9</ele></trkpt><trkpt lat="46.54871558750061" lon="9.523140586613215"><ele>2143.3</ele></trkpt><trkpt lat="46.548654587463396" lon="9.523059586578308"><ele>2143.5</ele></trkpt><trkpt lat="46.54856458736837" lon="9.523017586482494"><ele>2144.0</ele></trkpt><trkpt lat="46.54845758715592" lon="9.522986586267908"><ele>2145.1</ele></trkpt><trkpt lat="46.54840458702015" lon="9.522945586132296"><ele>2145.8</ele></trkpt><trkpt lat="46.54835958696279" lon="9.522917586074884"><ele>2146.1</ele></trkpt><trkpt lat="46.54831658680663" lon="9.522811585922724"><ele>2146.9</ele></trkpt><trkpt lat="46.54826558655224" lon="9.52265358567461"><ele>2148.2</ele></trkpt><trkpt lat="46.54821658617933" lon="9.522403585312754"><ele>2150.1</ele></trkpt><trkpt lat="46.548176585766456" lon="9.52208958491461"><ele>2152.2</ele></trkpt><trkpt lat="46.54816958562856" lon="9.521984584781867"><ele>2152.9</ele></trkpt><trkpt lat="46.54814558537315" lon="9.521840584532884"><ele>2154.2</ele></trkpt><trkpt lat="46.548104584881926" lon="9.521629584050729"><ele>2156.7</ele></trkpt><trkpt lat="46.548096584665466" lon="9.521551583837761"><ele>2157.8</ele></trkpt><trkpt lat="46.548096584665466" lon="9.521551583837761"><ele>2157.8</ele></trkpt><trkpt lat="46.548079584705434" lon="9.52152458387871"><ele>2157.6</ele></trkpt><trkpt lat="46.54807058466634" lon="9.521511583839986"><ele>2157.8</ele></trkpt><trkpt lat="46.54807058466634" lon="9.521511583839986"><ele>2157.8</ele></trkpt><trkpt lat="46.54804458468701" lon="9.52148458386128"><ele>2157.7</ele></trkpt><trkpt lat="46.54802658472707" lon="9.521483583900922"><ele>2157.5</ele></trkpt><trkpt lat="46.54799058474817" lon="9.521481583921041"><ele>2157.4</ele></trkpt><trkpt lat="46.547935584789826" lon="9.521492583960377"><ele>2157.2</ele></trkpt><trkpt lat="46.54789058475232" lon="9.521517583920037"><ele>2157.4</ele></trkpt><trkpt lat="46.547836584695446" lon="9.521528583860746"><ele>2157.7</ele></trkpt><trkpt lat="46.5477825846385" lon="9.521513583802772"><ele>2158.0</ele></trkpt><trkpt lat="46.54772958454209" lon="9.521484583706046"><ele>2158.5</ele></trkpt><trkpt lat="46.5476415843484" lon="9.52137758351492"><ele>2159.5</ele></trkpt><trkpt lat="46.547615584231146" lon="9.521324583399466"><ele>2160.1</ele></trkpt><trkpt lat="46.54755458395754" lon="9.521191583130552"><ele>2161.5</ele></trkpt><trkpt lat="46.547511583683296" lon="9.521072582860794"><ele>2162.9</ele></trkpt><trkpt lat="46.54743358321344" lon="9.520912582396182"><ele>2165.3</ele></trkpt><trkpt lat="46.54739058293926" lon="9.520806582125788"><ele>2166.7</ele></trkpt><trkpt lat="46.547374582644316" lon="9.520701581835413"><ele>2168.2</ele></trkpt><trkpt lat="46.54736658246724" lon="9.520636581661279"><ele>2169.1</ele></trkpt><trkpt lat="46.54736558142262" lon="9.520205580637949"><ele>2174.4</ele></trkpt><trkpt lat="46.54734058110822" lon="9.520087580328626"><ele>2176.0</ele></trkpt><trkpt lat="46.547315580990876" lon="9.520008580214528"><ele>2176.6</ele></trkpt><trkpt lat="46.547280580854306" lon="9.51995458007952"><ele>2177.3</ele></trkpt><trkpt lat="46.547209580522356" lon="9.51988657974833"><ele>2179.0</ele></trkpt><trkpt lat="46.54702357974204" lon="9.519749578968067"><ele>2183.0</ele></trkpt><trkpt lat="46.54698757956625" lon="9.519708578792986"><ele>2183.9</ele></trkpt><trkpt lat="46.54697057942899" lon="9.5196555786578"><ele>2184.6</ele></trkpt><trkpt lat="46.546954579271826" lon="9.519563578504878"><ele>2185.4</ele></trkpt><trkpt lat="46.54693857905555" lon="9.519445578294128"><ele>2186.5</ele></trkpt><trkpt lat="46.546870578624585" lon="9.519234577871675"><ele>2188.7</ele></trkpt><trkpt lat="46.5468015782134" lon="9.51904957746764"><ele>2190.8</ele></trkpt><trkpt lat="46.54676857791908" lon="9.518930577178246"><ele>2192.3</ele></trkpt><trkpt lat="46.54674457754548" lon="9.518760576812541"><ele>2194.2</ele></trkpt><trkpt lat="46.54671157721162" lon="9.518576576487071"><ele>2195.9</ele></trkpt><trkpt lat="46.546677576996096" lon="9.518470576275915"><ele>2197.0</ele></trkpt><trkpt lat="46.54661657668321" lon="9.518338575967746"><ele>2198.6</ele></trkpt><trkpt lat="46.54653857631194" lon="9.518191575601353"><ele>2200.5</ele></trkpt><trkpt lat="46.54645257588163" lon="9.517966575179909"><ele>2202.7</ele></trkpt><trkpt lat="46.546393575489624" lon="9.517742574797646"><ele>2204.7</ele></trkpt><trkpt lat="46.54636057505739" lon="9.517571574373033"><ele>2206.9</ele></trkpt><trkpt lat="46.5463625748208" lon="9.517480574141151"><ele>2208.1</ele></trkpt><trkpt lat="46.54636457466287" lon="9.517363573989469"><ele>2208.9</ele></trkpt><trkpt lat="46.54639457438554" lon="9.517207573721292"><ele>2210.3</ele></trkpt><trkpt lat="46.54639657424729" lon="9.517103573588658"><ele>2211.0</ele></trkpt><trkpt lat="46.54638157391267" lon="9.516920573263134"><ele>2212.7</ele></trkpt><trkpt lat="46.546374573774905" lon="9.516841573129293"><ele>2213.4</ele></trkpt><trkpt lat="46.546405573339804" lon="9.516595572708113"><ele>2215.6</ele></trkpt><trkpt lat="46.54641857296457" lon="9.516387572344271"><ele>2217.5</ele></trkpt><trkpt lat="46.54642957280635" lon="9.51629657219121"><ele>2218.3</ele></trkpt><trkpt lat="46.5464475727071" lon="9.51627057209386"><ele>2218.8</ele></trkpt><trkpt lat="46.546474572607565" lon="9.516258571995706"><ele>2219.3</ele></trkpt><trkpt lat="46.54650157250814" lon="9.516285571895533"><ele>2219.8</ele></trkpt><trkpt lat="46.546527572369406" lon="9.516313571755894"><ele>2220.5</ele></trkpt><trkpt lat="46.546570572132026" lon="9.516471571510817"><ele>2221.7</ele></trkpt><trkpt lat="46.546601571797" lon="9.516707571163222"><ele>2223.4</ele></trkpt><trkpt lat="46.54662557150136" lon="9.516877570858522"><ele>2224.9</ele></trkpt><trkpt lat="46.54664257140252" lon="9.516956570755717"><ele>2225.4</ele></trkpt><trkpt lat="46.546677571302816" lon="9.516997570654734"><ele>2225.9</ele></trkpt><trkpt lat="46.546712571183406" lon="9.517024570534769"><ele>2226.5</ele></trkpt><trkpt lat="46.546758571083075" lon="9.517013570436397"><ele>2227.0</ele></trkpt><trkpt lat="46.54678557098346" lon="9.51698857033891"><ele>2227.5</ele></trkpt><trkpt lat="46.54680457090382" lon="9.516949570261938"><ele>2227.9</ele></trkpt><trkpt lat="46.54681457078499" lon="9.516871570147638"><ele>2228.5</ele></trkpt><trkpt lat="46.54681757056791" lon="9.516741569937556"><ele>2229.6</ele></trkpt><trkpt lat="46.54679457011532" lon="9.51649256949737"><ele>2231.9</ele></trkpt><trkpt lat="46.54681656975932" lon="9.516271569153927"><ele>2233.7</ele></trkpt><trkpt lat="46.54682156940396" lon="9.516024568812"><ele>2235.5</ele></trkpt><trkpt lat="46.54680756908882" lon="9.515789568509044"><ele>2237.1</ele></trkpt><trkpt lat="46.54677456881398" lon="9.515631568241659"><ele>2238.5</ele></trkpt><trkpt lat="46.5467325684411" lon="9.515434567877858"><ele>2240.4</ele></trkpt><trkpt lat="46.5467255683034" lon="9.515368567743414"><ele>2241.1</ele></trkpt><trkpt lat="46.54673556812555" lon="9.515290567570045"><ele>2242.0</ele></trkpt><trkpt lat="46.54678456770941" lon="9.515070567167303"><ele>2244.1</ele></trkpt><trkpt lat="46.546850567115584" lon="9.514903566584302"><ele>2247.1</ele></trkpt><trkpt lat="46.54687056689789" lon="9.514787566373453"><ele>2248.2</ele></trkpt><trkpt lat="46.546872566720296" lon="9.51469556620091"><ele>2249.1</ele></trkpt><trkpt lat="46.546848566326965" lon="9.514512565816611"><ele>2251.1</ele></trkpt><trkpt lat="46.546850566208555" lon="9.514447565701774"><ele>2251.7</ele></trkpt><trkpt lat="46.54687956577378" lon="9.514291565276217"><ele>2253.9</ele></trkpt><trkpt lat="46.54687256563604" lon="9.514226565141762"><ele>2254.6</ele></trkpt><trkpt lat="46.54687256563604" lon="9.514226565141762"><ele>2254.6</ele></trkpt><trkpt lat="46.54684556567643" lon="9.514186565183508"><ele>2254.4</ele></trkpt><trkpt lat="46.54681856565783" lon="9.514185565164086"><ele>2254.5</ele></trkpt><trkpt lat="46.54681856565783" lon="9.514185565164086"><ele>2254.5</ele></trkpt><trkpt lat="46.54679156559999" lon="9.514197565104569"><ele>2254.8</ele></trkpt><trkpt lat="46.54674556552326" lon="9.514234565024184"><ele>2255.2</ele></trkpt><trkpt lat="46.5466895653883" lon="9.514362564879978"><ele>2255.9</ele></trkpt><trkpt lat="46.54665256531135" lon="9.514426564798093"><ele>2256.3</ele></trkpt><trkpt lat="46.546634565253115" lon="9.514439564738446"><ele>2256.6</ele></trkpt><trkpt lat="46.54660656519523" lon="9.51445156467893"><ele>2256.9</ele></trkpt><trkpt lat="46.54657156513747" lon="9.514397564622955"><ele>2257.2</ele></trkpt><trkpt lat="46.546511564923065" lon="9.514277564413037"><ele>2258.3</ele></trkpt><trkpt lat="46.54643356465008" lon="9.514092564147594"><ele>2259.7</ele></trkpt><trkpt lat="46.54638156449445" lon="9.513998563995358"><ele>2260.5</ele></trkpt><trkpt lat="46.546319564339285" lon="9.513905563843162"><ele>2261.3</ele></trkpt><trkpt lat="46.54618756414744" lon="9.51376956365442"><ele>2262.3</ele></trkpt><trkpt lat="46.546143564050716" lon="9.513715563559133"><ele>2262.8</ele></trkpt><trkpt lat="46.54594656362572" lon="9.513643563131133"><ele>2265.0</ele></trkpt><trkpt lat="46.545840563315004" lon="9.513573562820488"><ele>2266.6</ele></trkpt><trkpt lat="46.545698563045036" lon="9.513464562551622"><ele>2268.0</ele></trkpt><trkpt lat="46.54559156287216" lon="9.513407562378227"><ele>2268.9</ele></trkpt><trkpt lat="46.54543956258311" lon="9.513336562087744"><ele>2270.4</ele></trkpt><trkpt lat="46.54534956239006" lon="9.513320561892337"><ele>2271.4</ele></trkpt><trkpt lat="46.545242562158286" lon="9.51330356165772"><ele>2272.6</ele></trkpt><trkpt lat="46.5451785620232" lon="9.513313561519816"><ele>2273.3</ele></trkpt><trkpt lat="46.54512556194668" lon="9.513285561442949"><ele>2273.7</ele></trkpt><trkpt lat="46.545072561791265" lon="9.513244561287959"><ele>2274.5</ele></trkpt><trkpt lat="46.54501956149809" lon="9.513164560997135"><ele>2276.0</ele></trkpt><trkpt lat="46.54496756118497" lon="9.513057560688038"><ele>2277.6</ele></trkpt><trkpt lat="46.54496756118497" lon="9.513057560688038"><ele>2277.6</ele></trkpt><trkpt lat="46.54496856116513" lon="9.51301856067041"><ele>2277.7</ele></trkpt><trkpt lat="46.54496956083024" lon="9.512940560339626"><ele>2279.4</ele></trkpt><trkpt lat="46.544997560415624" lon="9.512889559928384"><ele>2281.5</ele></trkpt><trkpt lat="46.54502556007967" lon="9.512825559596639"><ele>2283.2</ele></trkpt><trkpt lat="46.54508955972263" lon="9.512788559243452"><ele>2285.0</ele></trkpt><trkpt lat="46.54512555972102" lon="9.512776559243777"><ele>2285.0</ele></trkpt><trkpt lat="46.54521555946138" lon="9.51278055898669"><ele>2286.3</ele></trkpt><trkpt lat="46.545251559440196" lon="9.512781558966628"><ele>2286.4</ele></trkpt><trkpt lat="46.545278559517776" lon="9.51276955904584"><ele>2286.0</ele></trkpt><trkpt lat="46.54533355937759" lon="9.512745558908744"><ele>2286.7</ele></trkpt><trkpt lat="46.545387559453886" lon="9.51270855898906"><ele>2286.3</ele></trkpt><trkpt lat="46.545424559432604" lon="9.512697558969634"><ele>2286.4</ele></trkpt><trkpt lat="46.54546055950974" lon="9.512685559048771"><ele>2286.0</ele></trkpt><trkpt lat="46.54550555950792" lon="9.512700559047584"><ele>2286.0</ele></trkpt><trkpt lat="46.54555055942726" lon="9.512688558969037"><ele>2286.4</ele></trkpt><trkpt lat="46.54560355950383" lon="9.512717559045836"><ele>2286.0</ele></trkpt><trkpt lat="46.545639559423584" lon="9.512718558966673"><ele>2286.4</ele></trkpt><trkpt lat="46.54568555914602" lon="9.51269455869175"><ele>2287.8</ele></trkpt><trkpt lat="46.545721558868955" lon="9.512682558416273"><ele>2289.2</ele></trkpt><trkpt lat="46.545784558669375" lon="9.512658558220007"><ele>2290.2</ele></trkpt><trkpt lat="46.54583955819459" lon="9.512621557748695"><ele>2292.6</ele></trkpt><trkpt lat="46.54584855811545" lon="9.512609557670464"><ele>2293.0</ele></trkpt><trkpt lat="46.54587655791736" lon="9.512584557474558"><ele>2294.0</ele></trkpt><trkpt lat="46.5459125576992" lon="9.512546557259574"><ele>2295.1</ele></trkpt><trkpt lat="46.54594055757983" lon="9.512521557142476"><ele>2295.7</ele></trkpt><trkpt lat="46.54596755749989" lon="9.512509557064085"><ele>2296.1</ele></trkpt><trkpt lat="46.54600355736053" lon="9.51248455692721"><ele>2296.8</ele></trkpt><trkpt lat="46.54604155704378" lon="9.512420556615115"><ele>2298.4</ele></trkpt><trkpt lat="46.54608655684492" lon="9.512383556419717"><ele>2299.4</ele></trkpt><trkpt lat="46.54611455690262" lon="9.512345556480616"><ele>2299.1</ele></trkpt><trkpt lat="46.54616055692018" lon="9.512294556502663"><ele>2299.0</ele></trkpt><trkpt lat="46.54621455652418" lon="9.512270556109488"><ele>2301.0</ele></trkpt><trkpt lat="46.54625955638457" lon="9.512298555969693"><ele>2301.7</ele></trkpt><trkpt lat="46.54634955598707" lon="9.512289555575402"><ele>2303.7</ele></trkpt><trkpt lat="46.546403555945474" lon="9.512304555534731"><ele>2303.9</ele></trkpt><trkpt lat="46.54643955586512" lon="9.512279555456965"><ele>2304.3</ele></trkpt><trkpt lat="46.54645755578558" lon="9.512267555378656"><ele>2304.7</ele></trkpt><trkpt lat="46.54649455566582" lon="9.512242555261484"><ele>2305.3</ele></trkpt><trkpt lat="46.54652155554652" lon="9.512230555143697"><ele>2305.9</ele></trkpt><trkpt lat="46.5465575554465" lon="9.51220555504624"><ele>2306.4</ele></trkpt><trkpt lat="46.54658555532716" lon="9.512193554928439"><ele>2307.0</ele></trkpt><trkpt lat="46.54660355520828" lon="9.512181554810732"><ele>2307.6</ele></trkpt><trkpt lat="46.5466395551279" lon="9.512156554732973"><ele>2308.0</ele></trkpt><trkpt lat="46.5466765549097" lon="9.512119554517952"><ele>2309.1</ele></trkpt><trkpt lat="46.54670455482957" lon="9.512067554441717"><ele>2309.5</ele></trkpt><trkpt lat="46.54673255465096" lon="9.51199055426834"><ele>2310.4</ele></trkpt><trkpt lat="46.54683455411475" lon="9.511864553742384"><ele>2313.1</ele></trkpt><trkpt lat="46.54688955377743" lon="9.511775553411837"><ele>2314.8</ele></trkpt><trkpt lat="46.54692655353941" lon="9.511711553178593"><ele>2316.0</ele></trkpt><trkpt lat="46.546972553261774" lon="9.51167355290447"><ele>2317.4</ele></trkpt><trkpt lat="46.547000553122686" lon="9.511648552767687"><ele>2318.1</ele></trkpt><trkpt lat="46.54702755298356" lon="9.511610552631623"><ele>2318.8</ele></trkpt><trkpt lat="46.54708255270559" lon="9.51158655235667"><ele>2320.2</ele></trkpt><trkpt lat="46.547136552486656" lon="9.51156255214082"><ele>2321.3</ele></trkpt><trkpt lat="46.54718155242561" lon="9.51155155208193"><ele>2321.6</ele></trkpt><trkpt lat="46.547236552088535" lon="9.511514551748586"><ele>2323.3</ele></trkpt><trkpt lat="46.547282551869905" lon="9.511477551533515"><ele>2324.4</ele></trkpt><trkpt lat="46.5473545515518" lon="9.511453551219022"><ele>2326.0</ele></trkpt><trkpt lat="46.54742655145021" lon="9.511430551121155"><ele>2326.5</ele></trkpt><trkpt lat="46.54747255125121" lon="9.511393550925787"><ele>2327.5</ele></trkpt><trkpt lat="46.54752755103216" lon="9.511343550711349"><ele>2328.6</ele></trkpt><trkpt lat="46.54758155077383" lon="9.51131955045611"><ele>2329.9</ele></trkpt><trkpt lat="46.54762755055513" lon="9.511268550241812"><ele>2331.0</ele></trkpt><trkpt lat="46.54770155021706" lon="9.511206549909678"><ele>2332.7</ele></trkpt><trkpt lat="46.547746549919694" lon="9.511155549616602"><ele>2334.2</ele></trkpt><trkpt lat="46.547775549662326" lon="9.511091549363774"><ele>2335.5</ele></trkpt><trkpt lat="46.54783054944315" lon="9.511028549150064"><ele>2336.6</ele></trkpt><trkpt lat="46.54786754896885" lon="9.510951548681213"><ele>2339.0</ele></trkpt><trkpt lat="46.547868548771724" lon="9.510886548487788"><ele>2340.0</ele></trkpt><trkpt lat="46.54791654821795" lon="9.510744547943629"><ele>2342.8</ele></trkpt><trkpt lat="46.547917548001145" lon="9.510692547729803"><ele>2343.9</ele></trkpt><trkpt lat="46.54792754780367" lon="9.510627547536314"><ele>2344.9</ele></trkpt><trkpt lat="46.54796454752617" lon="9.510551547264411"><ele>2346.3</ele></trkpt><trkpt lat="46.54795754734911" lon="9.510485547090825"><ele>2347.2</ele></trkpt><trkpt lat="46.54796654726982" lon="9.510446547014102"><ele>2347.6</ele></trkpt><trkpt lat="46.54801254699199" lon="9.510396546740699"><ele>2349.0</ele></trkpt><trkpt lat="46.54803254671522" lon="9.510305546469786"><ele>2350.4</ele></trkpt><trkpt lat="46.548034546281706" lon="9.510201546042184"><ele>2352.6</ele></trkpt><trkpt lat="46.548044546005514" lon="9.510162545768505"><ele>2354.0</ele></trkpt><trkpt lat="46.548044546005514" lon="9.510162545768505"><ele>2354.0</ele></trkpt><trkpt lat="46.54807254551189" lon="9.510085545280118"><ele>2356.5</ele></trkpt><trkpt lat="46.5481095449589" lon="9.510034544731145"><ele>2359.3</ele></trkpt><trkpt lat="46.54820254387152" lon="9.509868543656276"><ele>2364.8</ele></trkpt><trkpt lat="46.54826654367162" lon="9.509806543462192"><ele>2365.8</ele></trkpt><trkpt lat="46.54832154333436" lon="9.509743543130389"><ele>2367.5</ele></trkpt><trkpt lat="46.548394542819096" lon="9.509680542621185"><ele>2370.1</ele></trkpt><trkpt lat="46.548450542265144" lon="9.509604542073468"><ele>2372.9</ele></trkpt><trkpt lat="46.5485235417499" lon="9.509555541563497"><ele>2375.5</ele></trkpt><trkpt lat="46.54859554127424" lon="9.509544541090813"><ele>2377.9</ele></trkpt><trkpt lat="46.548676540758784" lon="9.509534540578612"><ele>2380.5</ele></trkpt><trkpt lat="46.54874754034241" lon="9.509563540162791"><ele>2382.6</ele></trkpt><trkpt lat="46.54880153992666" lon="9.509578539747901"><ele>2384.7</ele></trkpt><trkpt lat="46.548846539412786" lon="9.509567539236075"><ele>2387.3</ele></trkpt><trkpt lat="46.54890953887847" lon="9.509569538703664"><ele>2390.0</ele></trkpt><trkpt lat="46.54895453864025" lon="9.509571538466822"><ele>2391.2</ele></trkpt><trkpt lat="46.548964538462535" lon="9.509545538290938"><ele>2392.1</ele></trkpt><trkpt lat="46.54895553830535" lon="9.50951953813493"><ele>2392.9</ele></trkpt><trkpt lat="46.54898253814663" lon="9.509507537977807"><ele>2393.7</ele></trkpt><trkpt lat="46.54896553791093" lon="9.509454537744602"><ele>2394.9</ele></trkpt><trkpt lat="46.549038537376006" lon="9.509418537214232"><ele>2397.6</ele></trkpt><trkpt lat="46.54905653715861" lon="9.509406536998116"><ele>2398.7</ele></trkpt><trkpt lat="46.54905653715861" lon="9.509406536998116"><ele>2398.7</ele></trkpt><trkpt lat="46.54908353699987" lon="9.509394536840999"><ele>2399.5</ele></trkpt><trkpt lat="46.5491025368217" lon="9.50935553666578"><ele>2400.4</ele></trkpt><trkpt lat="46.54913053654466" lon="9.509304536392682"><ele>2401.8</ele></trkpt><trkpt lat="46.54915953597201" lon="9.509188535827837"><ele>2404.7</ele></trkpt><trkpt lat="46.54918753563597" lon="9.509150535494946"><ele>2406.4</ele></trkpt><trkpt lat="46.549233535279306" lon="9.509099535142926"><ele>2408.2</ele></trkpt><trkpt lat="46.54926153486446" lon="9.509048534731999"><ele>2410.3</ele></trkpt><trkpt lat="46.54928953468581" lon="9.50899753455739"><ele>2411.2</ele></trkpt><trkpt lat="46.549307534566864" lon="9.50898553443975"><ele>2411.8</ele></trkpt><trkpt lat="46.549335534210925" lon="9.508908534089375"><ele>2413.6</ele></trkpt><trkpt lat="46.549354534032716" lon="9.50886953391418"><ele>2414.5</ele></trkpt><trkpt lat="46.54939153385377" lon="9.508831533738764"><ele>2415.4</ele></trkpt><trkpt lat="46.549409533714964" lon="9.5087935336029"><ele>2416.1</ele></trkpt><trkpt lat="46.54949453323793" lon="9.508601533140382"><ele>2418.5</ele></trkpt><trkpt lat="46.54957853285955" lon="9.508447532774197"><ele>2420.4</ele></trkpt><trkpt lat="46.54970653242021" lon="9.508322532346916"><ele>2422.6</ele></trkpt><trkpt lat="46.54977053220052" lon="9.508259532133309"><ele>2423.7</ele></trkpt><trkpt lat="46.54985253182246" lon="9.508184531762696"><ele>2425.6</ele></trkpt><trkpt lat="46.549889531564745" lon="9.508159531507793"><ele>2426.9</ele></trkpt><trkpt lat="46.54992653138576" lon="9.508108531333141"><ele>2427.8</ele></trkpt><trkpt lat="46.54996253116738" lon="9.508071531118318"><ele>2428.9</ele></trkpt><trkpt lat="46.54999053106756" lon="9.508046531021032"><ele>2429.4</ele></trkpt><trkpt lat="46.55003553078979" lon="9.508008530747118"><ele>2430.8</ele></trkpt><trkpt lat="46.550128530174725" lon="9.5078815301431"><ele>2433.9</ele></trkpt><trkpt lat="46.55017453003463" lon="9.507818530008441"><ele>2434.6</ele></trkpt><trkpt lat="46.550193529836584" lon="9.507740529815809"><ele>2435.6</ele></trkpt><trkpt lat="46.55024952947922" lon="9.507625529467445"><ele>2437.4</ele></trkpt><trkpt lat="46.550287529181844" lon="9.507548529176148"><ele>2438.9</ele></trkpt><trkpt lat="46.55033352888427" lon="9.507498528883243"><ele>2440.4</ele></trkpt><trkpt lat="46.550388528527066" lon="9.507422528532675"><ele>2442.2</ele></trkpt><trkpt lat="46.550426528111416" lon="9.507306528125495"><ele>2444.3</ele></trkpt><trkpt lat="46.55046352783391" lon="9.50725552785243"><ele>2445.7</ele></trkpt><trkpt lat="46.5505015274774" lon="9.507165527502837"><ele>2447.5</ele></trkpt><trkpt lat="46.55053852714064" lon="9.507075527172956"><ele>2449.2</ele></trkpt><trkpt lat="46.550557526942704" lon="9.50703752697808"><ele>2450.2</ele></trkpt><trkpt lat="46.55060352648763" lon="9.506999526527009"><ele>2452.5</ele></trkpt><trkpt lat="46.550640526032744" lon="9.506910526078956"><ele>2454.8</ele></trkpt><trkpt lat="46.550669525794774" lon="9.506819525847666"><ele>2456.0</ele></trkpt><trkpt lat="46.550679525597324" lon="9.50678152565288"><ele>2457.0</ele></trkpt><trkpt lat="46.55072552531928" lon="9.506704525381263"><ele>2458.4</ele></trkpt><trkpt lat="46.55078152484377" lon="9.506615524913373"><ele>2460.8</ele></trkpt><trkpt lat="46.550891524011156" lon="9.506463524094267"><ele>2465.0</ele></trkpt><trkpt lat="46.5508925239323" lon="9.506437524017013"><ele>2465.4</ele></trkpt><trkpt lat="46.5509305235758" lon="9.506347523667493"><ele>2467.2</ele></trkpt><trkpt lat="46.55093052349691" lon="9.50632152359025"><ele>2467.6</ele></trkpt><trkpt lat="46.550949523279264" lon="9.506269523376526"><ele>2468.7</ele></trkpt><trkpt lat="46.55096852302219" lon="9.506218523123378"><ele>2470.0</ele></trkpt><trkpt lat="46.55099752280391" lon="9.506128522911764"><ele>2471.1</ele></trkpt><trkpt lat="46.551025522506855" lon="9.50602452262223"><ele>2472.6</ele></trkpt><trkpt lat="46.551053522328196" lon="9.505973522447755"><ele>2473.5</ele></trkpt><trkpt lat="46.55110952187232" lon="9.505858522001127"><ele>2475.8</ele></trkpt><trkpt lat="46.55114752159459" lon="9.505781521729649"><ele>2477.2</ele></trkpt><trkpt lat="46.551185521178844" lon="9.505665521322634"><ele>2479.3</ele></trkpt><trkpt lat="46.55120452092184" lon="9.505614521069516"><ele>2480.6</ele></trkpt><trkpt lat="46.55126952024892" lon="9.505512520405556"><ele>2484.0</ele></trkpt><trkpt lat="46.55133451979248" lon="9.505371519960413"><ele>2486.3</ele></trkpt><trkpt lat="46.55136251957437" lon="9.505320519746592"><ele>2487.4</ele></trkpt><trkpt lat="46.55139051939578" lon="9.505295519570632"><ele>2488.3</ele></trkpt><trkpt lat="46.55140851927665" lon="9.505269519453872"><ele>2488.9</ele></trkpt><trkpt lat="46.551417519217125" lon="9.505257519395435"><ele>2489.2</ele></trkpt><trkpt lat="46.55144551899923" lon="9.505245519179354"><ele>2490.3</ele></trkpt><trkpt lat="46.55147251887985" lon="9.505246519060941"><ele>2490.9</ele></trkpt><trkpt lat="46.551499518622514" lon="9.505221518806257"><ele>2492.2</ele></trkpt><trkpt lat="46.55159151792866" lon="9.505120518122364"><ele>2495.7</ele></trkpt><trkpt lat="46.551645517591304" lon="9.505109517787877"><ele>2497.4</ele></trkpt><trkpt lat="46.55165551741347" lon="9.50507051761291"><ele>2498.3</ele></trkpt><trkpt lat="46.55168251725456" lon="9.505032517457412"><ele>2499.1</ele></trkpt><trkpt lat="46.55172951685831" lon="9.504969517066991"><ele>2501.1</ele></trkpt><trkpt lat="46.551784516520776" lon="9.50490551673561"><ele>2502.8</ele></trkpt><trkpt lat="46.55186551628054" lon="9.504869516500765"><ele>2504.0</ele></trkpt><trkpt lat="46.55188451622043" lon="9.504844516443002"><ele>2504.3</ele></trkpt><trkpt lat="46.551920516080834" lon="9.504806516307115"><ele>2505.0</ele></trkpt><trkpt lat="46.5520305158981" lon="9.504706516134807"><ele>2505.9</ele></trkpt><trkpt lat="46.55206751583718" lon="9.504668516077638"><ele>2506.2</ele></trkpt><trkpt lat="46.552103515756606" lon="9.504644515999981"><ele>2506.6</ele></trkpt><trkpt lat="46.552158515557025" lon="9.50462051580405"><ele>2507.6</ele></trkpt><trkpt lat="46.552195515476235" lon="9.504543515729491"><ele>2508.0</ele></trkpt><trkpt lat="46.55223251533655" lon="9.504505515593602"><ele>2508.7</ele></trkpt><trkpt lat="46.55226951519664" lon="9.504428515459997"><ele>2509.4</ele></trkpt><trkpt lat="46.55231651509563" lon="9.504339515366372"><ele>2509.9</ele></trkpt><trkpt lat="46.552326515035936" lon="9.50430051530953"><ele>2510.2</ele></trkpt><trkpt lat="46.55235451489648" lon="9.504223515176017"><ele>2510.9</ele></trkpt><trkpt lat="46.55239151481582" lon="9.504172515099945"><ele>2511.3</ele></trkpt><trkpt lat="46.55243851467522" lon="9.504030514970081"><ele>2512.0</ele></trkpt><trkpt lat="46.55247651453527" lon="9.50395451483642"><ele>2512.7</ele></trkpt><trkpt lat="46.55249451453439" lon="9.503941514837019"><ele>2512.7</ele></trkpt><trkpt lat="46.552495514475" lon="9.50387651478179"><ele>2513.0</ele></trkpt><trkpt lat="46.55249751419883" lon="9.503785514511593"><ele>2514.4</ele></trkpt><trkpt lat="46.55252551390184" lon="9.503721514219887"><ele>2515.9</ele></trkpt><trkpt lat="46.55255351392003" lon="9.50367051424231"><ele>2515.8</ele></trkpt><trkpt lat="46.552572513781136" lon="9.503631514106662"><ele>2516.5</ele></trkpt><trkpt lat="46.55258251370167" lon="9.503566514031679"><ele>2516.9</ele></trkpt><trkpt lat="46.55260251348372" lon="9.503476513820312"><ele>2518.0</ele></trkpt><trkpt lat="46.55261151342404" lon="9.503437513763485"><ele>2518.3</ele></trkpt><trkpt lat="46.552621513206816" lon="9.503398513549213"><ele>2519.4</ele></trkpt><trkpt lat="46.55266751308623" lon="9.503335513434418"><ele>2520.0</ele></trkpt><trkpt lat="46.55266851292844" lon="9.50328351328004"><ele>2520.8</ele></trkpt><trkpt lat="46.55269651257238" lon="9.503205512930151"><ele>2522.6</ele></trkpt><trkpt lat="46.55272451257088" lon="9.503167512932126"><ele>2522.6</ele></trkpt><trkpt lat="46.55275251229361" lon="9.50310351266014"><ele>2524.0</ele></trkpt><trkpt lat="46.55278051215418" lon="9.503039512525902"><ele>2524.7</ele></trkpt><trkpt lat="46.55280051193631" lon="9.502975512313025"><ele>2525.8</ele></trkpt><trkpt lat="46.5528465116384" lon="9.502885512022734"><ele>2527.3</ele></trkpt><trkpt lat="46.552865511479744" lon="9.502821511868914"><ele>2528.1</ele></trkpt><trkpt lat="46.55287551138058" lon="9.502769511773502"><ele>2528.6</ele></trkpt><trkpt lat="46.5528955113005" lon="9.50267851169999"><ele>2529.0</ele></trkpt><trkpt lat="46.552959511139626" lon="9.50260251154646"><ele>2529.8</ele></trkpt><trkpt lat="46.55300651094002" lon="9.502487511356055"><ele>2530.8</ele></trkpt><trkpt lat="46.55305351076018" lon="9.502384511184612"><ele>2531.7</ele></trkpt><trkpt lat="46.55307351062104" lon="9.502307511051248"><ele>2532.4</ele></trkpt><trkpt lat="46.55310051054083" lon="9.502269510974534"><ele>2532.8</ele></trkpt><trkpt lat="46.553101510461886" lon="9.50223051089813"><ele>2533.2</ele></trkpt><trkpt lat="46.55314751042017" lon="9.502192510860596"><ele>2533.4</ele></trkpt><trkpt lat="46.553157510242194" lon="9.502127510687263"><ele>2534.3</ele></trkpt><trkpt lat="46.55320451008203" lon="9.502038510534685"><ele>2535.1</ele></trkpt><trkpt lat="46.55322350990363" lon="9.501960510362045"><ele>2536.0</ele></trkpt><trkpt lat="46.55326050978339" lon="9.501883510248211"><ele>2536.6</ele></trkpt><trkpt lat="46.55328950960437" lon="9.501793510076194"><ele>2537.5</ele></trkpt><trkpt lat="46.55333650954271" lon="9.501704510022009"><ele>2537.8</ele></trkpt><trkpt lat="46.55340250890873" lon="9.501537509401688"><ele>2541.0</ele></trkpt><trkpt lat="46.553411508849095" lon="9.50151150934412"><ele>2541.3</ele></trkpt><trkpt lat="46.553404508494424" lon="9.50139350899705"><ele>2543.1</ele></trkpt><trkpt lat="46.553482508272836" lon="9.50108350879835"><ele>2544.2</ele></trkpt><trkpt lat="46.55352850825071" lon="9.501020508781991"><ele>2544.3</ele></trkpt><trkpt lat="46.55361050852235" lon="9.500958509060348"><ele>2542.9</ele></trkpt><trkpt lat="46.55365750826361" lon="9.500855508810274"><ele>2544.2</ele></trkpt><trkpt lat="46.55372250816177" lon="9.500766508716588"><ele>2544.7</ele></trkpt><trkpt lat="46.55380650744808" lon="9.500587508018212"><ele>2548.3</ele></trkpt><trkpt lat="46.55384250722963" lon="9.50057550780218"><ele>2549.4</ele></trkpt><trkpt lat="46.55387050701137" lon="9.500511507589328"><ele>2550.5</ele></trkpt><trkpt lat="46.553907506871646" lon="9.500473507453535"><ele>2551.2</ele></trkpt><trkpt lat="46.55397150673044" lon="9.500397507319752"><ele>2551.9</ele></trkpt><trkpt lat="46.55398150659195" lon="9.500372507183444"><ele>2552.6</ele></trkpt><trkpt lat="46.55400150631484" lon="9.500268506914045"><ele>2554.0</ele></trkpt><trkpt lat="46.55400250603875" lon="9.50020350664251"><ele>2555.4</ele></trkpt><trkpt lat="46.55401250595931" lon="9.500151506566834"><ele>2555.8</ele></trkpt><trkpt lat="46.55402250568278" lon="9.500086506295222"><ele>2557.2</ele></trkpt><trkpt lat="46.55402550526838" lon="9.499930505891419"><ele>2559.3</ele></trkpt><trkpt lat="46.5540195048345" lon="9.49973450547045"><ele>2561.5</ele></trkpt><trkpt lat="46.55400450469685" lon="9.499603505340751"><ele>2562.2</ele></trkpt><trkpt lat="46.554005504558646" lon="9.499538505206944"><ele>2562.9</ele></trkpt><trkpt lat="46.55400650455822" lon="9.4994475052124"><ele>2562.9</ele></trkpt><trkpt lat="46.55402550457683" lon="9.499395505235007"><ele>2562.8</ele></trkpt><trkpt lat="46.55402750475366" lon="9.4993175054167"><ele>2561.9</ele></trkpt><trkpt lat="46.554028504812436" lon="9.499252505479602"><ele>2561.6</ele></trkpt><trkpt lat="46.55401250469456" lon="9.499147505368029"><ele>2562.2</ele></trkpt><trkpt lat="46.55401250469456" lon="9.499147505368029"><ele>2562.2</ele></trkpt><trkpt lat="46.55399450459685" lon="9.499120505271472"><ele>2562.7</ele></trkpt><trkpt lat="46.55394150454006" lon="9.499066505216211"><ele>2563.0</ele></trkpt><trkpt lat="46.553924504402744" lon="9.499013505081859"><ele>2563.7</ele></trkpt><trkpt lat="46.55386350409017" lon="9.498932504772595"><ele>2565.3</ele></trkpt><trkpt lat="46.55384650395279" lon="9.49885350463982"><ele>2566.0</ele></trkpt><trkpt lat="46.55384850399175" lon="9.49877550468382"><ele>2565.8</ele></trkpt><trkpt lat="46.553848504129455" lon="9.498736504823848"><ele>2565.1</ele></trkpt><trkpt lat="46.55386150469929" lon="9.49855450540504"><ele>2562.2</ele></trkpt><trkpt lat="46.55389050487456" lon="9.498399505591076"><ele>2561.3</ele></trkpt><trkpt lat="46.553894505385784" lon="9.498229506112596"><ele>2558.7</ele></trkpt><trkpt lat="46.55388650562228" lon="9.498164506352577"><ele>2557.5</ele></trkpt><trkpt lat="46.55387750574069" lon="9.498124506473063"><ele>2556.9</ele></trkpt><trkpt lat="46.553888506094445" lon="9.498059506830863"><ele>2555.1</ele></trkpt><trkpt lat="46.55388050627189" lon="9.498007507011057"><ele>2554.2</ele></trkpt><trkpt lat="46.55388150642917" lon="9.49794250717227"><ele>2553.4</ele></trkpt><trkpt lat="46.55388250662581" lon="9.497877507372813"><ele>2552.4</ele></trkpt><trkpt lat="46.55387450684258" lon="9.497811507593168"><ele>2551.3</ele></trkpt><trkpt lat="46.553875506980155" lon="9.497759507733932"><ele>2550.6</ele></trkpt><trkpt lat="46.55386750711819" lon="9.497693507875614"><ele>2549.9</ele></trkpt><trkpt lat="46.55387750725536" lon="9.497642508016227"><ele>2549.2</ele></trkpt><trkpt lat="46.55386050747269" lon="9.497602508235108"><ele>2548.1</ele></trkpt><trkpt lat="46.55381750788797" lon="9.497509508654053"><ele>2546.0</ele></trkpt><trkpt lat="46.55372950810826" lon="9.497388508878423"><ele>2544.9</ele></trkpt><trkpt lat="46.55367750838596" lon="9.497256509162092"><ele>2543.5</ele></trkpt><trkpt lat="46.55359950860571" lon="9.497122509387129"><ele>2542.4</ele></trkpt><trkpt lat="46.55355450880465" lon="9.497081509586645"><ele>2541.4</ele></trkpt><trkpt lat="46.55350250916122" lon="9.496988509946634"><ele>2539.6</ele></trkpt><trkpt lat="46.55343250957773" lon="9.496894510365838"><ele>2537.5</ele></trkpt><trkpt lat="46.553360509876505" lon="9.496878510662441"><ele>2536.0</ele></trkpt><trkpt lat="46.553262510215795" lon="9.496835511000214"><ele>2534.3</ele></trkpt><trkpt lat="46.55323551043358" lon="9.496808511218376"><ele>2533.2</ele></trkpt><trkpt lat="46.553219510709795" lon="9.496743511497678"><ele>2531.8</ele></trkpt><trkpt lat="46.55320251100577" lon="9.496677511796708"><ele>2530.3</ele></trkpt><trkpt lat="46.553186511281766" lon="9.496559512079138"><ele>2528.9</ele></trkpt><trkpt lat="46.55316951142024" lon="9.496506512220085"><ele>2528.2</ele></trkpt><trkpt lat="46.55311651163904" lon="9.496426512441614"><ele>2527.1</ele></trkpt><trkpt lat="46.55309151183675" lon="9.49632051264475"><ele>2526.1</ele></trkpt><trkpt lat="46.5530665119162" lon="9.496202512730614"><ele>2525.7</ele></trkpt><trkpt lat="46.55305951205397" lon="9.496097512874526"><ele>2525.0</ele></trkpt><trkpt lat="46.55303351211409" lon="9.496044512936896"><ele>2524.7</ele></trkpt><trkpt lat="46.55295451227488" lon="9.495937513101257"><ele>2523.9</ele></trkpt><trkpt lat="46.55287551241596" lon="9.495816513246782"><ele>2523.2</ele></trkpt><trkpt lat="46.552841512476206" lon="9.495711513312283"><ele>2522.9</ele></trkpt><trkpt lat="46.5528155124773" lon="9.495684513314124"><ele>2522.9</ele></trkpt><trkpt lat="46.55278951255714" lon="9.495644513395373"><ele>2522.5</ele></trkpt><trkpt lat="46.552771512479104" lon="9.495617513318493"><ele>2522.9</ele></trkpt><trkpt lat="46.55276351247923" lon="9.495564513321694"><ele>2522.9</ele></trkpt><trkpt lat="46.55276451234114" lon="9.495512513187128"><ele>2523.6</ele></trkpt><trkpt lat="46.55273051269685" lon="9.49542051354678"><ele>2521.8</ele></trkpt><trkpt lat="46.55269551291471" lon="9.495314513769632"><ele>2520.7</ele></trkpt><trkpt lat="46.55267851291537" lon="9.495287513771386"><ele>2520.7</ele></trkpt><trkpt lat="46.552661513112795" lon="9.495208513972809"><ele>2519.7</ele></trkpt><trkpt lat="46.55261751325252" lon="9.495154514114027"><ele>2519.0</ele></trkpt><trkpt lat="46.55255751333344" lon="9.494996514202544"><ele>2518.6</ele></trkpt><trkpt lat="46.552523513255935" lon="9.49491651412894"><ele>2519.0</ele></trkpt><trkpt lat="46.5524905134735" lon="9.494758514354825"><ele>2517.9</ele></trkpt><trkpt lat="46.55249151347322" lon="9.494706514357873"><ele>2517.9</ele></trkpt><trkpt lat="46.552500513472665" lon="9.494667514360088"><ele>2517.9</ele></trkpt><trkpt lat="46.552501513688966" lon="9.494602514580157"><ele>2516.8</ele></trkpt><trkpt lat="46.55251151368843" lon="9.494576514581594"><ele>2516.8</ele></trkpt><trkpt lat="46.55249451361018" lon="9.494511514506947"><ele>2517.2</ele></trkpt><trkpt lat="46.55246951370944" lon="9.494418514610954"><ele>2516.7</ele></trkpt><trkpt lat="46.55246151376852" lon="9.494327514675364"><ele>2516.4</ele></trkpt><trkpt lat="46.552445513828076" lon="9.494261514738373"><ele>2516.1</ele></trkpt><trkpt lat="46.552445513828076" lon="9.494261514738373"><ele>2516.1</ele></trkpt><trkpt lat="46.55219551529664" lon="9.494147516202101"><ele>2508.7</ele></trkpt><trkpt lat="46.551954516764795" lon="9.494047517664876"><ele>2501.3</ele></trkpt><trkpt lat="46.55181151744072" lon="9.493976518338712"><ele>2497.9</ele></trkpt><trkpt lat="46.55171351801617" lon="9.493933518912195"><ele>2495.0</ele></trkpt><trkpt lat="46.551641518334534" lon="9.493917519228313"><ele>2493.4</ele></trkpt><trkpt lat="46.551560518613854" lon="9.493888519505953"><ele>2492.0</ele></trkpt><trkpt lat="46.55149851875446" lon="9.493860519645759"><ele>2491.3</ele></trkpt><trkpt lat="46.551427518639365" lon="9.493805519531689"><ele>2491.9</ele></trkpt><trkpt lat="46.551285519118125" lon="9.493695520011174"><ele>2489.5</ele></trkpt><trkpt lat="46.55122251949509" lon="9.4936805203861"><ele>2487.6</ele></trkpt><trkpt lat="46.55108752038753" lon="9.493688521271421"><ele>2483.1</ele></trkpt><trkpt lat="46.5510335209218" lon="9.493712521801255"><ele>2480.4</ele></trkpt><trkpt lat="46.55100652111991" lon="9.493698521998883"><ele>2479.4</ele></trkpt><trkpt lat="46.55095352163406" lon="9.493630522514382"><ele>2476.8</ele></trkpt><trkpt lat="46.550927522147056" lon="9.493577523028751"><ele>2474.2</ele></trkpt><trkpt lat="46.550927522147056" lon="9.493577523028751"><ele>2474.2</ele></trkpt><trkpt lat="46.55091052228557" lon="9.493550523168064"><ele>2473.5</ele></trkpt><trkpt lat="46.55088452242429" lon="9.493471523310467"><ele>2472.8</ele></trkpt><trkpt lat="46.5508585226222" lon="9.49341852351033"><ele>2471.8</ele></trkpt><trkpt lat="46.55082352282045" lon="9.493351523711084"><ele>2470.8</ele></trkpt><trkpt lat="46.55081552293883" lon="9.493312523831346"><ele>2470.2</ele></trkpt><trkpt lat="46.55079752333341" lon="9.49329852422543"><ele>2468.2</ele></trkpt><trkpt lat="46.5507455235915" lon="9.49321852448605"><ele>2466.9</ele></trkpt><trkpt lat="46.55070152359321" lon="9.493138524491066"><ele>2466.9</ele></trkpt><trkpt lat="46.550648524048235" lon="9.493071524947487"><ele>2464.6</ele></trkpt><trkpt lat="46.55060452430626" lon="9.49305652520427"><ele>2463.3</ele></trkpt><trkpt lat="46.550550524564606" lon="9.493041525461141"><ele>2462.0</ele></trkpt><trkpt lat="46.55051452482218" lon="9.49302752571779"><ele>2460.7</ele></trkpt><trkpt lat="46.55046952508021" lon="9.493025525973827"><ele>2459.4</ele></trkpt><trkpt lat="46.550443525278155" lon="9.492985526172918"><ele>2458.4</ele></trkpt><trkpt lat="46.55039952553596" lon="9.492944526431184"><ele>2457.1</ele></trkpt><trkpt lat="46.550354525990805" lon="9.492916526885264"><ele>2454.8</ele></trkpt><trkpt lat="46.55031952611037" lon="9.492876527005805"><ele>2454.2</ele></trkpt><trkpt lat="46.55026552625067" lon="9.492874527143995"><ele>2453.5</ele></trkpt><trkpt lat="46.550229526626474" lon="9.492885527517126"><ele>2451.6</ele></trkpt><trkpt lat="46.55018452668752" lon="9.492858527578045"><ele>2451.3</ele></trkpt><trkpt lat="46.5501315270836" lon="9.492816527974027"><ele>2449.3</ele></trkpt><trkpt lat="46.55010452722256" lon="9.492802528112648"><ele>2448.6</ele></trkpt><trkpt lat="46.550069527657186" lon="9.492749528548396"><ele>2446.4</ele></trkpt><trkpt lat="46.55004352779601" lon="9.492709528688504"><ele>2445.7</ele></trkpt><trkpt lat="46.55000752799458" lon="9.49272052888474"><ele>2444.7</ele></trkpt><trkpt lat="46.549971528370264" lon="9.49270652925929"><ele>2442.8</ele></trkpt><trkpt lat="46.54992552876647" lon="9.492783529648392"><ele>2440.8</ele></trkpt><trkpt lat="46.54985352896662" lon="9.492780529845758"><ele>2439.8</ele></trkpt><trkpt lat="46.54982652902701" lon="9.492792529904284"><ele>2439.5</ele></trkpt><trkpt lat="46.549789529028715" lon="9.49280352990399"><ele>2439.5</ele></trkpt><trkpt lat="46.54965552954656" lon="9.49277253041798"><ele>2436.9</ele></trkpt><trkpt lat="46.54957453012124" lon="9.492769530988856"><ele>2434.0</ele></trkpt><trkpt lat="46.54951153045877" lon="9.492767531323658"><ele>2432.3</ele></trkpt><trkpt lat="46.54951053063621" lon="9.492806531498335"><ele>2431.4</ele></trkpt><trkpt lat="46.549456530973366" lon="9.492804531833055"><ele>2429.7</ele></trkpt><trkpt lat="46.549420531290124" lon="9.492829532146425"><ele>2428.1</ele></trkpt><trkpt lat="46.549375531429945" lon="9.492827532284522"><ele>2427.4</ele></trkpt><trkpt lat="46.5493395317466" lon="9.492826532599375"><ele>2425.8</ele></trkpt><trkpt lat="46.54930353194518" lon="9.492837532795619"><ele>2424.8</ele></trkpt><trkpt lat="46.549276532064475" lon="9.492836532913842"><ele>2424.2</ele></trkpt><trkpt lat="46.5492495322625" lon="9.492809533112156"><ele>2423.2</ele></trkpt><trkpt lat="46.54917853265938" lon="9.492780533507526"><ele>2421.2</ele></trkpt><trkpt lat="46.549133532917324" lon="9.492779533763487"><ele>2419.9</ele></trkpt><trkpt lat="46.54909853309593" lon="9.492738533943006"><ele>2419.0</ele></trkpt><trkpt lat="46.549080533234516" lon="9.492724534081539"><ele>2418.3</ele></trkpt><trkpt lat="46.549062533353485" lon="9.492724534199622"><ele>2417.7</ele></trkpt><trkpt lat="46.54903553361071" lon="9.492736534454687"><ele>2416.4</ele></trkpt><trkpt lat="46.54900753386804" lon="9.492774534708293"><ele>2415.1</ele></trkpt><trkpt lat="46.54897053414557" lon="9.492825534980902"><ele>2413.7</ele></trkpt><trkpt lat="46.548951534323756" lon="9.492863535155818"><ele>2412.8</ele></trkpt><trkpt lat="46.54892353458118" lon="9.492914535408694"><ele>2411.5</ele></trkpt><trkpt lat="46.54890553471984" lon="9.492926535545761"><ele>2410.8</ele></trkpt><trkpt lat="46.54887953497684" lon="9.492899535803017"><ele>2409.5</ele></trkpt><trkpt lat="46.54886053509594" lon="9.492925535919653"><ele>2408.9</ele></trkpt><trkpt lat="46.548833535234955" lon="9.49292453605753"><ele>2408.2</ele></trkpt><trkpt lat="46.54882553535334" lon="9.492897536177049"><ele>2407.6</ele></trkpt><trkpt lat="46.54881653549143" lon="9.492871536316171"><ele>2406.9</ele></trkpt><trkpt lat="46.548798535630084" lon="9.492870536453966"><ele>2406.2</ele></trkpt><trkpt lat="46.54877153588723" lon="9.492869536709767"><ele>2404.9</ele></trkpt><trkpt lat="46.54875453614392" lon="9.492855536966214"><ele>2403.6</ele></trkpt><trkpt lat="46.54869053658009" lon="9.492905537396368"><ele>2401.4</ele></trkpt><trkpt lat="46.54867153665972" lon="9.492918537474425"><ele>2401.0</ele></trkpt><trkpt lat="46.54860053717475" lon="9.492902537986964"><ele>2398.4</ele></trkpt><trkpt lat="46.54856453729451" lon="9.4929135381046"><ele>2397.8</ele></trkpt><trkpt lat="46.54851853749344" lon="9.492925538300875"><ele>2396.8</ele></trkpt><trkpt lat="46.54849153763254" lon="9.492937538438026"><ele>2396.1</ele></trkpt><trkpt lat="46.548483537809986" lon="9.492910538616497"><ele>2395.2</ele></trkpt><trkpt lat="46.54846553794854" lon="9.492897538754962"><ele>2394.5</ele></trkpt><trkpt lat="46.548483538006764" lon="9.492884538814499"><ele>2394.2</ele></trkpt><trkpt lat="46.54850253820259" lon="9.492833539013722"><ele>2393.2</ele></trkpt><trkpt lat="46.548520538260775" lon="9.492807539073976"><ele>2392.9</ele></trkpt><trkpt lat="46.5485215382607" lon="9.492794539074696"><ele>2392.9</ele></trkpt><trkpt lat="46.548448538657745" lon="9.492818539467086"><ele>2390.9</ele></trkpt><trkpt lat="46.5484315389144" lon="9.49280453972352"><ele>2389.6</ele></trkpt><trkpt lat="46.5483595393703" lon="9.492775540177822"><ele>2387.3</ele></trkpt><trkpt lat="46.548259540004956" lon="9.492837540804173"><ele>2384.1</ele></trkpt><trkpt lat="46.54822354020348" lon="9.492835541001146"><ele>2383.1</ele></trkpt><trkpt lat="46.54819654046051" lon="9.492808541258391"><ele>2381.8</ele></trkpt><trkpt lat="46.54816054052113" lon="9.492807541317728"><ele>2381.5</ele></trkpt><trkpt lat="46.54814354065966" lon="9.492793541456237"><ele>2380.8</ele></trkpt><trkpt lat="46.548116540778985" lon="9.492792541574456"><ele>2380.2</ele></trkpt><trkpt lat="46.54808954097699" lon="9.492778541772013"><ele>2379.2</ele></trkpt><trkpt lat="46.54808054111517" lon="9.49277854190967"><ele>2378.5</ele></trkpt><trkpt lat="46.548062541312945" lon="9.492803542104976"><ele>2377.5</ele></trkpt><trkpt lat="46.54803454149143" lon="9.492815542281441"><ele>2376.6</ele></trkpt><trkpt lat="46.548016541689194" lon="9.492854542475976"><ele>2375.6</ele></trkpt><trkpt lat="46.547997541828" lon="9.492892542611612"><ele>2374.9</ele></trkpt><trkpt lat="46.54796154194783" lon="9.492917542728467"><ele>2374.3</ele></trkpt><trkpt lat="46.54784354266193" lon="9.492964543434457"><ele>2370.7</ele></trkpt><trkpt lat="46.547816542860005" lon="9.49296354363129"><ele>2369.7</ele></trkpt><trkpt lat="46.54778954297918" lon="9.492936543750956"><ele>2369.1</ele></trkpt><trkpt lat="46.54771954331653" lon="9.492829544091613"><ele>2367.4</ele></trkpt><trkpt lat="46.54767554349548" lon="9.492788544271159"><ele>2366.5</ele></trkpt><trkpt lat="46.54764954349643" lon="9.49273554427432"><ele>2366.5</ele></trkpt><trkpt lat="46.5476155436157" lon="9.492643544397628"><ele>2365.9</ele></trkpt><trkpt lat="46.54759854385238" lon="9.492564544637984"><ele>2364.7</ele></trkpt><trkpt lat="46.54756454408974" lon="9.492471544879265"><ele>2363.5</ele></trkpt><trkpt lat="46.54754754450373" lon="9.49241854529505"><ele>2361.4</ele></trkpt><trkpt lat="46.54757554471881" lon="9.492354545514518"><ele>2360.3</ele></trkpt><trkpt lat="46.5475145451934" lon="9.492208545994767"><ele>2357.9</ele></trkpt><trkpt lat="46.54752454531099" lon="9.492183546113973"><ele>2357.3</ele></trkpt><trkpt lat="46.54752454536998" lon="9.492157546174365"><ele>2357.0</ele></trkpt><trkpt lat="46.54751654554732" lon="9.492104546354227"><ele>2356.1</ele></trkpt><trkpt lat="46.54751754566528" lon="9.492065546474278"><ele>2355.5</ele></trkpt><trkpt lat="46.54749954584313" lon="9.492051546652073"><ele>2354.6</ele></trkpt><trkpt lat="46.54749054600109" lon="9.492064546808658"><ele>2353.8</ele></trkpt><trkpt lat="46.547464546356345" lon="9.491998547166252"><ele>2352.0</ele></trkpt><trkpt lat="46.54745654665187" lon="9.491958547463296"><ele>2350.5</ele></trkpt><trkpt lat="46.547439546829565" lon="9.491906547643165"><ele>2349.6</ele></trkpt><trkpt lat="46.54741354740136" lon="9.491826548217686"><ele>2346.7</ele></trkpt><trkpt lat="46.54737054805248" lon="9.491720548872367"><ele>2343.4</ele></trkpt><trkpt lat="46.547353548328715" lon="9.49168154914977"><ele>2342.0</ele></trkpt><trkpt lat="46.54734554838787" lon="9.491628549211693"><ele>2341.7</ele></trkpt><trkpt lat="46.54736454862303" lon="9.491551549451554"><ele>2340.5</ele></trkpt><trkpt lat="46.54737554879941" lon="9.491460549633295"><ele>2339.6</ele></trkpt><trkpt lat="46.54737754909414" lon="9.491342549934485"><ele>2338.1</ele></trkpt><trkpt lat="46.547378549271" lon="9.491264550115591"><ele>2337.2</ele></trkpt><trkpt lat="46.547371549389126" lon="9.491173550238528"><ele>2336.6</ele></trkpt><trkpt lat="46.54735454954709" lon="9.491107550399482"><ele>2335.8</ele></trkpt><trkpt lat="46.54735754990078" lon="9.490950550761715"><ele>2334.0</ele></trkpt><trkpt lat="46.547358550136735" lon="9.490898551000337"><ele>2332.8</ele></trkpt><trkpt lat="46.547368550254326" lon="9.490860551120218"><ele>2332.2</ele></trkpt><trkpt lat="46.547405550370684" lon="9.490809551240568"><ele>2331.6</ele></trkpt><trkpt lat="46.54741555060625" lon="9.490757551479103"><ele>2330.4</ele></trkpt><trkpt lat="46.54741655072413" lon="9.490692551600533"><ele>2329.8</ele></trkpt><trkpt lat="46.547399550724634" lon="9.490639551603566"><ele>2329.8</ele></trkpt><trkpt lat="46.54736455076525" lon="9.490559551647523"><ele>2329.6</ele></trkpt><trkpt lat="46.54732055088499" lon="9.490493551769394"><ele>2329.0</ele></trkpt><trkpt lat="46.54725055100577" lon="9.49038655189371"><ele>2328.4</ele></trkpt><trkpt lat="46.54719855130303" lon="9.490318552192583"><ele>2326.9</ele></trkpt><trkpt lat="46.547163551776784" lon="9.490239552668733"><ele>2324.5</ele></trkpt><trkpt lat="46.54717355195328" lon="9.490187552848296"><ele>2323.6</ele></trkpt><trkpt lat="46.547201552050375" lon="9.490149552948358"><ele>2323.1</ele></trkpt><trkpt lat="46.54721955216763" lon="9.4901235530675"><ele>2322.5</ele></trkpt><trkpt lat="46.54721255264009" lon="9.490032553544037"><ele>2320.1</ele></trkpt><trkpt lat="46.54719555299498" lon="9.489979553900708"><ele>2318.3</ele></trkpt><trkpt lat="46.547177553212194" lon="9.489939554119152"><ele>2317.2</ele></trkpt><trkpt lat="46.547170553625676" lon="9.489874554535318"><ele>2315.1</ele></trkpt><trkpt lat="46.54717955374325" lon="9.489835554655228"><ele>2314.5</ele></trkpt><trkpt lat="46.54720755385995" lon="9.489771554776333"><ele>2313.9</ele></trkpt><trkpt lat="46.54724555411392" lon="9.489681555036277"><ele>2312.6</ele></trkpt><trkpt lat="46.547255554428226" lon="9.489603555354746"><ele>2311.0</ele></trkpt><trkpt lat="46.54726655478184" lon="9.4895255557125"><ele>2309.2</ele></trkpt><trkpt lat="46.547258555156" lon="9.489460556089355"><ele>2307.3</ele></trkpt><trkpt lat="46.54725155572681" lon="9.489355556664803"><ele>2304.4</ele></trkpt><trkpt lat="46.5472365570854" lon="9.489211558028229"><ele>2297.5</ele></trkpt><trkpt lat="46.5472465573603" lon="9.489133558307367"><ele>2296.1</ele></trkpt><trkpt lat="46.54727455751644" lon="9.489082558467025"><ele>2295.3</ele></trkpt><trkpt lat="46.547293557653276" lon="9.48904455860642"><ele>2294.6</ele></trkpt><trkpt lat="46.547303557869135" lon="9.488966558826613"><ele>2293.5</ele></trkpt><trkpt lat="46.54730455808553" lon="9.488927559044786"><ele>2292.4</ele></trkpt><trkpt lat="46.54727755836225" lon="9.488900559321491"><ele>2291.0</ele></trkpt><trkpt lat="46.54728655844054" lon="9.48888755940069"><ele>2290.6</ele></trkpt><trkpt lat="46.547260558717156" lon="9.488860559677383"><ele>2289.2</ele></trkpt><trkpt lat="46.54723455909203" lon="9.488781560055083"><ele>2287.3</ele></trkpt><trkpt lat="46.54724455936707" lon="9.488742560332101"><ele>2285.9</ele></trkpt><trkpt lat="46.54725455950435" lon="9.488703560471613"><ele>2285.2</ele></trkpt><trkpt lat="46.54730056001398" lon="9.48861456098672"><ele>2282.6</ele></trkpt><trkpt lat="46.54731956007215" lon="9.488588561046882"><ele>2282.3</ele></trkpt><trkpt lat="46.54731956022955" lon="9.488562561205418"><ele>2281.5</ele></trkpt><trkpt lat="46.54730256066313" lon="9.48849656164125"><ele>2279.3</ele></trkpt><trkpt lat="46.54732256093766" lon="9.488432561919502"><ele>2277.9</ele></trkpt><trkpt lat="46.54734156107446" lon="9.488367562060306"><ele>2277.2</ele></trkpt><trkpt lat="46.54737856136791" lon="9.488277562359432"><ele>2275.7</ele></trkpt><trkpt lat="46.54738856150516" lon="9.488239562498876"><ele>2275.0</ele></trkpt><trkpt lat="46.54735256172323" lon="9.488224562716052"><ele>2273.9</ele></trkpt><trkpt lat="46.547335562019214" lon="9.48821156301154"><ele>2272.4</ele></trkpt><trkpt lat="46.547318562216624" lon="9.488158563210927"><ele>2271.4</ele></trkpt><trkpt lat="46.54730956251209" lon="9.488105563508467"><ele>2269.9</ele></trkpt><trkpt lat="46.54732156304267" lon="9.487962564046304"><ele>2267.2</ele></trkpt><trkpt lat="46.54732156304267" lon="9.487962564046304"><ele>2267.2</ele></trkpt><trkpt lat="46.54735956298164" lon="9.487872563991823"><ele>2267.5</ele></trkpt><trkpt lat="46.547379563295465" lon="9.487769564311385"><ele>2265.9</ele></trkpt><trkpt lat="46.54738056355111" lon="9.487691564570854"><ele>2264.6</ele></trkpt><trkpt lat="46.547408563549745" lon="9.48764056457332"><ele>2264.6</ele></trkpt><trkpt lat="46.54744656362654" lon="9.487537564657018"><ele>2264.2</ele></trkpt><trkpt lat="46.54751456419365" lon="9.48725256524111"><ele>2261.3</ele></trkpt><trkpt lat="46.547552564309804" lon="9.487149565364078"><ele>2260.7</ele></trkpt><trkpt lat="46.54757056440736" lon="9.487111565464138"><ele>2260.2</ele></trkpt><trkpt lat="46.54765456440332" lon="9.486958565471511"><ele>2260.2</ele></trkpt><trkpt lat="46.5476745645203" lon="9.486880565593301"><ele>2259.6</ele></trkpt><trkpt lat="46.54772956451777" lon="9.486804565596852"><ele>2259.6</ele></trkpt><trkpt lat="46.54775756451645" lon="9.48676656559862"><ele>2259.6</ele></trkpt><trkpt lat="46.54777656461389" lon="9.48670156570009"><ele>2259.1</ele></trkpt><trkpt lat="46.54779556465223" lon="9.486637565742585"><ele>2258.9</ele></trkpt><trkpt lat="46.54782356465083" lon="9.486573565745726"><ele>2258.9</ele></trkpt><trkpt lat="46.54784256478769" lon="9.486521565885793"><ele>2258.2</ele></trkpt><trkpt lat="46.54786156478675" lon="9.486483565887633"><ele>2258.2</ele></trkpt><trkpt lat="46.54789056515915" lon="9.48635456626734"><ele>2256.3</ele></trkpt><trkpt lat="46.547910565394304" lon="9.48626356650764"><ele>2255.1</ele></trkpt><trkpt lat="46.54791056555169" lon="9.486224566666802"><ele>2254.3</ele></trkpt><trkpt lat="46.54789356578849" lon="9.486184566904724"><ele>2253.1</ele></trkpt><trkpt lat="46.54787656590726" lon="9.486157567024119"><ele>2252.5</ele></trkpt><trkpt lat="46.547858565947344" lon="9.486144567064233"><ele>2252.3</ele></trkpt><trkpt lat="46.5478315660271" lon="9.486103567145173"><ele>2251.9</ele></trkpt><trkpt lat="46.54782356618484" lon="9.486077567303711"><ele>2251.1</ele></trkpt><trkpt lat="46.547815566263765" lon="9.486038567384385"><ele>2250.7</ele></trkpt><trkpt lat="46.54777156646227" lon="9.485971567584667"><ele>2249.7</ele></trkpt><trkpt lat="46.547753566581" lon="9.485944567704063"><ele>2249.1</ele></trkpt><trkpt lat="46.547727566719914" lon="9.485930567842487"><ele>2248.4</ele></trkpt><trkpt lat="46.54769156687878" lon="9.485903568001309"><ele>2247.6</ele></trkpt><trkpt lat="46.547673566938585" lon="9.485889568061108"><ele>2247.3</ele></trkpt><trkpt lat="46.547647567057645" lon="9.485836568181938"><ele>2246.7</ele></trkpt><trkpt lat="46.54763156713679" lon="9.485770568264087"><ele>2246.3</ele></trkpt><trkpt lat="46.54760456719682" lon="9.485730568325327"><ele>2246.0</ele></trkpt><trkpt lat="46.54756256755242" lon="9.485572568687438"><ele>2244.2</ele></trkpt><trkpt lat="46.54752856765194" lon="9.485479568790785"><ele>2243.7</ele></trkpt><trkpt lat="46.54752856765194" lon="9.485479568790785"><ele>2243.7</ele></trkpt><trkpt lat="46.54754656788749" lon="9.48548056902623"><ele>2242.5</ele></trkpt><trkpt lat="46.54760156788496" lon="9.485417569029067"><ele>2242.5</ele></trkpt><trkpt lat="46.547657567980764" lon="9.485314569132179"><ele>2242.0</ele></trkpt><trkpt lat="46.547703568057365" lon="9.485251569213638"><ele>2241.6</ele></trkpt><trkpt lat="46.54775856815336" lon="9.485201569313977"><ele>2241.1</ele></trkpt><trkpt lat="46.54780356815136" lon="9.485176569314913"><ele>2241.1</ele></trkpt><trkpt lat="46.54784956834621" lon="9.485139569512828"><ele>2240.1</ele></trkpt><trkpt lat="46.547923568539716" lon="9.485037569713914"><ele>2239.1</ele></trkpt><trkpt lat="46.548034568928266" lon="9.484846570115689"><ele>2237.1</ele></trkpt><trkpt lat="46.54817256919759" lon="9.484669570398685"><ele>2235.7</ele></trkpt><trkpt lat="46.548283569507475" lon="9.48450357072059"><ele>2234.1</ele></trkpt><trkpt lat="46.54834856976034" lon="9.4843885709813"><ele>2232.8</ele></trkpt><trkpt lat="46.548413569934546" lon="9.484286571162794"><ele>2231.9</ele></trkpt><trkpt lat="46.54853457055894" lon="9.484082571800716"><ele>2228.7</ele></trkpt><trkpt lat="46.54854357065691" lon="9.48404457190079"><ele>2228.2</ele></trkpt><trkpt lat="46.548553570774615" lon="9.484031572019193"><ele>2227.6</ele></trkpt><trkpt lat="46.548598570851425" lon="9.484007572098598"><ele>2227.2</ele></trkpt><trkpt lat="46.54864457102653" lon="9.48394357227825"><ele>2226.3</ele></trkpt><trkpt lat="46.54869957116194" lon="9.483906572417158"><ele>2225.6</ele></trkpt><trkpt lat="46.54873657123908" lon="9.483868572497359"><ele>2225.2</ele></trkpt><trkpt lat="46.548763571316606" lon="9.483830572577647"><ele>2224.8</ele></trkpt><trkpt lat="46.54881957166836" lon="9.48371557293656"><ele>2223.0</ele></trkpt><trkpt lat="46.548866571823666" lon="9.483638573097235"><ele>2222.2</ele></trkpt><trkpt lat="46.54891257199885" lon="9.48358857327615"><ele>2221.3</ele></trkpt><trkpt lat="46.54895757213476" lon="9.483564573414455"><ele>2220.6</ele></trkpt><trkpt lat="46.54899457225122" lon="9.483513573534589"><ele>2220.0</ele></trkpt><trkpt lat="46.549068572503685" lon="9.483372573796514"><ele>2218.7</ele></trkpt><trkpt lat="46.549106572639666" lon="9.48329557393762"><ele>2218.0</ele></trkpt><trkpt lat="46.5491435728939" lon="9.483205574197196"><ele>2216.7</ele></trkpt><trkpt lat="46.549163573010944" lon="9.483128574318814"><ele>2216.1</ele></trkpt><trkpt lat="46.549173573148266" lon="9.483089574458173"><ele>2215.4</ele></trkpt><trkpt lat="46.54917457332513" lon="9.482998574639558"><ele>2214.5</ele></trkpt><trkpt lat="46.549203573481215" lon="9.482921574800358"><ele>2213.7</ele></trkpt><trkpt lat="46.54923157369648" lon="9.482857575019384"><ele>2212.6</ele></trkpt><trkpt lat="46.54925957383297" lon="9.482805575159263"><ele>2211.9</ele></trkpt><trkpt lat="46.54932257390909" lon="9.482782575238458"><ele>2211.5</ele></trkpt><trkpt lat="46.54935957412398" lon="9.482731575456729"><ele>2210.4</ele></trkpt><trkpt lat="46.54941457423974" lon="9.482681575576647"><ele>2209.8</ele></trkpt><trkpt lat="46.54943457445522" lon="9.48257757579779"><ele>2208.7</ele></trkpt><trkpt lat="46.549454574710055" lon="9.482474576058143"><ele>2207.4</ele></trkpt><trkpt lat="46.5494725747486" lon="9.482448576098594"><ele>2207.2</ele></trkpt><trkpt lat="46.54955557535543" lon="9.482360576710997"><ele>2204.1</ele></trkpt><trkpt lat="46.54956457568974" lon="9.482321577046655"><ele>2202.4</ele></trkpt><trkpt lat="46.54961957604173" lon="9.48225857740279"><ele>2200.6</ele></trkpt><trkpt lat="46.54965657619764" lon="9.482220577561483"><ele>2199.8</ele></trkpt><trkpt lat="46.549703576608984" lon="9.4821315779779"><ele>2197.7</ele></trkpt><trkpt lat="46.54974857692214" lon="9.482094578293514"><ele>2196.1</ele></trkpt><trkpt lat="46.54978657701885" lon="9.482030578394633"><ele>2195.6</ele></trkpt><trkpt lat="46.549822577233854" lon="9.481979578612883"><ele>2194.5</ele></trkpt><trkpt lat="46.549859577330764" lon="9.481954578712012"><ele>2194.0</ele></trkpt><trkpt lat="46.54988657740834" lon="9.481929578791588"><ele>2193.6</ele></trkpt><trkpt lat="46.549905577624074" lon="9.481891579009307"><ele>2192.5</ele></trkpt><trkpt lat="46.549961577995695" lon="9.481802579386372"><ele>2190.6</ele></trkpt><trkpt lat="46.55000757817075" lon="9.48171257956726"><ele>2189.7</ele></trkpt><trkpt lat="46.550081578403756" lon="9.481610579807418"><ele>2188.5</ele></trkpt><trkpt lat="46.550108578422275" lon="9.481585579828106"><ele>2188.4</ele></trkpt><trkpt lat="46.55022757871269" lon="9.481525580124638"><ele>2186.9</ele></trkpt><trkpt lat="46.550364579336836" lon="9.481360580760061"><ele>2183.7</ele></trkpt><trkpt lat="46.55039257943406" lon="9.481322580859914"><ele>2183.2</ele></trkpt><trkpt lat="46.55042057957066" lon="9.481284580999024"><ele>2182.5</ele></trkpt><trkpt lat="46.55049357978413" lon="9.4812225812175"><ele>2181.4</ele></trkpt><trkpt lat="46.55053957984112" lon="9.48115858127927"><ele>2181.1</ele></trkpt><trkpt lat="46.55055857991904" lon="9.481120581359566"><ele>2180.7</ele></trkpt><trkpt lat="46.55062358019183" lon="9.481018581639022"><ele>2179.3</ele></trkpt><trkpt lat="46.5506425801909" lon="9.480966581641512"><ele>2179.3</ele></trkpt><trkpt lat="46.550643580328526" lon="9.480901581782204"><ele>2178.6</ele></trkpt><trkpt lat="46.550653580406674" lon="9.48084958186328"><ele>2178.2</ele></trkpt><trkpt lat="46.550644580505384" lon="9.480810581963473"><ele>2177.7</ele></trkpt><trkpt lat="46.550609580664194" lon="9.480756582123526"><ele>2176.9</ele></trkpt><trkpt lat="46.5505475809817" lon="9.480728582439488"><ele>2175.3</ele></trkpt><trkpt lat="46.55052958106116" lon="9.480701582519517"><ele>2174.9</ele></trkpt><trkpt lat="46.550459581437785" lon="9.480607582897772"><ele>2173.0</ele></trkpt><trkpt lat="46.550441581615765" lon="9.480581583075878"><ele>2172.1</ele></trkpt><trkpt lat="46.550379581795355" lon="9.480552583254495"><ele>2171.2</ele></trkpt><trkpt lat="46.55034458197389" lon="9.480512583433446"><ele>2170.3</ele></trkpt><trkpt lat="46.55031758205369" lon="9.480485583513543"><ele>2169.9</ele></trkpt><trkpt lat="46.55027458231116" lon="9.48040558377309"><ele>2168.6</ele></trkpt><trkpt lat="46.5502475824303" lon="9.480378583892426"><ele>2168.0</ele></trkpt><trkpt lat="46.550221582647865" lon="9.480337584110602"><ele>2166.9</ele></trkpt><trkpt lat="46.55018658286569" lon="9.480271584330115"><ele>2165.8</ele></trkpt><trkpt lat="46.550178582944746" lon="9.480245584410005"><ele>2165.4</ele></trkpt><trkpt lat="46.55018758304267" lon="9.48020658451003"><ele>2164.9</ele></trkpt><trkpt lat="46.55017958322002" lon="9.48014058469006"><ele>2164.0</ele></trkpt><trkpt lat="46.55018058333799" lon="9.480088584810435"><ele>2163.4</ele></trkpt><trkpt lat="46.5502005835142" lon="9.480011584990793"><ele>2162.5</ele></trkpt><trkpt lat="46.55020058363224" lon="9.479972585110515"><ele>2161.9</ele></trkpt><trkpt lat="46.55017458377101" lon="9.47993158525017"><ele>2161.2</ele></trkpt><trkpt lat="46.550175583928436" lon="9.47990558540848"><ele>2160.4</ele></trkpt><trkpt lat="46.55015758406699" lon="9.479892585546658"><ele>2159.7</ele></trkpt><trkpt lat="46.550148584146044" lon="9.479865585626593"><ele>2159.3</ele></trkpt><trkpt lat="46.55015858420459" lon="9.479826585687357"><ele>2159.0</ele></trkpt><trkpt lat="46.5501415845399" lon="9.479774586023737"><ele>2157.3</ele></trkpt><trkpt lat="46.550151584716545" lon="9.479709586203555"><ele>2156.4</ele></trkpt><trkpt lat="46.55016158483419" lon="9.479670586323182"><ele>2155.8</ele></trkpt><trkpt lat="46.550162585129385" lon="9.479618586620163"><ele>2154.3</ele></trkpt><trkpt lat="46.55018058522706" lon="9.479592586719448"><ele>2153.8</ele></trkpt><trkpt lat="46.550190585344616" lon="9.479528586840333"><ele>2153.2</ele></trkpt><trkpt lat="46.55019258556092" lon="9.479449587060154"><ele>2152.1</ele></trkpt><trkpt lat="46.55022058573677" lon="9.47935958724107"><ele>2151.2</ele></trkpt><trkpt lat="46.55024958610954" lon="9.47926958761821"><ele>2149.3</ele></trkpt><trkpt lat="46.55031558671698" lon="9.479128588233088"><ele>2146.2</ele></trkpt><trkpt lat="46.55033358693283" lon="9.479090588450704"><ele>2145.1</ele></trkpt><trkpt lat="46.550360587089266" lon="9.479078588608079"><ele>2144.3</ele></trkpt><trkpt lat="46.55041558726432" lon="9.479067588784801"><ele>2143.4</ele></trkpt><trkpt lat="46.5504435873024" lon="9.479015588826426"><ele>2143.2</ele></trkpt><trkpt lat="46.550471587399564" lon="9.47893858892817"><ele>2142.7</ele></trkpt><trkpt lat="46.550489587477614" lon="9.47892658900712"><ele>2142.3</ele></trkpt><trkpt lat="46.550544587593485" lon="9.47890258912562"><ele>2141.7</ele></trkpt><trkpt lat="46.550580587847975" lon="9.478864589382326"><ele>2140.4</ele></trkpt><trkpt lat="46.55058158798568" lon="9.478825589521632"><ele>2139.7</ele></trkpt><trkpt lat="46.55059058802471" lon="9.478812589561453"><ele>2139.5</ele></trkpt><trkpt lat="46.55060958816176" lon="9.47878758969991"><ele>2138.8</ele></trkpt><trkpt lat="46.55060958827976" lon="9.478748589819597"><ele>2138.2</ele></trkpt><trkpt lat="46.55061958849588" lon="9.47869659003796"><ele>2137.1</ele></trkpt><trkpt lat="46.55065658863213" lon="9.478645590177567"><ele>2136.4</ele></trkpt><trkpt lat="46.5507125888266" lon="9.478556590377785"><ele>2135.4</ele></trkpt><trkpt lat="46.550739588923875" lon="9.478518590477577"><ele>2134.9</ele></trkpt><trkpt lat="46.55074958904153" lon="9.478479590597175"><ele>2134.3</ele></trkpt><trkpt lat="46.550759589080386" lon="9.478440590638282"><ele>2134.1</ele></trkpt><trkpt lat="46.550787589256366" lon="9.478376590817843"><ele>2133.2</ele></trkpt><trkpt lat="46.55084458968679" lon="9.478196591258028"><ele>2131.0</ele></trkpt><trkpt lat="46.55085458972562" lon="9.478131591300428"><ele>2130.8</ele></trkpt><trkpt lat="46.55088358990154" lon="9.478067591479972"><ele>2129.9</ele></trkpt><trkpt lat="46.5509295900177" lon="9.478003591600514"><ele>2129.3</ele></trkpt><trkpt lat="46.55096658999635" lon="9.47794059158373"><ele>2129.4</ele></trkpt><trkpt lat="46.5509765901729" lon="9.477849591764762"><ele>2128.5</ele></trkpt><trkpt lat="46.55099659034913" lon="9.477771591945064"><ele>2127.6</ele></trkpt><trkpt lat="46.55102459060379" lon="9.477681592204375"><ele>2126.3</ele></trkpt><trkpt lat="46.55105359083879" lon="9.477604592443413"><ele>2125.1</ele></trkpt><trkpt lat="46.55107259105448" lon="9.477539592662307"><ele>2124.0</ele></trkpt><trkpt lat="46.5510735912315" lon="9.477461592842747"><ele>2123.1</ele></trkpt><trkpt lat="46.551092591447215" lon="9.477410593060943"><ele>2122.0</ele></trkpt><trkpt lat="46.551066591645096" lon="9.477369593259377"><ele>2121.0</ele></trkpt><trkpt lat="46.551039591823475" lon="9.47738159343558"><ele>2120.1</ele></trkpt><trkpt lat="46.551011592001935" lon="9.477406593611143"><ele>2119.2</ele></trkpt><trkpt lat="46.55099359208152" lon="9.47743259368848"><ele>2118.8</ele></trkpt><trkpt lat="46.550992592180144" lon="9.477458593785304"><ele>2118.3</ele></trkpt><trkpt lat="46.55092959247817" lon="9.477495594078276"><ele>2116.8</ele></trkpt><trkpt lat="46.550884592696654" lon="9.47750659429391"><ele>2115.7</ele></trkpt><trkpt lat="46.55080259311357" lon="9.477529594705446"><ele>2113.6</ele></trkpt><trkpt lat="46.550785593232305" lon="9.477502594824632"><ele>2113.0</ele></trkpt><trkpt lat="46.550804593428396" lon="9.477451595023199"><ele>2112.0</ele></trkpt><trkpt lat="46.55086859374079" lon="9.477375595340357"><ele>2110.4</ele></trkpt><trkpt lat="46.55087959385812" lon="9.477258595463748"><ele>2109.8</ele></trkpt><trkpt lat="46.550935594269326" lon="9.477169595879698"><ele>2107.7</ele></trkpt><trkpt lat="46.55102759489571" lon="9.477055596512393"><ele>2104.5</ele></trkpt><trkpt lat="46.55109159530663" lon="9.476992596926989"><ele>2102.4</ele></trkpt><trkpt lat="46.55113759565919" lon="9.476916597283493"><ele>2100.6</ele></trkpt><trkpt lat="46.55114759581628" lon="9.476890597441638"><ele>2099.8</ele></trkpt><trkpt lat="46.55113959619054" lon="9.476798597818968"><ele>2097.9</ele></trkpt><trkpt lat="46.55113159630899" lon="9.476772597938012"><ele>2097.3</ele></trkpt><trkpt lat="46.55109559646792" lon="9.476757598095977"><ele>2096.5</ele></trkpt><trkpt lat="46.55105059662733" lon="9.476782598252056"><ele>2095.7</ele></trkpt><trkpt lat="46.55100459694443" lon="9.476832598563872"><ele>2094.1</ele></trkpt><trkpt lat="46.5509495971436" lon="9.476856598759317"><ele>2093.1</ele></trkpt><trkpt lat="46.550859597363825" lon="9.476879598974705"><ele>2092.0</ele></trkpt><trkpt lat="46.55077759762329" lon="9.47694159922737"><ele>2090.7</ele></trkpt><trkpt lat="46.55074159768378" lon="9.476953599285915"><ele>2090.4</ele></trkpt><trkpt lat="46.5507145977636" lon="9.476952599364655"><ele>2090.0</ele></trkpt><trkpt lat="46.55068759786313" lon="9.476938599463645"><ele>2089.5</ele></trkpt><trkpt lat="46.55064259794362" lon="9.476936599542563"><ele>2089.1</ele></trkpt><trkpt lat="46.55056959820253" lon="9.47695959979706"><ele>2087.8</ele></trkpt><trkpt lat="46.55047959850156" lon="9.476982600090933"><ele>2086.3</ele></trkpt><trkpt lat="46.55042459858259" lon="9.477019600168031"><ele>2085.9</ele></trkpt><trkpt lat="46.55042459858259" lon="9.477019600168031"><ele>2085.9</ele></trkpt><trkpt lat="46.55033659856605" lon="9.476938600153044"><ele>2086.0</ele></trkpt><trkpt lat="46.55033659856605" lon="9.476938600153044"><ele>2086.0</ele></trkpt><trkpt lat="46.55031959844838" lon="9.47689860003741"><ele>2086.6</ele></trkpt><trkpt lat="46.55031959833007" lon="9.476872599920961"><ele>2087.2</ele></trkpt><trkpt lat="46.55032059831022" lon="9.476833599903234"><ele>2087.3</ele></trkpt><trkpt lat="46.550302598291125" lon="9.476793599885706"><ele>2087.4</ele></trkpt><trkpt lat="46.55028459819337" lon="9.476805599787166"><ele>2087.9</ele></trkpt><trkpt lat="46.55026659825315" lon="9.476804599846215"><ele>2087.6</ele></trkpt><trkpt lat="46.55021359849145" lon="9.47677660008341"><ele>2086.4</ele></trkpt><trkpt lat="46.55019559859054" lon="9.476763600182274"><ele>2085.9</ele></trkpt><trkpt lat="46.5501505987697" lon="9.476787600358032"><ele>2085.0</ele></trkpt><trkpt lat="46.550123598908606" lon="9.476786600495613"><ele>2084.3</ele></trkpt><trkpt lat="46.550105599027454" lon="9.476785600613512"><ele>2083.7</ele></trkpt><trkpt lat="46.55009659910648" lon="9.476759600693317"><ele>2083.3</ele></trkpt><trkpt lat="46.55007059924526" lon="9.476732600832161"><ele>2082.6</ele></trkpt><trkpt lat="46.55005259938368" lon="9.476692600971571"><ele>2081.9</ele></trkpt><trkpt lat="46.55001859977855" lon="9.476586601369345"><ele>2079.9</ele></trkpt><trkpt lat="46.550019599876926" lon="9.476560601468686"><ele>2079.4</ele></trkpt><trkpt lat="46.550037599955076" lon="9.476561601546969"><ele>2079.0</ele></trkpt><trkpt lat="46.55005459997414" lon="9.476575601565775"><ele>2078.9</ele></trkpt><trkpt lat="46.55007260009175" lon="9.476615601681402"><ele>2078.3</ele></trkpt><trkpt lat="46.550090600209266" lon="9.476615601798969"><ele>2077.7</ele></trkpt><trkpt lat="46.55013460056217" lon="9.4766436021504"><ele>2075.9</ele></trkpt><trkpt lat="46.55015260065991" lon="9.47663160224893"><ele>2075.4</ele></trkpt><trkpt lat="46.550162600797364" lon="9.47660560238744"><ele>2074.7</ele></trkpt><trkpt lat="46.5501896010129" lon="9.476580602604235"><ele>2073.6</ele></trkpt><trkpt lat="46.550190601170314" lon="9.476554602762427"><ele>2072.8</ele></trkpt><trkpt lat="46.55018260144624" lon="9.4765016030397"><ele>2071.4</ele></trkpt><trkpt lat="46.550183601702074" lon="9.476449603297235"><ele>2070.1</ele></trkpt><trkpt lat="46.55018360180043" lon="9.476410603397209"><ele>2069.6</ele></trkpt><trkpt lat="46.55019360197725" lon="9.476397603574316"><ele>2068.7</ele></trkpt><trkpt lat="46.55020260211469" lon="9.476359603713401"><ele>2068.0</ele></trkpt><trkpt lat="46.55020360225249" lon="9.476346603851347"><ele>2067.3</ele></trkpt><trkpt lat="46.55022260270446" lon="9.476255604306782"><ele>2065.0</ele></trkpt><trkpt lat="46.55021460284253" lon="9.476216604446046"><ele>2064.3</ele></trkpt><trkpt lat="46.55018860307967" lon="9.476149604684872"><ele>2063.1</ele></trkpt><trkpt lat="46.5501806032177" lon="9.476110604824132"><ele>2062.4</ele></trkpt><trkpt lat="46.55017160327705" lon="9.476084604884305"><ele>2062.1</ele></trkpt><trkpt lat="46.55014460323865" lon="9.476069604845996"><ele>2062.3</ele></trkpt><trkpt lat="46.55012760327858" lon="9.47603060488724"><ele>2062.1</ele></trkpt><trkpt lat="46.55009260339794" lon="9.475989605007182"><ele>2061.5</ele></trkpt><trkpt lat="46.550067603694046" lon="9.475897605306042"><ele>2060.0</ele></trkpt><trkpt lat="46.550067603851524" lon="9.475871605464222"><ele>2059.2</ele></trkpt><trkpt lat="46.5500596040487" lon="9.475831605662371"><ele>2058.2</ele></trkpt><trkpt lat="46.55005960418642" lon="9.475792605801553"><ele>2057.5</ele></trkpt><trkpt lat="46.55006960432378" lon="9.475754605940612"><ele>2056.8</ele></trkpt><trkpt lat="46.550052604403106" lon="9.475714606021128"><ele>2056.4</ele></trkpt><trkpt lat="46.55005360448169" lon="9.475675606101452"><ele>2056.0</ele></trkpt><trkpt lat="46.55004460458043" lon="9.475635606201518"><ele>2055.5</ele></trkpt><trkpt lat="46.55001860477814" lon="9.475569606401036"><ele>2054.5</ele></trkpt><trkpt lat="46.55002060503392" lon="9.475504606659142"><ele>2053.2</ele></trkpt><trkpt lat="46.55002960517131" lon="9.47546560679825"><ele>2052.5</ele></trkpt><trkpt lat="46.55002160525032" lon="9.475439606878014"><ele>2052.1</ele></trkpt><trkpt lat="46.549995605310286" lon="9.475399606938971"><ele>2051.8</ele></trkpt><trkpt lat="46.54997860552735" lon="9.475333607158028"><ele>2050.7</ele></trkpt><trkpt lat="46.54995260562665" lon="9.475280607258835"><ele>2050.2</ele></trkpt><trkpt lat="46.54995260570533" lon="9.475241607339163"><ele>2049.8</ele></trkpt><trkpt lat="46.54994460578433" lon="9.475227607418349"><ele>2049.4</ele></trkpt><trkpt lat="46.54994460582371" lon="9.475201607458823"><ele>2049.2</ele></trkpt><trkpt lat="46.54990960602183" lon="9.475148607657772"><ele>2048.2</ele></trkpt><trkpt lat="46.54989260610107" lon="9.475095607738892"><ele>2047.8</ele></trkpt><trkpt lat="46.54989360617967" lon="9.4750566078192"><ele>2047.4</ele></trkpt><trkpt lat="46.54987560631813" lon="9.475029607957932"><ele>2046.7</ele></trkpt><trkpt lat="46.54987660647549" lon="9.474964608117942"><ele>2045.9</ele></trkpt><trkpt lat="46.54986860657411" lon="9.47492460821798"><ele>2045.4</ele></trkpt><trkpt lat="46.549869606829915" lon="9.474859608476056"><ele>2044.1</ele></trkpt><trkpt lat="46.54986160696791" lon="9.47480760861589"><ele>2043.4</ele></trkpt><trkpt lat="46.54984460708667" lon="9.474780608734992"><ele>2042.8</ele></trkpt><trkpt lat="46.54983560722476" lon="9.474740608874262"><ele>2042.1</ele></trkpt><trkpt lat="46.54977460756152" lon="9.474621609213822"><ele>2040.4</ele></trkpt><trkpt lat="46.54975860791628" lon="9.474516609571976"><ele>2038.6</ele></trkpt><trkpt lat="46.54976960803384" lon="9.474451609692657"><ele>2038.0</ele></trkpt><trkpt lat="46.549760608152205" lon="9.474399609812872"><ele>2037.4</ele></trkpt><trkpt lat="46.54975360830986" lon="9.474333609972971"><ele>2036.6</ele></trkpt><trkpt lat="46.54974560846746" lon="9.474254610133682"><ele>2035.8</ele></trkpt><trkpt lat="46.549720608625684" lon="9.47416261029514"><ele>2035.0</ele></trkpt><trkpt lat="46.54969460874463" lon="9.474096610416137"><ele>2034.4</ele></trkpt><trkpt lat="46.54966960890277" lon="9.473991610578208"><ele>2033.6</ele></trkpt><trkpt lat="46.54963560902185" lon="9.473872610701775"><ele>2033.0</ele></trkpt><trkpt lat="46.54961860914042" lon="9.473806610822702"><ele>2032.4</ele></trkpt><trkpt lat="46.549620609258255" lon="9.473702610945285"><ele>2031.8</ele></trkpt><trkpt lat="46.54960560959319" lon="9.473558611285606"><ele>2030.1</ele></trkpt><trkpt lat="46.549605609671836" lon="9.473519611365894"><ele>2029.7</ele></trkpt><trkpt lat="46.54960660984891" lon="9.473467611544844"><ele>2028.8</ele></trkpt><trkpt lat="46.54959860994752" lon="9.47342761164485"><ele>2028.3</ele></trkpt><trkpt lat="46.54961761024203" lon="9.4733506119425"><ele>2026.8</ele></trkpt><trkpt lat="46.5496366103397" lon="9.473311612042252"><ele>2026.3</ele></trkpt><trkpt lat="46.54959361057737" lon="9.473218612282292"><ele>2025.1</ele></trkpt><trkpt lat="46.54959361063641" lon="9.473205612341737"><ele>2024.8</ele></trkpt><trkpt lat="46.54959361069544" lon="9.473179612401795"><ele>2024.5</ele></trkpt><trkpt lat="46.5495766107354" lon="9.473166612441759"><ele>2024.3</ele></trkpt><trkpt lat="46.549558610893634" lon="9.473165612598821"><ele>2023.5</ele></trkpt><trkpt lat="46.54950361123057" lon="9.473176612932084"><ele>2021.8</ele></trkpt><trkpt lat="46.5494866113493" lon="9.473162613050535"><ele>2021.2</ele></trkpt><trkpt lat="46.54945961164565" lon="9.473122613346769"><ele>2019.7</ele></trkpt><trkpt lat="46.54943361184344" lon="9.47306961354556"><ele>2018.7</ele></trkpt><trkpt lat="46.5494256118436" lon="9.473042613546891"><ele>2018.7</ele></trkpt><trkpt lat="46.54940961202117" lon="9.472938613728392"><ele>2017.8</ele></trkpt><trkpt lat="46.54939361223809" lon="9.472833613949156"><ele>2016.7</ele></trkpt><trkpt lat="46.54935961235718" lon="9.472714614072663"><ele>2016.1</ele></trkpt><trkpt lat="46.5493246124173" lon="9.47263461413551"><ele>2015.8</ele></trkpt><trkpt lat="46.54931661237804" lon="9.472595614098186"><ele>2016.0</ele></trkpt><trkpt lat="46.54922861283391" lon="9.47246161455613"><ele>2013.7</ele></trkpt><trkpt lat="46.54917661303256" lon="9.472381614756364"><ele>2012.7</ele></trkpt><trkpt lat="46.54915061307273" lon="9.47232861479826"><ele>2012.5</ele></trkpt><trkpt lat="46.54914261309259" lon="9.472275614820417"><ele>2012.4</ele></trkpt><trkpt lat="46.549142613092435" lon="9.472236614822243"><ele>2012.4</ele></trkpt><trkpt lat="46.549153613209974" lon="9.472158614943465"><ele>2011.8</ele></trkpt><trkpt lat="46.549154613209765" lon="9.472106614945899"><ele>2011.8</ele></trkpt><trkpt lat="46.54914561326908" lon="9.472067615006617"><ele>2011.5</ele></trkpt><trkpt lat="46.54915661340611" lon="9.47195061514927"><ele>2010.8</ele></trkpt><trkpt lat="46.54914961348495" lon="9.471871615231453"><ele>2010.4</ele></trkpt><trkpt lat="46.54920661391569" lon="9.471717615669585"><ele>2008.2</ele></trkpt><trkpt lat="46.54926261422833" lon="9.471589615988858"><ele>2006.6</ele></trkpt><trkpt lat="46.54926361426754" lon="9.47154961602993"><ele>2006.4</ele></trkpt><trkpt lat="46.54925461438601" lon="9.471536616148244"><ele>2005.8</ele></trkpt><trkpt lat="46.549236614504785" lon="9.471509616267275"><ele>2005.2</ele></trkpt><trkpt lat="46.549200614624326" lon="9.471521616384623"><ele>2004.6</ele></trkpt><trkpt lat="46.54919161466403" lon="9.471508616424506"><ele>2004.4</ele></trkpt><trkpt lat="46.54918361482172" lon="9.471468616583289"><ele>2003.6</ele></trkpt><trkpt lat="46.54916661509793" lon="9.471415616860371"><ele>2002.2</ele></trkpt><trkpt lat="46.54915061529525" lon="9.471324617060791"><ele>2001.2</ele></trkpt><trkpt lat="46.5491516154525" lon="9.471258617220707"><ele>2000.4</ele></trkpt><trkpt lat="46.549143615570856" lon="9.47120661734082"><ele>1999.8</ele></trkpt><trkpt lat="46.54914461576757" lon="9.471141617539896"><ele>1998.8</ele></trkpt><trkpt lat="46.54912761594522" lon="9.471062617720152"><ele>1997.9</ele></trkpt><trkpt lat="46.549137616062865" lon="9.471010617840129"><ele>1997.3</ele></trkpt><trkpt lat="46.54917561633682" lon="9.470894618119708"><ele>1995.9</ele></trkpt><trkpt lat="46.54918561649385" lon="9.470842618278887"><ele>1995.1</ele></trkpt><trkpt lat="46.54918761669051" lon="9.470764618478542"><ele>1994.1</ele></trkpt><trkpt lat="46.54922561718115" lon="9.470648618973756"><ele>1991.6</ele></trkpt><trkpt lat="46.549262617534026" lon="9.470545619331126"><ele>1989.8</ele></trkpt><trkpt lat="46.54928161769073" lon="9.470507619489576"><ele>1989.0</ele></trkpt><trkpt lat="46.54933661784614" lon="9.470444619648918"><ele>1988.2</ele></trkpt><trkpt lat="46.54934661796385" lon="9.470418619767665"><ele>1987.6</ele></trkpt><trkpt lat="46.54933861818057" lon="9.470339619987023"><ele>1986.5</ele></trkpt><trkpt lat="46.5493666184158" lon="9.470314620223213"><ele>1985.3</ele></trkpt><trkpt lat="46.549384618552985" lon="9.470302620360858"><ele>1984.6</ele></trkpt><trkpt lat="46.54942061886685" lon="9.4703036206742"><ele>1983.0</ele></trkpt><trkpt lat="46.54942061894554" lon="9.470277620753812"><ele>1982.6</ele></trkpt><trkpt lat="46.549421619221135" lon="9.470238621030052"><ele>1981.2</ele></trkpt><trkpt lat="46.5493946193993" lon="9.470211621207927"><ele>1980.3</ele></trkpt><trkpt lat="46.549359619656585" lon="9.470184621464274"><ele>1979.0</ele></trkpt><trkpt lat="46.549341619716316" lon="9.470183621523264"><ele>1978.7</ele></trkpt><trkpt lat="46.549350619794694" lon="9.470157621602805"><ele>1978.3</ele></trkpt><trkpt lat="46.54937862006928" lon="9.470119621878792"><ele>1976.9</ele></trkpt><trkpt lat="46.549397620107904" lon="9.470081621919606"><ele>1976.7</ele></trkpt><trkpt lat="46.5494336201065" lon="9.470043621921091"><ele>1976.7</ele></trkpt><trkpt lat="46.549461620203815" lon="9.470018622020051"><ele>1976.2</ele></trkpt><trkpt lat="46.549524620496925" lon="9.469994622314728"><ele>1974.7</ele></trkpt><trkpt lat="46.54957062077082" lon="9.469944622591125"><ele>1973.3</ele></trkpt><trkpt lat="46.54961562094648" lon="9.469945622767172"><ele>1972.4</ele></trkpt><trkpt lat="46.54963462108363" lon="9.4699206229054"><ele>1971.7</ele></trkpt><trkpt lat="46.54967162121996" lon="9.469869623044687"><ele>1971.0</ele></trkpt><trkpt lat="46.54969862139617" lon="9.469831623222655"><ele>1970.1</ele></trkpt><trkpt lat="46.54972662153294" lon="9.469806623360814"><ele>1969.4</ele></trkpt><trkpt lat="46.54973562161128" lon="9.469767623440946"><ele>1969.0</ele></trkpt><trkpt lat="46.54974562172889" lon="9.46970262356147"><ele>1968.4</ele></trkpt><trkpt lat="46.549773621826276" lon="9.469664623661014"><ele>1967.9</ele></trkpt><trkpt lat="46.54976662198385" lon="9.469586623821455"><ele>1967.1</ele></trkpt><trkpt lat="46.54976762208207" lon="9.469508623923033"><ele>1966.6</ele></trkpt><trkpt lat="46.54976862208187" lon="9.469456623925408"><ele>1966.6</ele></trkpt><trkpt lat="46.549805622178866" lon="9.46939262402608"><ele>1966.1</ele></trkpt><trkpt lat="46.54981562227681" lon="9.469353624125796"><ele>1965.6</ele></trkpt><trkpt lat="46.54979862247419" lon="9.46927462432555"><ele>1964.6</ele></trkpt><trkpt lat="46.54977362243542" lon="9.469195624290151"><ele>1964.8</ele></trkpt><trkpt lat="46.54976462239621" lon="9.46914262425344"><ele>1965.0</ele></trkpt><trkpt lat="46.549774622533604" lon="9.469091624392906"><ele>1964.3</ele></trkpt><trkpt lat="46.54976662265197" lon="9.469064624511807"><ele>1963.7</ele></trkpt><trkpt lat="46.54975762275074" lon="9.469051624610467"><ele>1963.2</ele></trkpt><trkpt lat="46.54973962279074" lon="9.46903762465044"><ele>1963.0</ele></trkpt><trkpt lat="46.54974062279059" lon="9.468985624652815"><ele>1963.0</ele></trkpt><trkpt lat="46.54978862284741" lon="9.46883062471835"><ele>1962.7</ele></trkpt><trkpt lat="46.5498076227087" lon="9.468779624583346"><ele>1963.4</ele></trkpt><trkpt lat="46.54981762270822" lon="9.468740624585056"><ele>1963.4</ele></trkpt><trkpt lat="46.54988262300084" lon="9.468586624885617"><ele>1961.9</ele></trkpt><trkpt lat="46.54990162303954" lon="9.468574624925228"><ele>1961.7</ele></trkpt><trkpt lat="46.54992062325541" lon="9.468522625143057"><ele>1960.6</ele></trkpt><trkpt lat="46.54993162327431" lon="9.46840562516792"><ele>1960.5</ele></trkpt><trkpt lat="46.54995062335219" lon="9.468328625249697"><ele>1960.1</ele></trkpt><trkpt lat="46.54995962345024" lon="9.46830262534881"><ele>1959.6</ele></trkpt><trkpt lat="46.54996962360738" lon="9.468263625507307"><ele>1958.8</ele></trkpt><trkpt lat="46.549979623764514" lon="9.46823762566521"><ele>1958.0</ele></trkpt><trkpt lat="46.54999862401977" lon="9.468186625922183"><ele>1956.7</ele></trkpt><trkpt lat="46.54999862415758" lon="9.468160626060559"><ele>1956.0</ele></trkpt><trkpt lat="46.54999962429527" lon="9.468108626200113"><ele>1955.3</ele></trkpt><trkpt lat="46.55004562462823" lon="9.468031626536453"><ele>1953.6</ele></trkpt><trkpt lat="46.55007362480439" lon="9.467980626714954"><ele>1952.7</ele></trkpt><trkpt lat="46.55011962497987" lon="9.467943626892685"><ele>1951.8</ele></trkpt><trkpt lat="46.55015662511625" lon="9.467879627032513"><ele>1951.1</ele></trkpt><trkpt lat="46.55018462519395" lon="9.467841627112426"><ele>1950.7</ele></trkpt><trkpt lat="46.55020262537042" lon="9.467802627290448"><ele>1949.8</ele></trkpt><trkpt lat="46.5502496257624" lon="9.467700627686696"><ele>1947.8</ele></trkpt><trkpt lat="46.55027662593868" lon="9.467688627863419"><ele>1946.9</ele></trkpt><trkpt lat="46.55029562609554" lon="9.467662628021243"><ele>1946.1</ele></trkpt><trkpt lat="46.5502966263316" lon="9.46757162826053"><ele>1944.9</ele></trkpt><trkpt lat="46.55032462644872" lon="9.467546628379042"><ele>1944.3</ele></trkpt><trkpt lat="46.55034362658582" lon="9.467508628517807"><ele>1943.6</ele></trkpt><trkpt lat="46.55035362670345" lon="9.467430628638848"><ele>1943.0</ele></trkpt><trkpt lat="46.550372626978366" lon="9.467365628916012"><ele>1941.6</ele></trkpt><trkpt lat="46.55040162715431" lon="9.467275629096237"><ele>1940.7</ele></trkpt><trkpt lat="46.55042062737017" lon="9.467223629314017"><ele>1939.6</ele></trkpt><trkpt lat="46.55043862750728" lon="9.467185629452779"><ele>1938.9</ele></trkpt><trkpt lat="46.55044962774307" lon="9.467107629691377"><ele>1937.7</ele></trkpt><trkpt lat="46.550449627802045" lon="9.467068629751926"><ele>1937.4</ele></trkpt><trkpt lat="46.55045962786078" lon="9.46705562981123"><ele>1937.1</ele></trkpt><trkpt lat="46.550487628115704" lon="9.467004630068082"><ele>1935.8</ele></trkpt><trkpt lat="46.5504876282534" lon="9.466952630207597"><ele>1935.1</ele></trkpt><trkpt lat="46.55047962837178" lon="9.46691363032699"><ele>1934.5</ele></trkpt><trkpt lat="46.550471628529614" lon="9.466886630485032"><ele>1933.7</ele></trkpt><trkpt lat="46.550471628647685" lon="9.466847630604367"><ele>1933.1</ele></trkpt><trkpt lat="46.550464628785576" lon="9.46675663074568"><ele>1932.4</ele></trkpt><trkpt lat="46.550474628765315" lon="9.466704630728353"><ele>1932.5</ele></trkpt><trkpt lat="46.550475628942415" lon="9.46663963090763"><ele>1931.6</ele></trkpt><trkpt lat="46.55048562902079" lon="9.466613630987109"><ele>1931.2</ele></trkpt><trkpt lat="46.550521629098185" lon="9.466588631066355"><ele>1930.8</ele></trkpt><trkpt lat="46.550539629196024" lon="9.466563631165329"><ele>1930.3</ele></trkpt><trkpt lat="46.550559629549504" lon="9.466446631523148"><ele>1928.5</ele></trkpt><trkpt lat="46.550597629744885" lon="9.466356631722867"><ele>1927.5</ele></trkpt><trkpt lat="46.55060662980367" lon="9.466344631782121"><ele>1927.2</ele></trkpt><trkpt lat="46.5505986299023" lon="9.466304631881952"><ele>1926.7</ele></trkpt><trkpt lat="46.5506176300394" lon="9.46625363202126"><ele>1926.0</ele></trkpt><trkpt lat="46.550627630176756" lon="9.466201632160681"><ele>1925.3</ele></trkpt><trkpt lat="46.550673630411296" lon="9.466124632398937"><ele>1924.1</ele></trkpt><trkpt lat="46.55067463047024" lon="9.466085632459459"><ele>1923.8</ele></trkpt><trkpt lat="46.550648630490656" lon="9.466006632482783"><ele>1923.7</ele></trkpt><trkpt lat="46.550640630549886" lon="9.465954632543948"><ele>1923.4</ele></trkpt><trkpt lat="46.550632630569766" lon="9.465927632564812"><ele>1923.3</ele></trkpt><trkpt lat="46.55059663086642" lon="9.465887632860765"><ele>1921.8</ele></trkpt><trkpt lat="46.550579630906356" lon="9.465860632901288"><ele>1921.6</ele></trkpt><trkpt lat="46.550579630906356" lon="9.465860632901288"><ele>1921.6</ele></trkpt><trkpt lat="46.5505626309067" lon="9.465781632904942"><ele>1921.6</ele></trkpt><trkpt lat="46.5505626309067" lon="9.465781632904942"><ele>1921.6</ele></trkpt><trkpt lat="46.55055463082813" lon="9.465755632827793"><ele>1922.0</ele></trkpt><trkpt lat="46.55056463061094" lon="9.46571663261394"><ele>1923.1</ele></trkpt><trkpt lat="46.550573630669696" lon="9.465703632673234"><ele>1922.8</ele></trkpt><trkpt lat="46.5506096307669" lon="9.465691632771483"><ele>1922.3</ele></trkpt><trkpt lat="46.55064663106098" lon="9.46565463306677"><ele>1920.8</ele></trkpt><trkpt lat="46.550664631178456" lon="9.465628633185359"><ele>1920.2</ele></trkpt><trkpt lat="46.55067463131583" lon="9.465577633324724"><ele>1919.5</ele></trkpt><trkpt lat="46.550666631375066" lon="9.465524633385924"><ele>1919.2</ele></trkpt><trkpt lat="46.550658631394946" lon="9.465485633407319"><ele>1919.1</ele></trkpt><trkpt lat="46.55064163145446" lon="9.46543263346859"><ele>1918.8</ele></trkpt><trkpt lat="46.55065063147373" lon="9.46539363348986"><ele>1918.7</ele></trkpt><trkpt lat="46.5506426314345" lon="9.465354633452478"><ele>1918.9</ele></trkpt><trkpt lat="46.55064363133589" lon="9.465314633356295"><ele>1919.4</ele></trkpt><trkpt lat="46.55064463133567" lon="9.465262633358613"><ele>1919.4</ele></trkpt><trkpt lat="46.55065363139434" lon="9.465224633419025"><ele>1919.1</ele></trkpt><trkpt lat="46.550663631433316" lon="9.465198633459298"><ele>1918.9</ele></trkpt><trkpt lat="46.550672631432896" lon="9.465159633460976"><ele>1918.9</ele></trkpt><trkpt lat="46.550664631393644" lon="9.465133633423012"><ele>1919.1</ele></trkpt><trkpt lat="46.550665631334404" lon="9.465094633365972"><ele>1919.4</ele></trkpt><trkpt lat="46.55069263139245" lon="9.465055633426294"><ele>1919.1</ele></trkpt><trkpt lat="46.55070263139204" lon="9.465030633427343"><ele>1919.1</ele></trkpt><trkpt lat="46.550702631391886" lon="9.464991633429086"><ele>1919.1</ele></trkpt><trkpt lat="46.55069463145119" lon="9.464951633489706"><ele>1918.8</ele></trkpt><trkpt lat="46.55069563152987" lon="9.464925633569226"><ele>1918.4</ele></trkpt><trkpt lat="46.55068663158923" lon="9.464899633629226"><ele>1918.1</ele></trkpt><trkpt lat="46.55068763164816" lon="9.464860633689737"><ele>1917.8</ele></trkpt><trkpt lat="46.550724631626885" lon="9.4647706336739"><ele>1917.9</ele></trkpt><trkpt lat="46.55074463182294" lon="9.464705633872567"><ele>1916.9</ele></trkpt><trkpt lat="46.55078163203809" lon="9.464615634091816"><ele>1915.8</ele></trkpt><trkpt lat="46.55079163213614" lon="9.464577634191393"><ele>1915.3</ele></trkpt><trkpt lat="46.550793632293406" lon="9.46447263435279"><ele>1914.5</ele></trkpt><trkpt lat="46.550802632391424" lon="9.464434634452374"><ele>1914.0</ele></trkpt><trkpt lat="46.5508306325282" lon="9.464382634591619"><ele>1913.3</ele></trkpt><trkpt lat="46.550859632704245" lon="9.464305634771154"><ele>1912.4</ele></trkpt><trkpt lat="46.55090563295848" lon="9.464216635029457"><ele>1911.1</ele></trkpt><trkpt lat="46.55093463315422" lon="9.464138635228617"><ele>1910.1</ele></trkpt><trkpt lat="46.550953633291215" lon="9.464061635369035"><ele>1909.4</ele></trkpt><trkpt lat="46.55096363340894" lon="9.46400963548881"><ele>1908.8</ele></trkpt><trkpt lat="46.55097463350678" lon="9.463918635590721"><ele>1908.3</ele></trkpt><trkpt lat="46.550985633663615" lon="9.463788635753133"><ele>1907.5</ele></trkpt><trkpt lat="46.55098563370295" lon="9.463762635793465"><ele>1907.3</ele></trkpt><trkpt lat="46.5509966340175" lon="9.463658636111425"><ele>1905.7</ele></trkpt><trkpt lat="46.551017634311755" lon="9.463502636412018"><ele>1904.2</ele></trkpt><trkpt lat="46.55100063437136" lon="9.463450636473214"><ele>1903.9</ele></trkpt><trkpt lat="46.55101063446929" lon="9.46337263657454"><ele>1903.4</ele></trkpt><trkpt lat="46.55101163450844" lon="9.463307636616587"><ele>1903.2</ele></trkpt><trkpt lat="46.55103063450765" lon="9.46326863661818"><ele>1903.2</ele></trkpt><trkpt lat="46.5511236347207" lon="9.463128636839187"><ele>1902.1</ele></trkpt><trkpt lat="46.55116963487652" lon="9.46306563699835"><ele>1901.3</ele></trkpt><trkpt lat="46.551179634954806" lon="9.463013637078925"><ele>1900.9</ele></trkpt><trkpt lat="46.55118963507235" lon="9.46290963720098"><ele>1900.3</ele></trkpt><trkpt lat="46.55119163509175" lon="9.46281863722458"><ele>1900.2</ele></trkpt><trkpt lat="46.55120163513055" lon="9.462740637267133"><ele>1900.0</ele></trkpt><trkpt lat="46.55121263528752" lon="9.462662637427194"><ele>1899.2</ele></trkpt><trkpt lat="46.55125863566002" lon="9.462572637802987"><ele>1897.3</ele></trkpt><trkpt lat="46.55130563611121" lon="9.462470638257635"><ele>1895.0</ele></trkpt><trkpt lat="46.55137063656179" lon="9.46236863871215"><ele>1892.7</ele></trkpt><trkpt lat="46.5514346368943" lon="9.462292639047995"><ele>1891.0</ele></trkpt><trkpt lat="46.55145363711023" lon="9.462254639264975"><ele>1889.9</ele></trkpt><trkpt lat="46.551481637286464" lon="9.462215639442764"><ele>1889.0</ele></trkpt><trkpt lat="46.55157363789371" lon="9.462102640054223"><ele>1885.9</ele></trkpt><trkpt lat="46.5517396391088" lon="9.46186064127793"><ele>1879.7</ele></trkpt><trkpt lat="46.5517676393047" lon="9.46179664147638"><ele>1878.7</ele></trkpt><trkpt lat="46.551805639579015" lon="9.46171964175366"><ele>1877.3</ele></trkpt><trkpt lat="46.55182363967676" lon="9.46166764185373"><ele>1876.8</ele></trkpt><trkpt lat="46.55186263977348" lon="9.46152564195758"><ele>1876.3</ele></trkpt><trkpt lat="46.5519286400663" lon="9.461358642258162"><ele>1874.8</ele></trkpt><trkpt lat="46.55202264025939" lon="9.461127642463422"><ele>1873.8</ele></trkpt><trkpt lat="46.552070640434685" lon="9.460985642645525"><ele>1872.9</ele></trkpt><trkpt lat="46.55214464045135" lon="9.460832642671257"><ele>1872.8</ele></trkpt><trkpt lat="46.55220964042912" lon="9.460730642655665"><ele>1872.9</ele></trkpt><trkpt lat="46.55223664038874" lon="9.460718642616841"><ele>1873.1</ele></trkpt><trkpt lat="46.552246640447486" lon="9.460692642676646"><ele>1872.8</ele></trkpt><trkpt lat="46.55225564054551" lon="9.460653642776194"><ele>1872.3</ele></trkpt><trkpt lat="46.55225564054551" lon="9.460653642776194"><ele>1872.3</ele></trkpt><trkpt lat="46.552256640663636" lon="9.460627642894812"><ele>1871.7</ele></trkpt><trkpt lat="46.552266640742026" lon="9.460588642974768"><ele>1871.3</ele></trkpt><trkpt lat="46.55228564082003" lon="9.460537643055183"><ele>1870.9</ele></trkpt><trkpt lat="46.55230464097679" lon="9.460459643215103"><ele>1870.1</ele></trkpt><trkpt lat="46.55234164107382" lon="9.460382643316105"><ele>1869.6</ele></trkpt><trkpt lat="46.55236964119093" lon="9.46033164343561"><ele>1869.0</ele></trkpt><trkpt lat="46.552388641268976" lon="9.460293643515461"><ele>1868.6</ele></trkpt><trkpt lat="46.55242564152361" lon="9.460203643773669"><ele>1867.3</ele></trkpt><trkpt lat="46.55242664156286" lon="9.46017764381396"><ele>1867.1</ele></trkpt><trkpt lat="46.55243664168066" lon="9.460138643933067"><ele>1866.5</ele></trkpt><trkpt lat="46.552446641719555" lon="9.460073643974983"><ele>1866.3</ele></trkpt><trkpt lat="46.55246464177793" lon="9.460035644035253"><ele>1866.0</ele></trkpt><trkpt lat="46.55253964209022" lon="9.459894644354142"><ele>1864.4</ele></trkpt><trkpt lat="46.552558642168286" lon="9.459856644433975"><ele>1864.0</ele></trkpt><trkpt lat="46.55256764230579" lon="9.459804644573232"><ele>1863.3</ele></trkpt><trkpt lat="46.552578642600686" lon="9.459713644870805"><ele>1861.8</ele></trkpt><trkpt lat="46.55258864269869" lon="9.459635644972012"><ele>1861.3</ele></trkpt><trkpt lat="46.55259864271793" lon="9.45960964499265"><ele>1861.2</ele></trkpt><trkpt lat="46.55263664285418" lon="9.45948064513503"><ele>1860.5</ele></trkpt><trkpt lat="46.55268464304917" lon="9.459339645336595"><ele>1859.5</ele></trkpt><trkpt lat="46.55270364310752" lon="9.459287645397453"><ele>1859.2</ele></trkpt><trkpt lat="46.552749643243665" lon="9.45921164553747"><ele>1858.5</ele></trkpt><trkpt lat="46.552778643380364" lon="9.459120645678256"><ele>1857.8</ele></trkpt><trkpt lat="46.55278864345866" lon="9.459069645758706"><ele>1857.4</ele></trkpt><trkpt lat="46.55279864353693" lon="9.458991645840323"><ele>1857.0</ele></trkpt><trkpt lat="46.552827643673545" lon="9.458887645981667"><ele>1856.3</ele></trkpt><trkpt lat="46.55283764379126" lon="9.458823646101825"><ele>1855.7</ele></trkpt><trkpt lat="46.55283764379126" lon="9.458823646101825"><ele>1855.7</ele></trkpt><trkpt lat="46.55285664384959" lon="9.45877164616268"><ele>1855.4</ele></trkpt><trkpt lat="46.55290264404486" lon="9.458695646361415"><ele>1854.4</ele></trkpt><trkpt lat="46.55291264416261" lon="9.45864364648106"><ele>1853.8</ele></trkpt><trkpt lat="46.55292264431973" lon="9.458578646640413"><ele>1853.0</ele></trkpt><trkpt lat="46.55292464445737" lon="9.458487646781363"><ele>1852.3</ele></trkpt><trkpt lat="46.55294364453542" lon="9.458448646861227"><ele>1851.9</ele></trkpt><trkpt lat="46.55298064469166" lon="9.458384647020344"><ele>1851.1</ele></trkpt><trkpt lat="46.55309864516027" lon="9.45828564749363"><ele>1848.7</ele></trkpt><trkpt lat="46.55312664531686" lon="9.458246647651734"><ele>1847.9</ele></trkpt><trkpt lat="46.55314564543432" lon="9.458195647771259"><ele>1847.3</ele></trkpt><trkpt lat="46.55315564555205" lon="9.45814364789088"><ele>1846.7</ele></trkpt><trkpt lat="46.55320464598328" lon="9.457923648330674"><ele>1844.5</ele></trkpt><trkpt lat="46.553223646159836" lon="9.457859648509473"><ele>1843.6</ele></trkpt><trkpt lat="46.55335364686413" lon="9.457603649224273"><ele>1840.0</ele></trkpt><trkpt lat="46.55337264694219" lon="9.457551649304671"><ele>1839.6</ele></trkpt><trkpt lat="46.55338264698112" lon="9.45749964934598"><ele>1839.4</ele></trkpt><trkpt lat="46.55338464707931" lon="9.457408649447732"><ele>1838.9</ele></trkpt><trkpt lat="46.55341364711749" lon="9.457318649490539"><ele>1838.7</ele></trkpt><trkpt lat="46.553460647095804" lon="9.45718964947616"><ele>1838.8</ele></trkpt><trkpt lat="46.553506647113835" lon="9.457139649497554"><ele>1838.7</ele></trkpt><trkpt lat="46.55360664724809" lon="9.457051649637652"><ele>1838.0</ele></trkpt><trkpt lat="46.55369064779656" lon="9.456872650192794"><ele>1835.2</ele></trkpt><trkpt lat="46.553746648090076" lon="9.456783650489816"><ele>1833.7</ele></trkpt><trkpt lat="46.553819648363294" lon="9.456720650766032"><ele>1832.3</ele></trkpt><trkpt lat="46.553837648421776" lon="9.456708650825139"><ele>1832.0</ele></trkpt><trkpt lat="46.55390264877403" lon="9.45659365118192"><ele>1830.2</ele></trkpt><trkpt lat="46.55394964900876" lon="9.45651665141975"><ele>1829.0</ele></trkpt><trkpt lat="46.55409664967339" lon="9.456339652091753"><ele>1825.6</ele></trkpt><trkpt lat="46.55415164992758" lon="9.456276652348498"><ele>1824.3</ele></trkpt><trkpt lat="46.55417865002522" lon="9.45627765244613"><ele>1823.8</ele></trkpt><trkpt lat="46.55418765008406" lon="9.45627765250479"><ele>1823.5</ele></trkpt><trkpt lat="46.55422365026028" lon="9.45629265268006"><ele>1822.6</ele></trkpt><trkpt lat="46.55425865045628" lon="9.456332652873854"><ele>1821.6</ele></trkpt><trkpt lat="46.55431165063196" lon="9.45636065304846"><ele>1820.7</ele></trkpt><trkpt lat="46.554347650709666" lon="9.456375653125873"><ele>1820.3</ele></trkpt><trkpt lat="46.55436565076823" lon="9.456401653183368"><ele>1820.0</ele></trkpt><trkpt lat="46.55438165096497" lon="9.456467653376192"><ele>1819.0</ele></trkpt><trkpt lat="46.55438165110308" lon="9.456519653511004"><ele>1818.3</ele></trkpt><trkpt lat="46.55437865135974" lon="9.456637653760497"><ele>1817.0</ele></trkpt><trkpt lat="46.554387651438375" lon="9.456676653837079"><ele>1816.6</ele></trkpt><trkpt lat="46.55439565151711" lon="9.456729653913076"><ele>1816.2</ele></trkpt><trkpt lat="46.55440465159567" lon="9.456742653990762"><ele>1815.8</ele></trkpt><trkpt lat="46.55440465159567" lon="9.456742653990762"><ele>1815.8</ele></trkpt><trkpt lat="46.554466651633106" lon="9.456783654027756"><ele>1815.6</ele></trkpt><trkpt lat="46.554466651633106" lon="9.456783654027756"><ele>1815.6</ele></trkpt><trkpt lat="46.55454665176851" lon="9.456812654163008"><ele>1814.9</ele></trkpt><trkpt lat="46.554627652081194" lon="9.456815654475516"><ele>1813.3</ele></trkpt><trkpt lat="46.55467265227677" lon="9.456817654670868"><ele>1812.3</ele></trkpt><trkpt lat="46.554988653764035" lon="9.456764656158592"><ele>1804.7</ele></trkpt><trkpt lat="46.55504365393956" lon="9.456740656335397"><ele>1803.8</ele></trkpt><trkpt lat="46.55508865407599" lon="9.456728656472615"><ele>1803.1</ele></trkpt><trkpt lat="46.55510665413443" lon="9.456703656532264"><ele>1802.8</ele></trkpt><trkpt lat="46.55517165444746" lon="9.456614656848739"><ele>1801.2</ele></trkpt><trkpt lat="46.555217654583764" lon="9.456564656987538"><ele>1800.5</ele></trkpt><trkpt lat="46.55527265477882" lon="9.45648765718613"><ele>1799.5</ele></trkpt><trkpt lat="46.555318654895416" lon="9.456437657305356"><ele>1798.9</ele></trkpt><trkpt lat="46.55534565499305" lon="9.45642565740354"><ele>1798.4</ele></trkpt><trkpt lat="46.555382655090284" lon="9.456387657502752"><ele>1797.9</ele></trkpt><trkpt lat="46.555400655129" lon="9.45636265754282"><ele>1797.7</ele></trkpt><trkpt lat="46.555410655207396" lon="9.45631065762322"><ele>1797.3</ele></trkpt><trkpt lat="46.555438655403364" lon="9.456233657821986"><ele>1796.3</ele></trkpt><trkpt lat="46.55553165575465" lon="9.456067658180606"><ele>1794.5</ele></trkpt><trkpt lat="46.55562565596777" lon="9.455848658404411"><ele>1793.4</ele></trkpt><trkpt lat="46.55565465604541" lon="9.455758658486255"><ele>1793.0</ele></trkpt><trkpt lat="46.55569365602391" lon="9.455577658473972"><ele>1793.1</ele></trkpt><trkpt lat="46.55571365620032" lon="9.455460658654864"><ele>1792.2</ele></trkpt><trkpt lat="46.55571565629845" lon="9.455330658758122"><ele>1791.7</ele></trkpt><trkpt lat="46.555729656632394" lon="9.455069659101602"><ele>1790.0</ele></trkpt><trkpt lat="46.5557146566719" lon="9.454925659146843"><ele>1789.8</ele></trkpt><trkpt lat="46.5556986566721" lon="9.454807659151863"><ele>1789.8</ele></trkpt><trkpt lat="46.5556566566927" lon="9.454623659179376"><ele>1789.7</ele></trkpt><trkpt lat="46.5556566566927" lon="9.454623659179376"><ele>1789.7</ele></trkpt><trkpt lat="46.55565765673201" lon="9.454584659220133"><ele>1789.5</ele></trkpt><trkpt lat="46.555675656751" lon="9.454559659240621"><ele>1789.4</ele></trkpt><trkpt lat="46.55570365676978" lon="9.454534659261043"><ele>1789.3</ele></trkpt><trkpt lat="46.55583965692277" lon="9.45446065941976"><ele>1788.5</ele></trkpt><trkpt lat="46.555903656999405" lon="9.454424659499109"><ele>1788.1</ele></trkpt><trkpt lat="46.556020657113706" lon="9.45437665961773"><ele>1787.5</ele></trkpt><trkpt lat="46.556175657246385" lon="9.454290659757248"><ele>1786.8</ele></trkpt><trkpt lat="46.55632065739904" lon="9.454204659916401"><ele>1786.0</ele></trkpt><trkpt lat="46.556393657455665" lon="9.454168659976112"><ele>1785.7</ele></trkpt><trkpt lat="46.55646665755163" lon="9.454106660076041"><ele>1785.2</ele></trkpt><trkpt lat="46.55653065760857" lon="9.454069660135854"><ele>1784.9</ele></trkpt><trkpt lat="46.55662065768442" lon="9.45403366021502"><ele>1784.5</ele></trkpt><trkpt lat="46.55675665775861" lon="9.45397366029487"><ele>1784.1</ele></trkpt><trkpt lat="46.556820657776214" lon="9.453962660314469"><ele>1784.0</ele></trkpt><trkpt lat="46.55688265779394" lon="9.453965660333495"><ele>1783.9</ele></trkpt><trkpt lat="46.55692765781214" lon="9.453979660352182"><ele>1783.8</ele></trkpt><trkpt lat="46.55696365781104" lon="9.453994660351322"><ele>1783.8</ele></trkpt><trkpt lat="46.557007657849134" lon="9.45402166038904"><ele>1783.6</ele></trkpt><trkpt lat="46.55703465786795" lon="9.454035660407849"><ele>1783.5</ele></trkpt><trkpt lat="46.55707965786654" lon="9.454050660406924"><ele>1783.5</ele></trkpt><trkpt lat="46.55717865790268" lon="9.454054660445234"><ele>1783.3</ele></trkpt><trkpt lat="46.55722365790122" lon="9.454055660444892"><ele>1783.3</ele></trkpt><trkpt lat="46.55726865793911" lon="9.454044660484183"><ele>1783.1</ele></trkpt><trkpt lat="46.55731365795735" lon="9.45402066050445"><ele>1783.0</ele></trkpt><trkpt lat="46.55736865799478" lon="9.453970660545288"><ele>1782.8</ele></trkpt><trkpt lat="46.55742365799287" lon="9.453932660546498"><ele>1782.8</ele></trkpt><trkpt lat="46.55746965797147" lon="9.453869660529234"><ele>1782.9</ele></trkpt><trkpt lat="46.55752565798903" lon="9.453754660553194"><ele>1782.8</ele></trkpt><trkpt lat="46.5576476580632" lon="9.453484660641847"><ele>1782.4</ele></trkpt><trkpt lat="46.557751658413906" lon="9.453214661004548"><ele>1780.6</ele></trkpt><trkpt lat="46.55777065853134" lon="9.453111661126089"><ele>1780.0</ele></trkpt><trkpt lat="46.557782658826234" lon="9.45296766142546"><ele>1778.5</ele></trkpt><trkpt lat="46.55777465890529" lon="9.452928661505394"><ele>1778.1</ele></trkpt><trkpt lat="46.55778465906248" lon="9.452850661665085"><ele>1777.3</ele></trkpt><trkpt lat="46.55777665916113" lon="9.452798661765119"><ele>1776.8</ele></trkpt><trkpt lat="46.55777665916113" lon="9.452798661765119"><ele>1776.8</ele></trkpt><trkpt lat="46.55775965924048" lon="9.452745661845682"><ele>1776.4</ele></trkpt><trkpt lat="46.55775265951642" lon="9.452640662123985"><ele>1775.0</ele></trkpt><trkpt lat="46.55775365961488" lon="9.452601662223419"><ele>1774.5</ele></trkpt><trkpt lat="46.55777165971272" lon="9.452550662323228"><ele>1774.0</ele></trkpt><trkpt lat="46.55779965981034" lon="9.452525662421902"><ele>1773.5</ele></trkpt><trkpt lat="46.557835659907674" lon="9.452500662520519"><ele>1773.0</ele></trkpt><trkpt lat="46.55784465994682" lon="9.452500662559588"><ele>1772.8</ele></trkpt><trkpt lat="46.55792666020032" lon="9.452464662814874"><ele>1771.5</ele></trkpt><trkpt lat="46.5579986604149" lon="9.452467663029493"><ele>1770.4</ele></trkpt><trkpt lat="46.55810566076647" lon="9.452536663378124"><ele>1768.6</ele></trkpt><trkpt lat="46.55816766094205" lon="9.452577663552114"><ele>1767.7</ele></trkpt><trkpt lat="46.55823866117641" lon="9.452619663784702"><ele>1766.5</ele></trkpt><trkpt lat="46.55836266158675" lon="9.452715664190828"><ele>1764.4</ele></trkpt><trkpt lat="46.55839866170394" lon="9.452730664307367"><ele>1763.8</ele></trkpt><trkpt lat="46.55850666199621" lon="9.45274766459945"><ele>1762.3</ele></trkpt><trkpt lat="46.55855066215264" lon="9.452774664754584"><ele>1761.5</ele></trkpt><trkpt lat="46.55860466232846" lon="9.452815664928643"><ele>1760.6</ele></trkpt><trkpt lat="46.55863166244588" lon="9.452816665045821"><ele>1760.0</ele></trkpt><trkpt lat="46.55866766252356" lon="9.452805665124297"><ele>1759.6</ele></trkpt><trkpt lat="46.55869466260152" lon="9.45279366520288"><ele>1759.2</ele></trkpt><trkpt lat="46.558731662718486" lon="9.452742665322113"><ele>1758.6</ele></trkpt><trkpt lat="46.55875866281617" lon="9.452717665420792"><ele>1758.1</ele></trkpt><trkpt lat="46.558795662952896" lon="9.452679665559069"><ele>1757.4</ele></trkpt><trkpt lat="46.558840663069724" lon="9.452668665676615"><ele>1756.8</ele></trkpt><trkpt lat="46.55890366326487" lon="9.452670665871779"><ele>1755.8</ele></trkpt><trkpt lat="46.55898466351868" lon="9.452699666124426"><ele>1754.5</ele></trkpt><trkpt lat="46.559046663694254" lon="9.452741666298401"><ele>1753.6</ele></trkpt><trkpt lat="46.55909966388983" lon="9.452782666492045"><ele>1752.6</ele></trkpt><trkpt lat="46.55919666426169" lon="9.452890666858774"><ele>1750.7</ele></trkpt><trkpt lat="46.55926766447644" lon="9.452945667071306"><ele>1749.6</ele></trkpt><trkpt lat="46.559338664770166" lon="9.453025667361093"><ele>1748.1</ele></trkpt><trkpt lat="46.55937366494665" lon="9.453079667534775"><ele>1747.2</ele></trkpt><trkpt lat="46.55939966506421" lon="9.453106667650912"><ele>1746.6</ele></trkpt><trkpt lat="46.55942766516186" lon="9.453094667749053"><ele>1746.1</ele></trkpt><trkpt lat="46.55944566525979" lon="9.453069667847789"><ele>1745.6</ele></trkpt><trkpt lat="46.55944666535826" lon="9.45301666794777"><ele>1745.1</ele></trkpt><trkpt lat="46.559438665516055" lon="9.452938668107524"><ele>1744.3</ele></trkpt><trkpt lat="46.55941366569412" lon="9.452859668286987"><ele>1743.4</ele></trkpt><trkpt lat="46.55938866591157" lon="9.452753668506684"><ele>1742.3</ele></trkpt><trkpt lat="46.559344666188764" lon="9.452647668785197"><ele>1740.9</ele></trkpt><trkpt lat="46.55929266638741" lon="9.452567668984434"><ele>1739.9</ele></trkpt><trkpt lat="46.55914266698331" lon="9.452379669579994"><ele>1736.9</ele></trkpt><trkpt lat="46.55910866716166" lon="9.452299669759533"><ele>1736.0</ele></trkpt><trkpt lat="46.55909166730002" lon="9.45222066989979"><ele>1735.3</ele></trkpt><trkpt lat="46.55909266745753" lon="9.452142670059454"><ele>1734.5</ele></trkpt><trkpt lat="46.55914066777117" lon="9.452014670377343"><ele>1732.9</ele></trkpt><trkpt lat="46.559150667928385" lon="9.451936670536933"><ele>1732.1</ele></trkpt><trkpt lat="46.559142668046846" lon="9.451883670656507"><ele>1731.5</ele></trkpt><trkpt lat="46.559116668146146" lon="9.451843670756109"><ele>1731.0</ele></trkpt><trkpt lat="46.55906266832526" lon="9.451815670933668"><ele>1730.1</ele></trkpt><trkpt lat="46.55900866848475" lon="9.45181367109061"><ele>1729.3</ele></trkpt><trkpt lat="46.558927668724095" lon="9.451849671324466"><ele>1728.1</ele></trkpt><trkpt lat="46.558827669003485" lon="9.451911671596529"><ele>1726.7</ele></trkpt><trkpt lat="46.55878166916273" lon="9.451922671752902"><ele>1725.9</ele></trkpt><trkpt lat="46.558746669242645" lon="9.451908671831948"><ele>1725.5</ele></trkpt><trkpt lat="46.55871066936203" lon="9.451867671951211"><ele>1724.9</ele></trkpt><trkpt lat="46.55869366946105" lon="9.451827672050745"><ele>1724.4</ele></trkpt><trkpt lat="46.558564670331826" lon="9.451470672926684"><ele>1720.0</ele></trkpt><trkpt lat="46.558521670569554" lon="9.451377673165437"><ele>1718.8</ele></trkpt><trkpt lat="46.55847767074822" lon="9.451298673344947"><ele>1717.9</ele></trkpt><trkpt lat="46.558433670887524" lon="9.45127067348329"><ele>1717.2</ele></trkpt><trkpt lat="46.55838867100721" lon="9.451242673602072"><ele>1716.6</ele></trkpt><trkpt lat="46.55834467114662" lon="9.451227673739895"><ele>1715.9</ele></trkpt><trkpt lat="46.558290671325686" lon="9.451199673917422"><ele>1715.0</ele></trkpt><trkpt lat="46.558175671743136" lon="9.45109167433328"><ele>1712.9</ele></trkpt><trkpt lat="46.558113671981495" lon="9.451023674571136"><ele>1711.7</ele></trkpt><trkpt lat="46.558069672120865" lon="9.45099567470947"><ele>1711.0</ele></trkpt><trkpt lat="46.55803367224026" lon="9.450994674827117"><ele>1710.4</ele></trkpt><trkpt lat="46.55798867237973" lon="9.450992674964418"><ele>1709.7</ele></trkpt><trkpt lat="46.55796167249885" lon="9.45097867508252"><ele>1709.1</ele></trkpt><trkpt lat="46.557953672617266" lon="9.450939675201493"><ele>1708.5</ele></trkpt><trkpt lat="46.55797267275465" lon="9.45088767534037"><ele>1707.8</ele></trkpt><trkpt lat="46.55800867291111" lon="9.450863675497583"><ele>1707.0</ele></trkpt><trkpt lat="46.5581086731839" lon="9.450814675772754"><ele>1705.6</ele></trkpt><trkpt lat="46.55816367333984" lon="9.450790675929845"><ele>1704.8</ele></trkpt><trkpt lat="46.55823467357423" lon="9.450793676164011"><ele>1703.6</ele></trkpt><trkpt lat="46.55833367388675" lon="9.450823676475183"><ele>1702.0</ele></trkpt><trkpt lat="46.55841367414067" lon="9.450852676727832"><ele>1700.7</ele></trkpt><trkpt lat="46.558503674433716" lon="9.450894677019024"><ele>1699.2</ele></trkpt><trkpt lat="46.55857467470769" lon="9.450949677290275"><ele>1697.8</ele></trkpt><trkpt lat="46.55864567488303" lon="9.450991677464225"><ele>1696.9</ele></trkpt><trkpt lat="46.55873467517618" lon="9.451033677755444"><ele>1695.4</ele></trkpt><trkpt lat="46.55878867535194" lon="9.451035677931083"><ele>1694.5</ele></trkpt><trkpt lat="46.55884267548835" lon="9.451037678067602"><ele>1693.8</ele></trkpt><trkpt lat="46.55891467570296" lon="9.45101467828323"><ele>1692.7</ele></trkpt><trkpt lat="46.559033676034296" lon="9.450953678617436"><ele>1691.0</ele></trkpt><trkpt lat="46.559078676170934" lon="9.450942678754524"><ele>1690.3</ele></trkpt><trkpt lat="46.55923967663924" lon="9.450961679222257"><ele>1687.9</ele></trkpt><trkpt lat="46.55929367677556" lon="9.450963679358775"><ele>1687.2</ele></trkpt><trkpt lat="46.55932967687308" lon="9.450964679456325"><ele>1686.7</ele></trkpt><trkpt lat="46.55937467700981" lon="9.450992679591879"><ele>1686.0</ele></trkpt><trkpt lat="46.55944567724437" lon="9.451033679824574"><ele>1684.8</ele></trkpt><trkpt lat="46.55949867749928" lon="9.451101680075901"><ele>1683.5</ele></trkpt><trkpt lat="46.559586677812355" lon="9.451221680383666"><ele>1681.9</ele></trkpt><trkpt lat="46.559648678027536" lon="9.451276680596324"><ele>1680.8</ele></trkpt><trkpt lat="46.55976367839886" lon="9.451358680964107"><ele>1678.9</ele></trkpt><trkpt lat="46.55989767878934" lon="9.451429681351772"><ele>1676.9</ele></trkpt><trkpt lat="46.55999567904281" lon="9.451471681603852"><ele>1675.6</ele></trkpt><trkpt lat="46.560040679140045" lon="9.45148668170081"><ele>1675.1</ele></trkpt><trkpt lat="46.56006667921822" lon="9.451513681777854"><ele>1674.7</ele></trkpt><trkpt lat="46.56009267935561" lon="9.451566681912576"><ele>1674.0</ele></trkpt><trkpt lat="46.56010167943429" lon="9.45159368198973"><ele>1673.6</ele></trkpt><trkpt lat="46.56010067953301" lon="9.45164568208554"><ele>1673.1</ele></trkpt><trkpt lat="46.560098679849055" lon="9.45178868239303"><ele>1671.5</ele></trkpt><trkpt lat="46.56010667990799" lon="9.45181568245063"><ele>1671.2</ele></trkpt><trkpt lat="46.56011567996696" lon="9.451841682508258"><ele>1670.9</ele></trkpt><trkpt lat="46.56011567996696" lon="9.451841682508258"><ele>1670.9</ele></trkpt><trkpt lat="46.56013268002567" lon="9.451855682566306"><ele>1670.6</ele></trkpt><trkpt lat="46.560159680084" lon="9.451869682624288"><ele>1670.3</ele></trkpt><trkpt lat="46.56017768012292" lon="9.45187068266327"><ele>1670.1</ele></trkpt><trkpt lat="46.5602046801418" lon="9.451857682683167"><ele>1670.0</ele></trkpt><trkpt lat="46.5602046801418" lon="9.451857682683167"><ele>1670.0</ele></trkpt><trkpt lat="46.56029668023734" lon="9.45177068278379"><ele>1669.5</ele></trkpt><trkpt lat="46.56036068043239" lon="9.451694682981982"><ele>1668.5</ele></trkpt><trkpt lat="46.560398680490124" lon="9.45159168304443"><ele>1668.2</ele></trkpt><trkpt lat="46.5604446805674" lon="9.45151468312538"><ele>1667.8</ele></trkpt><trkpt lat="46.56049068066446" lon="9.451451683225354"><ele>1667.3</ele></trkpt><trkpt lat="46.56052768074206" lon="9.451400683305357"><ele>1666.9</ele></trkpt><trkpt lat="46.560582680838834" lon="9.45133768340527"><ele>1666.4</ele></trkpt><trkpt lat="46.56062068089665" lon="9.4512736834662"><ele>1666.1</ele></trkpt><trkpt lat="46.560657680994005" lon="9.451209683566265"><ele>1665.6</ele></trkpt><trkpt lat="46.56074068114897" lon="9.451095683726662"><ele>1664.8</ele></trkpt><trkpt lat="46.56077768120684" lon="9.451044683787096"><ele>1664.5</ele></trkpt><trkpt lat="46.56079668128496" lon="9.450966683868245"><ele>1664.1</ele></trkpt><trkpt lat="46.56079668128496" lon="9.450966683868245"><ele>1664.1</ele></trkpt><trkpt lat="46.56083368138227" lon="9.450889683968803"><ele>1663.6</ele></trkpt><trkpt lat="46.56094468157571" lon="9.450750684169112"><ele>1662.6</ele></trkpt><trkpt lat="46.560998681652855" lon="9.450713684248443"><ele>1662.2</ele></trkpt><trkpt lat="46.561080681808036" lon="9.450664684406332"><ele>1661.4</ele></trkpt><trkpt lat="46.561452682171016" lon="9.45050868478171"><ele>1659.5</ele></trkpt><trkpt lat="46.56153368226714" lon="9.450485684879904"><ele>1659.0</ele></trkpt><trkpt lat="46.56165168234234" lon="9.450463684958263"><ele>1658.6</ele></trkpt><trkpt lat="46.56170568236041" lon="9.450439684978416"><ele>1658.5</ele></trkpt><trkpt lat="46.56179668241671" lon="9.450403685037923"><ele>1658.2</ele></trkpt><trkpt lat="46.56188868249254" lon="9.450302685119482"><ele>1657.8</ele></trkpt><trkpt lat="46.56196968268717" lon="9.450253685316483"><ele>1656.8</ele></trkpt><trkpt lat="46.56199768272573" lon="9.450241685355895"><ele>1656.6</ele></trkpt><trkpt lat="46.5620156827448" lon="9.45020368537681"><ele>1656.5</ele></trkpt><trkpt lat="46.56203468274415" lon="9.450164685378189"><ele>1656.5</ele></trkpt><trkpt lat="46.56203468274415" lon="9.450164685378189"><ele>1656.5</ele></trkpt><trkpt lat="46.56205368274334" lon="9.45008768538103"><ele>1656.5</ele></trkpt><trkpt lat="46.562064682782314" lon="9.450009685423087"><ele>1656.3</ele></trkpt><trkpt lat="46.56205668284155" lon="9.44994368548436"><ele>1656.0</ele></trkpt><trkpt lat="46.56204868303889" lon="9.449878685682522"><ele>1655.0</ele></trkpt><trkpt lat="46.56203268327581" lon="9.449773685921391"><ele>1653.8</ele></trkpt><trkpt lat="46.56200668343423" lon="9.449707686080574"><ele>1653.0</ele></trkpt><trkpt lat="46.56198068359271" lon="9.44965468623926"><ele>1652.2</ele></trkpt><trkpt lat="46.561936683810885" lon="9.44960068645677"><ele>1651.1</ele></trkpt><trkpt lat="46.561936683810885" lon="9.44960068645677"><ele>1651.1</ele></trkpt><trkpt lat="46.561874684029604" lon="9.449545686674432"><ele>1650.0</ele></trkpt><trkpt lat="46.56182968416902" lon="9.44953168681217"><ele>1649.3</ele></trkpt><trkpt lat="46.561784684308456" lon="9.449529686949447"><ele>1648.6</ele></trkpt><trkpt lat="46.56172168448797" lon="9.449553687124967"><ele>1647.7</ele></trkpt><trkpt lat="46.56159368498523" lon="9.44965268761099"><ele>1645.2</ele></trkpt><trkpt lat="46.56159368498523" lon="9.44965268761099"><ele>1645.2</ele></trkpt><trkpt lat="46.56152068512567" lon="9.449728687745463"><ele>1644.5</ele></trkpt><trkpt lat="46.56145668520666" lon="9.4497916878217"><ele>1644.1</ele></trkpt><trkpt lat="46.56140068526776" lon="9.44986768787783"><ele>1643.8</ele></trkpt><trkpt lat="46.561355685308605" lon="9.449904687915813"><ele>1643.6</ele></trkpt><trkpt lat="46.56130968536929" lon="9.449916687974326"><ele>1643.3</ele></trkpt><trkpt lat="46.56125668541031" lon="9.449914688013855"><ele>1643.1</ele></trkpt><trkpt lat="46.561211685451" lon="9.44987368805482"><ele>1642.9</ele></trkpt><trkpt lat="46.56116768549165" lon="9.449819688096278"><ele>1642.7</ele></trkpt><trkpt lat="46.56112368553234" lon="9.449791688136735"><ele>1642.5</ele></trkpt><trkpt lat="46.56103368565337" lon="9.449762688255765"><ele>1641.9</ele></trkpt><trkpt lat="46.56089168583498" lon="9.449691688435394"><ele>1641.0</ele></trkpt><trkpt lat="46.560757686036055" lon="9.44962168863449"><ele>1640.0</ele></trkpt><trkpt lat="46.560721686096315" lon="9.449607688693927"><ele>1639.7</ele></trkpt><trkpt lat="46.560676686176585" lon="9.44961868877203"><ele>1639.3</ele></trkpt><trkpt lat="46.560648686236654" lon="9.449643688829928"><ele>1639.0</ele></trkpt><trkpt lat="46.560621686336134" lon="9.44966868892695"><ele>1638.5</ele></trkpt><trkpt lat="46.560546686693954" lon="9.449861689272169"><ele>1636.7</ele></trkpt><trkpt lat="46.56051768685273" lon="9.449925689426395"><ele>1635.9</ele></trkpt><trkpt lat="46.560480686992115" lon="9.449989689561127"><ele>1635.2</ele></trkpt><trkpt lat="46.56043468715137" lon="9.450040689715962"><ele>1634.4</ele></trkpt><trkpt lat="46.56039868727086" lon="9.450064689832642"><ele>1633.8</ele></trkpt><trkpt lat="46.56035368739057" lon="9.450076689949833"><ele>1633.2</ele></trkpt><trkpt lat="46.560263687629906" lon="9.450072690185275"><ele>1632.0</ele></trkpt><trkpt lat="46.560263687629906" lon="9.450072690185275"><ele>1632.0</ele></trkpt><trkpt lat="46.56014668790961" lon="9.450081690459513"><ele>1630.6</ele></trkpt><trkpt lat="46.56014668790961" lon="9.450081690459513"><ele>1630.6</ele></trkpt><trkpt lat="46.56013768792957" lon="9.450068690479618"><ele>1630.5</ele></trkpt><trkpt lat="46.56011968798916" lon="9.450041690539434"><ele>1630.2</ele></trkpt><trkpt lat="46.56010268806847" lon="9.450001690619295"><ele>1629.8</ele></trkpt><trkpt lat="46.56008568820689" lon="9.449948690758335"><ele>1629.1</ele></trkpt><trkpt lat="46.560059688365335" lon="9.449895690916987"><ele>1628.3</ele></trkpt><trkpt lat="46.560015688544055" lon="9.44985469109485"><ele>1627.4</ele></trkpt><trkpt lat="46.5599446888418" lon="9.449774691391715"><ele>1625.9</ele></trkpt><trkpt lat="46.55985668921888" lon="9.449653691768464"><ele>1624.0</ele></trkpt><trkpt lat="46.55969868983437" lon="9.449425692384368"><ele>1620.9</ele></trkpt><trkpt lat="46.55956769035062" lon="9.449238692900744"><ele>1618.3</ele></trkpt><trkpt lat="46.55947069072793" lon="9.449117693277497"><ele>1616.4</ele></trkpt><trkpt lat="46.559364691164625" lon="9.448995693713009"><ele>1614.2</ele></trkpt><trkpt lat="46.559275691443226" lon="9.448940693989428"><ele>1612.8</ele></trkpt><trkpt lat="46.55920469164249" lon="9.448911694186528"><ele>1611.8</ele></trkpt><trkpt lat="46.55910569188204" lon="9.448894694422465"><ele>1610.6</ele></trkpt><trkpt lat="46.55900669220039" lon="9.448865694737076"><ele>1609.0</ele></trkpt><trkpt lat="46.558935692379954" lon="9.448849694914125"><ele>1608.1</ele></trkpt><trkpt lat="46.55889969251902" lon="9.448835695051775"><ele>1607.4</ele></trkpt><trkpt lat="46.55884669265856" lon="9.448793695190567"><ele>1606.7</ele></trkpt><trkpt lat="46.55880169279784" lon="9.448766695328752"><ele>1606.0</ele></trkpt><trkpt lat="46.55877469285779" lon="9.44875269538811"><ele>1605.7</ele></trkpt><trkpt lat="46.55865869319634" lon="9.448721695722446"><ele>1604.0</ele></trkpt><trkpt lat="46.5585686934159" lon="9.448718695938236"><ele>1602.9</ele></trkpt><trkpt lat="46.55841569387404" lon="9.44873869638824"><ele>1600.6</ele></trkpt><trkpt lat="46.55831569421224" lon="9.448761696720473"><ele>1598.9</ele></trkpt><trkpt lat="46.55823469443157" lon="9.448758696936206"><ele>1597.8</ele></trkpt><trkpt lat="46.55813669473022" lon="9.44875469723031"><ele>1596.3</ele></trkpt><trkpt lat="46.5580466950089" lon="9.44875169750477"><ele>1594.9</ele></trkpt><trkpt lat="46.557956695287615" lon="9.448747697779265"><ele>1593.5</ele></trkpt><trkpt lat="46.557893695486705" lon="9.448758697974814"><ele>1592.5</ele></trkpt><trkpt lat="46.55777569582542" lon="9.44878069830719"><ele>1590.8</ele></trkpt><trkpt lat="46.55756769644298" lon="9.448863698911664"><ele>1587.7</ele></trkpt><trkpt lat="46.55750469664199" lon="9.448874699107208"><ele>1586.7</ele></trkpt><trkpt lat="46.55743169690047" lon="9.44888469936153"><ele>1585.4</ele></trkpt><trkpt lat="46.5573606970997" lon="9.448869699558083"><ele>1584.4</ele></trkpt><trkpt lat="46.557297697278976" lon="9.44886669973459"><ele>1583.5</ele></trkpt><trkpt lat="46.557234697517465" lon="9.448877699969252"><ele>1582.3</ele></trkpt><trkpt lat="46.557080697995275" lon="9.448924700437832"><ele>1579.9</ele></trkpt><trkpt lat="46.55702669813485" lon="9.448922700575134"><ele>1579.2</ele></trkpt><trkpt lat="46.556972698254704" lon="9.448920700692875"><ele>1578.6</ele></trkpt><trkpt lat="46.55692769835454" lon="9.448892700791955"><ele>1578.1</ele></trkpt><trkpt lat="46.55689269845408" lon="9.448864700890972"><ele>1577.6</ele></trkpt><trkpt lat="46.556857698573225" lon="9.44881170101047"><ele>1577.0</ele></trkpt><trkpt lat="46.55681269869277" lon="9.44877070112958"><ele>1576.4</ele></trkpt><trkpt lat="46.55670669895196" lon="9.448688701387447"><ele>1575.1</ele></trkpt><trkpt lat="46.556653699091406" lon="9.448647701526163"><ele>1574.4</ele></trkpt><trkpt lat="46.55659169925073" lon="9.448566701685941"><ele>1573.6</ele></trkpt><trkpt lat="46.55652169954828" lon="9.448459701983607"><ele>1572.1</ele></trkpt><trkpt lat="46.55642469982678" lon="9.448325702262855"><ele>1570.7</ele></trkpt><trkpt lat="46.556381699965826" lon="9.448245702402913"><ele>1570.0</ele></trkpt><trkpt lat="46.556391700044294" lon="9.448194702482937"><ele>1569.6</ele></trkpt><trkpt lat="46.556391700044294" lon="9.448194702482937"><ele>1569.6</ele></trkpt><trkpt lat="46.5562646995354" lon="9.448215701974473"><ele>1572.2</ele></trkpt><trkpt lat="46.556156699025976" lon="9.448250701465387"><ele>1574.8</ele></trkpt><trkpt lat="46.55607469885097" lon="9.448273701289029"><ele>1575.7</ele></trkpt><trkpt lat="46.556056698871274" lon="9.448285701308253"><ele>1575.6</ele></trkpt><trkpt lat="46.556056698871274" lon="9.448285701308253"><ele>1575.6</ele></trkpt><trkpt lat="46.5559936988928" lon="9.44829670132778"><ele>1575.5</ele></trkpt><trkpt lat="46.55587669901448" lon="9.448292701445958"><ele>1574.9</ele></trkpt><trkpt lat="46.555822699094854" lon="9.44827770152505"><ele>1574.5</ele></trkpt><trkpt lat="46.55570669939386" lon="9.448233701820683"><ele>1573.0</ele></trkpt><trkpt lat="46.55559069967316" lon="9.44820370209624"><ele>1571.6</ele></trkpt><trkpt lat="46.55550070001086" lon="9.4481877024298"><ele>1569.9</ele></trkpt><trkpt lat="46.55545570018962" lon="9.44818570260614"><ele>1569.0</ele></trkpt><trkpt lat="46.55541970036812" lon="9.448210702781443"><ele>1568.1</ele></trkpt><trkpt lat="46.555191701341" lon="9.448358703735643"><ele>1563.2</ele></trkpt><trkpt lat="46.555164701578384" lon="9.448370703970038"><ele>1562.0</ele></trkpt><trkpt lat="46.55512870179628" lon="9.448368704185437"><ele>1560.9</ele></trkpt><trkpt lat="46.555047702291354" lon="9.44833970467586"><ele>1558.4</ele></trkpt><trkpt lat="46.55502170241036" lon="9.448325704793852"><ele>1557.8</ele></trkpt><trkpt lat="46.55499470264761" lon="9.448285705030122"><ele>1556.6</ele></trkpt><trkpt lat="46.554986702785754" lon="9.448259705167997"><ele>1555.9</ele></trkpt><trkpt lat="46.554961703141046" lon="9.448153705523962"><ele>1554.1</ele></trkpt><trkpt lat="46.554952703259524" lon="9.44811470564275"><ele>1553.5</ele></trkpt><trkpt lat="46.554954703436636" lon="9.448023705822013"><ele>1552.6</ele></trkpt><trkpt lat="46.55496570375155" lon="9.447919706138565"><ele>1551.0</ele></trkpt><trkpt lat="46.55498470402679" lon="9.447841706415021"><ele>1549.6</ele></trkpt><trkpt lat="46.55501270416391" lon="9.447790706553572"><ele>1548.9</ele></trkpt><trkpt lat="46.55505870435957" lon="9.447727706751108"><ele>1547.9</ele></trkpt><trkpt lat="46.555086704476935" lon="9.447675706870136"><ele>1547.3</ele></trkpt><trkpt lat="46.55510570473247" lon="9.447598707126993"><ele>1546.0</ele></trkpt><trkpt lat="46.555126704987885" lon="9.447481707385261"><ele>1544.7</ele></trkpt><trkpt lat="46.55513670524365" lon="9.447377707643122"><ele>1543.4</ele></trkpt><trkpt lat="46.555138705381324" lon="9.447273707783705"><ele>1542.7</ele></trkpt><trkpt lat="46.555131705499626" lon="9.447195707903854"><ele>1542.1</ele></trkpt><trkpt lat="46.55509770557918" lon="9.447076707986515"><ele>1541.7</ele></trkpt><trkpt lat="46.55508970563839" lon="9.447010708047577"><ele>1541.4</ele></trkpt><trkpt lat="46.555081705638436" lon="9.446919708050876"><ele>1541.4</ele></trkpt><trkpt lat="46.55508470569711" lon="9.446762708115125"><ele>1541.1</ele></trkpt><trkpt lat="46.55509570569658" lon="9.44667170811831"><ele>1541.1</ele></trkpt><trkpt lat="46.55507870563776" lon="9.446606708062077"><ele>1541.4</ele></trkpt><trkpt lat="46.55506070565793" lon="9.446579708082698"><ele>1541.3</ele></trkpt><trkpt lat="46.55503470565852" lon="9.446539708084277"><ele>1541.3</ele></trkpt><trkpt lat="46.554999705659505" lon="9.446511708085483"><ele>1541.3</ele></trkpt><trkpt lat="46.55498170575854" lon="9.446498708183809"><ele>1540.8</ele></trkpt><trkpt lat="46.55495470575925" lon="9.446497708183998"><ele>1540.8</ele></trkpt><trkpt lat="46.5549007058988" lon="9.446495708321246"><ele>1540.1</ele></trkpt><trkpt lat="46.554864706097" lon="9.446519708516112"><ele>1539.1</ele></trkpt><trkpt lat="46.554819706216605" lon="9.44651870863372"><ele>1538.5</ele></trkpt><trkpt lat="46.55473870661311" lon="9.446502709025788"><ele>1536.5</ele></trkpt><trkpt lat="46.554622707128836" lon="9.446458709536362"><ele>1533.9</ele></trkpt><trkpt lat="46.554533707387485" lon="9.446403709792996"><ele>1532.6</ele></trkpt><trkpt lat="46.554488707507" lon="9.446388709911098"><ele>1532.0</ele></trkpt><trkpt lat="46.554443707587104" lon="9.446399709989173"><ele>1531.6</ele></trkpt><trkpt lat="46.55439770764767" lon="9.446424710047204"><ele>1531.3</ele></trkpt><trkpt lat="46.554388707707105" lon="9.446463710104528"><ele>1531.0</ele></trkpt><trkpt lat="46.554349707945086" lon="9.44659271033479"><ele>1529.8</ele></trkpt><trkpt lat="46.55434870814239" lon="9.44665771052801"><ele>1528.8</ele></trkpt><trkpt lat="46.554348708221305" lon="9.446696710604837"><ele>1528.4</ele></trkpt><trkpt lat="46.554373708477144" lon="9.44680171085515"><ele>1527.1</ele></trkpt><trkpt lat="46.55440670877226" lon="9.446972711142195"><ele>1525.6</ele></trkpt><trkpt lat="46.554422708909996" lon="9.447038711276639"><ele>1524.9</ele></trkpt><trkpt lat="46.55444770920528" lon="9.447169711565158"><ele>1523.4</ele></trkpt><trkpt lat="46.55443770926481" lon="9.447221711622042"><ele>1523.1</ele></trkpt><trkpt lat="46.55442870932427" lon="9.447247711679834"><ele>1522.8</ele></trkpt><trkpt lat="46.55440970936428" lon="9.447272711718167"><ele>1522.6</ele></trkpt><trkpt lat="46.55436470938528" lon="9.447283711737592"><ele>1522.5</ele></trkpt><trkpt lat="46.55436470938528" lon="9.447283711737592"><ele>1522.5</ele></trkpt><trkpt lat="46.554274709387826" lon="9.447306711737301"><ele>1522.5</ele></trkpt><trkpt lat="46.554274709387826" lon="9.447306711737301"><ele>1522.5</ele></trkpt><trkpt lat="46.55424770938862" lon="9.44731871173703"><ele>1522.5</ele></trkpt><trkpt lat="46.55421170933052" lon="9.447304711679072"><ele>1522.8</ele></trkpt><trkpt lat="46.554113709175404" lon="9.447261711524728"><ele>1523.6</ele></trkpt><trkpt lat="46.55402370907929" lon="9.447219711428964"><ele>1524.1</ele></trkpt><trkpt lat="46.55392670904242" lon="9.447150711392853"><ele>1524.3</ele></trkpt><trkpt lat="46.55385570892598" lon="9.44706971127881"><ele>1524.9</ele></trkpt><trkpt lat="46.55381170894678" lon="9.447015711300525"><ele>1524.8</ele></trkpt><trkpt lat="46.55381170894678" lon="9.447015711300525"><ele>1524.8</ele></trkpt><trkpt lat="46.55381170896645" lon="9.447002711320538"><ele>1524.7</ele></trkpt><trkpt lat="46.553644709660496" lon="9.446774712013864"><ele>1521.2</ele></trkpt><trkpt lat="46.553565710017246" lon="9.44665471237047"><ele>1519.4</ele></trkpt><trkpt lat="46.55350571033401" lon="9.446534712687859"><ele>1517.8</ele></trkpt><trkpt lat="46.55343571067081" lon="9.446414713024843"><ele>1516.1</ele></trkpt><trkpt lat="46.553391710829594" lon="9.446347713183856"><ele>1515.3</ele></trkpt><trkpt lat="46.55337471096791" lon="9.446294713322663"><ele>1514.6</ele></trkpt><trkpt lat="46.5533487111458" lon="9.446202713501998"><ele>1513.7</ele></trkpt><trkpt lat="46.55332371130405" lon="9.44613671366086"><ele>1512.9</ele></trkpt><trkpt lat="46.5532707115025" lon="9.44606971385901"><ele>1511.9</ele></trkpt><trkpt lat="46.55320871176035" lon="9.446014714115433"><ele>1510.6</ele></trkpt><trkpt lat="46.55312771197932" lon="9.445985714331963"><ele>1509.5</ele></trkpt><trkpt lat="46.55303771227748" lon="9.445982714625826"><ele>1508.0</ele></trkpt><trkpt lat="46.55300171235731" lon="9.445981714704265"><ele>1507.6</ele></trkpt><trkpt lat="46.55297571243682" lon="9.445967714783103"><ele>1507.2</ele></trkpt><trkpt lat="46.55293071257597" lon="9.445939714921181"><ele>1506.5</ele></trkpt><trkpt lat="46.552833712913554" lon="9.44583171525784"><ele>1504.8</ele></trkpt><trkpt lat="46.55272771329072" lon="9.445736715633183"><ele>1502.9</ele></trkpt><trkpt lat="46.55266471346976" lon="9.44569471581095"><ele>1502.0</ele></trkpt><trkpt lat="46.552494714006514" lon="9.445649716341297"><ele>1499.3</ele></trkpt><trkpt lat="46.55242371420546" lon="9.445620716538192"><ele>1498.3</ele></trkpt><trkpt lat="46.55236171438445" lon="9.445566716716353"><ele>1497.4</ele></trkpt><trkpt lat="46.552334714463974" lon="9.445539716795638"><ele>1497.0</ele></trkpt><trkpt lat="46.55230871456316" lon="9.445498716894951"><ele>1496.5</ele></trkpt><trkpt lat="46.55229171464236" lon="9.445459716974588"><ele>1496.1</ele></trkpt><trkpt lat="46.55228271472131" lon="9.445419717054218"><ele>1495.7</ele></trkpt><trkpt lat="46.55227571491834" lon="9.445302717253785"><ele>1494.7</ele></trkpt><trkpt lat="46.5522777151349" lon="9.445197717472437"><ele>1493.6</ele></trkpt><trkpt lat="46.552252715391546" lon="9.44507971773078"><ele>1492.3</ele></trkpt><trkpt lat="46.55222071576651" lon="9.44489571810871"><ele>1490.4</ele></trkpt><trkpt lat="46.55218571594464" lon="9.444816718287552"><ele>1489.5</ele></trkpt><trkpt lat="46.55214271622155" lon="9.444723718564656"><ele>1488.1</ele></trkpt><trkpt lat="46.55206371657824" lon="9.4446027189211"><ele>1486.3</ele></trkpt><trkpt lat="46.552001716776836" lon="9.44452271911966"><ele>1485.3</ele></trkpt><trkpt lat="46.55196671691565" lon="9.44449471925764"><ele>1484.6</ele></trkpt><trkpt lat="46.55179671747196" lon="9.444410719808763"><ele>1481.8</ele></trkpt><trkpt lat="46.5515917180686" lon="9.444311720399671"><ele>1478.8</ele></trkpt><trkpt lat="46.5515917180686" lon="9.444311720399671"><ele>1478.8</ele></trkpt><trkpt lat="46.551565718187476" lon="9.44427172051846"><ele>1478.2</ele></trkpt><trkpt lat="46.551538718326086" lon="9.444257720655903"><ele>1477.5</ele></trkpt><trkpt lat="46.551485718504836" lon="9.444229720833066"><ele>1476.6</ele></trkpt><trkpt lat="46.55144971866339" lon="9.44418872099103"><ele>1475.8</ele></trkpt><trkpt lat="46.551353719079565" lon="9.44405472140658"><ele>1473.7</ele></trkpt><trkpt lat="46.55122871957546" lon="9.443958721899168"><ele>1471.2</ele></trkpt><trkpt lat="46.551193719714234" lon="9.443918722037536"><ele>1470.5</ele></trkpt><trkpt lat="46.55115871987276" lon="9.443878722195446"><ele>1469.7</ele></trkpt><trkpt lat="46.55113171997196" lon="9.44385072229427"><ele>1469.2</ele></trkpt><trkpt lat="46.551078720131024" lon="9.443822722451873"><ele>1468.4</ele></trkpt><trkpt lat="46.55096272060696" lon="9.443753722923917"><ele>1466.0</ele></trkpt><trkpt lat="46.55093672070614" lon="9.443726723022694"><ele>1465.5</ele></trkpt><trkpt lat="46.55091872076563" lon="9.443686723082783"><ele>1465.2</ele></trkpt><trkpt lat="46.55091872076563" lon="9.443686723082783"><ele>1465.2</ele></trkpt><trkpt lat="46.550919720765464" lon="9.443621723084977"><ele>1465.2</ele></trkpt><trkpt lat="46.550919720765464" lon="9.443621723084977"><ele>1465.2</ele></trkpt><trkpt lat="46.550920720922996" lon="9.443569723243085"><ele>1464.4</ele></trkpt><trkpt lat="46.55094972125696" lon="9.443452723579124"><ele>1462.7</ele></trkpt><trkpt lat="46.55098972178759" lon="9.44324572411357"><ele>1460.0</ele></trkpt><trkpt lat="46.55103772221944" lon="9.443064724549348"><ele>1457.8</ele></trkpt><trkpt lat="46.551047722356984" lon="9.443000724688252"><ele>1457.1</ele></trkpt><trkpt lat="46.55112272274884" lon="9.442872725082989"><ele>1455.1</ele></trkpt><trkpt lat="46.55114172292552" lon="9.442807725260947"><ele>1454.2</ele></trkpt><trkpt lat="46.551160723122" lon="9.44273072545885"><ele>1453.2</ele></trkpt><trkpt lat="46.55116172324009" lon="9.442678725577844"><ele>1452.6</ele></trkpt><trkpt lat="46.55111872363513" lon="9.442559725972902"><ele>1450.6</ele></trkpt><trkpt lat="46.55111072375349" lon="9.44250672609198"><ele>1450.0</ele></trkpt><trkpt lat="46.5511117238716" lon="9.442454726210963"><ele>1449.4</ele></trkpt><trkpt lat="46.55118672424372" lon="9.442300726586987"><ele>1447.5</ele></trkpt><trkpt lat="46.551196724420706" lon="9.442235726764974"><ele>1446.6</ele></trkpt><trkpt lat="46.55122572481377" lon="9.44209372716037"><ele>1444.6</ele></trkpt><trkpt lat="46.55125572514767" lon="9.44193872749757"><ele>1442.9</ele></trkpt><trkpt lat="46.55127472534409" lon="9.441860727695463"><ele>1441.9</ele></trkpt><trkpt lat="46.55130272544177" lon="9.441809727794706"><ele>1441.4</ele></trkpt><trkpt lat="46.55134872561783" lon="9.441758727972015"><ele>1440.5</ele></trkpt><trkpt lat="46.551385725735045" lon="9.441734728089846"><ele>1439.9</ele></trkpt><trkpt lat="46.5514307258915" lon="9.441722728246317"><ele>1439.1</ele></trkpt><trkpt lat="46.55149372610667" lon="9.44172572846081"><ele>1438.0</ele></trkpt><trkpt lat="46.551600726498044" lon="9.441755728850017"><ele>1436.0</ele></trkpt><trkpt lat="46.55167272673272" lon="9.44178472908314"><ele>1434.8</ele></trkpt><trkpt lat="46.551876727575156" lon="9.441908729918143"><ele>1430.5</ele></trkpt><trkpt lat="46.55193072783" lon="9.441937730170913"><ele>1429.2</ele></trkpt><trkpt lat="46.55198472794688" lon="9.441952730287364"><ele>1428.6</ele></trkpt><trkpt lat="46.55201172804466" lon="9.441940730385316"><ele>1428.1</ele></trkpt><trkpt lat="46.55204772816193" lon="9.441915730503196"><ele>1427.5</ele></trkpt><trkpt lat="46.55207572827939" lon="9.441864730621964"><ele>1426.9</ele></trkpt><trkpt lat="46.552094728397044" lon="9.44182573074039"><ele>1426.3</ele></trkpt><trkpt lat="46.55210472861339" lon="9.441734730958267"><ele>1425.2</ele></trkpt><trkpt lat="46.55209772881053" lon="9.441656731156275"><ele>1424.2</ele></trkpt><trkpt lat="46.552081729145776" lon="9.44155173149199"><ele>1422.5</ele></trkpt><trkpt lat="46.55208272934274" lon="9.441486731689515"><ele>1421.5</ele></trkpt><trkpt lat="46.55218673028544" lon="9.441163732637426"><ele>1416.7</ele></trkpt><trkpt lat="46.55220673058036" lon="9.441060732933764"><ele>1415.2</ele></trkpt><trkpt lat="46.55220773073786" lon="9.44099573309219"><ele>1414.4</ele></trkpt><trkpt lat="46.552195731447156" lon="9.440707733805018"><ele>1410.8</ele></trkpt><trkpt lat="46.5521977317228" lon="9.440590734082347"><ele>1409.4</ele></trkpt><trkpt lat="46.552216731938955" lon="9.440512734299695"><ele>1408.3</ele></trkpt><trkpt lat="46.552235732115754" lon="9.440461734477088"><ele>1407.4</ele></trkpt><trkpt lat="46.55227173229215" lon="9.440436734653538"><ele>1406.5</ele></trkpt><trkpt lat="46.55229873244912" lon="9.440424734810083"><ele>1405.7</ele></trkpt><trkpt lat="46.55232573256672" lon="9.440438734926708"><ele>1405.1</ele></trkpt><trkpt lat="46.5523437327043" lon="9.440465735062489"><ele>1404.4</ele></trkpt><trkpt lat="46.55237673311768" lon="9.44061073546789"><ele>1402.3</ele></trkpt><trkpt lat="46.55240273329454" lon="9.440676735641453"><ele>1401.4</ele></trkpt><trkpt lat="46.55241973345189" lon="9.440729735795944"><ele>1400.6</ele></trkpt><trkpt lat="46.55250773396246" lon="9.440875736298741"><ele>1398.0</ele></trkpt><trkpt lat="46.55258573433522" lon="9.440996736665644"><ele>1396.1</ele></trkpt><trkpt lat="46.552672734806485" lon="9.441207737127314"><ele>1393.7</ele></trkpt><trkpt lat="46.55272473500248" lon="9.44131473731898"><ele>1392.7</ele></trkpt><trkpt lat="46.552812735276376" lon="9.44139573758946"><ele>1391.3</ele></trkpt><trkpt lat="46.55289273547155" lon="9.441450737782665"><ele>1390.3</ele></trkpt><trkpt lat="46.5529467356673" lon="9.441452737977713"><ele>1389.3</ele></trkpt><trkpt lat="46.55309173599861" lon="9.441419738310183"><ele>1387.6</ele></trkpt><trkpt lat="46.55314573605645" lon="9.441434738368038"><ele>1387.3</ele></trkpt><trkpt lat="46.55317173611498" lon="9.441474738425232"><ele>1387.0</ele></trkpt><trkpt lat="46.55329273672351" lon="9.441726739022274"><ele>1383.9</ele></trkpt><trkpt lat="46.55333673691963" lon="9.441780739215726"><ele>1382.9</ele></trkpt><trkpt lat="46.55337273711586" lon="9.441794739410495"><ele>1381.9</ele></trkpt><trkpt lat="46.553417737311825" lon="9.441783739606015"><ele>1380.9</ele></trkpt><trkpt lat="46.55344573750811" lon="9.441732739802902"><ele>1379.9</ele></trkpt><trkpt lat="46.55345573764581" lon="9.44168073994129"><ele>1379.2</ele></trkpt><trkpt lat="46.55343973798108" lon="9.441575740276903"><ele>1377.5</ele></trkpt><trkpt lat="46.55343273825703" lon="9.441457740554256"><ele>1376.1</ele></trkpt><trkpt lat="46.55344273843407" lon="9.441393740732092"><ele>1375.2</ele></trkpt><trkpt lat="46.55348073876803" lon="9.44130374106693"><ele>1373.5</ele></trkpt><trkpt lat="46.55351773898385" lon="9.441252741283288"><ele>1372.4</ele></trkpt><trkpt lat="46.55353673916063" lon="9.441187741461105"><ele>1371.5</ele></trkpt><trkpt lat="46.553528739298706" lon="9.441135741599567"><ele>1370.8</ele></trkpt><trkpt lat="46.5534937396346" lon="9.441068741934039"><ele>1369.1</ele></trkpt><trkpt lat="46.55343173983316" lon="9.441001742131865"><ele>1368.1</ele></trkpt><trkpt lat="46.55338774001158" lon="9.440960742309239"><ele>1367.2</ele></trkpt><trkpt lat="46.55336174016981" lon="9.440894742467767"><ele>1366.4</ele></trkpt><trkpt lat="46.55335374032757" lon="9.4408287426262"><ele>1365.6</ele></trkpt><trkpt lat="46.55335474044573" lon="9.440789742744652"><ele>1365.0</ele></trkpt><trkpt lat="46.553373740622554" lon="9.440725742922416"><ele>1364.1</ele></trkpt><trkpt lat="46.55347674142779" lon="9.440520743729392"><ele>1360.0</ele></trkpt><trkpt lat="46.553513741702695" lon="9.440430744005559"><ele>1358.6</ele></trkpt><trkpt lat="46.55353374182028" lon="9.440339744125536"><ele>1358.0</ele></trkpt><trkpt lat="46.55354374209583" lon="9.440248744401854"><ele>1356.6</ele></trkpt><trkpt lat="46.55355374217437" lon="9.440210744481146"><ele>1356.2</ele></trkpt><trkpt lat="46.55358074229189" lon="9.440185744599008"><ele>1355.6</ele></trkpt><trkpt lat="46.55360774240951" lon="9.440186744716065"><ele>1355.0</ele></trkpt><trkpt lat="46.55363474252713" lon="9.440187744833112"><ele>1354.4</ele></trkpt><trkpt lat="46.55365274258584" lon="9.440213744890817"><ele>1354.1</ele></trkpt><trkpt lat="46.553669742841876" lon="9.440279745142655"><ele>1352.8</ele></trkpt><trkpt lat="46.553685743196546" lon="9.440397745490563"><ele>1351.0</ele></trkpt><trkpt lat="46.553701743531576" lon="9.440515745818944"><ele>1349.3</ele></trkpt><trkpt lat="46.55373574380692" lon="9.440621746089"><ele>1347.9</ele></trkpt><trkpt lat="46.553805744278556" lon="9.440741746553835"><ele>1345.5</ele></trkpt><trkpt lat="46.55396374502421" lon="9.44095574728886"><ele>1341.7</ele></trkpt><trkpt lat="46.55413074582889" lon="9.441196748081678"><ele>1337.6</ele></trkpt><trkpt lat="46.554157745907084" lon="9.441197748159668"><ele>1337.2</ele></trkpt><trkpt lat="46.55418474618242" lon="9.441198748433056"><ele>1335.8</ele></trkpt><trkpt lat="46.55422074624067" lon="9.441187748491828"><ele>1335.5</ele></trkpt><trkpt lat="46.55424874637784" lon="9.44113574863007"><ele>1334.8</ele></trkpt><trkpt lat="46.554257746515574" lon="9.441097748767973"><ele>1334.1</ele></trkpt><trkpt lat="46.55425074665361" lon="9.441018748907215"><ele>1333.4</ele></trkpt><trkpt lat="46.55422574685109" lon="9.440887749106766"><ele>1332.4</ele></trkpt><trkpt lat="46.55419374718665" lon="9.440690749445142"><ele>1330.7</ele></trkpt><trkpt lat="46.55419474732446" lon="9.440599749584699"><ele>1330.0</ele></trkpt><trkpt lat="46.55420574746198" lon="9.44050874972421"><ele>1329.3</ele></trkpt><trkpt lat="46.55424374765795" lon="9.440379749923357"><ele>1328.3</ele></trkpt><trkpt lat="46.55426474803163" lon="9.440184750300439"><ele>1326.4</ele></trkpt><trkpt lat="46.55427674820855" lon="9.44005475048019"><ele>1325.5</ele></trkpt><trkpt lat="46.55427774842521" lon="9.439976750697483"><ele>1324.4</ele></trkpt><trkpt lat="46.554261748583144" lon="9.439871750857064"><ele>1323.6</ele></trkpt><trkpt lat="46.55425374870149" lon="9.439805750976337"><ele>1323.0</ele></trkpt><trkpt lat="46.55425474879988" lon="9.439727751076397"><ele>1322.5</ele></trkpt><trkpt lat="46.55426774907523" lon="9.439545751355395"><ele>1321.1</ele></trkpt><trkpt lat="46.55425874915422" lon="9.439505751434801"><ele>1320.7</ele></trkpt><trkpt lat="46.55425074919379" lon="9.439466751475102"><ele>1320.5</ele></trkpt><trkpt lat="46.55418974935281" lon="9.439372751634558"><ele>1319.7</ele></trkpt><trkpt lat="46.554171749491125" lon="9.439332751772614"><ele>1319.0</ele></trkpt><trkpt lat="46.55417274958965" lon="9.439293751871476"><ele>1318.5</ele></trkpt><trkpt lat="46.55419174970739" lon="9.439268751989351"><ele>1317.9</ele></trkpt><trkpt lat="46.55422774974589" lon="9.439217752029789"><ele>1317.7</ele></trkpt><trkpt lat="46.55422774974589" lon="9.439217752029789"><ele>1317.7</ele></trkpt><trkpt lat="46.55429674992202" lon="9.439415752199247"><ele>1316.8</ele></trkpt><trkpt lat="46.55433975000006" lon="9.439521752273958"><ele>1316.4</ele></trkpt><trkpt lat="46.55438275009783" lon="9.439640752367804"><ele>1315.9</ele></trkpt><trkpt lat="46.55438275009783" lon="9.439640752367804"><ele>1315.9</ele></trkpt><trkpt lat="46.55441375076698" lon="9.439433753038154"><ele>1312.5</ele></trkpt><trkpt lat="46.554426751653324" lon="9.439159753925468"><ele>1308.0</ele></trkpt><trkpt lat="46.554447752007455" lon="9.439004754281672"><ele>1306.2</ele></trkpt><trkpt lat="46.55447575220378" lon="9.438952754478445"><ele>1305.2</ele></trkpt><trkpt lat="46.55451175240005" lon="9.438928754674338"><ele>1304.2</ele></trkpt><trkpt lat="46.55460175287107" lon="9.438931755142631"><ele>1301.8</ele></trkpt><trkpt lat="46.554665753263876" lon="9.438907755533734"><ele>1299.8</ele></trkpt><trkpt lat="46.55468375355909" lon="9.4388697558278"><ele>1298.3</ele></trkpt><trkpt lat="46.55472375383381" lon="9.438688756106506"><ele>1296.9</ele></trkpt><trkpt lat="46.554742754030414" lon="9.438623756303695"><ele>1295.9</ele></trkpt><trkpt lat="46.55479675422622" lon="9.438586756499877"><ele>1294.9</ele></trkpt><trkpt lat="46.55484275461936" lon="9.438536756891821"><ele>1292.9</ele></trkpt><trkpt lat="46.55488075495343" lon="9.43843375722678"><ele>1291.2</ele></trkpt><trkpt lat="46.55488075495343" lon="9.43843375722678"><ele>1291.2</ele></trkpt><trkpt lat="46.55489675497304" lon="9.438564757242334"><ele>1291.1</ele></trkpt><trkpt lat="46.55488475495393" lon="9.438733757217829"><ele>1291.2</ele></trkpt><trkpt lat="46.55491975515041" lon="9.438799757411036"><ele>1290.2</ele></trkpt><trkpt lat="46.55491975515041" lon="9.438799757411036"><ele>1290.2</ele></trkpt><trkpt lat="46.554963755149444" lon="9.438840757409599"><ele>1290.2</ele></trkpt><trkpt lat="46.554963755149444" lon="9.438840757409599"><ele>1290.2</ele></trkpt><trkpt lat="46.555007754754094" lon="9.438868757017854"><ele>1292.2</ele></trkpt><trkpt lat="46.55506175459512" lon="9.43888375686086"><ele>1293.0</ele></trkpt><trkpt lat="46.55507975451584" lon="9.43890975678186"><ele>1293.4</ele></trkpt><trkpt lat="46.555088754456506" lon="9.438910756723173"><ele>1293.7</ele></trkpt><trkpt lat="46.55511575435721" lon="9.438885756626117"><ele>1294.2</ele></trkpt><trkpt lat="46.555151754316924" lon="9.438886756586834"><ele>1294.4</ele></trkpt><trkpt lat="46.55527775433366" lon="9.438878756605993"><ele>1294.3</ele></trkpt><trkpt lat="46.555313754372236" lon="9.438879756644855"><ele>1294.1</ele></trkpt><trkpt lat="46.555340754332185" lon="9.438893756605234"><ele>1294.3</ele></trkpt><trkpt lat="46.55538475425237" lon="9.438934756525654"><ele>1294.7</ele></trkpt><trkpt lat="46.55541975421221" lon="9.438987756484824"><ele>1294.9</ele></trkpt><trkpt lat="46.555454754290366" lon="9.439067756560407"><ele>1294.5</ele></trkpt><trkpt lat="46.555515754308814" lon="9.439147756577253"><ele>1294.4</ele></trkpt><trkpt lat="46.55556975424847" lon="9.439188756517153"><ele>1294.7</ele></trkpt><trkpt lat="46.555595754228165" lon="9.439203756497045"><ele>1294.8</ele></trkpt><trkpt lat="46.555622754247274" lon="9.439243756515252"><ele>1294.7</ele></trkpt><trkpt lat="46.55566675422666" lon="9.439296756493913"><ele>1294.8</ele></trkpt><trkpt lat="46.55572875416612" lon="9.439351756433359"><ele>1295.1</ele></trkpt><trkpt lat="46.55579075414507" lon="9.439418756411515"><ele>1295.2</ele></trkpt><trkpt lat="46.55580775406578" lon="9.439432756332868"><ele>1295.6</ele></trkpt><trkpt lat="46.55584375398611" lon="9.439460756253704"><ele>1296.0</ele></trkpt><trkpt lat="46.555879754005026" lon="9.439474756272645"><ele>1295.9</ele></trkpt><trkpt lat="46.55594175394444" lon="9.43948975621328"><ele>1296.2</ele></trkpt><trkpt lat="46.555995754120595" lon="9.439491756388781"><ele>1295.3</ele></trkpt><trkpt lat="46.555995754120595" lon="9.439491756388781"><ele>1295.3</ele></trkpt><trkpt lat="46.556012753962584" lon="9.439544756230825"><ele>1296.1</ele></trkpt><trkpt lat="46.556030753902974" lon="9.439558756171701"><ele>1296.4</ele></trkpt><trkpt lat="46.55605775386297" lon="9.439585756131692"><ele>1296.6</ele></trkpt><trkpt lat="46.556075753842784" lon="9.439585756112065"><ele>1296.7</ele></trkpt><trkpt lat="46.55610275384215" lon="9.4395867561119"><ele>1296.7</ele></trkpt><trkpt lat="46.556129753841546" lon="9.439587756111738"><ele>1296.7</ele></trkpt><trkpt lat="46.55619275382026" lon="9.43955175609297"><ele>1296.8</ele></trkpt><trkpt lat="46.55631075352153" lon="9.439490755801156"><ele>1298.3</ele></trkpt><trkpt lat="46.55640175318402" lon="9.43944175547005"><ele>1300.0</ele></trkpt><trkpt lat="46.55646575292603" lon="9.439378755217648"><ele>1301.3</ele></trkpt><trkpt lat="46.55650275276733" lon="9.439340755062313"><ele>1302.1</ele></trkpt><trkpt lat="46.556520752688016" lon="9.439328754984441"><ele>1302.5</ele></trkpt><trkpt lat="46.55653875266785" lon="9.439316754965178"><ele>1302.6</ele></trkpt><trkpt lat="46.55655675264766" lon="9.439316754945548"><ele>1302.7</ele></trkpt><trkpt lat="46.55657475266706" lon="9.439343754964185"><ele>1302.6</ele></trkpt></trkseg></trk></gpx>