<?xml version="1.0" encoding="utf-8"?><gpx version="1.1" creator="MySchweizMobil - https://map.schweizmobil.ch/" xmlns:xsi="http://www.w3.org/2001/XMLSchema-instance" xmlns="http://www.topografix.com/GPX/1/1" xsi:schemaLocation="http://www.topografix.com/GPX/1/1 http://www.topografix.com/GPX/1/1/gpx.xsd"><metadata><name>6 Alpine Passes Trail - Stage 3</name><bounds minlat="46.5217286218717" minlon="9.5938057751462" maxlat="46.60390173763833" maxlon="9.688585577974823" /></metadata><trk><name>6 Alpine Passes Trail - Stage 3</name><trkseg><trkpt lat="46.5217286218717" lon="9.65528561377751"><ele>1975.8</ele></trkpt><trkpt lat="46.52175562179234" lon="9.65529961369653"><ele>1976.2</ele></trkpt><trkpt lat="46.52186462131741" lon="9.655225613218333"><ele>1978.6</ele></trkpt><trkpt lat="46.52192062102093" lon="9.655149612920919"><ele>1980.1</ele></trkpt><trkpt lat="46.52194762100028" lon="9.655138612901188"><ele>1980.2</ele></trkpt><trkpt lat="46.521974620960044" lon="9.655126612861475"><ele>1980.4</ele></trkpt><trkpt lat="46.52201162097822" lon="9.655101612882378"><ele>1980.3</ele></trkpt><trkpt lat="46.52204762101597" lon="9.65506361292392"><ele>1980.1</ele></trkpt><trkpt lat="46.52207562119148" lon="9.65505161310456"><ele>1979.2</ele></trkpt><trkpt lat="46.522093621210445" lon="9.65505261312441"><ele>1979.1</ele></trkpt><trkpt lat="46.52211162111162" lon="9.655027613025261"><ele>1979.6</ele></trkpt><trkpt lat="46.52211162111162" lon="9.655027613025261"><ele>1979.6</ele></trkpt><trkpt lat="46.52215662095307" lon="9.65502961286457"><ele>1980.4</ele></trkpt><trkpt lat="46.5221926208537" lon="9.65503061276409"><ele>1980.9</ele></trkpt><trkpt lat="46.52225562067485" lon="9.655020612583781"><ele>1981.8</ele></trkpt><trkpt lat="46.52231962051548" lon="9.65499661242415"><ele>1982.6</ele></trkpt><trkpt lat="46.52237362035651" lon="9.65495961226519"><ele>1983.4</ele></trkpt><trkpt lat="46.52240162023767" lon="9.654921612146541"><ele>1984.0</ele></trkpt><trkpt lat="46.52245662000009" lon="9.654872611908004"><ele>1985.2</ele></trkpt><trkpt lat="46.52249361980249" lon="9.65482161170976"><ele>1986.2</ele></trkpt><trkpt lat="46.52253061966368" lon="9.654783611571014"><ele>1986.9</ele></trkpt><trkpt lat="46.52255761956455" lon="9.65475861147181"><ele>1987.4</ele></trkpt><trkpt lat="46.52258461946549" lon="9.654759611371398"><ele>1987.9</ele></trkpt><trkpt lat="46.52262061938572" lon="9.654761611290906"><ele>1988.3</ele></trkpt><trkpt lat="46.522656619364874" lon="9.654788611269352"><ele>1988.4</ele></trkpt><trkpt lat="46.52268261932475" lon="9.654803611228397"><ele>1988.6</ele></trkpt><trkpt lat="46.522735619322994" lon="9.654870611224887"><ele>1988.6</ele></trkpt><trkpt lat="46.52278861936044" lon="9.654924611262045"><ele>1988.4</ele></trkpt><trkpt lat="46.5229046193564" lon="9.654994611257928"><ele>1988.4</ele></trkpt><trkpt lat="46.522993619353294" lon="9.655024611255861"><ele>1988.4</ele></trkpt><trkpt lat="46.523029619352016" lon="9.655051611254336"><ele>1988.4</ele></trkpt><trkpt lat="46.523055619311926" lon="9.655079611212777"><ele>1988.6</ele></trkpt><trkpt lat="46.52308161927184" lon="9.655106611171263"><ele>1988.8</ele></trkpt><trkpt lat="46.52311661919227" lon="9.655159611088411"><ele>1989.2</ele></trkpt><trkpt lat="46.523161619112265" lon="9.65520061100604"><ele>1989.6</ele></trkpt><trkpt lat="46.52320661903217" lon="9.65520261092547"><ele>1990.0</ele></trkpt><trkpt lat="46.52325161897159" lon="9.655191610865534"><ele>1990.3</ele></trkpt><trkpt lat="46.52333361898812" lon="9.655155610886617"><ele>1990.2</ele></trkpt><trkpt lat="46.52343361898429" lon="9.655094610888684"><ele>1990.2</ele></trkpt><trkpt lat="46.52346061898321" lon="9.655082610889034"><ele>1990.2</ele></trkpt><trkpt lat="46.5234966189819" lon="9.655084610888666"><ele>1990.2</ele></trkpt><trkpt lat="46.52354161890178" lon="9.655085610808147"><ele>1990.6</ele></trkpt><trkpt lat="46.523586618743266" lon="9.655100610646846"><ele>1991.4</ele></trkpt><trkpt lat="46.52371961838548" lon="9.65515861028255"><ele>1993.2</ele></trkpt><trkpt lat="46.52382761802849" lon="9.655188609919737"><ele>1995.0</ele></trkpt><trkpt lat="46.52388161790887" lon="9.65520460979838"><ele>1995.6</ele></trkpt><trkpt lat="46.52393461773034" lon="9.655206609617586"><ele>1996.5</ele></trkpt><trkpt lat="46.523970617650576" lon="9.655207609537126"><ele>1996.9</ele></trkpt><trkpt lat="46.524007617609925" lon="9.655183609497897"><ele>1997.1</ele></trkpt><trkpt lat="46.524052617510094" lon="9.655159609398504"><ele>1997.6</ele></trkpt><trkpt lat="46.52415361727065" lon="9.655071609161435"><ele>1998.8</ele></trkpt><trkpt lat="46.52420861724885" lon="9.65502160914331"><ele>1998.9</ele></trkpt><trkpt lat="46.52426361720751" lon="9.654985609104502"><ele>1999.1</ele></trkpt><trkpt lat="46.52450861700187" lon="9.654864608907934"><ele>2000.1</ele></trkpt><trkpt lat="46.52473661669875" lon="9.654730608611954"><ele>2001.6</ele></trkpt><trkpt lat="46.524817616617185" lon="9.654694608532886"><ele>2002.0</ele></trkpt><trkpt lat="46.52486361651727" lon="9.654670608433486"><ele>2002.5</ele></trkpt><trkpt lat="46.52490061643733" lon="9.654633608354803"><ele>2002.9</ele></trkpt><trkpt lat="46.524946616337346" lon="9.654582608256668"><ele>2003.4</ele></trkpt><trkpt lat="46.52500161635482" lon="9.654532608278616"><ele>2003.3</ele></trkpt><trkpt lat="46.52506461637192" lon="9.65448360830045"><ele>2003.2</ele></trkpt><trkpt lat="46.52522861642451" lon="9.654411608362652"><ele>2002.9</ele></trkpt><trkpt lat="46.5252926165005" lon="9.654375608443969"><ele>2002.5</ele></trkpt><trkpt lat="46.52533761657726" lon="9.654351608524873"><ele>2002.1</ele></trkpt><trkpt lat="46.525392616633916" lon="9.654301608586877"><ele>2001.8</ele></trkpt><trkpt lat="46.525457616670444" lon="9.6541996086312"><ele>2001.6</ele></trkpt><trkpt lat="46.52557861674375" lon="9.65398260872052"><ele>2001.2</ele></trkpt><trkpt lat="46.52562561674178" lon="9.65389360872431"><ele>2001.2</ele></trkpt><trkpt lat="46.52566261675981" lon="9.653842608746436"><ele>2001.1</ele></trkpt><trkpt lat="46.52571761675757" lon="9.653779608748954"><ele>2001.1</ele></trkpt><trkpt lat="46.52578261677456" lon="9.653704608771982"><ele>2001.0</ele></trkpt><trkpt lat="46.52587361682984" lon="9.653629608834873"><ele>2000.7</ele></trkpt><trkpt lat="46.526082616959144" lon="9.653521608978522"><ele>2000.0</ele></trkpt><trkpt lat="46.52613761695695" lon="9.653471608980432"><ele>2000.0</ele></trkpt><trkpt lat="46.52619261697443" lon="9.653434609001765"><ele>1999.9</ele></trkpt><trkpt lat="46.52625661705031" lon="9.65337160908433"><ele>1999.5</ele></trkpt><trkpt lat="46.52633961710587" lon="9.653283609147884"><ele>1999.2</ele></trkpt><trkpt lat="46.52640361712282" lon="9.653195609171522"><ele>1999.1</ele></trkpt><trkpt lat="46.52645961712059" lon="9.653132609174031"><ele>1999.1</ele></trkpt><trkpt lat="46.52650561709909" lon="9.653082609155982"><ele>1999.2</ele></trkpt><trkpt lat="46.52655061709737" lon="9.653057609156802"><ele>1999.2</ele></trkpt><trkpt lat="46.526605617055935" lon="9.653020609118048"><ele>1999.4</ele></trkpt><trkpt lat="46.52674161716848" lon="9.652961609239929"><ele>1998.8</ele></trkpt><trkpt lat="46.5268136172835" lon="9.652938609360625"><ele>1998.2</ele></trkpt><trkpt lat="46.52688661741806" lon="9.652902609501945"><ele>1997.5</ele></trkpt><trkpt lat="46.52700461768822" lon="9.652841609784291"><ele>1996.1</ele></trkpt><trkpt lat="46.52705061778462" lon="9.65283060988459"><ele>1995.6</ele></trkpt><trkpt lat="46.52709461788113" lon="9.652832609984307"><ele>1995.1</ele></trkpt><trkpt lat="46.52720261813227" lon="9.652836610243673"><ele>1993.8</ele></trkpt><trkpt lat="46.52733761840206" lon="9.652842610522772"><ele>1992.4</ele></trkpt><trkpt lat="46.52738261857699" lon="9.652844610702598"><ele>1991.5</ele></trkpt><trkpt lat="46.52743761865338" lon="9.652820610783406"><ele>1991.1</ele></trkpt><trkpt lat="46.52747361876977" lon="9.652795610904468"><ele>1990.5</ele></trkpt><trkpt lat="46.52751961884645" lon="9.652758610985947"><ele>1990.1</ele></trkpt><trkpt lat="46.52762061899946" lon="9.652671611149447"><ele>1989.3</ele></trkpt><trkpt lat="46.527766619189926" lon="9.652533611355011"><ele>1988.3</ele></trkpt><trkpt lat="46.52782161928583" lon="9.652470611457655"><ele>1987.8</ele></trkpt><trkpt lat="46.52788561936179" lon="9.65242161153955"><ele>1987.4</ele></trkpt><trkpt lat="46.52794961945744" lon="9.652371611641524"><ele>1986.9</ele></trkpt><trkpt lat="46.52803161957208" lon="9.652336611762685"><ele>1986.3</ele></trkpt><trkpt lat="46.5280776196095" lon="9.65229861180415"><ele>1986.1</ele></trkpt><trkpt lat="46.52810461964769" lon="9.652273611845159"><ele>1985.9</ele></trkpt><trkpt lat="46.5281326196662" lon="9.65223561186673"><ele>1985.8</ele></trkpt><trkpt lat="46.528151619743824" lon="9.65218461194906"><ele>1985.4</ele></trkpt><trkpt lat="46.52818961982061" lon="9.652081612033646"><ele>1985.0</ele></trkpt><trkpt lat="46.528236619857786" lon="9.65197961207806"><ele>1984.8</ele></trkpt><trkpt lat="46.52828361995394" lon="9.651890612181957"><ele>1984.3</ele></trkpt><trkpt lat="46.5283486200689" lon="9.651775612306938"><ele>1983.7</ele></trkpt><trkpt lat="46.528385620126194" lon="9.651698612370293"><ele>1983.4</ele></trkpt><trkpt lat="46.52843362022219" lon="9.651570612475979"><ele>1982.9</ele></trkpt><trkpt lat="46.528470620259924" lon="9.651506612518709"><ele>1982.7</ele></trkpt><trkpt lat="46.5284986203175" lon="9.651442612581528"><ele>1982.4</ele></trkpt><trkpt lat="46.52851762037554" lon="9.651391612643819"><ele>1982.1</ele></trkpt><trkpt lat="46.5285366204336" lon="9.651339612706149"><ele>1981.8</ele></trkpt><trkpt lat="46.52853862053143" lon="9.651261612809867"><ele>1981.3</ele></trkpt><trkpt lat="46.52854862066821" lon="9.651196612952969"><ele>1980.6</ele></trkpt><trkpt lat="46.52856062070662" lon="9.651066612998926"><ele>1980.4</ele></trkpt><trkpt lat="46.52857162078443" lon="9.650976613083095"><ele>1980.0</ele></trkpt><trkpt lat="46.52857162078443" lon="9.650976613083095"><ele>1980.0</ele></trkpt><trkpt lat="46.52859962078322" lon="9.650925613085235"><ele>1980.0</ele></trkpt><trkpt lat="46.5287186210925" lon="9.650786613411139"><ele>1978.4</ele></trkpt><trkpt lat="46.52877362099216" lon="9.650736613312906"><ele>1978.9</ele></trkpt><trkpt lat="46.52882862114702" lon="9.65069961347439"><ele>1978.1</ele></trkpt><trkpt lat="46.528909621242164" lon="9.65067661357496"><ele>1977.6</ele></trkpt><trkpt lat="46.52896462139709" lon="9.6506406137364"><ele>1976.8</ele></trkpt><trkpt lat="46.52902862141417" lon="9.650577613758843"><ele>1976.7</ele></trkpt><trkpt lat="46.52906562141272" lon="9.650552613759713"><ele>1976.7</ele></trkpt><trkpt lat="46.52906562141272" lon="9.650552613759713"><ele>1976.7</ele></trkpt><trkpt lat="46.52912962144953" lon="9.650503613801533"><ele>1976.5</ele></trkpt><trkpt lat="46.52918362146708" lon="9.650466613822857"><ele>1976.4</ele></trkpt><trkpt lat="46.529266621581556" lon="9.650391613945825"><ele>1975.8</ele></trkpt><trkpt lat="46.52931262165823" lon="9.650341614027875"><ele>1975.4</ele></trkpt><trkpt lat="46.529349621754875" lon="9.650290614130064"><ele>1974.9</ele></trkpt><trkpt lat="46.52940462190974" lon="9.650240614292134"><ele>1974.1</ele></trkpt><trkpt lat="46.5294496220258" lon="9.650216614413043"><ele>1973.5</ele></trkpt><trkpt lat="46.52950462216107" lon="9.650179614554492"><ele>1972.8</ele></trkpt><trkpt lat="46.529531622277794" lon="9.650154614675579"><ele>1972.2</ele></trkpt><trkpt lat="46.52956862241367" lon="9.650104614817758"><ele>1971.5</ele></trkpt><trkpt lat="46.52963362252876" lon="9.650002614942094"><ele>1970.9</ele></trkpt><trkpt lat="46.52967962256619" lon="9.649952614984088"><ele>1970.7</ele></trkpt><trkpt lat="46.529743622661854" lon="9.649902615086019"><ele>1970.2</ele></trkpt><trkpt lat="46.52978062271926" lon="9.649865615147503"><ele>1969.9</ele></trkpt><trkpt lat="46.52980862273767" lon="9.6498006151703"><ele>1969.8</ele></trkpt><trkpt lat="46.52980862273767" lon="9.6498006151703"><ele>1969.8</ele></trkpt><trkpt lat="46.529835622717094" lon="9.649802615149984"><ele>1969.9</ele></trkpt><trkpt lat="46.529880622695806" lon="9.64979061513017"><ele>1970.0</ele></trkpt><trkpt lat="46.52992662267448" lon="9.649779615110305"><ele>1970.1</ele></trkpt><trkpt lat="46.52998062263314" lon="9.649755615070953"><ele>1970.3</ele></trkpt><trkpt lat="46.53003562257215" lon="9.649718615012173"><ele>1970.6</ele></trkpt><trkpt lat="46.53007262249211" lon="9.649668614934097"><ele>1971.0</ele></trkpt><trkpt lat="46.53012762233284" lon="9.649592614776994"><ele>1971.8</ele></trkpt><trkpt lat="46.53022162199515" lon="9.649413614444134"><ele>1973.5</ele></trkpt><trkpt lat="46.53026762191481" lon="9.649363614365996"><ele>1973.9</ele></trkpt><trkpt lat="46.53026762191481" lon="9.649363614365996"><ele>1973.9</ele></trkpt><trkpt lat="46.53048162137736" lon="9.649476613818587"><ele>1976.6</ele></trkpt><trkpt lat="46.53048162137736" lon="9.649476613818587"><ele>1976.6</ele></trkpt><trkpt lat="46.53057862125626" lon="9.649545613694544"><ele>1977.2</ele></trkpt><trkpt lat="46.53063262121509" lon="9.649573613652802"><ele>1977.4</ele></trkpt><trkpt lat="46.530809621012814" lon="9.649711613444882"><ele>1978.4</ele></trkpt><trkpt lat="46.53099562082974" lon="9.649849613256904"><ele>1979.3</ele></trkpt><trkpt lat="46.53107562080739" lon="9.64991761323314"><ele>1979.4</ele></trkpt><trkpt lat="46.53109262080689" lon="9.649944613231769"><ele>1979.4</ele></trkpt><trkpt lat="46.53112762070762" lon="9.649998613128895"><ele>1979.9</ele></trkpt><trkpt lat="46.53117162064731" lon="9.650065613065397"><ele>1980.2</ele></trkpt><trkpt lat="46.53120662046959" lon="9.650131612881875"><ele>1981.1</ele></trkpt><trkpt lat="46.53124062031146" lon="9.65019861271833"><ele>1981.9</ele></trkpt><trkpt lat="46.531275620114144" lon="9.650278612514125"><ele>1982.9</ele></trkpt><trkpt lat="46.531404619442846" lon="9.650557611819412"><ele>1986.3</ele></trkpt><trkpt lat="46.53151661869352" lon="9.650809611045924"><ele>1990.1</ele></trkpt><trkpt lat="46.531568618318964" lon="9.65094261065887"><ele>1992.0</ele></trkpt><trkpt lat="46.53159361810244" lon="9.651034610434127"><ele>1993.1</ele></trkpt><trkpt lat="46.53162861794434" lon="9.651114610269929"><ele>1993.9</ele></trkpt><trkpt lat="46.53181961711381" lon="9.651447609411855"><ele>1998.1</ele></trkpt><trkpt lat="46.53193261654095" lon="9.651635608821442"><ele>2001.0</ele></trkpt><trkpt lat="46.53201861620471" lon="9.651860608469814"><ele>2002.7</ele></trkpt><trkpt lat="46.53206161606602" lon="9.651966608324338"><ele>2003.4</ele></trkpt><trkpt lat="46.53209561594725" lon="9.652045608200215"><ele>2004.0</ele></trkpt><trkpt lat="46.53216361563124" lon="9.652244607869937"><ele>2005.6</ele></trkpt><trkpt lat="46.532206615414054" lon="9.65236360764372"><ele>2006.7</ele></trkpt><trkpt lat="46.53223161523682" lon="9.652468607458353"><ele>2007.6</ele></trkpt><trkpt lat="46.53227461498031" lon="9.652574607192674"><ele>2008.9</ele></trkpt><trkpt lat="46.53232661462531" lon="9.65268160682672"><ele>2010.7</ele></trkpt><trkpt lat="46.53236961413333" lon="9.652800606320051"><ele>2013.2</ele></trkpt><trkpt lat="46.53241261381781" lon="9.652880605995472"><ele>2014.8</ele></trkpt><trkpt lat="46.53243861358141" lon="9.652933605752414"><ele>2016.0</ele></trkpt><trkpt lat="46.53249161322626" lon="9.65298760538891"><ele>2017.8</ele></trkpt><trkpt lat="46.5326156124758" lon="9.653071604622818"><ele>2021.6</ele></trkpt><trkpt lat="46.53264161229831" lon="9.653124604439839"><ele>2022.5</ele></trkpt><trkpt lat="46.53265861208196" lon="9.653190604216245"><ele>2023.6</ele></trkpt><trkpt lat="46.5326996114724" lon="9.653387603585646"><ele>2026.7</ele></trkpt><trkpt lat="46.532725611255664" lon="9.653453603361976"><ele>2027.8</ele></trkpt><trkpt lat="46.53275161098014" lon="9.653520603078153"><ele>2029.2</ele></trkpt><trkpt lat="46.5328296103493" lon="9.653653602430218"><ele>2032.4</ele></trkpt><trkpt lat="46.53288261015118" lon="9.653721602226257"><ele>2033.4</ele></trkpt><trkpt lat="46.53292661005152" lon="9.653762602123807"><ele>2033.9</ele></trkpt><trkpt lat="46.53297060993221" lon="9.653802602001372"><ele>2034.5</ele></trkpt><trkpt lat="46.533076609437636" lon="9.653885601495782"><ele>2037.0</ele></trkpt><trkpt lat="46.533165608865154" lon="9.653967600910223"><ele>2039.9</ele></trkpt><trkpt lat="46.53320060862832" lon="9.653994600668263"><ele>2041.1</ele></trkpt><trkpt lat="46.53324560833214" lon="9.653996600367314"><ele>2042.6</ele></trkpt><trkpt lat="46.53329960799632" lon="9.65399960002618"><ele>2044.3</ele></trkpt><trkpt lat="46.53336260760121" lon="9.653988599625537"><ele>2046.3</ele></trkpt><trkpt lat="46.53336260760121" lon="9.653988599625537"><ele>2046.3</ele></trkpt><trkpt lat="46.533371607561605" lon="9.654001599584788"><ele>2046.5</ele></trkpt><trkpt lat="46.53338060748279" lon="9.65400259950453"><ele>2046.9</ele></trkpt><trkpt lat="46.533398607305394" lon="9.654003599324042"><ele>2047.8</ele></trkpt><trkpt lat="46.533443607028815" lon="9.654004599043173"><ele>2049.2</ele></trkpt><trkpt lat="46.53347060683147" lon="9.654019598841908"><ele>2050.2</ele></trkpt><trkpt lat="46.533506606614196" lon="9.654033598620586"><ele>2051.3</ele></trkpt><trkpt lat="46.533558606121524" lon="9.654087598116748"><ele>2053.8</ele></trkpt><trkpt lat="46.5335856059046" lon="9.654102597895454"><ele>2054.9</ele></trkpt><trkpt lat="46.533612605707205" lon="9.654103597694853"><ele>2055.9</ele></trkpt><trkpt lat="46.53362160556951" lon="9.654129597553297"><ele>2056.6</ele></trkpt><trkpt lat="46.53363860541181" lon="9.654143597392217"><ele>2057.4</ele></trkpt><trkpt lat="46.53364760533299" lon="9.65415659731139"><ele>2057.8</ele></trkpt><trkpt lat="46.53366560519484" lon="9.654157597170965"><ele>2058.5</ele></trkpt><trkpt lat="46.53368360507643" lon="9.654171597049949"><ele>2059.1</ele></trkpt><trkpt lat="46.53370160491869" lon="9.654184596888905"><ele>2059.9</ele></trkpt><trkpt lat="46.53370960478103" lon="9.654211596747308"><ele>2060.6</ele></trkpt><trkpt lat="46.53373560444642" lon="9.654264596403978"><ele>2062.3</ele></trkpt><trkpt lat="46.53374360428918" lon="9.654291596242341"><ele>2063.1</ele></trkpt><trkpt lat="46.533752604072944" lon="9.654330596020017"><ele>2064.2</ele></trkpt><trkpt lat="46.53375160377862" lon="9.654382595717001"><ele>2065.7</ele></trkpt><trkpt lat="46.533759603582084" lon="9.654422595514665"><ele>2066.7</ele></trkpt><trkpt lat="46.53376760346408" lon="9.65446159539252"><ele>2067.3</ele></trkpt><trkpt lat="46.53379360324729" lon="9.654501595170004"><ele>2068.4</ele></trkpt><trkpt lat="46.53379360324729" lon="9.654501595170004"><ele>2068.4</ele></trkpt><trkpt lat="46.53383760310832" lon="9.654555595026803"><ele>2069.1</ele></trkpt><trkpt lat="46.5339176029288" lon="9.654637594841903"><ele>2070.0</ele></trkpt><trkpt lat="46.5339176029288" lon="9.654637594841903"><ele>2070.0</ele></trkpt><trkpt lat="46.53397860286789" lon="9.654717594777454"><ele>2070.3</ele></trkpt><trkpt lat="46.53402260280748" lon="9.654784594713764"><ele>2070.6</ele></trkpt><trkpt lat="46.53406760276654" lon="9.654799594672612"><ele>2070.8</ele></trkpt><trkpt lat="46.53412060262715" lon="9.654828594530546"><ele>2071.5</ele></trkpt><trkpt lat="46.53417360242894" lon="9.654882594327157"><ele>2072.5</ele></trkpt><trkpt lat="46.53419060229096" lon="9.654909594185469"><ele>2073.2</ele></trkpt><trkpt lat="46.53423560217151" lon="9.654950594062916"><ele>2073.8</ele></trkpt><trkpt lat="46.5342616021313" lon="9.654964594021962"><ele>2074.0</ele></trkpt><trkpt lat="46.534279602091395" lon="9.654964593981745"><ele>2074.2</ele></trkpt><trkpt lat="46.534279602091395" lon="9.654964593981745"><ele>2074.2</ele></trkpt><trkpt lat="46.53430760209015" lon="9.654913593983993"><ele>2074.2</ele></trkpt><trkpt lat="46.53430760209015" lon="9.654913593983993"><ele>2074.2</ele></trkpt><trkpt lat="46.53433560197107" lon="9.654862593866023"><ele>2074.8</ele></trkpt><trkpt lat="46.534371601871435" lon="9.65485159376609"><ele>2075.3</ele></trkpt><trkpt lat="46.534398601733024" lon="9.65486559362495"><ele>2076.0</ele></trkpt><trkpt lat="46.53442460157506" lon="9.654905593462518"><ele>2076.8</ele></trkpt><trkpt lat="46.53450460114031" lon="9.654987593017118"><ele>2079.0</ele></trkpt><trkpt lat="46.53464459976095" lon="9.655162591604963"><ele>2086.0</ele></trkpt><trkpt lat="46.53466359962265" lon="9.655137591465772"><ele>2086.7</ele></trkpt><trkpt lat="46.534681599405914" lon="9.655124591245864"><ele>2087.8</ele></trkpt><trkpt lat="46.5347005992873" lon="9.655099591126708"><ele>2088.4</ele></trkpt><trkpt lat="46.53470859899262" lon="9.655152590823516"><ele>2089.9</ele></trkpt><trkpt lat="46.53473459867754" lon="9.655166590502043"><ele>2091.5</ele></trkpt><trkpt lat="46.534734598441986" lon="9.655205590259698"><ele>2092.7</ele></trkpt><trkpt lat="46.53472459836396" lon="9.65523059017841"><ele>2093.1</ele></trkpt><trkpt lat="46.5347605981073" lon="9.655245589916914"><ele>2094.4</ele></trkpt><trkpt lat="46.53480459792896" lon="9.655273589734866"><ele>2095.3</ele></trkpt><trkpt lat="46.53484959778984" lon="9.655301589592874"><ele>2096.0</ele></trkpt><trkpt lat="46.53489359772929" lon="9.65531658953168"><ele>2096.3</ele></trkpt><trkpt lat="46.53493859749191" lon="9.655317589290826"><ele>2097.5</ele></trkpt><trkpt lat="46.534984597293665" lon="9.655293589091269"><ele>2098.5</ele></trkpt><trkpt lat="46.53503759685974" lon="9.655322588648609"><ele>2100.7</ele></trkpt><trkpt lat="46.535082596524084" lon="9.655310588308206"><ele>2102.4</ele></trkpt><trkpt lat="46.53513659605076" lon="9.655313587826742"><ele>2104.8</ele></trkpt><trkpt lat="46.53516359593199" lon="9.655353587704338"><ele>2105.4</ele></trkpt><trkpt lat="46.535198595557645" lon="9.655393587321386"><ele>2107.3</ele></trkpt><trkpt lat="46.53532359474784" lon="9.65543858649664"><ele>2111.4</ele></trkpt><trkpt lat="46.53543059429213" lon="9.6554815860328"><ele>2113.7</ele></trkpt><trkpt lat="46.53543059429213" lon="9.6554815860328"><ele>2113.7</ele></trkpt><trkpt lat="46.53543859419375" lon="9.655521585930575"><ele>2114.2</ele></trkpt><trkpt lat="46.53545659411461" lon="9.655547585848996"><ele>2114.6</ele></trkpt><trkpt lat="46.535482593819104" lon="9.655575585546845"><ele>2116.1</ele></trkpt><trkpt lat="46.53551859356243" lon="9.65558958528537"><ele>2117.4</ele></trkpt><trkpt lat="46.53551859356243" lon="9.65558958528537"><ele>2117.4</ele></trkpt><trkpt lat="46.535535593483324" lon="9.655616585203745"><ele>2117.8</ele></trkpt><trkpt lat="46.535544593404516" lon="9.65564258512224"><ele>2118.2</ele></trkpt><trkpt lat="46.53559759306874" lon="9.655684584779094"><ele>2119.9</ele></trkpt><trkpt lat="46.53561459283258" lon="9.65572358453657"><ele>2121.1</ele></trkpt><trkpt lat="46.535746591983425" lon="9.65587258366648"><ele>2125.4</ele></trkpt><trkpt lat="46.53575559192425" lon="9.655886583605598"><ele>2125.7</ele></trkpt><trkpt lat="46.535754591845865" lon="9.655925583523514"><ele>2126.1</ele></trkpt><trkpt lat="46.53575459174777" lon="9.65595158342203"><ele>2126.6</ele></trkpt><trkpt lat="46.535789591510934" lon="9.656004583178653"><ele>2127.8</ele></trkpt><trkpt lat="46.53582559119535" lon="9.656019582856999"><ele>2129.4</ele></trkpt><trkpt lat="46.53584159082181" lon="9.656085582472851"><ele>2131.3</ele></trkpt><trkpt lat="46.53584159076297" lon="9.656098582412087"><ele>2131.6</ele></trkpt><trkpt lat="46.53585059068412" lon="9.656124582330563"><ele>2132.0</ele></trkpt><trkpt lat="46.53587659056539" lon="9.656151582208777"><ele>2132.6</ele></trkpt><trkpt lat="46.535876590467254" lon="9.656164582107937"><ele>2133.1</ele></trkpt><trkpt lat="46.53588359025123" lon="9.65624358188351"><ele>2134.2</ele></trkpt><trkpt lat="46.53590159019165" lon="9.656257581822553"><ele>2134.5</ele></trkpt><trkpt lat="46.53590959015211" lon="9.65628358178111"><ele>2134.7</ele></trkpt><trkpt lat="46.535918590053626" lon="9.656297581680144"><ele>2135.2</ele></trkpt><trkpt lat="46.53594558987586" lon="9.656311581498876"><ele>2136.1</ele></trkpt><trkpt lat="46.536044589361346" lon="9.656302580977492"><ele>2138.7</ele></trkpt><trkpt lat="46.53608058914387" lon="9.656303580756713"><ele>2139.8</ele></trkpt><trkpt lat="46.53608958908468" lon="9.656317580695822"><ele>2140.1</ele></trkpt><trkpt lat="46.53610658904481" lon="9.656343580654312"><ele>2140.3</ele></trkpt><trkpt lat="46.53614258892555" lon="9.656345580533674"><ele>2140.9</ele></trkpt><trkpt lat="46.536160588905304" lon="9.656372580512143"><ele>2141.0</ele></trkpt><trkpt lat="46.536159588846466" lon="9.656385580451381"><ele>2141.3</ele></trkpt><trkpt lat="46.53617758874766" lon="9.656411580349735"><ele>2141.8</ele></trkpt><trkpt lat="46.53620458855028" lon="9.656426580148368"><ele>2142.8</ele></trkpt><trkpt lat="46.536230588431486" lon="9.656453580026565"><ele>2143.4</ele></trkpt><trkpt lat="46.536293588213034" lon="9.656468579804864"><ele>2144.5</ele></trkpt><trkpt lat="46.53634658799504" lon="9.656510579581887"><ele>2145.6</ele></trkpt><trkpt lat="46.53639958779661" lon="9.656538579379651"><ele>2146.6</ele></trkpt><trkpt lat="46.53647958734207" lon="9.656619578914018"><ele>2148.9</ele></trkpt><trkpt lat="46.536505587085834" lon="9.656660578651222"><ele>2150.2</ele></trkpt><trkpt lat="46.53654058688816" lon="9.656687578449171"><ele>2151.2</ele></trkpt><trkpt lat="46.53658558647401" lon="9.656702578027204"><ele>2153.3</ele></trkpt><trkpt lat="46.53663058615796" lon="9.656704577706083"><ele>2154.9</ele></trkpt><trkpt lat="46.53666658601916" lon="9.656718577564797"><ele>2155.6</ele></trkpt><trkpt lat="46.53671958574218" lon="9.656747577282339"><ele>2157.0</ele></trkpt><trkpt lat="46.53673758564333" lon="9.656773577180676"><ele>2157.5</ele></trkpt><trkpt lat="46.536763585446" lon="9.656801576978646"><ele>2158.5</ele></trkpt><trkpt lat="46.536799585150035" lon="9.65681557667703"><ele>2160.0</ele></trkpt><trkpt lat="46.53683558499153" lon="9.65683057651565"><ele>2160.8</ele></trkpt><trkpt lat="46.5368615847353" lon="9.656857576253545"><ele>2162.1</ele></trkpt><trkpt lat="46.536870584617134" lon="9.656870576132569"><ele>2162.7</ele></trkpt><trkpt lat="46.536878584459785" lon="9.656897575970815"><ele>2163.5</ele></trkpt><trkpt lat="46.536887584341656" lon="9.656923575849177"><ele>2164.1</ele></trkpt><trkpt lat="46.53691458410496" lon="9.656937575607754"><ele>2165.3</ele></trkpt><trkpt lat="46.53692258388881" lon="9.656990575384558"><ele>2166.4</ele></trkpt><trkpt lat="46.536939583593565" lon="9.65701757508243"><ele>2167.9</ele></trkpt><trkpt lat="46.53693858351517" lon="9.657043575000962"><ele>2168.3</ele></trkpt><trkpt lat="46.53694758325965" lon="9.65708257473838"><ele>2169.6</ele></trkpt><trkpt lat="46.53697358300335" lon="9.65710957447625"><ele>2170.9</ele></trkpt><trkpt lat="46.53698258284601" lon="9.65713657431448"><ele>2171.7</ele></trkpt><trkpt lat="46.53704558247034" lon="9.657138573933072"><ele>2173.6</ele></trkpt><trkpt lat="46.53707058197859" lon="9.657231573427095"><ele>2176.1</ele></trkpt><trkpt lat="46.53711458158414" lon="9.65725857302452"><ele>2178.1</ele></trkpt><trkpt lat="46.537140581288604" lon="9.657299572721593"><ele>2179.6</ele></trkpt><trkpt lat="46.53714858099395" lon="9.65736457241759"><ele>2181.1</ele></trkpt><trkpt lat="46.53717558079642" lon="9.657352572217555"><ele>2182.1</ele></trkpt><trkpt lat="46.537220580441065" lon="9.657354571856324"><ele>2183.9</ele></trkpt><trkpt lat="46.537228580166044" lon="9.657420571572299"><ele>2185.3</ele></trkpt><trkpt lat="46.537246579929715" lon="9.657446571330317"><ele>2186.5</ele></trkpt><trkpt lat="46.53731757929851" lon="9.657488570686219"><ele>2189.7</ele></trkpt><trkpt lat="46.53733457900336" lon="9.657528570383398"><ele>2191.2</ele></trkpt><trkpt lat="46.537387578529966" lon="9.657557569900451"><ele>2193.6</ele></trkpt><trkpt lat="46.53740457815627" lon="9.657609569516833"><ele>2195.5</ele></trkpt><trkpt lat="46.53744957784019" lon="9.657611569195671"><ele>2197.1</ele></trkpt><trkpt lat="46.53750357758281" lon="9.65765356893251"><ele>2198.4</ele></trkpt><trkpt lat="46.53753857740467" lon="9.65765456875178"><ele>2199.3</ele></trkpt><trkpt lat="46.53760157704873" lon="9.657696568388326"><ele>2201.1</ele></trkpt><trkpt lat="46.53770757645544" lon="9.657765567782596"><ele>2204.1</ele></trkpt><trkpt lat="46.537743576277315" lon="9.657793567600462"><ele>2205.0</ele></trkpt><trkpt lat="46.53776057625701" lon="9.657807567579555"><ele>2205.1</ele></trkpt><trkpt lat="46.53778757621677" lon="9.657847567537184"><ele>2205.3</ele></trkpt><trkpt lat="46.53782257596016" lon="9.657887567274269"><ele>2206.6</ele></trkpt><trkpt lat="46.53786657572282" lon="9.657928567031265"><ele>2207.8</ele></trkpt><trkpt lat="46.53788457556503" lon="9.65795556686937"><ele>2208.6</ele></trkpt><trkpt lat="46.53791957540654" lon="9.657970566707952"><ele>2209.4</ele></trkpt><trkpt lat="46.537946575268094" lon="9.658010566565359"><ele>2210.1</ele></trkpt><trkpt lat="46.53798157516856" lon="9.658037566463449"><ele>2210.6</ele></trkpt><trkpt lat="46.538017575088574" lon="9.658052566382192"><ele>2211.0</ele></trkpt><trkpt lat="46.538043575009" lon="9.658066566301079"><ele>2211.4</ele></trkpt><trkpt lat="46.538061574910074" lon="9.658067566200655"><ele>2211.9</ele></trkpt><trkpt lat="46.538079574870096" lon="9.658080566159747"><ele>2212.1</ele></trkpt><trkpt lat="46.53809757481046" lon="9.658094566098738"><ele>2212.4</ele></trkpt><trkpt lat="46.53815057461205" lon="9.658136565895681"><ele>2213.4</ele></trkpt><trkpt lat="46.53815057449426" lon="9.658149565774744"><ele>2214.0</ele></trkpt><trkpt lat="46.53816757445439" lon="9.65817556573317"><ele>2214.2</ele></trkpt><trkpt lat="46.53818557441438" lon="9.658189565692206"><ele>2214.4</ele></trkpt><trkpt lat="46.538212574354404" lon="9.658203565631123"><ele>2214.7</ele></trkpt><trkpt lat="46.538238574314114" lon="9.658217565590089"><ele>2214.9</ele></trkpt><trkpt lat="46.53825657423491" lon="9.658244565508367"><ele>2215.3</ele></trkpt><trkpt lat="46.53829157413539" lon="9.6582725654064"><ele>2215.8</ele></trkpt><trkpt lat="46.53833657411403" lon="9.658313565383853"><ele>2215.9</ele></trkpt><trkpt lat="46.538380574053384" lon="9.658341565321901"><ele>2216.2</ele></trkpt><trkpt lat="46.538388574072854" lon="9.65838056533986"><ele>2216.1</ele></trkpt><trkpt lat="46.538406574150734" lon="9.65839456541916"><ele>2215.7</ele></trkpt><trkpt lat="46.538432574051534" lon="9.65842156531732"><ele>2216.2</ele></trkpt><trkpt lat="46.538477573873045" lon="9.65844956513509"><ele>2217.1</ele></trkpt><trkpt lat="46.53851257383247" lon="9.658489565092632"><ele>2217.3</ele></trkpt><trkpt lat="46.53855657367367" lon="9.658530564929775"><ele>2218.1</ele></trkpt><trkpt lat="46.53860157351473" lon="9.658545564768257"><ele>2218.9</ele></trkpt><trkpt lat="46.53864557351305" lon="9.658586564765768"><ele>2218.9</ele></trkpt><trkpt lat="46.53866257345361" lon="9.65862656470341"><ele>2219.2</ele></trkpt><trkpt lat="46.538689573374015" lon="9.658666564620926"><ele>2219.6</ele></trkpt><trkpt lat="46.53870657323608" lon="9.658719564477718"><ele>2220.3</ele></trkpt><trkpt lat="46.53874157313651" lon="9.658747564375739"><ele>2220.8</ele></trkpt><trkpt lat="46.53881057276097" lon="9.658880563987386"><ele>2222.7</ele></trkpt><trkpt lat="46.53881957262324" lon="9.658919563844963"><ele>2223.4</ele></trkpt><trkpt lat="46.538862572386016" lon="9.658999563599892"><ele>2224.6</ele></trkpt><trkpt lat="46.538879572228495" lon="9.65907856343527"><ele>2225.4</ele></trkpt><trkpt lat="46.538887572169315" lon="9.659105563373657"><ele>2225.7</ele></trkpt><trkpt lat="46.53890557203115" lon="9.659132563231777"><ele>2226.4</ele></trkpt><trkpt lat="46.53893957195143" lon="9.659185563148547"><ele>2226.8</ele></trkpt><trkpt lat="46.53897457159662" lon="9.65925256278392"><ele>2228.6</ele></trkpt><trkpt lat="46.53899157139971" lon="9.65930556258055"><ele>2229.6</ele></trkpt><trkpt lat="46.53901757124165" lon="9.659358562417191"><ele>2230.4</ele></trkpt><trkpt lat="46.539061570965146" lon="9.659438562131985"><ele>2231.8</ele></trkpt><trkpt lat="46.539077570748596" lon="9.659491561908567"><ele>2232.9</ele></trkpt><trkpt lat="46.539094570532086" lon="9.659557561684455"><ele>2234.0</ele></trkpt><trkpt lat="46.53912057029543" lon="9.659597561441576"><ele>2235.2</ele></trkpt><trkpt lat="46.539129570177224" lon="9.65961056132053"><ele>2235.8</ele></trkpt><trkpt lat="46.53913757005921" lon="9.659650561198088"><ele>2236.4</ele></trkpt><trkpt lat="46.53914656992143" lon="9.659676561056315"><ele>2237.1</ele></trkpt><trkpt lat="46.539145569803686" lon="9.659702560934676"><ele>2237.7</ele></trkpt><trkpt lat="46.53919756925199" lon="9.65982256036661"><ele>2240.5</ele></trkpt><trkpt lat="46.539213568819484" lon="9.659914559920594"><ele>2242.7</ele></trkpt><trkpt lat="46.53926356795394" lon="9.660137559026328"><ele>2247.1</ele></trkpt><trkpt lat="46.53925256748335" lon="9.660241558539783"><ele>2249.5</ele></trkpt><trkpt lat="46.5392785672271" lon="9.660294558276133"><ele>2250.8</ele></trkpt><trkpt lat="46.53928456673618" lon="9.66041255776864"><ele>2253.3</ele></trkpt><trkpt lat="46.53931956632257" lon="9.660505557342399"><ele>2255.4</ele></trkpt><trkpt lat="46.539352565732365" lon="9.66062455673434"><ele>2258.4</ele></trkpt><trkpt lat="46.539404565219776" lon="9.660717556207675"><ele>2261.0</ele></trkpt><trkpt lat="46.53942056447321" lon="9.660861555438009"><ele>2264.8</ele></trkpt><trkpt lat="46.53945456413812" lon="9.660928555093305"><ele>2266.5</ele></trkpt><trkpt lat="46.53944456388334" lon="9.660993554829288"><ele>2267.8</ele></trkpt><trkpt lat="46.539452563706426" lon="9.661032554646695"><ele>2268.7</ele></trkpt><trkpt lat="46.53946156362751" lon="9.66104555456572"><ele>2269.1</ele></trkpt><trkpt lat="46.53947956364646" lon="9.661059554584876"><ele>2269.0</ele></trkpt><trkpt lat="46.539487563705144" lon="9.661086554643532"><ele>2268.7</ele></trkpt><trkpt lat="46.53951456378251" lon="9.661074554724136"><ele>2268.3</ele></trkpt><trkpt lat="46.539577563504906" lon="9.661076554442769"><ele>2269.7</ele></trkpt><trkpt lat="46.53959656340586" lon="9.661064554342987"><ele>2270.2</ele></trkpt><trkpt lat="46.5396505629714" lon="9.66106655390128"><ele>2272.4</ele></trkpt><trkpt lat="46.539686562773475" lon="9.661068553700357"><ele>2273.4</ele></trkpt><trkpt lat="46.53969556267488" lon="9.661068553600021"><ele>2273.9</ele></trkpt><trkpt lat="46.5397125625367" lon="9.661082553458767"><ele>2274.6</ele></trkpt><trkpt lat="46.53975856237755" lon="9.661058553299238"><ele>2275.4</ele></trkpt><trkpt lat="46.53979356214045" lon="9.661085553056884"><ele>2276.6</ele></trkpt><trkpt lat="46.539802562061475" lon="9.661072552977291"><ele>2277.0</ele></trkpt><trkpt lat="46.53983856184391" lon="9.661087552755617"><ele>2278.1</ele></trkpt><trkpt lat="46.53989156152757" lon="9.661141552431461"><ele>2279.7</ele></trkpt><trkpt lat="46.53991856136934" lon="9.661155552270067"><ele>2280.5</ele></trkpt><trkpt lat="46.53994456109341" lon="9.66119655198694"><ele>2281.9</ele></trkpt><trkpt lat="46.53999856083578" lon="9.661211551724998"><ele>2283.2</ele></trkpt><trkpt lat="46.54001656071714" lon="9.66119955160517"><ele>2283.8</ele></trkpt><trkpt lat="46.54005256049953" lon="9.661200551384235"><ele>2284.9</ele></trkpt><trkpt lat="46.54007056045953" lon="9.661214551343226"><ele>2285.1</ele></trkpt><trkpt lat="46.540087560321325" lon="9.66122855120197"><ele>2285.8</ele></trkpt><trkpt lat="46.54012356002526" lon="9.661255550899444"><ele>2287.3</ele></trkpt><trkpt lat="46.54015955978801" lon="9.661257550658398"><ele>2288.5</ele></trkpt><trkpt lat="46.54018555959059" lon="9.661284550456212"><ele>2289.5</ele></trkpt><trkpt lat="46.540212559510834" lon="9.661285550375716"><ele>2289.9</ele></trkpt><trkpt lat="46.54025755921431" lon="9.661300550073742"><ele>2291.4</ele></trkpt><trkpt lat="46.54027555913501" lon="9.661301549993322"><ele>2291.8</ele></trkpt><trkpt lat="46.54030255899632" lon="9.661302549852671"><ele>2292.5</ele></trkpt><trkpt lat="46.540320558897314" lon="9.66128954975295"><ele>2293.0</ele></trkpt><trkpt lat="46.540347558719375" lon="9.661290549572199"><ele>2293.9</ele></trkpt><trkpt lat="46.54036555856148" lon="9.661291549411564"><ele>2294.7</ele></trkpt><trkpt lat="46.54038355846247" lon="9.6612925493111"><ele>2295.2</ele></trkpt><trkpt lat="46.54043755814597" lon="9.661320548988295"><ele>2296.8</ele></trkpt><trkpt lat="46.54047355798729" lon="9.661322548827458"><ele>2297.6</ele></trkpt><trkpt lat="46.54049155788826" lon="9.661309548727738"><ele>2298.1</ele></trkpt><trkpt lat="46.54051855773" lon="9.661324548566276"><ele>2298.9</ele></trkpt><trkpt lat="46.54054455761109" lon="9.661338548444986"><ele>2299.5</ele></trkpt><trkpt lat="46.54056255757103" lon="9.661338548404725"><ele>2299.7</ele></trkpt><trkpt lat="46.540634557194814" lon="9.661367548021545"><ele>2301.6</ele></trkpt><trkpt lat="46.54064255707666" lon="9.661381547900413"><ele>2302.2</ele></trkpt><trkpt lat="46.54067855693765" lon="9.661395547758978"><ele>2302.9</ele></trkpt><trkpt lat="46.54069655687795" lon="9.661396547698606"><ele>2303.2</ele></trkpt><trkpt lat="46.540706556897035" lon="9.66135754772067"><ele>2303.1</ele></trkpt><trkpt lat="46.540715556818014" lon="9.661345547641028"><ele>2303.5</ele></trkpt><trkpt lat="46.54073355673862" lon="9.661332547561361"><ele>2303.9</ele></trkpt><trkpt lat="46.54075155662" lon="9.661333547440838"><ele>2304.5</ele></trkpt><trkpt lat="46.54076155636407" lon="9.661307547181474"><ele>2305.8</ele></trkpt><trkpt lat="46.54077155618672" lon="9.66126954700297"><ele>2306.7</ele></trkpt><trkpt lat="46.54077155606874" lon="9.661243546884057"><ele>2307.3</ele></trkpt><trkpt lat="46.540789555950056" lon="9.66123054676429"><ele>2307.9</ele></trkpt><trkpt lat="46.54080755585104" lon="9.661231546663817"><ele>2308.4</ele></trkpt><trkpt lat="46.54081655573287" lon="9.661244546542722"><ele>2309.0</ele></trkpt><trkpt lat="46.540825555634285" lon="9.661258546441632"><ele>2309.5</ele></trkpt><trkpt lat="46.54084255535872" lon="9.661298546158598"><ele>2310.9</ele></trkpt><trkpt lat="46.54086055522047" lon="9.661311546017375"><ele>2311.6</ele></trkpt><trkpt lat="46.54094055472593" lon="9.661328545514449"><ele>2314.1</ele></trkpt><trkpt lat="46.54096855458712" lon="9.661303545375187"><ele>2314.8</ele></trkpt><trkpt lat="46.540986554586425" lon="9.661317545374274"><ele>2314.8</ele></trkpt><trkpt lat="46.54100355442856" lon="9.661330545213005"><ele>2315.6</ele></trkpt><trkpt lat="46.54105755411203" lon="9.66134654489083"><ele>2317.2</ele></trkpt><trkpt lat="46.54107555397377" lon="9.661359544749605"><ele>2317.9</ele></trkpt><trkpt lat="46.541093553835545" lon="9.66137354460832"><ele>2318.6</ele></trkpt><trkpt lat="46.541129553657136" lon="9.661362544428126"><ele>2319.5</ele></trkpt><trkpt lat="46.541156553498766" lon="9.661363544267417"><ele>2320.3</ele></trkpt><trkpt lat="46.54121955333896" lon="9.661365544106335"><ele>2321.1</ele></trkpt><trkpt lat="46.541255553219514" lon="9.661367543985595"><ele>2321.7</ele></trkpt><trkpt lat="46.54128255306117" lon="9.661368543824887"><ele>2322.5</ele></trkpt><trkpt lat="46.54130855292258" lon="9.661382543683526"><ele>2323.2</ele></trkpt><trkpt lat="46.54134455270512" lon="9.661423543460412"><ele>2324.3</ele></trkpt><trkpt lat="46.54137955258589" lon="9.66146354333761"><ele>2324.9</ele></trkpt><trkpt lat="46.541450552327596" lon="9.661505543074018"><ele>2326.2</ele></trkpt><trkpt lat="46.541513552226725" lon="9.66152154297233"><ele>2326.7</ele></trkpt><trkpt lat="46.54155755220534" lon="9.661562542949653"><ele>2326.8</ele></trkpt><trkpt lat="46.54158455212555" lon="9.661563542869148"><ele>2327.2</ele></trkpt><trkpt lat="46.541655551985116" lon="9.661592542726572"><ele>2327.9</ele></trkpt><trkpt lat="46.541726551726825" lon="9.661634542462977"><ele>2329.2</ele></trkpt><trkpt lat="46.54173555166753" lon="9.661647542402026"><ele>2329.5</ele></trkpt><trkpt lat="46.54175355162747" lon="9.661648542361707"><ele>2329.7</ele></trkpt><trkpt lat="46.541798551448835" lon="9.661676542179308"><ele>2330.6</ele></trkpt><trkpt lat="46.541850551230695" lon="9.661743541954609"><ele>2331.7</ele></trkpt><trkpt lat="46.54188555120968" lon="9.661784541932013"><ele>2331.8</ele></trkpt><trkpt lat="46.54192155112962" lon="9.661799541850659"><ele>2332.2</ele></trkpt><trkpt lat="46.541975551088015" lon="9.661801541809966"><ele>2332.4</ele></trkpt><trkpt lat="46.54198555104821" lon="9.661775541771187"><ele>2332.6</ele></trkpt><trkpt lat="46.542031551006716" lon="9.661725541733398"><ele>2332.8</ele></trkpt><trkpt lat="46.542031550928016" lon="9.6616995416546"><ele>2333.2</ele></trkpt><trkpt lat="46.542032550829646" lon="9.661673541555746"><ele>2333.7</ele></trkpt><trkpt lat="46.542041550750625" lon="9.66166054147616"><ele>2334.1</ele></trkpt><trkpt lat="46.54207655065097" lon="9.661688541374057"><ele>2334.6</ele></trkpt><trkpt lat="46.54213955047151" lon="9.66171654119149"><ele>2335.5</ele></trkpt><trkpt lat="46.5421475504516" lon="9.661730541170602"><ele>2335.6</ele></trkpt><trkpt lat="46.54215655033336" lon="9.661743541049495"><ele>2336.2</ele></trkpt><trkpt lat="46.54215555007826" lon="9.661821540784548"><ele>2337.5</ele></trkpt><trkpt lat="46.542181549939784" lon="9.661861540641757"><ele>2338.2</ele></trkpt><trkpt lat="46.542190549841216" lon="9.661875540540638"><ele>2338.7</ele></trkpt><trkpt lat="46.54221654964366" lon="9.661889540339107"><ele>2339.7</ele></trkpt><trkpt lat="46.54225354948481" lon="9.661877540179004"><ele>2340.5</ele></trkpt><trkpt lat="46.54228954934574" lon="9.661879540038196"><ele>2341.2</ele></trkpt><trkpt lat="46.5423435491862" lon="9.661868539877892"><ele>2342.0</ele></trkpt><trkpt lat="46.54240654894766" lon="9.661858539637233"><ele>2343.2</ele></trkpt><trkpt lat="46.54252354870676" lon="9.661849539396037"><ele>2344.4</ele></trkpt><trkpt lat="46.54260354858552" lon="9.66187953927336"><ele>2345.0</ele></trkpt><trkpt lat="46.54263954850546" lon="9.661906539191342"><ele>2345.4</ele></trkpt><trkpt lat="46.542755548343365" lon="9.661937539028177"><ele>2346.2</ele></trkpt><trkpt lat="46.54279254826309" lon="9.661913538948944"><ele>2346.6</ele></trkpt><trkpt lat="46.5428465482411" lon="9.661915538928302"><ele>2346.7</ele></trkpt><trkpt lat="46.54295354815807" lon="9.661971538844055"><ele>2347.1</ele></trkpt><trkpt lat="46.54306854799621" lon="9.662054538678044"><ele>2347.9</ele></trkpt><trkpt lat="46.54311254799451" lon="9.662108538674687"><ele>2347.9</ele></trkpt><trkpt lat="46.54313954793439" lon="9.662109538614228"><ele>2348.2</ele></trkpt><trkpt lat="46.54317554789359" lon="9.662124538572973"><ele>2348.4</ele></trkpt><trkpt lat="46.543219547832905" lon="9.662165538510164"><ele>2348.7</ele></trkpt><trkpt lat="46.5432455477729" lon="9.66219253844829"><ele>2349.0</ele></trkpt><trkpt lat="46.543262547733086" lon="9.662245538405113"><ele>2349.2</ele></trkpt><trkpt lat="46.543279547673556" lon="9.662285538342603"><ele>2349.5</ele></trkpt><trkpt lat="46.54332454749491" lon="9.662326538159453"><ele>2350.4</ele></trkpt><trkpt lat="46.54335054737601" lon="9.662366538036695"><ele>2351.0</ele></trkpt><trkpt lat="46.54338654729585" lon="9.662367537956099"><ele>2351.4</ele></trkpt><trkpt lat="46.543413547098105" lon="9.662342537756672"><ele>2352.4</ele></trkpt><trkpt lat="46.54344954699832" lon="9.66235753765525"><ele>2352.9</ele></trkpt><trkpt lat="46.543485546819994" lon="9.662384537472946"><ele>2353.8</ele></trkpt><trkpt lat="46.5435115467404" lon="9.662412537390955"><ele>2354.2</ele></trkpt><trkpt lat="46.543547546679946" lon="9.662426537329692"><ele>2354.5</ele></trkpt><trkpt lat="46.54359254650113" lon="9.66242853714868"><ele>2355.4</ele></trkpt><trkpt lat="46.54361954636241" lon="9.662429537007997"><ele>2356.1</ele></trkpt><trkpt lat="46.543735545846566" lon="9.662460536483808"><ele>2358.7</ele></trkpt><trkpt lat="46.54384054537093" lon="9.662595535994086"><ele>2361.1</ele></trkpt><trkpt lat="46.54386754523228" lon="9.662635535851237"><ele>2361.8</ele></trkpt><trkpt lat="46.54392854497449" lon="9.662703535586212"><ele>2363.1</ele></trkpt><trkpt lat="46.543954544835906" lon="9.662743535443369"><ele>2363.8</ele></trkpt><trkpt lat="46.54402554451876" lon="9.662837535116639"><ele>2365.4</ele></trkpt><trkpt lat="46.544077544241645" lon="9.662904534831673"><ele>2366.8</ele></trkpt><trkpt lat="46.544095544162424" lon="9.662944534749068"><ele>2367.2</ele></trkpt><trkpt lat="46.54411254404387" lon="9.662971534627081"><ele>2367.8</ele></trkpt><trkpt lat="46.54417354372711" lon="9.663052534301137"><ele>2369.4</ele></trkpt><trkpt lat="46.54432454311177" lon="9.663175533671188"><ele>2372.5</ele></trkpt><trkpt lat="46.544368542972464" lon="9.663229533527392"><ele>2373.2</ele></trkpt><trkpt lat="46.544394542853674" lon="9.663283533403813"><ele>2373.8</ele></trkpt><trkpt lat="46.54441954269566" lon="9.663362533238747"><ele>2374.6</ele></trkpt><trkpt lat="46.544497542240826" lon="9.663522532767821"><ele>2376.9</ele></trkpt><trkpt lat="46.54454954184604" lon="9.663654532358848"><ele>2378.9</ele></trkpt><trkpt lat="46.54459354166745" lon="9.66370853217492"><ele>2379.8</ele></trkpt><trkpt lat="46.544645541233095" lon="9.663776531729367"><ele>2382.0</ele></trkpt><trkpt lat="46.54469854072015" lon="9.6638565312029"><ele>2384.6</ele></trkpt><trkpt lat="46.54472354024774" lon="9.663948530716125"><ele>2387.0</ele></trkpt><trkpt lat="46.5448535393389" lon="9.664175529779524"><ele>2391.6</ele></trkpt><trkpt lat="46.544879538905754" lon="9.664268529332771"><ele>2393.8</ele></trkpt><trkpt lat="46.544905538826164" lon="9.664308529250047"><ele>2394.2</ele></trkpt><trkpt lat="46.54492253868795" lon="9.664322529108691"><ele>2394.9</ele></trkpt><trkpt lat="46.544949538549226" lon="9.664349528966513"><ele>2395.6</ele></trkpt><trkpt lat="46.54498453825315" lon="9.664416528661537"><ele>2397.1</ele></trkpt><trkpt lat="46.54499253813496" lon="9.664429528540374"><ele>2397.7</ele></trkpt><trkpt lat="46.54501053805573" lon="9.664469528457724"><ele>2398.1</ele></trkpt><trkpt lat="46.54504553793632" lon="9.664496528335528"><ele>2398.7</ele></trkpt><trkpt lat="46.54505453783782" lon="9.664523528233628"><ele>2399.2</ele></trkpt><trkpt lat="46.54508953769885" lon="9.66456352809064"><ele>2399.9</ele></trkpt><trkpt lat="46.54509753763963" lon="9.664590528028869"><ele>2400.2</ele></trkpt><trkpt lat="46.54513253736314" lon="9.664643527744722"><ele>2401.6</ele></trkpt><trkpt lat="46.5451765371452" lon="9.664684527521345"><ele>2402.7</ele></trkpt><trkpt lat="46.54521153698667" lon="9.664751527356778"><ele>2403.5</ele></trkpt><trkpt lat="46.54524653671015" lon="9.66480552707256"><ele>2404.9</ele></trkpt><trkpt lat="46.54528253657108" lon="9.664819526931012"><ele>2405.6</ele></trkpt><trkpt lat="46.54530853635389" lon="9.664859526707845"><ele>2406.7</ele></trkpt><trkpt lat="46.54534353619529" lon="9.664900526544733"><ele>2407.5</ele></trkpt><trkpt lat="46.54536853603735" lon="9.664992526378828"><ele>2408.3</ele></trkpt><trkpt lat="46.54538653593834" lon="9.665019526276831"><ele>2408.8</ele></trkpt><trkpt lat="46.54540353580011" lon="9.665033526135458"><ele>2409.5</ele></trkpt><trkpt lat="46.54542153564215" lon="9.665060525973269"><ele>2410.3</ele></trkpt><trkpt lat="46.54543853550395" lon="9.665099525830486"><ele>2411.0</ele></trkpt><trkpt lat="46.54544753544465" lon="9.665100525770159"><ele>2411.3</ele></trkpt><trkpt lat="46.54548353514834" lon="9.665127525467373"><ele>2412.8</ele></trkpt><trkpt lat="46.54550953481321" lon="9.665154525124553"><ele>2414.5</ele></trkpt><trkpt lat="46.545526534616116" lon="9.665207524920786"><ele>2415.5</ele></trkpt><trkpt lat="46.54554453449746" lon="9.665221524799453"><ele>2416.1</ele></trkpt><trkpt lat="46.545571534240814" lon="9.665235524537604"><ele>2417.4</ele></trkpt><trkpt lat="46.54560653386593" lon="9.66526352415451"><ele>2419.3</ele></trkpt><trkpt lat="46.54565053356937" lon="9.665304523850848"><ele>2420.8</ele></trkpt><trkpt lat="46.54569553321358" lon="9.665319523488456"><ele>2422.6</ele></trkpt><trkpt lat="46.54569453317448" lon="9.665345523446868"><ele>2422.8</ele></trkpt><trkpt lat="46.5457035331152" lon="9.665371523385122"><ele>2423.1</ele></trkpt><trkpt lat="46.545712532996944" lon="9.665385523263874"><ele>2423.7</ele></trkpt><trkpt lat="46.54572053287877" lon="9.665411523141946"><ele>2424.3</ele></trkpt><trkpt lat="46.54573853274041" lon="9.665412523001287"><ele>2425.0</ele></trkpt><trkpt lat="46.54575653260214" lon="9.665439522859149"><ele>2425.7</ele></trkpt><trkpt lat="46.545782532267005" lon="9.665479522515566"><ele>2427.4</ele></trkpt><trkpt lat="46.54579053212922" lon="9.665505522373577"><ele>2428.1</ele></trkpt><trkpt lat="46.54580853195155" lon="9.665519522192051"><ele>2429.0</ele></trkpt><trkpt lat="46.545825531734714" lon="9.665546521969665"><ele>2430.1</ele></trkpt><trkpt lat="46.54583453161637" lon="9.665546521849203"><ele>2430.7</ele></trkpt><trkpt lat="46.54586253139879" lon="9.665508521630409"><ele>2431.8</ele></trkpt><trkpt lat="46.5458715312804" lon="9.665495521510682"><ele>2432.4</ele></trkpt><trkpt lat="46.545872531221335" lon="9.665469521451962"><ele>2432.7</ele></trkpt><trkpt lat="46.54588153106362" lon="9.665457521292062"><ele>2433.5</ele></trkpt><trkpt lat="46.54589153084678" lon="9.665418521073498"><ele>2434.6</ele></trkpt><trkpt lat="46.54591853074734" lon="9.665419520972875"><ele>2435.1</ele></trkpt><trkpt lat="46.54595453035269" lon="9.665421520571174"><ele>2437.1</ele></trkpt><trkpt lat="46.54598153017458" lon="9.665422520390297"><ele>2438.0</ele></trkpt><trkpt lat="46.54599053009546" lon="9.665396520311447"><ele>2438.4</ele></trkpt><trkpt lat="46.546001529799916" lon="9.665331520014112"><ele>2439.9</ele></trkpt><trkpt lat="46.54599252964291" lon="9.665292519855921"><ele>2440.7</ele></trkpt><trkpt lat="46.54600252944577" lon="9.665253519657428"><ele>2441.7</ele></trkpt><trkpt lat="46.54602152920893" lon="9.665215519418675"><ele>2442.9</ele></trkpt><trkpt lat="46.54603152905109" lon="9.665176519260312"><ele>2443.7</ele></trkpt><trkpt lat="46.546040528972036" lon="9.665163519180723"><ele>2444.1</ele></trkpt><trkpt lat="46.546076528754185" lon="9.66516551895959"><ele>2445.2</ele></trkpt><trkpt lat="46.546103528635065" lon="9.665166518838907"><ele>2445.8</ele></trkpt><trkpt lat="46.54612152853604" lon="9.665180518737627"><ele>2446.3</ele></trkpt><trkpt lat="46.54614852835793" lon="9.665181518556757"><ele>2447.2</ele></trkpt><trkpt lat="46.54616552818048" lon="9.665221518373748"><ele>2448.1</ele></trkpt><trkpt lat="46.546183528120686" lon="9.665221518313395"><ele>2448.4</ele></trkpt><trkpt lat="46.54620952798203" lon="9.665249518171114"><ele>2449.1</ele></trkpt><trkpt lat="46.546254527822825" lon="9.66526351800939"><ele>2449.9</ele></trkpt><trkpt lat="46.546290527683674" lon="9.665278517867756"><ele>2450.6</ele></trkpt><trkpt lat="46.54633552756372" lon="9.665280517746853"><ele>2451.2</ele></trkpt><trkpt lat="46.54638952736468" lon="9.665269517546353"><ele>2452.2</ele></trkpt><trkpt lat="46.54644352722467" lon="9.665271517405293"><ele>2452.9</ele></trkpt><trkpt lat="46.546479527203346" lon="9.66526051738553"><ele>2453.0</ele></trkpt><trkpt lat="46.54650652730033" lon="9.665248517486281"><ele>2452.5</ele></trkpt><trkpt lat="46.546551527455584" lon="9.665263517645498"><ele>2451.7</ele></trkpt><trkpt lat="46.54656952753332" lon="9.665250517726324"><ele>2451.3</ele></trkpt><trkpt lat="46.54666952792178" lon="9.66522851812791"><ele>2449.3</ele></trkpt><trkpt lat="46.54670552803803" lon="9.665217518248578"><ele>2448.7</ele></trkpt><trkpt lat="46.54671452813587" lon="9.665204518349553"><ele>2448.2</ele></trkpt><trkpt lat="46.54673252817432" lon="9.665192518390198"><ele>2448.0</ele></trkpt><trkpt lat="46.546742528173816" lon="9.665179518390847"><ele>2448.0</ele></trkpt><trkpt lat="46.54676052827122" lon="9.66516751849168"><ele>2447.5</ele></trkpt><trkpt lat="46.546769528270765" lon="9.665154518492342"><ele>2447.5</ele></trkpt><trkpt lat="46.546796528328514" lon="9.66515551855222"><ele>2447.2</ele></trkpt><trkpt lat="46.546796528328514" lon="9.66515551855222"><ele>2447.2</ele></trkpt><trkpt lat="46.54684152844443" lon="9.66515751867206"><ele>2446.6</ele></trkpt><trkpt lat="46.54685052848331" lon="9.665157518712103"><ele>2446.4</ele></trkpt><trkpt lat="46.546877528521414" lon="9.665146518752607"><ele>2446.2</ele></trkpt><trkpt lat="46.54691352857875" lon="9.66516051881166"><ele>2445.9</ele></trkpt><trkpt lat="46.54694052861679" lon="9.66514851885222"><ele>2445.7</ele></trkpt><trkpt lat="46.546949528675285" lon="9.665135518913065"><ele>2445.4</ele></trkpt><trkpt lat="46.54697752875266" lon="9.665124518993686"><ele>2445.0</ele></trkpt><trkpt lat="46.546977528752606" lon="9.665111518994433"><ele>2445.0</ele></trkpt><trkpt lat="46.54699552875176" lon="9.665111518994264"><ele>2445.0</ele></trkpt><trkpt lat="46.54701352873119" lon="9.66508651897546"><ele>2445.1</ele></trkpt><trkpt lat="46.5470325287105" lon="9.665048518957397"><ele>2445.2</ele></trkpt><trkpt lat="46.547060528748446" lon="9.66502351899869"><ele>2445.0</ele></trkpt><trkpt lat="46.54709652878601" lon="9.664985519040654"><ele>2444.8</ele></trkpt><trkpt lat="46.547124528882925" lon="9.66496051914213"><ele>2444.3</ele></trkpt><trkpt lat="46.547169528998744" lon="9.66493651926346"><ele>2443.7</ele></trkpt><trkpt lat="46.54718752901754" lon="9.664924519284039"><ele>2443.6</ele></trkpt><trkpt lat="46.547242529132845" lon="9.664887519406017"><ele>2443.0</ele></trkpt><trkpt lat="46.547324529227225" lon="9.664838519508363"><ele>2442.5</ele></trkpt><trkpt lat="46.547361529343355" lon="9.664800519630566"><ele>2441.9</ele></trkpt><trkpt lat="46.54741552943906" lon="9.664776519731745"><ele>2441.4</ele></trkpt><trkpt lat="46.547470529613435" lon="9.664766519912357"><ele>2440.5</ele></trkpt><trkpt lat="46.54749752965144" lon="9.664741519953656"><ele>2440.3</ele></trkpt><trkpt lat="46.5475165296505" lon="9.664715519954967"><ele>2440.3</ele></trkpt><trkpt lat="46.547525529689345" lon="9.664703519995692"><ele>2440.1</ele></trkpt><trkpt lat="46.547552529688126" lon="9.664704519995382"><ele>2440.1</ele></trkpt><trkpt lat="46.547579529726185" lon="9.664692520035944"><ele>2439.9</ele></trkpt><trkpt lat="46.547633529841754" lon="9.664707520154955"><ele>2439.3</ele></trkpt><trkpt lat="46.5476515298213" lon="9.664708520134672"><ele>2439.4</ele></trkpt><trkpt lat="46.54766852984026" lon="9.664735520153034"><ele>2439.3</ele></trkpt><trkpt lat="46.54767752987928" lon="9.664761520191592"><ele>2439.1</ele></trkpt><trkpt lat="46.54769452991791" lon="9.664775520230757"><ele>2438.9</ele></trkpt><trkpt lat="46.547712529917185" lon="9.664802520229047"><ele>2438.9</ele></trkpt><trkpt lat="46.547730529877136" lon="9.66481552018802"><ele>2439.1</ele></trkpt><trkpt lat="46.54776652961998" lon="9.664817519926766"><ele>2440.4</ele></trkpt><trkpt lat="46.547774529541" lon="9.6648305198457"><ele>2440.8</ele></trkpt><trkpt lat="46.547800529461384" lon="9.664871519762869"><ele>2441.2</ele></trkpt><trkpt lat="46.54781752942151" lon="9.664923519719617"><ele>2441.4</ele></trkpt><trkpt lat="46.547879529458356" lon="9.66500451975454"><ele>2441.2</ele></trkpt><trkpt lat="46.54790552959494" lon="9.6650315198932"><ele>2440.5</ele></trkpt><trkpt lat="46.54800352970867" lon="9.665101520008669"><ele>2439.9</ele></trkpt><trkpt lat="46.54806552964703" lon="9.665129519946309"><ele>2440.2</ele></trkpt><trkpt lat="46.5480925296655" lon="9.66514351996532"><ele>2440.1</ele></trkpt><trkpt lat="46.548146529663086" lon="9.66514651996465"><ele>2440.1</ele></trkpt><trkpt lat="46.548199529641174" lon="9.665174519942495"><ele>2440.2</ele></trkpt><trkpt lat="46.548244529599884" lon="9.665189519901094"><ele>2440.4</ele></trkpt><trkpt lat="46.54828052955892" lon="9.66519051986058"><ele>2440.6</ele></trkpt><trkpt lat="46.54834352949711" lon="9.665180519800378"><ele>2440.9</ele></trkpt><trkpt lat="46.548415529493845" lon="9.665183519799536"><ele>2440.9</ele></trkpt><trkpt lat="46.54845152953156" lon="9.665184519839276"><ele>2440.7</ele></trkpt><trkpt lat="46.548505529588056" lon="9.665173519899591"><ele>2440.4</ele></trkpt><trkpt lat="46.548569529663766" lon="9.66516351997982"><ele>2440.0</ele></trkpt><trkpt lat="46.54860552974073" lon="9.665164520059681"><ele>2439.6</ele></trkpt><trkpt lat="46.548677529875086" lon="9.66515452020003"><ele>2438.9</ele></trkpt><trkpt lat="46.54874052999025" lon="9.66515752031965"><ele>2438.3</ele></trkpt><trkpt lat="46.54877653004747" lon="9.665132520380931"><ele>2438.0</ele></trkpt><trkpt lat="46.548858530161645" lon="9.665110520501807"><ele>2437.4</ele></trkpt><trkpt lat="46.54897553041178" lon="9.665075520763539"><ele>2436.1</ele></trkpt><trkpt lat="46.54909353087813" lon="9.6650415212459"><ele>2433.7</ele></trkpt><trkpt lat="46.54914753113124" lon="9.665030521506843"><ele>2432.4</ele></trkpt><trkpt lat="46.54919253138476" lon="9.665019521767878"><ele>2431.1</ele></trkpt><trkpt lat="46.54921053146265" lon="9.665033521847166"><ele>2430.7</ele></trkpt><trkpt lat="46.54921053156107" lon="9.665059521946008"><ele>2430.2</ele></trkpt><trkpt lat="46.5492275316587" lon="9.66508652204463"><ele>2429.7</ele></trkpt><trkpt lat="46.54924553177585" lon="9.665086522164842"><ele>2429.1</ele></trkpt><trkpt lat="46.5492555318736" lon="9.665061522266486"><ele>2428.6</ele></trkpt><trkpt lat="46.549291532068516" lon="9.66503652246821"><ele>2427.6</ele></trkpt><trkpt lat="46.54930853218586" lon="9.66507652258616"><ele>2427.0</ele></trkpt><trkpt lat="46.54932653226373" lon="9.665090522665452"><ele>2426.6</ele></trkpt><trkpt lat="46.549353532301815" lon="9.66507852270601"><ele>2426.4</ele></trkpt><trkpt lat="46.549390532378624" lon="9.665040522788074"><ele>2426.0</ele></trkpt><trkpt lat="46.54944453243509" lon="9.665016522849132"><ele>2425.7</ele></trkpt><trkpt lat="46.54947253251239" lon="9.664991522930544"><ele>2425.3</ele></trkpt><trkpt lat="46.54949953260943" lon="9.664980523031236"><ele>2424.8</ele></trkpt><trkpt lat="46.54952753268662" lon="9.664929523114123"><ele>2424.4</ele></trkpt><trkpt lat="46.54958153278246" lon="9.664918523214563"><ele>2423.9</ele></trkpt><trkpt lat="46.54960053282087" lon="9.664905523255253"><ele>2423.7</ele></trkpt><trkpt lat="46.5497555327349" lon="9.66480752317913"><ele>2424.1</ele></trkpt><trkpt lat="46.54980953277164" lon="9.664771523220793"><ele>2423.9</ele></trkpt><trkpt lat="46.5498825328861" lon="9.664721523343335"><ele>2423.3</ele></trkpt><trkpt lat="46.54992753288414" lon="9.664723523342802"><ele>2423.3</ele></trkpt><trkpt lat="46.54995553292212" lon="9.66469852338409"><ele>2423.1</ele></trkpt><trkpt lat="46.54999153295981" lon="9.66470052342377"><ele>2422.9</ele></trkpt><trkpt lat="46.55002753309576" lon="9.664675523565293"><ele>2422.2</ele></trkpt><trkpt lat="46.55002753315469" lon="9.664662523626214"><ele>2421.9</ele></trkpt><trkpt lat="46.550055533271255" lon="9.664624523748486"><ele>2421.3</ele></trkpt><trkpt lat="46.550074533211315" lon="9.66459952368954"><ele>2421.6</ele></trkpt><trkpt lat="46.55011053317027" lon="9.664574523650499"><ele>2421.8</ele></trkpt><trkpt lat="46.55015553320757" lon="9.664576523690094"><ele>2421.6</ele></trkpt><trkpt lat="46.55017353318709" lon="9.664564523670544"><ele>2421.7</ele></trkpt><trkpt lat="46.55018353314721" lon="9.664538523631803"><ele>2421.9</ele></trkpt><trkpt lat="46.55021153308666" lon="9.664461523575723"><ele>2422.2</ele></trkpt><trkpt lat="46.55023053304643" lon="9.664449523536103"><ele>2422.4</ele></trkpt><trkpt lat="46.55024853304562" lon="9.66443652353667"><ele>2422.4</ele></trkpt><trkpt lat="46.550266533044805" lon="9.664437523536453"><ele>2422.4</ele></trkpt><trkpt lat="46.55028553316166" lon="9.66437352366027"><ele>2421.8</ele></trkpt><trkpt lat="46.5503135332978" lon="9.664309523804073"><ele>2421.1</ele></trkpt><trkpt lat="46.55035153341379" lon="9.664245523927715"><ele>2420.5</ele></trkpt><trkpt lat="46.55040553364714" lon="9.664195524170788"><ele>2419.3</ele></trkpt><trkpt lat="46.55044253376322" lon="9.664144524293702"><ele>2418.7</ele></trkpt><trkpt lat="46.550478533840305" lon="9.664146524373507"><ele>2418.3</ele></trkpt><trkpt lat="46.55053353385735" lon="9.664109524395158"><ele>2418.2</ele></trkpt><trkpt lat="46.550588533776015" lon="9.664046524317964"><ele>2418.6</ele></trkpt><trkpt lat="46.550607533716025" lon="9.664021524259022"><ele>2418.9</ele></trkpt><trkpt lat="46.55069953341662" lon="9.66392052396297"><ele>2420.4</ele></trkpt><trkpt lat="46.55072653335635" lon="9.663908523903215"><ele>2420.7</ele></trkpt><trkpt lat="46.55077253329516" lon="9.663871523844703"><ele>2421.0</ele></trkpt><trkpt lat="46.55080053321513" lon="9.663833523766357"><ele>2421.4</ele></trkpt><trkpt lat="46.55085553317302" lon="9.663757523730036"><ele>2421.6</ele></trkpt><trkpt lat="46.55091053315075" lon="9.66372052371156"><ele>2421.7</ele></trkpt><trkpt lat="46.550937533110115" lon="9.663695523672605"><ele>2421.9</ele></trkpt><trkpt lat="46.55099253304852" lon="9.663658523614014"><ele>2422.2</ele></trkpt><trkpt lat="46.55103853302657" lon="9.663608523596361"><ele>2422.3</ele></trkpt><trkpt lat="46.551065532986016" lon="9.663596523556668"><ele>2422.5</ele></trkpt><trkpt lat="46.55111153296423" lon="9.663572523537546"><ele>2422.6</ele></trkpt><trkpt lat="46.55119353303895" lon="9.663510523620547"><ele>2422.2</ele></trkpt><trkpt lat="46.55121253307724" lon="9.663472523662644"><ele>2422.0</ele></trkpt><trkpt lat="46.551267533015526" lon="9.663396523606266"><ele>2422.3</ele></trkpt><trkpt lat="46.55131353293457" lon="9.663345523528488"><ele>2422.7</ele></trkpt><trkpt lat="46.551341532952875" lon="9.663307523550442"><ele>2422.6</ele></trkpt><trkpt lat="46.551369533049744" lon="9.663256523653377"><ele>2422.1</ele></trkpt><trkpt lat="46.55145153324248" lon="9.66319552385667"><ele>2421.1</ele></trkpt><trkpt lat="46.55147953335898" lon="9.663143523979716"><ele>2420.5</ele></trkpt><trkpt lat="46.55149753339744" lon="9.663118524021085"><ele>2420.3</ele></trkpt><trkpt lat="46.551534533474324" lon="9.663094524102338"><ele>2419.9</ele></trkpt><trkpt lat="46.55157053343327" lon="9.663069524063303"><ele>2420.1</ele></trkpt><trkpt lat="46.55159853343199" lon="9.66305752406373"><ele>2420.1</ele></trkpt><trkpt lat="46.55162653345022" lon="9.663006524086413"><ele>2420.0</ele></trkpt><trkpt lat="46.551654533527284" lon="9.662929524170755"><ele>2419.6</ele></trkpt><trkpt lat="46.55168253348654" lon="9.662891524132524"><ele>2419.8</ele></trkpt><trkpt lat="46.551691533466375" lon="9.662865524113855"><ele>2419.9</ele></trkpt><trkpt lat="46.551756533207524" lon="9.662777523857473"><ele>2421.2</ele></trkpt><trkpt lat="46.55176653320694" lon="9.66275152385885"><ele>2421.2</ele></trkpt><trkpt lat="46.55181253302754" lon="9.662662523682942"><ele>2422.1</ele></trkpt><trkpt lat="46.55184053286888" lon="9.662637523523632"><ele>2422.9</ele></trkpt><trkpt lat="46.55188653265027" lon="9.662573523306193"><ele>2424.0</ele></trkpt><trkpt lat="46.55190553253125" lon="9.662535523187822"><ele>2424.6</ele></trkpt><trkpt lat="46.55196953215448" lon="9.662472522809699"><ele>2426.5</ele></trkpt><trkpt lat="46.55200653193632" lon="9.662409522592295"><ele>2427.6</ele></trkpt><trkpt lat="46.55205353169787" lon="9.6623455223548"><ele>2428.8</ele></trkpt><trkpt lat="46.55209853140083" lon="9.662321522054881"><ele>2430.3</ele></trkpt><trkpt lat="46.55212553124216" lon="9.662296521895593"><ele>2431.1</ele></trkpt><trkpt lat="46.55216253104382" lon="9.662285521695297"><ele>2432.1</ele></trkpt><trkpt lat="46.552217530923066" lon="9.662209521578767"><ele>2432.7</ele></trkpt><trkpt lat="46.55224553072502" lon="9.662184521379356"><ele>2433.7</ele></trkpt><trkpt lat="46.55228153052658" lon="9.66214652118061"><ele>2434.7</ele></trkpt><trkpt lat="46.55230053038804" lon="9.662134521040718"><ele>2435.4</ele></trkpt><trkpt lat="46.55233753032714" lon="9.662070520983848"><ele>2435.7</ele></trkpt><trkpt lat="46.55235553020826" lon="9.662058520864022"><ele>2436.3</ele></trkpt><trkpt lat="46.55239153002958" lon="9.662046520683857"><ele>2437.2</ele></trkpt><trkpt lat="46.55242852987038" lon="9.661995520525963"><ele>2438.0</ele></trkpt><trkpt lat="46.5524565297706" lon="9.66194452042833"><ele>2438.5</ele></trkpt><trkpt lat="46.55252152953139" lon="9.661869520191324"><ele>2439.7</ele></trkpt><trkpt lat="46.552568529332255" lon="9.661779519995456"><ele>2440.7</ele></trkpt><trkpt lat="46.55258652923307" lon="9.661767519895692"><ele>2441.2</ele></trkpt><trkpt lat="46.55263252905376" lon="9.661717519717614"><ele>2442.1</ele></trkpt><trkpt lat="46.55265952895411" lon="9.661692519618509"><ele>2442.6</ele></trkpt><trkpt lat="46.55271452885313" lon="9.661642519520571"><ele>2443.1</ele></trkpt><trkpt lat="46.552751528772596" lon="9.661604519442175"><ele>2443.5</ele></trkpt><trkpt lat="46.552787528574264" lon="9.661593519241904"><ele>2444.5</ele></trkpt><trkpt lat="46.55280652853397" lon="9.661567519203107"><ele>2444.7</ele></trkpt><trkpt lat="46.55284252845365" lon="9.661556519123172"><ele>2445.1</ele></trkpt><trkpt lat="46.552879528432165" lon="9.661518519104947"><ele>2445.2</ele></trkpt><trkpt lat="46.5529155282535" lon="9.66150751892474"><ele>2446.1</ele></trkpt><trkpt lat="46.55297052807379" lon="9.661457518746586"><ele>2447.0</ele></trkpt><trkpt lat="46.553025527815464" lon="9.66142051848746"><ele>2448.3</ele></trkpt><trkpt lat="46.553043527735916" lon="9.661395518408503"><ele>2448.7</ele></trkpt><trkpt lat="46.55308952763531" lon="9.661357518309972"><ele>2449.2</ele></trkpt><trkpt lat="46.55312552755494" lon="9.66133351823079"><ele>2449.6</ele></trkpt><trkpt lat="46.553144527416315" lon="9.661307518091716"><ele>2450.3</ele></trkpt><trkpt lat="46.55317152739528" lon="9.66128251807284"><ele>2450.4</ele></trkpt><trkpt lat="46.553208527255876" lon="9.661258517933481"><ele>2451.1</ele></trkpt><trkpt lat="46.55326252703695" lon="9.661234517713744"><ele>2452.2</ele></trkpt><trkpt lat="46.553317526758995" lon="9.66121051743383"><ele>2453.6</ele></trkpt><trkpt lat="46.5533815265986" lon="9.661161517275604"><ele>2454.4</ele></trkpt><trkpt lat="46.55343652641889" lon="9.661111517097465"><ele>2455.3</ele></trkpt><trkpt lat="46.55348152627896" lon="9.66107351695884"><ele>2456.0</ele></trkpt><trkpt lat="46.55350952617929" lon="9.661048516859744"><ele>2456.5</ele></trkpt><trkpt lat="46.55354552602026" lon="9.66102451670034"><ele>2457.3</ele></trkpt><trkpt lat="46.55363752564201" lon="9.660949516322752"><ele>2459.2</ele></trkpt><trkpt lat="46.553674525561476" lon="9.660899516245061"><ele>2459.6</ele></trkpt><trkpt lat="46.55372952538174" lon="9.660849516066934"><ele>2460.5</ele></trkpt><trkpt lat="46.55377552526143" lon="9.660798515949114"><ele>2461.1</ele></trkpt><trkpt lat="46.553821525141096" lon="9.660748515831234"><ele>2461.7</ele></trkpt><trkpt lat="46.5539495247809" lon="9.660649515474757"><ele>2463.5</ele></trkpt><trkpt lat="46.553994524621324" lon="9.660612515316037"><ele>2464.3</ele></trkpt><trkpt lat="46.554013524600656" lon="9.660573515298058"><ele>2464.4</ele></trkpt><trkpt lat="46.55407752447948" lon="9.660524515179953"><ele>2465.0</ele></trkpt><trkpt lat="46.55413252443739" lon="9.660461515142966"><ele>2465.2</ele></trkpt><trkpt lat="46.554196524414614" lon="9.660411515125197"><ele>2465.3</ele></trkpt><trkpt lat="46.55421452435475" lon="9.660399515065556"><ele>2465.6</ele></trkpt><trkpt lat="46.55426952433244" lon="9.660375515046374"><ele>2465.7</ele></trkpt><trkpt lat="46.55436052436746" lon="9.660314515089148"><ele>2465.5</ele></trkpt><trkpt lat="46.55446952426392" lon="9.660266514990626"><ele>2466.0</ele></trkpt><trkpt lat="46.5545515243582" lon="9.660191515094454"><ele>2465.5</ele></trkpt><trkpt lat="46.554661524333284" lon="9.660130515076888"><ele>2465.6</ele></trkpt><trkpt lat="46.554769524328236" lon="9.660096515077836"><ele>2465.6</ele></trkpt><trkpt lat="46.55481552438504" lon="9.660072515138951"><ele>2465.3</ele></trkpt><trkpt lat="46.55485152442262" lon="9.660047515180162"><ele>2465.1</ele></trkpt><trkpt lat="46.55488752440129" lon="9.660048515159714"><ele>2465.2</ele></trkpt><trkpt lat="46.554969524377825" lon="9.66002651514016"><ele>2465.3</ele></trkpt><trkpt lat="46.55499552435703" lon="9.660040515119054"><ele>2465.4</ele></trkpt><trkpt lat="46.555013524316884" lon="9.660041515078728"><ele>2465.6</ele></trkpt><trkpt lat="46.55505952427525" lon="9.659990515041127"><ele>2465.8</ele></trkpt><trkpt lat="46.55509652427345" lon="9.659966515042164"><ele>2465.8</ele></trkpt><trkpt lat="46.55511452427257" lon="9.659953515042753"><ele>2465.8</ele></trkpt><trkpt lat="46.555205524169914" lon="9.659918514943648"><ele>2466.3</ele></trkpt><trkpt lat="46.55522352412972" lon="9.659906514904065"><ele>2466.5</ele></trkpt><trkpt lat="46.55526852410793" lon="9.659881514885033"><ele>2466.6</ele></trkpt><trkpt lat="46.55535152400544" lon="9.659820514787516"><ele>2467.1</ele></trkpt><trkpt lat="46.55536052400509" lon="9.659820514787432"><ele>2467.1</ele></trkpt><trkpt lat="46.55543252396232" lon="9.659784514748726"><ele>2467.3</ele></trkpt><trkpt lat="46.55552352395804" lon="9.659748514749952"><ele>2467.3</ele></trkpt><trkpt lat="46.555568523975595" lon="9.65973751477022"><ele>2467.2</ele></trkpt><trkpt lat="46.555604524052576" lon="9.659726514850725"><ele>2466.8</ele></trkpt><trkpt lat="46.55565052408978" lon="9.659714514891094"><ele>2466.6</ele></trkpt><trkpt lat="46.55567752410825" lon="9.65971651491078"><ele>2466.5</ele></trkpt><trkpt lat="46.55570452420538" lon="9.659717515010733"><ele>2466.0</ele></trkpt><trkpt lat="46.555748524321444" lon="9.659732515129765"><ele>2465.4</ele></trkpt><trkpt lat="46.55577652443817" lon="9.659720515250514"><ele>2464.8</ele></trkpt><trkpt lat="46.555821524593526" lon="9.659721515410462"><ele>2464.0</ele></trkpt><trkpt lat="46.55593852494227" lon="9.659713515770775"><ele>2462.2</ele></trkpt><trkpt lat="46.55599252513652" lon="9.659702515971432"><ele>2461.2</ele></trkpt><trkpt lat="46.55601952527303" lon="9.659717516110682"><ele>2460.5</ele></trkpt><trkpt lat="46.556073525486894" lon="9.659693516332148"><ele>2459.4</ele></trkpt><trkpt lat="46.556119525642075" lon="9.659668516493571"><ele>2458.6</ele></trkpt><trkpt lat="46.55616352573845" lon="9.65967051659331"><ele>2458.1</ele></trkpt><trkpt lat="46.556200525835095" lon="9.659659516693862"><ele>2457.6</ele></trkpt><trkpt lat="46.55622752587321" lon="9.659660516733657"><ele>2457.4</ele></trkpt><trkpt lat="46.55628152602806" lon="9.65963651689496"><ele>2456.6</ele></trkpt><trkpt lat="46.556308526184196" lon="9.659624517055814"><ele>2455.8</ele></trkpt><trkpt lat="46.556345526379175" lon="9.659613517256625"><ele>2454.8</ele></trkpt><trkpt lat="46.5563545264575" lon="9.659613517336759"><ele>2454.4</ele></trkpt><trkpt lat="46.556363526535776" lon="9.659613517416881"><ele>2454.0</ele></trkpt><trkpt lat="46.55637252663369" lon="9.659601517517752"><ele>2453.5</ele></trkpt><trkpt lat="46.55639052675089" lon="9.6596015176379"><ele>2452.9</ele></trkpt><trkpt lat="46.55640852688783" lon="9.659602517778046"><ele>2452.2</ele></trkpt><trkpt lat="46.55641752694639" lon="9.659602517838124"><ele>2451.9</ele></trkpt><trkpt lat="46.556444527122224" lon="9.659591518018978"><ele>2451.0</ele></trkpt><trkpt lat="46.55647152725875" lon="9.65960551815829"><ele>2450.3</ele></trkpt><trkpt lat="46.55648952743502" lon="9.6596055183386"><ele>2449.4</ele></trkpt><trkpt lat="46.55649852751332" lon="9.659606518418672"><ele>2449.0</ele></trkpt><trkpt lat="46.55651652759121" lon="9.659607518498659"><ele>2448.6</ele></trkpt><trkpt lat="46.55653452768874" lon="9.659607518598753"><ele>2448.1</ele></trkpt><trkpt lat="46.556570527903546" lon="9.659609518818888"><ele>2447.0</ele></trkpt><trkpt lat="46.55659652802047" lon="9.659623518938162"><ele>2446.4</ele></trkpt><trkpt lat="46.556632528235305" lon="9.659624519158351"><ele>2445.3</ele></trkpt><trkpt lat="46.55665052837218" lon="9.659625519298498"><ele>2444.6</ele></trkpt><trkpt lat="46.5566685284894" lon="9.659626519418591"><ele>2444.0</ele></trkpt><trkpt lat="46.55667752854802" lon="9.65962651947867"><ele>2443.7</ele></trkpt><trkpt lat="46.556713528743224" lon="9.65962851967875"><ele>2442.7</ele></trkpt><trkpt lat="46.556723528860665" lon="9.659602519800456"><ele>2442.1</ele></trkpt><trkpt lat="46.55674152901721" lon="9.6595905199614"><ele>2441.3</ele></trkpt><trkpt lat="46.55675952911479" lon="9.659590520061496"><ele>2440.8</ele></trkpt><trkpt lat="46.55675952911479" lon="9.659590520061496"><ele>2440.8</ele></trkpt><trkpt lat="46.5567675292129" lon="9.659630520159403"><ele>2440.3</ele></trkpt><trkpt lat="46.556775529252114" lon="9.659682520196471"><ele>2440.1</ele></trkpt><trkpt lat="46.55676552925289" lon="9.65976052019211"><ele>2440.1</ele></trkpt><trkpt lat="46.55676352943046" lon="9.659865520366615"><ele>2439.2</ele></trkpt><trkpt lat="46.556743529431714" lon="9.659955520361667"><ele>2439.2</ele></trkpt><trkpt lat="46.55675152958894" lon="9.659995520519747"><ele>2438.4</ele></trkpt><trkpt lat="46.55674052974718" lon="9.66008552067514"><ele>2437.6</ele></trkpt><trkpt lat="46.556739529924606" lon="9.660164520851136"><ele>2436.7</ele></trkpt><trkpt lat="46.556754530298356" lon="9.660321521223091"><ele>2434.8</ele></trkpt><trkpt lat="46.55675353031829" lon="9.660373521240196"><ele>2434.7</ele></trkpt><trkpt lat="46.556742530299545" lon="9.660477521214318"><ele>2434.8</ele></trkpt><trkpt lat="46.556741530299725" lon="9.660516521212108"><ele>2434.8</ele></trkpt><trkpt lat="46.556748530378584" lon="9.660634521285541"><ele>2434.4</ele></trkpt><trkpt lat="46.55675553047693" lon="9.66071252138131"><ele>2433.9</ele></trkpt><trkpt lat="46.55675353053655" lon="9.660829521434845"><ele>2433.6</ele></trkpt><trkpt lat="46.556760530556254" lon="9.660921521449593"><ele>2433.5</ele></trkpt><trkpt lat="46.55675053051747" lon="9.660947521408092"><ele>2433.7</ele></trkpt><trkpt lat="46.556749530517834" lon="9.661025521403664"><ele>2433.7</ele></trkpt><trkpt lat="46.55673953045931" lon="9.661051521342108"><ele>2434.0</ele></trkpt><trkpt lat="46.55673953047917" lon="9.661090521359942"><ele>2433.9</ele></trkpt><trkpt lat="46.556738530499054" lon="9.661129521377786"><ele>2433.8</ele></trkpt><trkpt lat="46.55674653055788" lon="9.661168521435664"><ele>2433.5</ele></trkpt><trkpt lat="46.556737530558415" lon="9.661194521434266"><ele>2433.5</ele></trkpt><trkpt lat="46.55675453073482" lon="9.661234521612345"><ele>2432.6</ele></trkpt><trkpt lat="46.556753530833504" lon="9.661299521708942"><ele>2432.1</ele></trkpt><trkpt lat="46.55676053097124" lon="9.661378521844783"><ele>2431.4</ele></trkpt><trkpt lat="46.55675053101118" lon="9.661416521882831"><ele>2431.2</ele></trkpt><trkpt lat="46.55675853108969" lon="9.661469521959974"><ele>2430.8</ele></trkpt><trkpt lat="46.556775531246544" lon="9.66153552211652"><ele>2430.0</ele></trkpt><trkpt lat="46.55677353132582" lon="9.66163952219086"><ele>2429.6</ele></trkpt><trkpt lat="46.55677253136534" lon="9.66167852222877"><ele>2429.4</ele></trkpt><trkpt lat="46.556780531424245" lon="9.661731522285857"><ele>2429.1</ele></trkpt><trkpt lat="46.55679653144359" lon="9.661836522299803"><ele>2429.0</ele></trkpt><trkpt lat="46.5568035314437" lon="9.661940522293834"><ele>2429.0</ele></trkpt><trkpt lat="46.55681053148306" lon="9.662032522328655"><ele>2428.8</ele></trkpt><trkpt lat="46.55680153146383" lon="9.662045522307942"><ele>2428.9</ele></trkpt><trkpt lat="46.55680153148367" lon="9.66207152232652"><ele>2428.8</ele></trkpt><trkpt lat="46.55681753160126" lon="9.662137522442986"><ele>2428.2</ele></trkpt><trkpt lat="46.5568155317199" lon="9.662267522555968"><ele>2427.6</ele></trkpt><trkpt lat="46.556823531818125" lon="9.662320522653186"><ele>2427.1</ele></trkpt><trkpt lat="46.556831531916366" lon="9.66237252275046"><ele>2426.6</ele></trkpt><trkpt lat="46.55682653217327" lon="9.66260752299795"><ele>2425.3</ele></trkpt><trkpt lat="46.55684353215309" lon="9.662660522974733"><ele>2425.4</ele></trkpt><trkpt lat="46.556869532093124" lon="9.662726522910564"><ele>2425.7</ele></trkpt><trkpt lat="46.55688553193538" lon="9.66281852274471"><ele>2426.5</ele></trkpt><trkpt lat="46.55690253179711" lon="9.662884522600379"><ele>2427.2</ele></trkpt><trkpt lat="46.55689153166014" lon="9.662949522456362"><ele>2427.9</ele></trkpt><trkpt lat="46.55689953150266" lon="9.663014522292105"><ele>2428.7</ele></trkpt><trkpt lat="46.55688853142486" lon="9.663118522206055"><ele>2429.1</ele></trkpt><trkpt lat="46.55688753150387" lon="9.663183522282617"><ele>2428.7</ele></trkpt><trkpt lat="46.55687753150437" lon="9.663196522281973"><ele>2428.7</ele></trkpt><trkpt lat="46.55686653185941" lon="9.663300522637282"><ele>2426.9</ele></trkpt><trkpt lat="46.55685653203717" lon="9.663365522814239"><ele>2426.0</ele></trkpt><trkpt lat="46.556865531977884" lon="9.663391522752493"><ele>2426.3</ele></trkpt><trkpt lat="46.556873531879226" lon="9.663417522650636"><ele>2426.8</ele></trkpt><trkpt lat="46.55689953170122" lon="9.66347152246677"><ele>2427.7</ele></trkpt><trkpt lat="46.55691653185816" lon="9.663550522622627"><ele>2426.9</ele></trkpt><trkpt lat="46.55693353205421" lon="9.663576522821616"><ele>2425.9</ele></trkpt><trkpt lat="46.55694253213263" lon="9.663603522900255"><ele>2425.5</ele></trkpt><trkpt lat="46.556940532152616" lon="9.663655522917386"><ele>2425.4</ele></trkpt><trkpt lat="46.55693153221209" lon="9.66366852297692"><ele>2425.1</ele></trkpt><trkpt lat="46.55693153229088" lon="9.663694523055696"><ele>2424.7</ele></trkpt><trkpt lat="46.55691253242962" lon="9.66373252319416"><ele>2424.0</ele></trkpt><trkpt lat="46.55691153250844" lon="9.663758523272948"><ele>2423.6</ele></trkpt><trkpt lat="46.55694753268404" lon="9.663799523450855"><ele>2422.7</ele></trkpt><trkpt lat="46.556937532743724" lon="9.663851523508189"><ele>2422.4</ele></trkpt><trkpt lat="46.55691853282346" lon="9.663889523586468"><ele>2422.0</ele></trkpt><trkpt lat="46.55690853304042" lon="9.663915523805786"><ele>2420.9</ele></trkpt><trkpt lat="46.55689053310029" lon="9.66392752386546"><ele>2420.6</ele></trkpt><trkpt lat="46.55689053317913" lon="9.663953523944244"><ele>2420.2</ele></trkpt><trkpt lat="46.55689853325744" lon="9.663966524023685"><ele>2419.8</ele></trkpt><trkpt lat="46.556916533414096" lon="9.663980524183236"><ele>2419.0</ele></trkpt><trkpt lat="46.55692553359088" lon="9.664007524362201"><ele>2418.1</ele></trkpt><trkpt lat="46.5569155338078" lon="9.664032524581577"><ele>2417.0</ele></trkpt><trkpt lat="46.55692453388623" lon="9.664046524660966"><ele>2416.6</ele></trkpt><trkpt lat="46.55694253402312" lon="9.664046524801241"><ele>2415.9</ele></trkpt><trkpt lat="46.55696053417976" lon="9.664060524960796"><ele>2415.1</ele></trkpt><trkpt lat="46.55697753431688" lon="9.664100525098828"><ele>2414.4</ele></trkpt><trkpt lat="46.55697653443512" lon="9.664139525217017"><ele>2413.8</ele></trkpt><trkpt lat="46.55699453451309" lon="9.664153525296324"><ele>2413.4</ele></trkpt><trkpt lat="46.557020534669526" lon="9.664206525453602"><ele>2412.6</ele></trkpt><trkpt lat="46.55703753484593" lon="9.6642335256325"><ele>2411.7</ele></trkpt><trkpt lat="46.55703653498393" lon="9.664285525770026"><ele>2411.0</ele></trkpt><trkpt lat="46.557017535201425" lon="9.664350525987249"><ele>2409.9</ele></trkpt><trkpt lat="46.556998535281146" lon="9.664388526065537"><ele>2409.5</ele></trkpt><trkpt lat="46.556998535340256" lon="9.664414526124267"><ele>2409.2</ele></trkpt><trkpt lat="46.556978535439804" lon="9.664479526221118"><ele>2408.7</ele></trkpt><trkpt lat="46.556978535498935" lon="9.664518526279107"><ele>2408.4</ele></trkpt><trkpt lat="46.556958535637875" lon="9.664595526415411"><ele>2407.7</ele></trkpt><trkpt lat="46.556967535637575" lon="9.66462252641381"><ele>2407.7</ele></trkpt><trkpt lat="46.55696553563794" lon="9.664700526409437"><ele>2407.7</ele></trkpt><trkpt lat="46.55699153575505" lon="9.664753526526606"><ele>2407.1</ele></trkpt><trkpt lat="46.55701753579353" lon="9.664819526562786"><ele>2406.9</ele></trkpt><trkpt lat="46.5570775362046" lon="9.664965526975404"><ele>2404.8</ele></trkpt><trkpt lat="46.557085536302765" lon="9.66500552707341"><ele>2404.3</ele></trkpt><trkpt lat="46.5570755363428" lon="9.665070527109982"><ele>2404.1</ele></trkpt><trkpt lat="46.557092536460296" lon="9.665122527227304"><ele>2403.5</ele></trkpt><trkpt lat="46.55710953657776" lon="9.665162527345299"><ele>2402.9</ele></trkpt><trkpt lat="46.55711853661676" lon="9.66517652738456"><ele>2402.7</ele></trkpt><trkpt lat="46.5571535368121" lon="9.665229527581928"><ele>2401.7</ele></trkpt><trkpt lat="46.55718753708647" lon="9.665335527856602"><ele>2400.3</ele></trkpt><trkpt lat="46.557213537203516" lon="9.665375527974522"><ele>2399.7</ele></trkpt><trkpt lat="46.55722053736097" lon="9.665467528129835"><ele>2398.9</ele></trkpt><trkpt lat="46.55722753767584" lon="9.665558528445748"><ele>2397.3</ele></trkpt><trkpt lat="46.55722653791226" lon="9.66562452868287"><ele>2396.1</ele></trkpt><trkpt lat="46.55721553810978" lon="9.66570252887928"><ele>2395.1</ele></trkpt><trkpt lat="46.557250538580746" lon="9.665781529356174"><ele>2392.7</ele></trkpt><trkpt lat="46.557257538738185" lon="9.665873529511504"><ele>2391.9</ele></trkpt><trkpt lat="46.557274538875355" lon="9.665926529648866"><ele>2391.2</ele></trkpt><trkpt lat="46.55727353893465" lon="9.665978529706173"><ele>2390.9</ele></trkpt><trkpt lat="46.557290539111165" lon="9.666031529883677"><ele>2390.0</ele></trkpt><trkpt lat="46.55728953915076" lon="9.666083529920916"><ele>2389.8</ele></trkpt><trkpt lat="46.55730753930742" lon="9.66609753008052"><ele>2389.0</ele></trkpt><trkpt lat="46.557333539542526" lon="9.66613753031888"><ele>2387.8</ele></trkpt><trkpt lat="46.55735053983706" lon="9.666190530616804"><ele>2386.3</ele></trkpt><trkpt lat="46.5573675400135" lon="9.666217530795764"><ele>2385.4</ele></trkpt><trkpt lat="46.557385540229205" lon="9.666230531015634"><ele>2384.3</ele></trkpt><trkpt lat="46.55741154046435" lon="9.666284531253224"><ele>2383.1</ele></trkpt><trkpt lat="46.5574195406217" lon="9.666349531410084"><ele>2382.3</ele></trkpt><trkpt lat="46.5574175408188" lon="9.666427531606454"><ele>2381.3</ele></trkpt><trkpt lat="46.55743454085757" lon="9.666467531644216"><ele>2381.1</ele></trkpt><trkpt lat="46.55747954115073" lon="9.666482531944027"><ele>2379.6</ele></trkpt><trkpt lat="46.55750654124808" lon="9.666509532042628"><ele>2379.1</ele></trkpt><trkpt lat="46.55754154146306" lon="9.666537532261524"><ele>2378.0</ele></trkpt><trkpt lat="46.557576541658506" lon="9.666590532458969"><ele>2377.0</ele></trkpt><trkpt lat="46.557611541775145" lon="9.666631532576785"><ele>2376.4</ele></trkpt><trkpt lat="46.55764654191151" lon="9.66667253271469"><ele>2375.7</ele></trkpt><trkpt lat="46.5577005422241" lon="9.666713533033054"><ele>2374.1</ele></trkpt><trkpt lat="46.55772654230178" lon="9.666753533110882"><ele>2373.7</ele></trkpt><trkpt lat="46.55777954239812" lon="9.666808533207703"><ele>2373.2</ele></trkpt><trkpt lat="46.55782354245529" lon="9.666835533266017"><ele>2372.9</ele></trkpt><trkpt lat="46.55786854266982" lon="9.666863533484841"><ele>2371.8</ele></trkpt><trkpt lat="46.557920542805526" lon="9.66691853362182"><ele>2371.1</ele></trkpt><trkpt lat="46.557965542921735" lon="9.66695953373957"><ele>2370.5</ele></trkpt><trkpt lat="46.557991543038746" lon="9.666986533858266"><ele>2369.9</ele></trkpt><trkpt lat="46.55800954321509" lon="9.66698753403869"><ele>2369.0</ele></trkpt><trkpt lat="46.5580455433513" lon="9.667001534178091"><ele>2368.3</ele></trkpt><trkpt lat="46.55812654380025" lon="9.66697853464028"><ele>2366.0</ele></trkpt><trkpt lat="46.55815354391718" lon="9.666993534759632"><ele>2365.4</ele></trkpt><trkpt lat="46.55818954401396" lon="9.666994534859612"><ele>2364.9</ele></trkpt><trkpt lat="46.55820654405267" lon="9.667021534898106"><ele>2364.7</ele></trkpt><trkpt lat="46.558241544189094" lon="9.667074535035367"><ele>2364.0</ele></trkpt><trkpt lat="46.55828554438418" lon="9.667128535232704"><ele>2363.0</ele></trkpt><trkpt lat="46.55832954446114" lon="9.667182535309614"><ele>2362.6</ele></trkpt><trkpt lat="46.55837354451848" lon="9.667249535365732"><ele>2362.3</ele></trkpt><trkpt lat="46.55842654461475" lon="9.6672915354633"><ele>2361.8</ele></trkpt><trkpt lat="46.55847054475074" lon="9.667345535600427"><ele>2361.1</ele></trkpt><trkpt lat="46.558568544904" lon="9.667375535758472"><ele>2360.3</ele></trkpt><trkpt lat="46.55860454502055" lon="9.667376535878532"><ele>2359.7</ele></trkpt><trkpt lat="46.558639544999515" lon="9.667430535855162"><ele>2359.8</ele></trkpt><trkpt lat="46.558657545057784" lon="9.667444535914447"><ele>2359.5</ele></trkpt><trkpt lat="46.55868354529298" lon="9.667497536152162"><ele>2358.3</ele></trkpt><trkpt lat="46.558719545448916" lon="9.6675125363116"><ele>2357.5</ele></trkpt><trkpt lat="46.558727545527354" lon="9.667538536390389"><ele>2357.1</ele></trkpt><trkpt lat="46.55874554564479" lon="9.667565536509176"><ele>2356.5</ele></trkpt><trkpt lat="46.55878054576141" lon="9.667592536627811"><ele>2355.9</ele></trkpt><trkpt lat="46.55879754581991" lon="9.66764553668496"><ele>2355.6</ele></trkpt><trkpt lat="46.55882454579912" lon="9.667659536663873"><ele>2355.7</ele></trkpt><trkpt lat="46.55884154603467" lon="9.667712536901684"><ele>2354.5</ele></trkpt><trkpt lat="46.55885954621106" lon="9.667726537081414"><ele>2353.6</ele></trkpt><trkpt lat="46.558849546369" lon="9.667752537240668"><ele>2352.8</ele></trkpt><trkpt lat="46.55885754646721" lon="9.667791537338815"><ele>2352.3</ele></trkpt><trkpt lat="46.55892754668112" lon="9.667912537552352"><ele>2351.2</ele></trkpt><trkpt lat="46.559005546914314" lon="9.66804553778523"><ele>2350.0</ele></trkpt><trkpt lat="46.55903254707077" lon="9.668085537943394"><ele>2349.2</ele></trkpt><trkpt lat="46.55907654718701" lon="9.668113538061903"><ele>2348.6</ele></trkpt><trkpt lat="46.5590845472655" lon="9.668140538140655"><ele>2348.2</ele></trkpt><trkpt lat="46.55910154726491" lon="9.668193538137592"><ele>2348.2</ele></trkpt><trkpt lat="46.55912754742145" lon="9.668246538295046"><ele>2347.4</ele></trkpt><trkpt lat="46.559172547616434" lon="9.668287538493145"><ele>2346.4</ele></trkpt><trkpt lat="46.559189547733894" lon="9.668314538611963"><ele>2345.8</ele></trkpt><trkpt lat="46.559214547772484" lon="9.668406538646847"><ele>2345.6</ele></trkpt><trkpt lat="46.5592405475354" lon="9.6684595384028"><ele>2346.8</ele></trkpt><trkpt lat="46.5592765474946" lon="9.668487538360793"><ele>2347.0</ele></trkpt><trkpt lat="46.55931154759158" lon="9.668514538459375"><ele>2346.5</ele></trkpt><trkpt lat="46.559337547492234" lon="9.668555538356514"><ele>2347.0</ele></trkpt><trkpt lat="46.55939954750938" lon="9.668596538373786"><ele>2346.9</ele></trkpt><trkpt lat="46.5594265474296" lon="9.668624538291708"><ele>2347.3</ele></trkpt><trkpt lat="46.55946154736914" lon="9.66865153822968"><ele>2347.6</ele></trkpt><trkpt lat="46.55950654728862" lon="9.668692538146724"><ele>2348.0</ele></trkpt><trkpt lat="46.55954154740529" lon="9.668720538265331"><ele>2347.4</ele></trkpt><trkpt lat="46.55958554712809" lon="9.668774537980903"><ele>2348.8</ele></trkpt><trkpt lat="46.55962954714608" lon="9.668828537997623"><ele>2348.7</ele></trkpt><trkpt lat="46.559647547263374" lon="9.66882853811792"><ele>2348.1</ele></trkpt><trkpt lat="46.55965654734164" lon="9.668816538198808"><ele>2347.7</ele></trkpt><trkpt lat="46.55970054747766" lon="9.668870538335986"><ele>2347.0</ele></trkpt><trkpt lat="46.55970854761521" lon="9.668909538474312"><ele>2346.3</ele></trkpt><trkpt lat="46.55969854783245" lon="9.668987538690969"><ele>2345.2</ele></trkpt><trkpt lat="46.559697548049115" lon="9.669026538909682"><ele>2344.1</ele></trkpt><trkpt lat="46.559696548226434" lon="9.669078539087538"><ele>2343.2</ele></trkpt><trkpt lat="46.559686548345105" lon="9.669117539205956"><ele>2342.6</ele></trkpt><trkpt lat="46.55968654822712" lon="9.669143539084065"><ele>2343.2</ele></trkpt><trkpt lat="46.55968554816822" lon="9.669169539022418"><ele>2343.5</ele></trkpt><trkpt lat="46.559693548207385" lon="9.669209539060313"><ele>2343.3</ele></trkpt><trkpt lat="46.55972054824574" lon="9.669249539098034"><ele>2343.1</ele></trkpt><trkpt lat="46.559728548107856" lon="9.669301538954574"><ele>2343.8</ele></trkpt><trkpt lat="46.55975454822499" lon="9.66935553907185"><ele>2343.2</ele></trkpt><trkpt lat="46.55975354820551" lon="9.669394539049641"><ele>2343.3</ele></trkpt><trkpt lat="46.55976254822485" lon="9.66940753906893"><ele>2343.2</ele></trkpt><trkpt lat="46.559788548302556" lon="9.669434539147527"><ele>2342.8</ele></trkpt><trkpt lat="46.55980554842001" lon="9.669474539265654"><ele>2342.2</ele></trkpt><trkpt lat="46.55982354853737" lon="9.669488539385199"><ele>2341.6</ele></trkpt><trkpt lat="46.5598415485957" lon="9.669502539444506"><ele>2341.3</ele></trkpt><trkpt lat="46.55984954851686" lon="9.669554539361275"><ele>2341.7</ele></trkpt><trkpt lat="46.55987554843713" lon="9.669594539278538"><ele>2342.1</ele></trkpt><trkpt lat="46.55987554831911" lon="9.669607539157358"><ele>2342.7</ele></trkpt><trkpt lat="46.55987454808317" lon="9.669647538914235"><ele>2343.9</ele></trkpt><trkpt lat="46.559882547925525" lon="9.669686538751398"><ele>2344.7</ele></trkpt><trkpt lat="46.559909547708" lon="9.669713538528805"><ele>2345.8</ele></trkpt><trkpt lat="46.5599175475503" lon="9.669740538366623"><ele>2346.6</ele></trkpt><trkpt lat="46.55993554749054" lon="9.66975353830551"><ele>2346.9</ele></trkpt><trkpt lat="46.55994254723476" lon="9.669845538039374"><ele>2348.2</ele></trkpt><trkpt lat="46.55995054725419" lon="9.6698725380579"><ele>2348.1</ele></trkpt><trkpt lat="46.559985547252914" lon="9.669938538053962"><ele>2348.1</ele></trkpt><trkpt lat="46.560002547212996" lon="9.669978538011454"><ele>2348.3</ele></trkpt><trkpt lat="46.56002954707421" lon="9.67001853786846"><ele>2349.0</ele></trkpt><trkpt lat="46.56003654705444" lon="9.67007153784541"><ele>2349.1</ele></trkpt><trkpt lat="46.56005254729027" lon="9.67017653808046"><ele>2347.9</ele></trkpt><trkpt lat="46.56006054736882" lon="9.67022853815785"><ele>2347.5</ele></trkpt><trkpt lat="46.56005954732987" lon="9.67032053811265"><ele>2347.7</ele></trkpt><trkpt lat="46.56009154709294" lon="9.670478537862728"><ele>2348.9</ele></trkpt><trkpt lat="46.56009054699479" lon="9.670530537759472"><ele>2349.4</ele></trkpt><trkpt lat="46.56012554701326" lon="9.670609537774903"><ele>2349.3</ele></trkpt><trkpt lat="46.560142546993006" lon="9.670649537752473"><ele>2349.4</ele></trkpt><trkpt lat="46.56019554706956" lon="9.670704537829302"><ele>2349.0</ele></trkpt><trkpt lat="46.56022154712769" lon="9.670744537887117"><ele>2348.7</ele></trkpt><trkpt lat="46.56026554736226" lon="9.670824538123307"><ele>2347.5</ele></trkpt><trkpt lat="46.56028254732227" lon="9.670864538080796"><ele>2347.7</ele></trkpt><trkpt lat="46.5603175474193" lon="9.670891538179411"><ele>2347.2</ele></trkpt><trkpt lat="46.56035354777199" lon="9.670906538539734"><ele>2345.4</ele></trkpt><trkpt lat="46.560361547653756" lon="9.670945538417037"><ele>2346.0</ele></trkpt><trkpt lat="46.5603885477117" lon="9.670972538475564"><ele>2345.7</ele></trkpt><trkpt lat="46.560405547829156" lon="9.670999538594423"><ele>2345.1</ele></trkpt><trkpt lat="46.56042354774973" lon="9.67102653851245"><ele>2345.5</ele></trkpt><trkpt lat="46.56043154759208" lon="9.67105353835024"><ele>2346.3</ele></trkpt><trkpt lat="46.56044854768993" lon="9.671105538447646"><ele>2345.8</ele></trkpt><trkpt lat="46.560466547787684" lon="9.671132538546418"><ele>2345.3</ele></trkpt><trkpt lat="46.560492547727605" lon="9.671159538484458"><ele>2345.6</ele></trkpt><trkpt lat="46.560500547491245" lon="9.671199538241202"><ele>2346.8</ele></trkpt><trkpt lat="46.56050054727484" lon="9.671225538018868"><ele>2347.9</ele></trkpt><trkpt lat="46.56049954707824" lon="9.671264537815912"><ele>2348.9</ele></trkpt><trkpt lat="46.56050754686156" lon="9.67130453759273"><ele>2350.0</ele></trkpt><trkpt lat="46.56052454670357" lon="9.671343537429774"><ele>2350.8</ele></trkpt><trkpt lat="46.56052454650683" lon="9.671369537227518"><ele>2351.8</ele></trkpt><trkpt lat="46.56056854646573" lon="9.671423537183983"><ele>2352.0</ele></trkpt><trkpt lat="46.560594546523795" lon="9.671451537242463"><ele>2351.7</ele></trkpt><trkpt lat="46.560620546109625" lon="9.671517536816854"><ele>2353.8</ele></trkpt><trkpt lat="46.560690546126565" lon="9.67159853683185"><ele>2353.7</ele></trkpt><trkpt lat="46.56071754608617" lon="9.671638536789242"><ele>2353.9</ele></trkpt><trkpt lat="46.56074354604581" lon="9.671666536747297"><ele>2354.1</ele></trkpt><trkpt lat="46.5607975460829" lon="9.67169453678544"><ele>2353.9</ele></trkpt><trkpt lat="46.560814546121655" lon="9.671721536823968"><ele>2353.7</ele></trkpt><trkpt lat="46.56085954623782" lon="9.671736536943245"><ele>2353.1</ele></trkpt><trkpt lat="46.56086754621793" lon="9.671762536921657"><ele>2353.2</ele></trkpt><trkpt lat="46.56089454629546" lon="9.671763537001697"><ele>2352.8</ele></trkpt><trkpt lat="46.56091254617669" lon="9.671790536879545"><ele>2353.4</ele></trkpt><trkpt lat="46.56095654627323" lon="9.671805536978745"><ele>2352.9</ele></trkpt><trkpt lat="46.5609745462922" lon="9.6718195369979"><ele>2352.8</ele></trkpt><trkpt lat="46.56099154631125" lon="9.671858537015682"><ele>2352.7</ele></trkpt><trkpt lat="46.56100054637" lon="9.671872537075087"><ele>2352.4</ele></trkpt><trkpt lat="46.561009546389386" lon="9.67189853709366"><ele>2352.3</ele></trkpt><trkpt lat="46.56102654648714" lon="9.671925537192443"><ele>2351.8</ele></trkpt><trkpt lat="46.561062546524944" lon="9.671927537232179"><ele>2351.6</ele></trkpt><trkpt lat="46.56109754654327" lon="9.671967537249753"><ele>2351.5</ele></trkpt><trkpt lat="46.56114054628596" lon="9.672073536982438"><ele>2352.8</ele></trkpt><trkpt lat="46.56114954634469" lon="9.672087537041838"><ele>2352.5</ele></trkpt><trkpt lat="46.561166546422726" lon="9.672114537120539"><ele>2352.1</ele></trkpt><trkpt lat="46.56116654652125" lon="9.672140537219537"><ele>2351.6</ele></trkpt><trkpt lat="46.56115654665955" lon="9.672165537358847"><ele>2350.9</ele></trkpt><trkpt lat="46.5611565468761" lon="9.672191537578357"><ele>2349.8</ele></trkpt><trkpt lat="46.56117354683617" lon="9.67223153753583"><ele>2350.0</ele></trkpt><trkpt lat="46.56119954687464" lon="9.672285537572801"><ele>2349.8</ele></trkpt><trkpt lat="46.561224546814785" lon="9.672364537507985"><ele>2350.1</ele></trkpt><trkpt lat="46.5612425467748" lon="9.67240453746545"><ele>2350.3</ele></trkpt><trkpt lat="46.56126854673451" lon="9.672457537422137"><ele>2350.5</ele></trkpt><trkpt lat="46.5612855466749" lon="9.67249753735953"><ele>2350.8</ele></trkpt><trkpt lat="46.561319546555644" lon="9.672576537234363"><ele>2351.4</ele></trkpt><trkpt lat="46.56134554645633" lon="9.67264353713002"><ele>2351.9</ele></trkpt><trkpt lat="46.561380546376284" lon="9.67268353704716"><ele>2352.3</ele></trkpt><trkpt lat="46.56139754627725" lon="9.672723536944375"><ele>2352.8</ele></trkpt><trkpt lat="46.5614055461393" lon="9.6727635368015"><ele>2353.5</ele></trkpt><trkpt lat="46.56143254609892" lon="9.672803536758881"><ele>2353.7</ele></trkpt><trkpt lat="46.5614405460002" lon="9.67281653665766"><ele>2354.2</ele></trkpt><trkpt lat="46.56144954594076" lon="9.67281753659726"><ele>2354.5</ele></trkpt><trkpt lat="46.561467545920294" lon="9.672817536577014"><ele>2354.6</ele></trkpt><trkpt lat="46.56149554582064" lon="9.672806536476939"><ele>2355.1</ele></trkpt><trkpt lat="46.561504545761196" lon="9.6728065364166"><ele>2355.4</ele></trkpt><trkpt lat="46.561503545721955" lon="9.672832536375003"><ele>2355.6</ele></trkpt><trkpt lat="46.561519545564344" lon="9.672963536206945"><ele>2356.4</ele></trkpt><trkpt lat="46.561527545465694" lon="9.67299053610495"><ele>2356.9</ele></trkpt><trkpt lat="46.56155354528755" lon="9.673017535922446"><ele>2357.8</ele></trkpt><trkpt lat="46.56157154524748" lon="9.67304453588062"><ele>2358.0</ele></trkpt><trkpt lat="46.56164154489053" lon="9.673138535513234"><ele>2359.8</ele></trkpt><trkpt lat="46.56165854485064" lon="9.673204535469266"><ele>2360.0</ele></trkpt><trkpt lat="46.56171954447436" lon="9.67328553508258"><ele>2361.9</ele></trkpt><trkpt lat="46.56174554437496" lon="9.673325534979693"><ele>2362.4</ele></trkpt><trkpt lat="46.56176354427593" lon="9.673365534876886"><ele>2362.9</ele></trkpt><trkpt lat="46.561789544156746" lon="9.673379534755343"><ele>2363.5</ele></trkpt><trkpt lat="46.56179854409745" lon="9.673418534692848"><ele>2363.8</ele></trkpt><trkpt lat="46.56182454395863" lon="9.673445534550503"><ele>2364.5</ele></trkpt><trkpt lat="46.561859543642456" lon="9.673512534225072"><ele>2366.1</ele></trkpt><trkpt lat="46.561840543545046" lon="9.673550534122697"><ele>2366.6</ele></trkpt><trkpt lat="46.561830543388176" lon="9.673602533959198"><ele>2367.4</ele></trkpt><trkpt lat="46.5618195431331" lon="9.67368053369383"><ele>2368.7</ele></trkpt><trkpt lat="46.56180154295686" lon="9.673705533511805"><ele>2369.6</ele></trkpt><trkpt lat="46.5618005427209" lon="9.673758533267812"><ele>2370.8</ele></trkpt><trkpt lat="46.56180854260253" lon="9.673784533145765"><ele>2371.4</ele></trkpt><trkpt lat="46.561826542464175" lon="9.673824533002763"><ele>2372.1</ele></trkpt><trkpt lat="46.56183354226737" lon="9.673915532796755"><ele>2373.1</ele></trkpt><trkpt lat="46.56184154210972" lon="9.673955532633752"><ele>2373.9</ele></trkpt><trkpt lat="46.561867541892255" lon="9.67399553241031"><ele>2375.0</ele></trkpt><trkpt lat="46.56187654177388" lon="9.674022532288191"><ele>2375.6</ele></trkpt><trkpt lat="46.56189354165509" lon="9.67403553216678"><ele>2376.2</ele></trkpt><trkpt lat="46.561902541517" lon="9.674062532024566"><ele>2376.9</ele></trkpt><trkpt lat="46.56191954143771" lon="9.674102531941834"><ele>2377.3</ele></trkpt><trkpt lat="46.561946541239806" lon="9.674129531739187"><ele>2378.3</ele></trkpt><trkpt lat="46.56199954108008" lon="9.674157531576432"><ele>2379.1</ele></trkpt><trkpt lat="46.56202654101998" lon="9.674171531515139"><ele>2379.4</ele></trkpt><trkpt lat="46.56204354101932" lon="9.674198531513483"><ele>2379.4</ele></trkpt><trkpt lat="46.56205254095993" lon="9.674225531451633"><ele>2379.7</ele></trkpt><trkpt lat="46.56205954086146" lon="9.674290531347495"><ele>2380.2</ele></trkpt><trkpt lat="46.56205054070457" lon="9.674329531184686"><ele>2381.0</ele></trkpt><trkpt lat="46.56205854062571" lon="9.674381531101353"><ele>2381.4</ele></trkpt><trkpt lat="46.56208454056568" lon="9.674422531038566"><ele>2381.7</ele></trkpt><trkpt lat="46.56211054044663" lon="9.674475530914831"><ele>2382.3</ele></trkpt><trkpt lat="46.56213654032754" lon="9.674515530791822"><ele>2382.9</ele></trkpt><trkpt lat="46.5621445403273" lon="9.674542530790248"><ele>2382.9</ele></trkpt><trkpt lat="46.562171540345865" lon="9.674569530808588"><ele>2382.8</ele></trkpt><trkpt lat="46.56220654026571" lon="9.674596530726403"><ele>2383.2</ele></trkpt><trkpt lat="46.562233540126904" lon="9.674637530583235"><ele>2383.9</ele></trkpt><trkpt lat="46.5622505401657" lon="9.674676530621088"><ele>2383.7</ele></trkpt><trkpt lat="46.56228554028249" lon="9.674730530738305"><ele>2383.1</ele></trkpt><trkpt lat="46.5623205404582" lon="9.674758530917254"><ele>2382.2</ele></trkpt><trkpt lat="46.56232954059565" lon="9.67478453105636"><ele>2381.5</ele></trkpt><trkpt lat="46.56239154049472" lon="9.674839530952282"><ele>2382.0</ele></trkpt><trkpt lat="46.56239954039606" lon="9.674865530850296"><ele>2382.5</ele></trkpt><trkpt lat="46.56242654029653" lon="9.67487953074881"><ele>2383.0</ele></trkpt><trkpt lat="46.562461540196786" lon="9.674933530645028"><ele>2383.5</ele></trkpt><trkpt lat="46.56247854009771" lon="9.674960530542906"><ele>2384.0</ele></trkpt><trkpt lat="46.562487540038326" lon="9.674973530481825"><ele>2384.3</ele></trkpt><trkpt lat="46.56252254001725" lon="9.675014530459126"><ele>2384.4</ele></trkpt><trkpt lat="46.56253153999722" lon="9.67502753043823"><ele>2384.5</ele></trkpt><trkpt lat="46.562548539937644" lon="9.67509353037412"><ele>2384.8</ele></trkpt><trkpt lat="46.562565539897655" lon="9.675120530332272"><ele>2385.0</ele></trkpt><trkpt lat="46.56258253985773" lon="9.675173530288976"><ele>2385.2</ele></trkpt><trkpt lat="46.56260053983729" lon="9.67518753026794"><ele>2385.3</ele></trkpt><trkpt lat="46.56260853979781" lon="9.675239530224781"><ele>2385.5</ele></trkpt><trkpt lat="46.56261653977783" lon="9.675253530203836"><ele>2385.6</ele></trkpt><trkpt lat="46.562616539738606" lon="9.675292530161475"><ele>2385.8</ele></trkpt><trkpt lat="46.562633539737966" lon="9.67531853015987"><ele>2385.8</ele></trkpt><trkpt lat="46.56266053977621" lon="9.675333530198971"><ele>2385.6</ele></trkpt><trkpt lat="46.56268753979468" lon="9.675334530218764"><ele>2385.5</ele></trkpt><trkpt lat="46.56270553981351" lon="9.675321530239417"><ele>2385.4</ele></trkpt><trkpt lat="46.56275153969329" lon="9.675284530120509"><ele>2386.0</ele></trkpt><trkpt lat="46.562796539671574" lon="9.675286530099893"><ele>2386.1</ele></trkpt><trkpt lat="46.5628135396906" lon="9.675300530119054"><ele>2386.0</ele></trkpt><trkpt lat="46.562831539670164" lon="9.675314530098014"><ele>2386.1</ele></trkpt><trkpt lat="46.5628495396694" lon="9.675327530097128"><ele>2386.1</ele></trkpt><trkpt lat="46.56294753956681" lon="9.67535852999404"><ele>2386.6</ele></trkpt><trkpt lat="46.562957539566305" lon="9.675345529994672"><ele>2386.6</ele></trkpt><trkpt lat="46.562975539565514" lon="9.675346529994455"><ele>2386.6</ele></trkpt><trkpt lat="46.563001539564446" lon="9.675360529993432"><ele>2386.6</ele></trkpt><trkpt lat="46.56303653958276" lon="9.675413530010252"><ele>2386.5</ele></trkpt><trkpt lat="46.56305453962142" lon="9.675440530048768"><ele>2386.3</ele></trkpt><trkpt lat="46.56306253962116" lon="9.675454530047915"><ele>2386.3</ele></trkpt><trkpt lat="46.56309953963914" lon="9.67544253006834"><ele>2386.2</ele></trkpt><trkpt lat="46.563135539657274" lon="9.675444530087997"><ele>2386.1</ele></trkpt><trkpt lat="46.563170539596705" lon="9.675458530026614"><ele>2386.4</ele></trkpt><trkpt lat="46.56323353945615" lon="9.675461529885217"><ele>2387.1</ele></trkpt><trkpt lat="46.563270539316626" lon="9.675423529746352"><ele>2387.8</ele></trkpt><trkpt lat="46.56328953921718" lon="9.675385529647833"><ele>2388.3</ele></trkpt><trkpt lat="46.56331653909791" lon="9.675386529526977"><ele>2388.9</ele></trkpt><trkpt lat="46.56333453899857" lon="9.675361529427741"><ele>2389.4</ele></trkpt><trkpt lat="46.56336353887891" lon="9.675283529311278"><ele>2390.0</ele></trkpt><trkpt lat="46.563372538799676" lon="9.675271529231493"><ele>2390.4</ele></trkpt><trkpt lat="46.56342653867911" lon="9.675247529111786"><ele>2391.0</ele></trkpt><trkpt lat="46.56345353865825" lon="9.675248529091391"><ele>2391.1</ele></trkpt><trkpt lat="46.56349053851875" lon="9.675236528951073"><ele>2391.8</ele></trkpt><trkpt lat="46.5635075384787" lon="9.67525052890995"><ele>2392.0</ele></trkpt><trkpt lat="46.563525538418844" lon="9.675251528849452"><ele>2392.3</ele></trkpt><trkpt lat="46.56354353841808" lon="9.67525252884923"><ele>2392.3</ele></trkpt><trkpt lat="46.563570538436664" lon="9.675279528867568"><ele>2392.2</ele></trkpt><trkpt lat="46.56358753851488" lon="9.675332528944818"><ele>2391.8</ele></trkpt><trkpt lat="46.56360553853378" lon="9.675346528963967"><ele>2391.7</ele></trkpt><trkpt lat="46.56369353849083" lon="9.675428528918392"><ele>2391.9</ele></trkpt><trkpt lat="46.563720538509415" lon="9.675442528937456"><ele>2391.8</ele></trkpt><trkpt lat="46.56375553852767" lon="9.67546952895572"><ele>2391.7</ele></trkpt><trkpt lat="46.56376453850763" lon="9.675483528934762"><ele>2391.8</ele></trkpt><trkpt lat="46.563782538546214" lon="9.675496528974055"><ele>2391.6</ele></trkpt><trkpt lat="46.56380853858463" lon="9.675537529011715"><ele>2391.4</ele></trkpt><trkpt lat="46.563825538623306" lon="9.675550529051023"><ele>2391.2</ele></trkpt><trkpt lat="46.563843538642324" lon="9.67557752906944"><ele>2391.1</ele></trkpt><trkpt lat="46.563869538582146" lon="9.675604529007408"><ele>2391.4</ele></trkpt><trkpt lat="46.56388753848306" lon="9.675631528905264"><ele>2391.9</ele></trkpt><trkpt lat="46.563905538344564" lon="9.67564552876366"><ele>2392.6</ele></trkpt><trkpt lat="46.56392253822577" lon="9.67567252864143"><ele>2393.2</ele></trkpt><trkpt lat="46.56394953810648" lon="9.675673528520564"><ele>2393.8</ele></trkpt><trkpt lat="46.563976537947816" lon="9.675674528359508"><ele>2394.6</ele></trkpt><trkpt lat="46.563994537887986" lon="9.675688528298277"><ele>2394.9</ele></trkpt><trkpt lat="46.56403753770918" lon="9.675755528113282"><ele>2395.8</ele></trkpt><trkpt lat="46.56410953764709" lon="9.675797528049989"><ele>2396.1</ele></trkpt><trkpt lat="46.56412753756757" lon="9.675798527969391"><ele>2396.5</ele></trkpt><trkpt lat="46.56415453758607" lon="9.675799527989184"><ele>2396.4</ele></trkpt><trkpt lat="46.56417153762472" lon="9.675813528028431"><ele>2396.2</ele></trkpt><trkpt lat="46.564197537564716" lon="9.675853527965668"><ele>2396.5</ele></trkpt><trkpt lat="46.56421553760337" lon="9.675880528004178"><ele>2396.3</ele></trkpt><trkpt lat="46.564260537837605" lon="9.675882528244795"><ele>2395.1</ele></trkpt><trkpt lat="46.56428653793497" lon="9.675909528343515"><ele>2394.6</ele></trkpt><trkpt lat="46.56430453805236" lon="9.675923528463136"><ele>2394.0</ele></trkpt><trkpt lat="46.56432253809095" lon="9.675923528503162"><ele>2393.8</ele></trkpt><trkpt lat="46.56434853814901" lon="9.675963528560969"><ele>2393.5</ele></trkpt><trkpt lat="46.56437553814795" lon="9.676004528558432"><ele>2393.5</ele></trkpt><trkpt lat="46.56441053820558" lon="9.676031528616885"><ele>2393.2</ele></trkpt><trkpt lat="46.56445453836121" lon="9.676059528775674"><ele>2392.4</ele></trkpt><trkpt lat="46.564463538400226" lon="9.676060528815729"><ele>2392.2</ele></trkpt><trkpt lat="46.56448153839949" lon="9.676073528814841"><ele>2392.2</ele></trkpt><trkpt lat="46.564490538418745" lon="9.676074528834794"><ele>2392.1</ele></trkpt><trkpt lat="46.56453653835752" lon="9.67605052877543"><ele>2392.4</ele></trkpt><trkpt lat="46.564563538316904" lon="9.676025528736394"><ele>2392.6</ele></trkpt><trkpt lat="46.564581538198006" lon="9.676025528615659"><ele>2393.2</ele></trkpt><trkpt lat="46.56460853831491" lon="9.67601352873666"><ele>2392.6</ele></trkpt><trkpt lat="46.56463653835298" lon="9.676001528777261"><ele>2392.4</ele></trkpt><trkpt lat="46.56464553835252" lon="9.675989528777855"><ele>2392.4</ele></trkpt><trkpt lat="46.564681538272154" lon="9.675990528697088"><ele>2392.8</ele></trkpt><trkpt lat="46.56469053831118" lon="9.675991528737137"><ele>2392.6</ele></trkpt><trkpt lat="46.56471753838865" lon="9.675966528818673"><ele>2392.2</ele></trkpt><trkpt lat="46.56474453842674" lon="9.675954528859284"><ele>2392.0</ele></trkpt><trkpt lat="46.56477253870098" lon="9.675916529142489"><ele>2390.6</ele></trkpt><trkpt lat="46.56480953887647" lon="9.675891529324403"><ele>2389.7</ele></trkpt><trkpt lat="46.5648365389736" lon="9.675866529426031"><ele>2389.2</ele></trkpt><trkpt lat="46.564882539030535" lon="9.675842529487237"><ele>2388.9</ele></trkpt><trkpt lat="46.5649095390096" lon="9.675830529467566"><ele>2389.0</ele></trkpt><trkpt lat="46.56494553892929" lon="9.675832529386746"><ele>2389.4</ele></trkpt><trkpt lat="46.56495453885019" lon="9.67584552930556"><ele>2389.8</ele></trkpt><trkpt lat="46.56501653855219" lon="9.675861529002676"><ele>2391.3</ele></trkpt><trkpt lat="46.56503553863002" lon="9.675848529083606"><ele>2390.9</ele></trkpt><trkpt lat="46.565080538726384" lon="9.675824529185014"><ele>2390.4</ele></trkpt><trkpt lat="46.56509853874528" lon="9.675825529204888"><ele>2390.3</ele></trkpt><trkpt lat="46.56512553870472" lon="9.675813529165122"><ele>2390.5</ele></trkpt><trkpt lat="46.565143538723504" lon="9.675801529185724"><ele>2390.4</ele></trkpt><trkpt lat="46.56518053878088" lon="9.675776529247072"><ele>2390.1</ele></trkpt><trkpt lat="46.565198538760384" lon="9.675777529226755"><ele>2390.2</ele></trkpt><trkpt lat="46.565225538877264" lon="9.67576552934775"><ele>2389.6</ele></trkpt><trkpt lat="46.56524353897484" lon="9.67575352944873"><ele>2389.1</ele></trkpt><trkpt lat="46.56527053903271" lon="9.675754529508716"><ele>2388.8</ele></trkpt><trkpt lat="46.56529853916918" lon="9.675716529651245"><ele>2388.1</ele></trkpt><trkpt lat="46.56533453924629" lon="9.675704529731965"><ele>2387.7</ele></trkpt><trkpt lat="46.56538053930322" lon="9.675680529793171"><ele>2387.4</ele></trkpt><trkpt lat="46.56549853914018" lon="9.675594529636145"><ele>2388.2</ele></trkpt><trkpt lat="46.56558953882101" lon="9.675558529315813"><ele>2389.8</ele></trkpt><trkpt lat="46.56561653870166" lon="9.675559529194944"><ele>2390.4</ele></trkpt><trkpt lat="46.565634538563096" lon="9.675560529054062"><ele>2391.1</ele></trkpt><trkpt lat="46.56567953832477" lon="9.675549528813136"><ele>2392.3</ele></trkpt><trkpt lat="46.565716538283674" lon="9.675524528774005"><ele>2392.5</ele></trkpt><trkpt lat="46.56574353816425" lon="9.675499528654592"><ele>2393.1</ele></trkpt><trkpt lat="46.565762538104224" lon="9.67547452859554"><ele>2393.4</ele></trkpt><trkpt lat="46.565798537984435" lon="9.675462528475313"><ele>2394.0</ele></trkpt><trkpt lat="46.56581653796395" lon="9.675450528455729"><ele>2394.1</ele></trkpt><trkpt lat="46.56588053776399" lon="9.675401528256947"><ele>2395.1</ele></trkpt><trkpt lat="46.56594553756391" lon="9.675325528059668"><ele>2396.1</ele></trkpt><trkpt lat="46.56597253746427" lon="9.675313527959625"><ele>2396.6</ele></trkpt><trkpt lat="46.56600953732465" lon="9.67527552782076"><ele>2397.3</ele></trkpt><trkpt lat="46.56605453702722" lon="9.675251527520288"><ele>2398.8</ele></trkpt><trkpt lat="46.56610053692647" lon="9.675188527422934"><ele>2399.3</ele></trkpt><trkpt lat="46.56612853688575" lon="9.675163527383894"><ele>2399.5</ele></trkpt><trkpt lat="46.56616553670673" lon="9.675112527205576"><ele>2400.4</ele></trkpt><trkpt lat="46.5661835366271" lon="9.675100527125707"><ele>2400.8</ele></trkpt><trkpt lat="46.56625653660399" lon="9.675051527107703"><ele>2400.9</ele></trkpt><trkpt lat="46.566301536464145" lon="9.675040526967255"><ele>2401.6</ele></trkpt><trkpt lat="46.566364536106974" lon="9.67505552660415"><ele>2403.4</ele></trkpt><trkpt lat="46.56637353610655" lon="9.67505652660401"><ele>2403.4</ele></trkpt><trkpt lat="46.5663835360273" lon="9.675030526525008"><ele>2403.8</ele></trkpt><trkpt lat="46.56639253588894" lon="9.675017526385002"><ele>2404.5</ele></trkpt><trkpt lat="46.56639353582972" lon="9.674978526326905"><ele>2404.8</ele></trkpt><trkpt lat="46.5664115357106" lon="9.674940526208323"><ele>2405.4</ele></trkpt><trkpt lat="46.56643953559121" lon="9.674928526088177"><ele>2406.0</ele></trkpt><trkpt lat="46.56650353523365" lon="9.674865525729462"><ele>2407.8</ele></trkpt><trkpt lat="46.566530535153625" lon="9.674853525649516"><ele>2408.2</ele></trkpt><trkpt lat="46.566548535172544" lon="9.674854525669392"><ele>2408.1</ele></trkpt><trkpt lat="46.56658453524971" lon="9.674856525749318"><ele>2407.7</ele></trkpt><trkpt lat="46.5666115352682" lon="9.674857525769111"><ele>2407.6</ele></trkpt><trkpt lat="46.56666553536417" lon="9.6748465258697"><ele>2407.1</ele></trkpt><trkpt lat="46.56672053540107" lon="9.674822525910729"><ele>2406.9</ele></trkpt><trkpt lat="46.56675653539938" lon="9.67479752591181"><ele>2406.9</ele></trkpt><trkpt lat="46.56681953541618" lon="9.674787525931885"><ele>2406.8</ele></trkpt><trkpt lat="46.56684653549372" lon="9.674775526012686"><ele>2406.4</ele></trkpt><trkpt lat="46.56686453555198" lon="9.674776526072742"><ele>2406.1</ele></trkpt><trkpt lat="46.56690053558985" lon="9.67480352611108"><ele>2405.9</ele></trkpt><trkpt lat="46.56694553576509" lon="9.674805526291392"><ele>2405.0</ele></trkpt><trkpt lat="46.566971535803425" lon="9.674832526329821"><ele>2404.8</ele></trkpt><trkpt lat="46.566989535802755" lon="9.674859526328133"><ele>2404.8</ele></trkpt><trkpt lat="46.567006535762665" lon="9.674886526286278"><ele>2405.0</ele></trkpt><trkpt lat="46.56704253595815" lon="9.674914526485306"><ele>2404.0</ele></trkpt><trkpt lat="46.56706853599644" lon="9.674941526523732"><ele>2403.8</ele></trkpt><trkpt lat="46.56709553599538" lon="9.674968526521969"><ele>2403.8</ele></trkpt><trkpt lat="46.56710353595568" lon="9.674981526480977"><ele>2404.0</ele></trkpt><trkpt lat="46.56712053579763" lon="9.675034526317095"><ele>2404.8</ele></trkpt><trkpt lat="46.56712953575789" lon="9.675061526275302"><ele>2405.0</ele></trkpt><trkpt lat="46.567147535875264" lon="9.675061526395698"><ele>2404.4</ele></trkpt><trkpt lat="46.56717353589392" lon="9.67508952641398"><ele>2404.3</ele></trkpt><trkpt lat="46.567190535853975" lon="9.675129526371387"><ele>2404.5</ele></trkpt><trkpt lat="46.56719953591263" lon="9.675129526431586"><ele>2404.2</ele></trkpt><trkpt lat="46.5672265360691" lon="9.675169526589844"><ele>2403.4</ele></trkpt><trkpt lat="46.56724353610795" lon="9.675222526626897"><ele>2403.2</ele></trkpt><trkpt lat="46.56726953612667" lon="9.675275526643773"><ele>2403.1</ele></trkpt><trkpt lat="46.567268536225285" lon="9.67530152674279"><ele>2402.6</ele></trkpt><trkpt lat="46.567277536382484" lon="9.675315526902681"><ele>2401.8</ele></trkpt><trkpt lat="46.56731153657822" lon="9.675394527098874"><ele>2400.8</ele></trkpt><trkpt lat="46.56732053661723" lon="9.675408527138197"><ele>2400.6</ele></trkpt><trkpt lat="46.56732853675489" lon="9.675447527276594"><ele>2399.9</ele></trkpt><trkpt lat="46.567337536853024" lon="9.675474527375473"><ele>2399.4</ele></trkpt><trkpt lat="46.56737253696987" lon="9.675527527492749"><ele>2398.8</ele></trkpt><trkpt lat="46.567406537027644" lon="9.675594527548961"><ele>2398.5</ele></trkpt><trkpt lat="46.56742353712559" lon="9.675647527646314"><ele>2398.0</ele></trkpt><trkpt lat="46.56744953714434" lon="9.6757005276632"><ele>2397.9</ele></trkpt><trkpt lat="46.567466537163455" lon="9.675740527680894"><ele>2397.8</ele></trkpt><trkpt lat="46.56754653721926" lon="9.67582252773585"><ele>2397.5</ele></trkpt><trkpt lat="46.56758053721806" lon="9.675901527731106"><ele>2397.5</ele></trkpt><trkpt lat="46.56760653731553" lon="9.675942527829054"><ele>2397.0</ele></trkpt><trkpt lat="46.56761553731533" lon="9.675981527826783"><ele>2397.0</ele></trkpt><trkpt lat="46.56764053725556" lon="9.676087527760323"><ele>2397.3</ele></trkpt><trkpt lat="46.567639537295065" lon="9.676113527799068"><ele>2397.1</ele></trkpt><trkpt lat="46.567657537333716" lon="9.676126527838369"><ele>2396.9</ele></trkpt><trkpt lat="46.56766553733348" lon="9.676153527836782"><ele>2396.9</ele></trkpt><trkpt lat="46.56767453723475" lon="9.676192527734031"><ele>2397.4</ele></trkpt><trkpt lat="46.567691537234104" lon="9.676219527732362"><ele>2397.4</ele></trkpt><trkpt lat="46.56771753723312" lon="9.676259527729878"><ele>2397.4</ele></trkpt><trkpt lat="46.567734537212914" lon="9.676325527705927"><ele>2397.5</ele></trkpt><trkpt lat="46.56776953721152" lon="9.676366527703307"><ele>2397.5</ele></trkpt><trkpt lat="46.56782953715046" lon="9.67653852763282"><ele>2397.8</ele></trkpt><trkpt lat="46.56787253720793" lon="9.676618527688232"><ele>2397.5</ele></trkpt><trkpt lat="46.567889537108904" lon="9.676671527584617"><ele>2398.0</ele></trkpt><trkpt lat="46.56793353698902" lon="9.676725527460595"><ele>2398.6</ele></trkpt><trkpt lat="46.56795953698806" lon="9.676778527457387"><ele>2398.6</ele></trkpt><trkpt lat="46.567985536987045" lon="9.676805527455635"><ele>2398.6</ele></trkpt><trkpt lat="46.568012536985975" lon="9.676833527453812"><ele>2398.6</ele></trkpt><trkpt lat="46.56806453692488" lon="9.676913527388558"><ele>2398.9</ele></trkpt><trkpt lat="46.568081536904664" lon="9.676966527365328"><ele>2399.0</ele></trkpt><trkpt lat="46.568107536903675" lon="9.677006527362838"><ele>2399.0</ele></trkpt><trkpt lat="46.56813353688305" lon="9.677073527338743"><ele>2399.1</ele></trkpt><trkpt lat="46.56815053686279" lon="9.677112527316305"><ele>2399.2</ele></trkpt><trkpt lat="46.568159536882135" lon="9.677126527335536"><ele>2399.1</ele></trkpt><trkpt lat="46.568159536882135" lon="9.677126527335536"><ele>2399.1</ele></trkpt><trkpt lat="46.56817553690147" lon="9.677218527350327"><ele>2399.0</ele></trkpt><trkpt lat="46.56820053697953" lon="9.677323527424605"><ele>2398.6</ele></trkpt><trkpt lat="46.56821753705772" lon="9.677363527502603"><ele>2398.2</ele></trkpt><trkpt lat="46.56823353725437" lon="9.677468527697567"><ele>2397.2</ele></trkpt><trkpt lat="46.5682425373131" lon="9.677495527756266"><ele>2396.9</ele></trkpt><trkpt lat="46.56825953733217" lon="9.677521527774754"><ele>2396.8</ele></trkpt><trkpt lat="46.56826853739099" lon="9.677548527833464"><ele>2396.5</ele></trkpt><trkpt lat="46.568267537509456" lon="9.677613527950431"><ele>2395.9</ele></trkpt><trkpt lat="46.56827553754859" lon="9.677640527989045"><ele>2395.7</ele></trkpt><trkpt lat="46.56828253772582" lon="9.677718528165512"><ele>2394.8</ele></trkpt><trkpt lat="46.56829053780445" lon="9.677771528242877"><ele>2394.4</ele></trkpt><trkpt lat="46.56830853788247" lon="9.677797528321655"><ele>2394.0</ele></trkpt><trkpt lat="46.56832553800018" lon="9.677863528438412"><ele>2393.4</ele></trkpt><trkpt lat="46.56833353803934" lon="9.677903528476303"><ele>2393.2</ele></trkpt><trkpt lat="46.56834253807839" lon="9.677916528515693"><ele>2393.0</ele></trkpt><trkpt lat="46.56835953813679" lon="9.67793052857506"><ele>2392.7</ele></trkpt><trkpt lat="46.56836853817589" lon="9.677957528613671"><ele>2392.5</ele></trkpt><trkpt lat="46.56837653821502" lon="9.677983528652339"><ele>2392.3</ele></trkpt><trkpt lat="46.568384538313374" lon="9.678049528749087"><ele>2391.8</ele></trkpt><trkpt lat="46.568401538391555" lon="9.678088528827152"><ele>2391.4</ele></trkpt><trkpt lat="46.568401538450665" lon="9.678101528886728"><ele>2391.1</ele></trkpt><trkpt lat="46.56840953856868" lon="9.678154529004301"><ele>2390.5</ele></trkpt><trkpt lat="46.568417538726095" lon="9.678206529162138"><ele>2389.7</ele></trkpt><trkpt lat="46.56841653878534" lon="9.678233529220945"><ele>2389.4</ele></trkpt><trkpt lat="46.56843453892258" lon="9.678272529359312"><ele>2388.7</ele></trkpt><trkpt lat="46.568450539099246" lon="9.67832552953712"><ele>2387.8</ele></trkpt><trkpt lat="46.568459539177674" lon="9.678339529616666"><ele>2387.4</ele></trkpt><trkpt lat="46.5684685392365" lon="9.678365529675444"><ele>2387.1</ele></trkpt><trkpt lat="46.568485539432885" lon="9.678418529873351"><ele>2386.1</ele></trkpt><trkpt lat="46.56849353968875" lon="9.678471530131652"><ele>2384.8</ele></trkpt><trkpt lat="46.568536539923485" lon="9.67855153036803"><ele>2383.6</ele></trkpt><trkpt lat="46.568544540002016" lon="9.67857753044692"><ele>2383.2</ele></trkpt><trkpt lat="46.56855354008047" lon="9.678604530525742"><ele>2382.8</ele></trkpt><trkpt lat="46.5685715401585" lon="9.678617530605266"><ele>2382.4</ele></trkpt><trkpt lat="46.5685795402962" lon="9.678657530743688"><ele>2381.7</ele></trkpt><trkpt lat="46.56858754041408" lon="9.678683530862783"><ele>2381.1</ele></trkpt><trkpt lat="46.56858754051267" lon="9.678709530961854"><ele>2380.6</ele></trkpt><trkpt lat="46.56858654065078" lon="9.67876253109963"><ele>2379.9</ele></trkpt><trkpt lat="46.568594540788425" lon="9.678801531238118"><ele>2379.2</ele></trkpt><trkpt lat="46.5686025408867" lon="9.678841531336332"><ele>2378.7</ele></trkpt><trkpt lat="46.5686115410045" lon="9.678854531456151"><ele>2378.1</ele></trkpt><trkpt lat="46.568620541063275" lon="9.678867531515657"><ele>2377.8</ele></trkpt><trkpt lat="46.568628541141855" lon="9.678907531593776"><ele>2377.4</ele></trkpt><trkpt lat="46.568654541258994" lon="9.678934531712653"><ele>2376.8</ele></trkpt><trkpt lat="46.568672541337016" lon="9.67896153179141"><ele>2376.4</ele></trkpt><trkpt lat="46.56868054139589" lon="9.678987531850199"><ele>2376.1</ele></trkpt><trkpt lat="46.56868054145507" lon="9.679026531908344"><ele>2375.8</ele></trkpt><trkpt lat="46.56871554165069" lon="9.679067532106789"><ele>2374.8</ele></trkpt><trkpt lat="46.56875054182667" lon="9.679134532283692"><ele>2373.9</ele></trkpt><trkpt lat="46.56876654204285" lon="9.679200532501032"><ele>2372.8</ele></trkpt><trkpt lat="46.56879254227817" lon="9.679240532739827"><ele>2371.6</ele></trkpt><trkpt lat="46.56880854253396" lon="9.679358532994497"><ele>2370.3</ele></trkpt><trkpt lat="46.568825542612124" lon="9.67939853307255"><ele>2369.9</ele></trkpt><trkpt lat="46.568851542788465" lon="9.679451533250319"><ele>2369.0</ele></trkpt><trkpt lat="46.56885954296551" lon="9.67949153342898"><ele>2368.1</ele></trkpt><trkpt lat="46.56887754310267" lon="9.679517533568118"><ele>2367.4</ele></trkpt><trkpt lat="46.568893543417374" lon="9.679596533885281"><ele>2365.8</ele></trkpt><trkpt lat="46.56891054363356" lon="9.67966253410264"><ele>2364.7</ele></trkpt><trkpt lat="46.568910543712434" lon="9.679688534181626"><ele>2364.3</ele></trkpt><trkpt lat="46.56891854386983" lon="9.679741534339465"><ele>2363.5</ele></trkpt><trkpt lat="46.56892554404696" lon="9.679793534517483"><ele>2362.6</ele></trkpt><trkpt lat="46.56893454418455" lon="9.679820534656653"><ele>2361.9</ele></trkpt><trkpt lat="46.5689515442824" lon="9.67986053475482"><ele>2361.4</ele></trkpt><trkpt lat="46.568959544459496" lon="9.67989953493355"><ele>2360.5</ele></trkpt><trkpt lat="46.5689685445971" lon="9.679939535072009"><ele>2359.8</ele></trkpt><trkpt lat="46.568976544734795" lon="9.679978535210529"><ele>2359.1</ele></trkpt><trkpt lat="46.568993544852276" lon="9.680005535329524"><ele>2358.5</ele></trkpt><trkpt lat="46.56900254497016" lon="9.680031535448649"><ele>2357.9</ele></trkpt><trkpt lat="46.56901054508812" lon="9.680071535567008"><ele>2357.3</ele></trkpt><trkpt lat="46.569018545245505" lon="9.680110535725644"><ele>2356.5</ele></trkpt><trkpt lat="46.56903554552071" lon="9.680176536003353"><ele>2355.1</ele></trkpt><trkpt lat="46.56906154565749" lon="9.680204536142325"><ele>2354.4</ele></trkpt><trkpt lat="46.56909754581371" lon="9.680244536300652"><ele>2353.6</ele></trkpt><trkpt lat="46.56912354598999" lon="9.680284536479185"><ele>2352.7</ele></trkpt><trkpt lat="46.56914154608774" lon="9.680298536578787"><ele>2352.2</ele></trkpt><trkpt lat="46.56915954616573" lon="9.680299536659005"><ele>2351.8</ele></trkpt><trkpt lat="46.56916854624402" lon="9.680286536740065"><ele>2351.4</ele></trkpt><trkpt lat="46.5692035462426" lon="9.680301536738925"><ele>2351.4</ele></trkpt><trkpt lat="46.569221546300895" lon="9.680302536799035"><ele>2351.1</ele></trkpt><trkpt lat="46.56925754637817" lon="9.680316536878369"><ele>2350.7</ele></trkpt><trkpt lat="46.569266546436914" lon="9.680329536937894"><ele>2350.4</ele></trkpt><trkpt lat="46.569274546515494" lon="9.680369537016052"><ele>2350.0</ele></trkpt><trkpt lat="46.569283546613654" lon="9.680395537115082"><ele>2349.5</ele></trkpt><trkpt lat="46.569291546672545" lon="9.680422537173852"><ele>2349.2</ele></trkpt><trkpt lat="46.56931754680943" lon="9.680475537311462"><ele>2348.5</ele></trkpt><trkpt lat="46.569344547024976" lon="9.680489537531638"><ele>2347.4</ele></trkpt><trkpt lat="46.569361547122774" lon="9.680503537631257"><ele>2346.9</ele></trkpt><trkpt lat="46.56936154726074" lon="9.680529537770584"><ele>2346.2</ele></trkpt><trkpt lat="46.56938854741717" lon="9.680543537930436"><ele>2345.4</ele></trkpt><trkpt lat="46.56940554757413" lon="9.680583538088953"><ele>2344.6</ele></trkpt><trkpt lat="46.56943154773067" lon="9.680610538248109"><ele>2343.8</ele></trkpt><trkpt lat="46.56944954782847" lon="9.680624538347718"><ele>2343.3</ele></trkpt><trkpt lat="46.56946754796566" lon="9.680651538486838"><ele>2342.6</ele></trkpt><trkpt lat="46.56947454837923" lon="9.680730538904728"><ele>2340.5</ele></trkpt><trkpt lat="46.56946454851765" lon="9.680768539043495"><ele>2339.8</ele></trkpt><trkpt lat="46.569454548577355" lon="9.680820539101065"><ele>2339.5</ele></trkpt><trkpt lat="46.569463548655875" lon="9.680847539179945"><ele>2339.1</ele></trkpt><trkpt lat="46.5694715487542" lon="9.680899539277576"><ele>2338.6</ele></trkpt><trkpt lat="46.56950654889067" lon="9.68092753941649"><ele>2337.9</ele></trkpt><trkpt lat="46.56950654896957" lon="9.680953539495508"><ele>2337.5</ele></trkpt><trkpt lat="46.56953254902761" lon="9.680980539554126"><ele>2337.2</ele></trkpt><trkpt lat="46.56955954914472" lon="9.681007539673072"><ele>2336.6</ele></trkpt><trkpt lat="46.56959454932057" lon="9.681035539852209"><ele>2335.7</ele></trkpt><trkpt lat="46.569620549477094" lon="9.681062540011375"><ele>2334.9</ele></trkpt><trkpt lat="46.56964754963362" lon="9.681089540170534"><ele>2334.1</ele></trkpt><trkpt lat="46.56966454981032" lon="9.68112954034919"><ele>2333.2</ele></trkpt><trkpt lat="46.569672549908596" lon="9.68116854044754"><ele>2332.7</ele></trkpt><trkpt lat="46.569690550045735" lon="9.681182540587384"><ele>2332.0</ele></trkpt><trkpt lat="46.56971755008401" lon="9.681196540626598"><ele>2331.8</ele></trkpt><trkpt lat="46.56975355018093" lon="9.681198540726717"><ele>2331.3</ele></trkpt><trkpt lat="46.569788550337094" lon="9.68122554088581"><ele>2330.5</ele></trkpt><trkpt lat="46.569806550454544" lon="9.681239541005548"><ele>2329.9</ele></trkpt><trkpt lat="46.56981555053299" lon="9.681240541085858"><ele>2329.5</ele></trkpt><trkpt lat="46.569833550571516" lon="9.681227541126626"><ele>2329.3</ele></trkpt><trkpt lat="46.56984255057116" lon="9.681228541126488"><ele>2329.3</ele></trkpt><trkpt lat="46.56985155061023" lon="9.681241541165921"><ele>2329.1</ele></trkpt><trkpt lat="46.569878550668165" lon="9.681255541225246"><ele>2328.8</ele></trkpt><trkpt lat="46.56988655078622" lon="9.68130854134295"><ele>2328.2</ele></trkpt><trkpt lat="46.56990355088413" lon="9.68134854144117"><ele>2327.7</ele></trkpt><trkpt lat="46.56991955098215" lon="9.681413541538044"><ele>2327.2</ele></trkpt><trkpt lat="46.56995555107925" lon="9.681454541636047"><ele>2326.7</ele></trkpt><trkpt lat="46.56997155119697" lon="9.681520541752976"><ele>2326.1</ele></trkpt><trkpt lat="46.56999855123527" lon="9.681534541792198"><ele>2325.9</ele></trkpt><trkpt lat="46.57001555135296" lon="9.681600541909127"><ele>2325.3</ele></trkpt><trkpt lat="46.570033551391624" lon="9.681614541948424"><ele>2325.1</ele></trkpt><trkpt lat="46.57005955142989" lon="9.681615541988362"><ele>2324.9</ele></trkpt><trkpt lat="46.570085551547216" lon="9.681668542105916"><ele>2324.3</ele></trkpt><trkpt lat="46.57014755170242" lon="9.68174954226185"><ele>2323.5</ele></trkpt><trkpt lat="46.570173551839396" lon="9.681815542398816"><ele>2322.8</ele></trkpt><trkpt lat="46.57018955197679" lon="9.681868542536577"><ele>2322.1</ele></trkpt><trkpt lat="46.570198552075055" lon="9.681908542634881"><ele>2321.6</ele></trkpt><trkpt lat="46.57022455217256" lon="9.681948542733043"><ele>2321.1</ele></trkpt><trkpt lat="46.570232552310316" lon="9.682001542870877"><ele>2320.4</ele></trkpt><trkpt lat="46.570241552369005" lon="9.68201454293043"><ele>2320.1</ele></trkpt><trkpt lat="46.57025855256545" lon="9.682067543128525"><ele>2319.1</ele></trkpt><trkpt lat="46.570266552644036" lon="9.682093543207495"><ele>2318.7</ele></trkpt><trkpt lat="46.57027555272253" lon="9.682120543286398"><ele>2318.3</ele></trkpt><trkpt lat="46.57031055287875" lon="9.68216054344482"><ele>2317.5</ele></trkpt><trkpt lat="46.57030955299707" lon="9.682186543564098"><ele>2316.9</ele></trkpt><trkpt lat="46.57031855303614" lon="9.682200543603482"><ele>2316.7</ele></trkpt><trkpt lat="46.57032755311458" lon="9.682213543683146"><ele>2316.3</ele></trkpt><trkpt lat="46.57033555317339" lon="9.682227543742654"><ele>2316.0</ele></trkpt><trkpt lat="46.570343553311176" lon="9.682292543879855"><ele>2315.3</ele></trkpt><trkpt lat="46.570351553429155" lon="9.682332543998296"><ele>2314.7</ele></trkpt><trkpt lat="46.5703685536256" lon="9.682385544196404"><ele>2313.7</ele></trkpt><trkpt lat="46.570386553782456" lon="9.682412544355689"><ele>2312.9</ele></trkpt><trkpt lat="46.57039455388079" lon="9.682451544454077"><ele>2312.4</ele></trkpt><trkpt lat="46.57040255405793" lon="9.68250454463216"><ele>2311.5</ele></trkpt><trkpt lat="46.57040155417635" lon="9.68255654475004"><ele>2310.9</ele></trkpt><trkpt lat="46.57040955427469" lon="9.682608544847726"><ele>2310.4</ele></trkpt><trkpt lat="46.57041755431395" lon="9.682661544885022"><ele>2310.2</ele></trkpt><trkpt lat="46.570397554610594" lon="9.682751545182043"><ele>2308.7</ele></trkpt><trkpt lat="46.57037955465084" lon="9.682777545221027"><ele>2308.5</ele></trkpt><trkpt lat="46.57036955469074" lon="9.682802545259996"><ele>2308.3</ele></trkpt><trkpt lat="46.57036055469115" lon="9.682815545259373"><ele>2308.3</ele></trkpt><trkpt lat="46.57035055471146" lon="9.682854545277472"><ele>2308.2</ele></trkpt><trkpt lat="46.57034955477084" lon="9.682919545334316"><ele>2307.9</ele></trkpt><trkpt lat="46.57035655479051" lon="9.682984545350857"><ele>2307.8</ele></trkpt><trkpt lat="46.570373554789924" lon="9.683037545347851"><ele>2307.8</ele></trkpt><trkpt lat="46.570408554828184" lon="9.683130545382754"><ele>2307.6</ele></trkpt><trkpt lat="46.57053955547328" lon="9.683318546035261"><ele>2304.3</ele></trkpt><trkpt lat="46.570609555726676" lon="9.683399546291785"><ele>2303.0</ele></trkpt><trkpt lat="46.57067155594099" lon="9.68346754650885"><ele>2301.9</ele></trkpt><trkpt lat="46.57074255619421" lon="9.683522546766769"><ele>2300.6</ele></trkpt><trkpt lat="46.570795556329976" lon="9.683551546905557"><ele>2299.9</ele></trkpt><trkpt lat="46.570831556427" lon="9.683578547004366"><ele>2299.4</ele></trkpt><trkpt lat="46.570893556601824" lon="9.683620547182615"><ele>2298.5</ele></trkpt><trkpt lat="46.57101755695156" lon="9.683730547537708"><ele>2296.7</ele></trkpt><trkpt lat="46.57107955716574" lon="9.683771547756244"><ele>2295.6</ele></trkpt><trkpt lat="46.57112355736099" lon="9.683812547954828"><ele>2294.6</ele></trkpt><trkpt lat="46.571167557575954" lon="9.683840548174222"><ele>2293.5</ele></trkpt><trkpt lat="46.57120355779119" lon="9.683868548393693"><ele>2292.4</ele></trkpt><trkpt lat="46.57123055788854" lon="9.683869548493988"><ele>2291.9</ele></trkpt><trkpt lat="46.57123855802624" lon="9.683908548632646"><ele>2291.2</ele></trkpt><trkpt lat="46.57124655824279" lon="9.683961548851025"><ele>2290.1</ele></trkpt><trkpt lat="46.57125455841992" lon="9.68401354902923"><ele>2289.2</ele></trkpt><trkpt lat="46.57124455859779" lon="9.684052549208287"><ele>2288.3</ele></trkpt><trkpt lat="46.57124355879502" lon="9.684104549406692"><ele>2287.3</ele></trkpt><trkpt lat="46.57123455891366" lon="9.684130549526083"><ele>2286.7</ele></trkpt><trkpt lat="46.57122355920989" lon="9.68420854982377"><ele>2285.2</ele></trkpt><trkpt lat="46.57123155948556" lon="9.684286550101186"><ele>2283.8</ele></trkpt><trkpt lat="46.571239559544416" lon="9.684300550160726"><ele>2283.5</ele></trkpt><trkpt lat="46.57126555983913" lon="9.684392550457359"><ele>2282.0</ele></trkpt><trkpt lat="46.57129155993666" lon="9.684419550556285"><ele>2281.5</ele></trkpt><trkpt lat="46.571344560052815" lon="9.684487550672907"><ele>2280.9</ele></trkpt><trkpt lat="46.57140756036538" lon="9.684490550994093"><ele>2279.3</ele></trkpt><trkpt lat="46.57144256054126" lon="9.684504551174111"><ele>2278.4</ele></trkpt><trkpt lat="46.571469560678125" lon="9.68453155131327"><ele>2277.7</ele></trkpt><trkpt lat="46.57156656116675" lon="9.684601551811667"><ele>2275.2</ele></trkpt><trkpt lat="46.57159356126409" lon="9.684602551911976"><ele>2274.7</ele></trkpt><trkpt lat="46.571629561341545" lon="9.684629551990705"><ele>2274.3</ele></trkpt><trkpt lat="46.571647561419546" lon="9.684630552070969"><ele>2273.9</ele></trkpt><trkpt lat="46.57167456155635" lon="9.68464455221082"><ele>2273.2</ele></trkpt><trkpt lat="46.57174556188828" lon="9.684660552551382"><ele>2271.5</ele></trkpt><trkpt lat="46.571808562161515" lon="9.68467655283165"><ele>2270.1</ele></trkpt><trkpt lat="46.571853562336926" lon="9.68469155301154"><ele>2269.2</ele></trkpt><trkpt lat="46.571915562649814" lon="9.684746553329994"><ele>2267.6</ele></trkpt><trkpt lat="46.57195056286507" lon="9.684760553550262"><ele>2266.5</ele></trkpt><trkpt lat="46.571977562982134" lon="9.684761553670693"><ele>2265.9</ele></trkpt><trkpt lat="46.57199556311924" lon="9.684749553812004"><ele>2265.2</ele></trkpt><trkpt lat="46.572023563216504" lon="9.684737553912996"><ele>2264.7</ele></trkpt><trkpt lat="46.572032563314536" lon="9.684711554014891"><ele>2264.2</ele></trkpt><trkpt lat="46.572042563392785" lon="9.684673554097293"><ele>2263.8</ele></trkpt><trkpt lat="46.57205156347107" lon="9.684647554179069"><ele>2263.4</ele></trkpt><trkpt lat="46.57204356353043" lon="9.68462055424092"><ele>2263.1</ele></trkpt><trkpt lat="46.572035563648804" lon="9.684581554363767"><ele>2262.5</ele></trkpt><trkpt lat="46.572036563747176" lon="9.68454255446642"><ele>2262.0</ele></trkpt><trkpt lat="46.57203756382572" lon="9.684490554549635"><ele>2261.6</ele></trkpt><trkpt lat="46.572047563982636" lon="9.684425554713934"><ele>2260.8</ele></trkpt><trkpt lat="46.572047564022014" lon="9.684412554754857"><ele>2260.6</ele></trkpt><trkpt lat="46.57204756406135" lon="9.684399554795782"><ele>2260.4</ele></trkpt><trkpt lat="46.57203956414041" lon="9.684372554877752"><ele>2260.0</ele></trkpt><trkpt lat="46.57203956421908" lon="9.6843465549596"><ele>2259.6</ele></trkpt><trkpt lat="46.572049564297394" lon="9.684320555041364"><ele>2259.2</ele></trkpt><trkpt lat="46.572067564473834" lon="9.684295555223585"><ele>2258.3</ele></trkpt><trkpt lat="46.572085564571594" lon="9.684296555323973"><ele>2257.8</ele></trkpt><trkpt lat="46.57211256472819" lon="9.684323555483264"><ele>2257.0</ele></trkpt><trkpt lat="46.57216556500191" lon="9.684364555762302"><ele>2255.6</ele></trkpt><trkpt lat="46.57218356508001" lon="9.684378555841887"><ele>2255.2</ele></trkpt><trkpt lat="46.57220956525626" lon="9.68439255602199"><ele>2254.3</ele></trkpt><trkpt lat="46.57223656543258" lon="9.684420556201356"><ele>2253.4</ele></trkpt><trkpt lat="46.572262565668" lon="9.684447556441132"><ele>2252.2</ele></trkpt><trkpt lat="46.572271565785876" lon="9.684473556560398"><ele>2251.6</ele></trkpt><trkpt lat="46.57228956592308" lon="9.68447455670103"><ele>2250.9</ele></trkpt><trkpt lat="46.57230656611955" lon="9.684527556899285"><ele>2249.9</ele></trkpt><trkpt lat="46.57233256627622" lon="9.684567557057914"><ele>2249.1</ele></trkpt><trkpt lat="46.57234056631548" lon="9.684620557095295"><ele>2248.9</ele></trkpt><trkpt lat="46.572348566413794" lon="9.684659557193774"><ele>2248.4</ele></trkpt><trkpt lat="46.57236556659055" lon="9.684699557372602"><ele>2247.5</ele></trkpt><trkpt lat="46.57238356684598" lon="9.684713557633266"><ele>2246.2</ele></trkpt><trkpt lat="46.57240156708168" lon="9.68474055787313"><ele>2245.0</ele></trkpt><trkpt lat="46.57241856723866" lon="9.684753558033261"><ele>2244.2</ele></trkpt><trkpt lat="46.5724185672978" lon="9.684766558092942"><ele>2243.9</ele></trkpt><trkpt lat="46.57241856745547" lon="9.684793558252485"><ele>2243.1</ele></trkpt><trkpt lat="46.57241756755411" lon="9.684806558352411"><ele>2242.6</ele></trkpt><trkpt lat="46.57243556767156" lon="9.684806558472975"><ele>2242.0</ele></trkpt><trkpt lat="46.57244456780917" lon="9.684833558612324"><ele>2241.3</ele></trkpt><trkpt lat="46.572443567927536" lon="9.684859558731686"><ele>2240.7</ele></trkpt><trkpt lat="46.5724515680653" lon="9.68491155886974"><ele>2240.0</ele></trkpt><trkpt lat="46.57245956816365" lon="9.684964558967499"><ele>2239.5</ele></trkpt><trkpt lat="46.57246856830128" lon="9.684990559106904"><ele>2238.8</ele></trkpt><trkpt lat="46.5724675683605" lon="9.685016559165916"><ele>2238.5</ele></trkpt><trkpt lat="46.57248556841888" lon="9.685017559226065"><ele>2238.2</ele></trkpt><trkpt lat="46.57250356847724" lon="9.685018559286226"><ele>2237.9</ele></trkpt><trkpt lat="46.57251156863469" lon="9.68505755944508"><ele>2237.1</ele></trkpt><trkpt lat="46.57254656886982" lon="9.685111559683406"><ele>2235.9</ele></trkpt><trkpt lat="46.57256456892826" lon="9.68512555974288"><ele>2235.6</ele></trkpt><trkpt lat="46.572591568946855" lon="9.685139559762037"><ele>2235.5</ele></trkpt><trkpt lat="46.5726265690441" lon="9.685180559860205"><ele>2235.0</ele></trkpt><trkpt lat="46.5726525691022" lon="9.685207559918931"><ele>2234.7</ele></trkpt><trkpt lat="46.572679569140554" lon="9.68523455995754"><ele>2234.5</ele></trkpt><trkpt lat="46.5726965691795" lon="9.685287559994869"><ele>2234.3</ele></trkpt><trkpt lat="46.57275756925601" lon="9.68535556007128"><ele>2233.9</ele></trkpt><trkpt lat="46.57277556927506" lon="9.685369560090514"><ele>2233.8</ele></trkpt><trkpt lat="46.57279356927431" lon="9.685369560090365"><ele>2233.8</ele></trkpt><trkpt lat="46.57281156929333" lon="9.685396560108918"><ele>2233.7</ele></trkpt><trkpt lat="46.57283856929228" lon="9.685397560108639"><ele>2233.7</ele></trkpt><trkpt lat="46.57289156915221" lon="9.685412559966549"><ele>2234.4</ele></trkpt><trkpt lat="46.5729185692891" lon="9.685440560105706"><ele>2233.7</ele></trkpt><trkpt lat="46.572944569524495" lon="9.68546756034554"><ele>2232.5</ele></trkpt><trkpt lat="46.572971569720494" lon="9.685481560545794"><ele>2231.5</ele></trkpt><trkpt lat="46.57298056983841" lon="9.68549456066577"><ele>2230.9</ele></trkpt><trkpt lat="46.57301657013244" lon="9.685496560967188"><ele>2229.4</ele></trkpt><trkpt lat="46.5730335702894" lon="9.68551056112729"><ele>2228.6</ele></trkpt><trkpt lat="46.573042570407225" lon="9.685510561247941"><ele>2228.0</ele></trkpt><trkpt lat="46.57306957060316" lon="9.685511561448878"><ele>2227.0</ele></trkpt><trkpt lat="46.57309657077933" lon="9.685512561629695"><ele>2226.1</ele></trkpt><trkpt lat="46.573123571054175" lon="9.685540561909715"><ele>2224.7</ele></trkpt><trkpt lat="46.57315857142715" lon="9.685567562290334"><ele>2222.8</ele></trkpt><trkpt lat="46.57317657156438" lon="9.685581562430308"><ele>2222.1</ele></trkpt><trkpt lat="46.57318457180072" lon="9.685633562669008"><ele>2220.9</ele></trkpt><trkpt lat="46.573202571977234" lon="9.685634562849904"><ele>2220.0</ele></trkpt><trkpt lat="46.57323757231084" lon="9.685662563190231"><ele>2218.3</ele></trkpt><trkpt lat="46.57327357264442" lon="9.685689563530607"><ele>2216.6</ele></trkpt><trkpt lat="46.57329957295871" lon="9.685717563850899"><ele>2215.0</ele></trkpt><trkpt lat="46.57331757317476" lon="9.685743564070748"><ele>2213.9</ele></trkpt><trkpt lat="46.573325573509585" lon="9.685796564410028"><ele>2212.2</ele></trkpt><trkpt lat="46.57334157413971" lon="9.685888565049076"><ele>2209.0</ele></trkpt><trkpt lat="46.573349574376" lon="9.685940565287801"><ele>2207.8</ele></trkpt><trkpt lat="46.573339574514435" lon="9.685966565427409"><ele>2207.1</ele></trkpt><trkpt lat="46.5733395746919" lon="9.686005565606504"><ele>2206.2</ele></trkpt><trkpt lat="46.573338574908796" lon="9.686044565825862"><ele>2205.1</ele></trkpt><trkpt lat="46.57332857516553" lon="9.686096566084872"><ele>2203.8</ele></trkpt><trkpt lat="46.57334657526329" lon="9.686084566185958"><ele>2203.3</ele></trkpt><trkpt lat="46.57336457542011" lon="9.686072566347411"><ele>2202.5</ele></trkpt><trkpt lat="46.57337357555769" lon="9.686085566487527"><ele>2201.8</ele></trkpt><trkpt lat="46.573371576030894" lon="9.686163566966501"><ele>2199.4</ele></trkpt><trkpt lat="46.573361576346805" lon="9.686228567285234"><ele>2197.8</ele></trkpt><trkpt lat="46.57336057674115" lon="9.686306567683713"><ele>2195.8</ele></trkpt><trkpt lat="46.57335057705701" lon="9.686358568003124"><ele>2194.2</ele></trkpt><trkpt lat="46.573358577293256" lon="9.686398568242494"><ele>2193.0</ele></trkpt><trkpt lat="46.57334857745133" lon="9.686423568402294"><ele>2192.2</ele></trkpt><trkpt lat="46.57334857768791" lon="9.686462568641788"><ele>2191.0</ele></trkpt><trkpt lat="46.57333857786574" lon="9.686488568821662"><ele>2190.1</ele></trkpt><trkpt lat="46.57334457859496" lon="9.68661956955953"><ele>2186.4</ele></trkpt><trkpt lat="46.57333457891078" lon="9.686671569878964"><ele>2184.8</ele></trkpt><trkpt lat="46.573334579088225" lon="9.686710570058096"><ele>2183.9</ele></trkpt><trkpt lat="46.57331557934535" lon="9.686761570317286"><ele>2182.6</ele></trkpt><trkpt lat="46.57330457966124" lon="9.68682657063607"><ele>2181.0</ele></trkpt><trkpt lat="46.57329557981928" lon="9.686852570795823"><ele>2180.2</ele></trkpt><trkpt lat="46.57329457997706" lon="9.686878570955509"><ele>2179.4</ele></trkpt><trkpt lat="46.5732755803524" lon="9.68695557133414"><ele>2177.5</ele></trkpt><trkpt lat="46.57326658043164" lon="9.686968571414058"><ele>2177.1</ele></trkpt><trkpt lat="46.573264580688075" lon="9.687020571673068"><ele>2175.8</ele></trkpt><trkpt lat="46.573264580944304" lon="9.687059571932721"><ele>2174.5</ele></trkpt><trkpt lat="46.573254581063" lon="9.687085572052244"><ele>2173.9</ele></trkpt><trkpt lat="46.573243581497195" lon="9.687176572490486"><ele>2171.7</ele></trkpt><trkpt lat="46.57324358171407" lon="9.687202572710563"><ele>2170.6</ele></trkpt><trkpt lat="46.57322358206979" lon="9.6872795730691"><ele>2168.8</ele></trkpt><trkpt lat="46.573204582386" lon="9.687357573387333"><ele>2167.2</ele></trkpt><trkpt lat="46.57319458262305" lon="9.687422573625653"><ele>2166.0</ele></trkpt><trkpt lat="46.57318458286008" lon="9.687473573864679"><ele>2164.8</ele></trkpt><trkpt lat="46.57317258335352" lon="9.687590574362043"><ele>2162.3</ele></trkpt><trkpt lat="46.57317158360993" lon="9.687656574620377"><ele>2161.0</ele></trkpt><trkpt lat="46.57316058396529" lon="9.687746574978222"><ele>2159.2</ele></trkpt><trkpt lat="46.57316058402443" lon="9.687760575037903"><ele>2158.9</ele></trkpt><trkpt lat="46.57315958430052" lon="9.687812575317077"><ele>2157.5</ele></trkpt><trkpt lat="46.5731675843791" lon="9.687838575396214"><ele>2157.1</ele></trkpt><trkpt lat="46.573158584556936" lon="9.687877575575476"><ele>2156.2</ele></trkpt><trkpt lat="46.57316658475368" lon="9.68790357577538"><ele>2155.2</ele></trkpt><trkpt lat="46.57316458518758" lon="9.687995576213591"><ele>2153.0</ele></trkpt><trkpt lat="46.57317258538437" lon="9.688047576412192"><ele>2152.0</ele></trkpt><trkpt lat="46.57317158556196" lon="9.688099576590744"><ele>2151.1</ele></trkpt><trkpt lat="46.573170585660705" lon="9.688151576688787"><ele>2150.6</ele></trkpt><trkpt lat="46.57318758573901" lon="9.688191576767156"><ele>2150.2</ele></trkpt><trkpt lat="46.57319658581752" lon="9.688218576846236"><ele>2149.8</ele></trkpt><trkpt lat="46.57320358613275" lon="9.688296577164332"><ele>2148.2</ele></trkpt><trkpt lat="46.57320158644837" lon="9.6883885774818"><ele>2146.6</ele></trkpt><trkpt lat="46.57321858664498" lon="9.688467577678994"><ele>2145.6</ele></trkpt><trkpt lat="46.57321758672394" lon="9.688493577758221"><ele>2145.2</ele></trkpt><trkpt lat="46.57322558682228" lon="9.688545577856198"><ele>2144.7</ele></trkpt><trkpt lat="46.573243586939945" lon="9.688585577974823"><ele>2144.1</ele></trkpt><trkpt lat="46.573243586939945" lon="9.688585577974823"><ele>2144.1</ele></trkpt><trkpt lat="46.57327058713586" lon="9.688573578176502"><ele>2143.1</ele></trkpt><trkpt lat="46.57329758729239" lon="9.688574578337269"><ele>2142.3</ele></trkpt><trkpt lat="46.57331558744924" lon="9.68854957849941"><ele>2141.5</ele></trkpt><trkpt lat="46.57334358760564" lon="9.688524578661466"><ele>2140.7</ele></trkpt><trkpt lat="46.57335258772337" lon="9.688498578783468"><ele>2140.1</ele></trkpt><trkpt lat="46.57338058787983" lon="9.688473578945526"><ele>2139.3</ele></trkpt><trkpt lat="46.57338958805668" lon="9.688435579128514"><ele>2138.4</ele></trkpt><trkpt lat="46.573399588135" lon="9.688409579210244"><ele>2138.0</ele></trkpt><trkpt lat="46.573417588272164" lon="9.688397579351605"><ele>2137.3</ele></trkpt><trkpt lat="46.57346358840817" lon="9.688372579493384"><ele>2136.6</ele></trkpt><trkpt lat="46.57350058858386" lon="9.688322579676738"><ele>2135.7</ele></trkpt><trkpt lat="46.57353658875964" lon="9.6882845798595"><ele>2134.8</ele></trkpt><trkpt lat="46.573546588818246" lon="9.688245579921748"><ele>2134.5</ele></trkpt><trkpt lat="46.57357458891555" lon="9.688220580023414"><ele>2134.0</ele></trkpt><trkpt lat="46.573583588974294" lon="9.688208580084323"><ele>2133.7</ele></trkpt><trkpt lat="46.57361058905198" lon="9.688196580165215"><ele>2133.3</ele></trkpt><trkpt lat="46.57361958913036" lon="9.688183580246303"><ele>2132.9</ele></trkpt><trkpt lat="46.573656589247" lon="9.688133580369268"><ele>2132.3</ele></trkpt><trkpt lat="46.573702589343526" lon="9.688082580472077"><ele>2131.8</ele></trkpt><trkpt lat="46.57377658945853" lon="9.688007580595968"><ele>2131.2</ele></trkpt><trkpt lat="46.57385858953391" lon="9.6879455806789"><ele>2130.8</ele></trkpt><trkpt lat="46.5739595896478" lon="9.68784558080382"><ele>2130.2</ele></trkpt><trkpt lat="46.57399658974473" lon="9.687794580906692"><ele>2129.7</ele></trkpt><trkpt lat="46.574014589763685" lon="9.687782580927275"><ele>2129.6</ele></trkpt><trkpt lat="46.57403358980223" lon="9.687744580969264"><ele>2129.4</ele></trkpt><trkpt lat="46.574052589840726" lon="9.687705581011304"><ele>2129.2</ele></trkpt><trkpt lat="46.57406258987954" lon="9.687640581054707"><ele>2129.0</ele></trkpt><trkpt lat="46.57407158989884" lon="9.68762858107536"><ele>2128.9</ele></trkpt><trkpt lat="46.57407158989884" lon="9.68762858107536"><ele>2128.9</ele></trkpt><trkpt lat="46.574090589917695" lon="9.687602581096622"><ele>2128.8</ele></trkpt><trkpt lat="46.574099589937056" lon="9.687590581117275"><ele>2128.7</ele></trkpt><trkpt lat="46.574126589955625" lon="9.687591581137134"><ele>2128.6</ele></trkpt><trkpt lat="46.57417159009184" lon="9.687593581277563"><ele>2127.9</ele></trkpt><trkpt lat="46.574189590091066" lon="9.687580581278057"><ele>2127.9</ele></trkpt><trkpt lat="46.5742355902073" lon="9.687530581400933"><ele>2127.3</ele></trkpt><trkpt lat="46.574281590362986" lon="9.68749358156342"><ele>2126.5</ele></trkpt><trkpt lat="46.5743185904403" lon="9.687468581644865"><ele>2126.1</ele></trkpt><trkpt lat="46.57434559047862" lon="9.6874565816855"><ele>2125.9</ele></trkpt><trkpt lat="46.5743815904772" lon="9.687458581685107"><ele>2125.9</ele></trkpt><trkpt lat="46.57444459053384" lon="9.687461581744833"><ele>2125.6</ele></trkpt><trkpt lat="46.57455159070705" lon="9.68747858192426"><ele>2124.7</ele></trkpt><trkpt lat="46.57462359078306" lon="9.687481582004036"><ele>2124.3</ele></trkpt><trkpt lat="46.574677590840025" lon="9.687470582064526"><ele>2124.0</ele></trkpt><trkpt lat="46.574723590897314" lon="9.687459582125081"><ele>2123.7</ele></trkpt><trkpt lat="46.57478659099324" lon="9.68742358222699"><ele>2123.2</ele></trkpt><trkpt lat="46.57483259103081" lon="9.687411582267462"><ele>2123.0</ele></trkpt><trkpt lat="46.574886591068086" lon="9.687414582307134"><ele>2122.8</ele></trkpt><trkpt lat="46.574940591144816" lon="9.687416582387103"><ele>2122.4</ele></trkpt><trkpt lat="46.57500259126071" lon="9.687445582505925"><ele>2121.8</ele></trkpt><trkpt lat="46.57505559141639" lon="9.687486582664492"><ele>2121.0</ele></trkpt><trkpt lat="46.57510059149352" lon="9.687501582743893"><ele>2120.6</ele></trkpt><trkpt lat="46.57517259154986" lon="9.687504582803541"><ele>2120.3</ele></trkpt><trkpt lat="46.5752175915875" lon="9.687506582843337"><ele>2120.1</ele></trkpt><trkpt lat="46.57524359164563" lon="9.687520582902817"><ele>2119.8</ele></trkpt><trkpt lat="46.57527959176257" lon="9.687561583021266"><ele>2119.2</ele></trkpt><trkpt lat="46.57530559186022" lon="9.687588583120354"><ele>2118.7</ele></trkpt><trkpt lat="46.57534059207584" lon="9.68765458333822"><ele>2117.6</ele></trkpt><trkpt lat="46.57534059207584" lon="9.68765458333822"><ele>2117.6</ele></trkpt><trkpt lat="46.57539359213309" lon="9.68770958339546"><ele>2117.3</ele></trkpt><trkpt lat="46.57539359213309" lon="9.68770958339546"><ele>2117.3</ele></trkpt><trkpt lat="46.57541059207335" lon="9.687723583334241"><ele>2117.6</ele></trkpt><trkpt lat="46.575428592072626" lon="9.687723583334098"><ele>2117.6</ele></trkpt><trkpt lat="46.57546459205155" lon="9.687725583313577"><ele>2117.7</ele></trkpt><trkpt lat="46.575573592086684" lon="9.68771658335339"><ele>2117.5</ele></trkpt><trkpt lat="46.575626592064886" lon="9.687719583332685"><ele>2117.6</ele></trkpt><trkpt lat="46.57565359208357" lon="9.687720583352545"><ele>2117.5</ele></trkpt><trkpt lat="46.575725592159635" lon="9.687749583431039"><ele>2117.1</ele></trkpt><trkpt lat="46.57576159221737" lon="9.687750583491088"><ele>2116.8</ele></trkpt><trkpt lat="46.575913592448124" lon="9.687809583728487"><ele>2115.6</ele></trkpt><trkpt lat="46.576020592483445" lon="9.687826583767034"><ele>2115.4</ele></trkpt><trkpt lat="46.57607459248144" lon="9.687855583765165"><ele>2115.4</ele></trkpt><trkpt lat="46.57611059247999" lon="9.687856583764821"><ele>2115.4</ele></trkpt><trkpt lat="46.57611059247999" lon="9.687856583764821"><ele>2115.4</ele></trkpt><trkpt lat="46.57617259243824" lon="9.687872583723268"><ele>2115.6</ele></trkpt><trkpt lat="46.57622759243604" lon="9.687861583723372"><ele>2115.6</ele></trkpt><trkpt lat="46.576317592412764" lon="9.687852583702954"><ele>2115.7</ele></trkpt><trkpt lat="46.57637159241059" lon="9.687828583703702"><ele>2115.7</ele></trkpt><trkpt lat="46.576498592306876" lon="9.687768583604985"><ele>2116.2</ele></trkpt><trkpt lat="46.576535592265984" lon="9.687756583565022"><ele>2116.4</ele></trkpt><trkpt lat="46.57658059228391" lon="9.687745583585325"><ele>2116.3</ele></trkpt><trkpt lat="46.57658059228391" lon="9.687745583585325"><ele>2116.3</ele></trkpt><trkpt lat="46.57669059255515" lon="9.687632583871816"><ele>2114.9</ele></trkpt><trkpt lat="46.576773592729" lon="9.687544584056653"><ele>2114.0</ele></trkpt><trkpt lat="46.57681059282596" lon="9.687507584158821"><ele>2113.5</ele></trkpt><trkpt lat="46.576846592922976" lon="9.687469584261045"><ele>2113.0</ele></trkpt><trkpt lat="46.57697459323303" lon="9.687383584586309"><ele>2111.4</ele></trkpt><trkpt lat="46.57702959334904" lon="9.687346584708454"><ele>2110.8</ele></trkpt><trkpt lat="46.57715759359993" lon="9.687247584973964"><ele>2109.5</ele></trkpt><trkpt lat="46.577184593657904" lon="9.68722258503536"><ele>2109.2</ele></trkpt><trkpt lat="46.57721259371585" lon="9.687197585096753"><ele>2108.9</ele></trkpt><trkpt lat="46.57723959379352" lon="9.687159585178911"><ele>2108.5</ele></trkpt><trkpt lat="46.57726759387118" lon="9.68712158526107"><ele>2108.1</ele></trkpt><trkpt lat="46.577286593949125" lon="9.6870835853433"><ele>2107.7</ele></trkpt><trkpt lat="46.577332594085064" lon="9.687006585487607"><ele>2107.0</ele></trkpt><trkpt lat="46.57737059420159" lon="9.686943585611166"><ele>2106.4</ele></trkpt><trkpt lat="46.57740759433784" lon="9.686853585756186"><ele>2105.7</ele></trkpt><trkpt lat="46.57744459439532" lon="9.686802585818773"><ele>2105.4</ele></trkpt><trkpt lat="46.57749159445242" lon="9.686739585881874"><ele>2105.1</ele></trkpt><trkpt lat="46.57777559491355" lon="9.686464586376127"><ele>2102.7</ele></trkpt><trkpt lat="46.577876595106424" lon="9.686377586580845"><ele>2101.7</ele></trkpt><trkpt lat="46.578069595571414" lon="9.686189587071546"><ele>2099.3</ele></trkpt><trkpt lat="46.57816059578441" lon="9.686101587296505"><ele>2098.2</ele></trkpt><trkpt lat="46.5782895960747" lon="9.685976587603475"><ele>2096.7</ele></trkpt><trkpt lat="46.578334596230526" lon="9.685939587765935"><ele>2095.9</ele></trkpt><trkpt lat="46.57839859640532" lon="9.68591558794772"><ele>2095.0</ele></trkpt><trkpt lat="46.57847059659963" lon="9.685892588149525"><ele>2094.0</ele></trkpt><trkpt lat="46.57851659671599" lon="9.685855588271714"><ele>2093.4</ele></trkpt><trkpt lat="46.57856259687174" lon="9.685805588434791"><ele>2092.6</ele></trkpt><trkpt lat="46.578784597532504" lon="9.685527589130833"><ele>2089.2</ele></trkpt><trkpt lat="46.579005597996144" lon="9.685236589626234"><ele>2086.8</ele></trkpt><trkpt lat="46.57926459841875" lon="9.684907590082904"><ele>2084.6</ele></trkpt><trkpt lat="46.579347598592626" lon="9.684793590268896"><ele>2083.7</ele></trkpt><trkpt lat="46.579549599096715" lon="9.684580590800833"><ele>2081.1</ele></trkpt><trkpt lat="46.579668599446684" lon="9.68448059116695"><ele>2079.3</ele></trkpt><trkpt lat="46.57972359964154" lon="9.6844175913708"><ele>2078.3</ele></trkpt><trkpt lat="46.57976959977761" lon="9.684367591513713"><ele>2077.6</ele></trkpt><trkpt lat="46.579807599874506" lon="9.684303591617129"><ele>2077.1</ele></trkpt><trkpt lat="46.579844599951755" lon="9.684240591700375"><ele>2076.7</ele></trkpt><trkpt lat="46.57988160004859" lon="9.684163591804422"><ele>2076.2</ele></trkpt><trkpt lat="46.5799956002208" lon="9.683893591997691"><ele>2075.3</ele></trkpt><trkpt lat="46.58005160035629" lon="9.683778592143662"><ele>2074.6</ele></trkpt><trkpt lat="46.58012560049104" lon="9.683664592289437"><ele>2073.9</ele></trkpt><trkpt lat="46.58022760076276" lon="9.683525592577045"><ele>2072.5</ele></trkpt><trkpt lat="46.58039360124866" lon="9.683323593088506"><ele>2070.0</ele></trkpt><trkpt lat="46.58070760231977" lon="9.682918594212149"><ele>2064.5</ele></trkpt><trkpt lat="46.58076260249491" lon="9.682868594395197"><ele>2063.6</ele></trkpt><trkpt lat="46.580808602611334" lon="9.68281859451796"><ele>2063.0</ele></trkpt><trkpt lat="46.580881602785894" lon="9.68278259470019"><ele>2062.1</ele></trkpt><trkpt lat="46.58093560290213" lon="9.68275859482163"><ele>2061.5</ele></trkpt><trkpt lat="46.580990603018215" lon="9.682734594943062"><ele>2060.9</ele></trkpt><trkpt lat="46.58108060321194" lon="9.682725595143975"><ele>2059.9</ele></trkpt><trkpt lat="46.58111660330911" lon="9.682713595244865"><ele>2059.4</ele></trkpt><trkpt lat="46.581161603425635" lon="9.68268959536638"><ele>2058.8</ele></trkpt><trkpt lat="46.58118960350334" lon="9.682651595448458"><ele>2058.4</ele></trkpt><trkpt lat="46.581226603639834" lon="9.682613595590826"><ele>2057.7</ele></trkpt><trkpt lat="46.58127260379561" lon="9.682550595754435"><ele>2056.9</ele></trkpt><trkpt lat="46.58134760408817" lon="9.682423596061719"><ele>2055.4</ele></trkpt><trkpt lat="46.58138460430334" lon="9.68233359628705"><ele>2054.3</ele></trkpt><trkpt lat="46.58157260510346" lon="9.681949597128797"><ele>2050.2</ele></trkpt><trkpt lat="46.58175160570668" lon="9.681552597769997"><ele>2047.1</ele></trkpt><trkpt lat="46.5817986058426" lon="9.681462597914747"><ele>2046.4</ele></trkpt><trkpt lat="46.581853605998084" lon="9.681386598078875"><ele>2045.6</ele></trkpt><trkpt lat="46.58191860625164" lon="9.681285598344697"><ele>2044.3</ele></trkpt><trkpt lat="46.58202860658237" lon="9.681172598691195"><ele>2042.6</ele></trkpt><trkpt lat="46.582102606894836" lon="9.681083599016711"><ele>2041.0</ele></trkpt><trkpt lat="46.58214860710985" lon="9.681020599240622"><ele>2039.9</ele></trkpt><trkpt lat="46.58217660722699" lon="9.680982599362903"><ele>2039.3</ele></trkpt><trkpt lat="46.582185607344876" lon="9.680956599484764"><ele>2038.7</ele></trkpt><trkpt lat="46.582205607442546" lon="9.68090559958761"><ele>2038.2</ele></trkpt><trkpt lat="46.582215607639164" lon="9.680840599791779"><ele>2037.2</ele></trkpt><trkpt lat="46.58222560775691" lon="9.680788599914859"><ele>2036.6</ele></trkpt><trkpt lat="46.58221760787542" lon="9.68073660003809"><ele>2036.0</ele></trkpt><trkpt lat="46.582219608151114" lon="9.680632600324623"><ele>2034.6</ele></trkpt><trkpt lat="46.58218860874305" lon="9.680369600940775"><ele>2031.6</ele></trkpt><trkpt lat="46.58217260894048" lon="9.680264601147012"><ele>2030.6</ele></trkpt><trkpt lat="46.582152609472644" lon="9.67993760170572"><ele>2027.9</ele></trkpt><trkpt lat="46.582152609472644" lon="9.67993760170572"><ele>2027.9</ele></trkpt><trkpt lat="46.582136609650355" lon="9.679819601892444"><ele>2027.0</ele></trkpt><trkpt lat="46.58212960980807" lon="9.67972760205775"><ele>2026.2</ele></trkpt><trkpt lat="46.58213060992615" lon="9.679662602181489"><ele>2025.6</ele></trkpt><trkpt lat="46.582132610083484" lon="9.67957160234667"><ele>2024.8</ele></trkpt><trkpt lat="46.58213461026063" lon="9.679479602532009"><ele>2023.9</ele></trkpt><trkpt lat="46.58213661051652" lon="9.679349602799586"><ele>2022.6</ele></trkpt><trkpt lat="46.582137610595204" lon="9.67929760288248"><ele>2022.2</ele></trkpt><trkpt lat="46.5821476106538" lon="9.67924560294519"><ele>2021.9</ele></trkpt><trkpt lat="46.58216661075157" lon="9.679194603048007"><ele>2021.4</ele></trkpt><trkpt lat="46.58219461082929" lon="9.679156603130028"><ele>2021.0</ele></trkpt><trkpt lat="46.58222161088737" lon="9.679131603191326"><ele>2020.7</ele></trkpt><trkpt lat="46.582258610945075" lon="9.679106603252553"><ele>2020.4</ele></trkpt><trkpt lat="46.58229461104229" lon="9.679095603353352"><ele>2019.9</ele></trkpt><trkpt lat="46.58233061111981" lon="9.67909660343347"><ele>2019.5</ele></trkpt><trkpt lat="46.58237561123652" lon="9.679111603553084"><ele>2018.9</ele></trkpt><trkpt lat="46.58243861135258" lon="9.67912760367251"><ele>2018.3</ele></trkpt><trkpt lat="46.58248261146929" lon="9.679128603792789"><ele>2017.7</ele></trkpt><trkpt lat="46.5825106115668" lon="9.679116603893696"><ele>2017.2</ele></trkpt><trkpt lat="46.58268261199408" lon="9.679058604337541"><ele>2015.0</ele></trkpt><trkpt lat="46.582754612168856" lon="9.67903560451907"><ele>2014.1</ele></trkpt><trkpt lat="46.58279161222661" lon="9.679024604579634"><ele>2013.8</ele></trkpt><trkpt lat="46.58284561236265" lon="9.679013604720515"><ele>2013.1</ele></trkpt><trkpt lat="46.58291761251769" lon="9.679003604881316"><ele>2012.3</ele></trkpt><trkpt lat="46.582944612575766" lon="9.678978604942614"><ele>2012.0</ele></trkpt><trkpt lat="46.58297261263378" lon="9.678953605003906"><ele>2011.7</ele></trkpt><trkpt lat="46.58300061271152" lon="9.678915605085916"><ele>2011.3</ele></trkpt><trkpt lat="46.58301861278967" lon="9.678877605168006"><ele>2010.9</ele></trkpt><trkpt lat="46.58304761292639" lon="9.678799605312214"><ele>2010.2</ele></trkpt><trkpt lat="46.583114613317655" lon="9.678580605724177"><ele>2008.2</ele></trkpt><trkpt lat="46.58314361345429" lon="9.678477605869551"><ele>2007.5</ele></trkpt><trkpt lat="46.58316361361101" lon="9.678387606034489"><ele>2006.7</ele></trkpt><trkpt lat="46.583173613709114" lon="9.678322606138007"><ele>2006.2</ele></trkpt><trkpt lat="46.58322261400257" lon="9.678141606447738"><ele>2004.7</ele></trkpt><trkpt lat="46.58326161423729" lon="9.677973606696606"><ele>2003.5</ele></trkpt><trkpt lat="46.583300614491705" lon="9.677818606964962"><ele>2002.2</ele></trkpt><trkpt lat="46.58331061455038" lon="9.67776660702764"><ele>2001.9</ele></trkpt><trkpt lat="46.583321614667994" lon="9.677675607152453"><ele>2001.3</ele></trkpt><trkpt lat="46.583341614805065" lon="9.67758560729726"><ele>2000.6</ele></trkpt><trkpt lat="46.5833606149422" lon="9.677520607440906"><ele>1999.9</ele></trkpt><trkpt lat="46.583389615059154" lon="9.677417607566131"><ele>1999.3</ele></trkpt><trkpt lat="46.58340961519617" lon="9.677326607710976"><ele>1998.6</ele></trkpt><trkpt lat="46.583429615392255" lon="9.677197607917911"><ele>1997.6</ele></trkpt><trkpt lat="46.583439615450885" lon="9.677145607980574"><ele>1997.3</ele></trkpt><trkpt lat="46.58346861554822" lon="9.677081608083867"><ele>1996.8</ele></trkpt><trkpt lat="46.58349661566536" lon="9.677004608207882"><ele>1996.2</ele></trkpt><trkpt lat="46.58352561580201" lon="9.676914608352597"><ele>1995.5</ele></trkpt><trkpt lat="46.583544615880044" lon="9.676849608435903"><ele>1995.1</ele></trkpt><trkpt lat="46.583555615958275" lon="9.67678460851927"><ele>1994.7</ele></trkpt><trkpt lat="46.583565616056376" lon="9.676719608622749"><ele>1994.2</ele></trkpt><trkpt lat="46.58356661615471" lon="9.676654608726292"><ele>1993.7</ele></trkpt><trkpt lat="46.583569616371065" lon="9.676485608955293"><ele>1992.6</ele></trkpt><trkpt lat="46.583571616469364" lon="9.676406609059478"><ele>1992.1</ele></trkpt><trkpt lat="46.58358161656742" lon="9.676355609162297"><ele>1991.6</ele></trkpt><trkpt lat="46.583611616861674" lon="9.676186609471495"><ele>1990.1</ele></trkpt><trkpt lat="46.583621616940036" lon="9.67613460955425"><ele>1989.7</ele></trkpt><trkpt lat="46.58362261701875" lon="9.676095609636473"><ele>1989.3</ele></trkpt><trkpt lat="46.58362361705801" lon="9.676043609679086"><ele>1989.1</ele></trkpt><trkpt lat="46.58362461711702" lon="9.676004609741204"><ele>1988.8</ele></trkpt><trkpt lat="46.58360861729472" lon="9.675873609928344"><ele>1987.9</ele></trkpt><trkpt lat="46.58360161739336" lon="9.675807610031974"><ele>1987.4</ele></trkpt><trkpt lat="46.583604617570295" lon="9.675651610220116"><ele>1986.5</ele></trkpt><trkpt lat="46.58361461764874" lon="9.675612610302261"><ele>1986.1</ele></trkpt><trkpt lat="46.58363361774647" lon="9.675561610404994"><ele>1985.6</ele></trkpt><trkpt lat="46.583735618176064" lon="9.675369610855379"><ele>1983.4</ele></trkpt><trkpt lat="46.58375461829361" lon="9.67533161097761"><ele>1982.8</ele></trkpt><trkpt lat="46.58377361839136" lon="9.675279611080386"><ele>1982.3</ele></trkpt><trkpt lat="46.583783618469724" lon="9.675227611163127"><ele>1981.9</ele></trkpt><trkpt lat="46.58379361854811" lon="9.675176611245819"><ele>1981.5</ele></trkpt><trkpt lat="46.583794618646486" lon="9.675110611349371"><ele>1981.0</ele></trkpt><trkpt lat="46.58379661870533" lon="9.67503261141327"><ele>1980.7</ele></trkpt><trkpt lat="46.583797618784" lon="9.674967611496673"><ele>1980.3</ele></trkpt><trkpt lat="46.583782618941996" lon="9.674849611663051"><ele>1979.5</ele></trkpt><trkpt lat="46.58376061925757" lon="9.674587611996934"><ele>1977.9</ele></trkpt><trkpt lat="46.583746619573034" lon="9.674378612328297"><ele>1976.3</ele></trkpt><trkpt lat="46.58374761961228" lon="9.674338612370331"><ele>1976.1</ele></trkpt><trkpt lat="46.583756619651375" lon="9.67431361241162"><ele>1975.9</ele></trkpt><trkpt lat="46.58376661969035" lon="9.674287612452943"><ele>1975.7</ele></trkpt><trkpt lat="46.583784619729116" lon="9.67427561249356"><ele>1975.5</ele></trkpt><trkpt lat="46.5838026198073" lon="9.674249612575027"><ele>1975.1</ele></trkpt><trkpt lat="46.5838576199433" lon="9.674226612716373"><ele>1974.4</ele></trkpt><trkpt lat="46.58387562000174" lon="9.674213612777134"><ele>1974.1</ele></trkpt><trkpt lat="46.58387562000174" lon="9.674213612777134"><ele>1974.1</ele></trkpt><trkpt lat="46.58389462007987" lon="9.674188612858545"><ele>1973.7</ele></trkpt><trkpt lat="46.58392262011815" lon="9.674137612900877"><ele>1973.5</ele></trkpt><trkpt lat="46.5839406201174" lon="9.674098612902537"><ele>1973.5</ele></trkpt><trkpt lat="46.5839406201174" lon="9.674098612902537"><ele>1973.5</ele></trkpt><trkpt lat="46.58396962013582" lon="9.674034612925363"><ele>1973.4</ele></trkpt><trkpt lat="46.58396962013582" lon="9.674034612925363"><ele>1973.4</ele></trkpt><trkpt lat="46.58397962015505" lon="9.673983612947733"><ele>1973.3</ele></trkpt><trkpt lat="46.583979620154885" lon="9.673943612949572"><ele>1973.3</ele></trkpt><trkpt lat="46.58398062017449" lon="9.673917612970865"><ele>1973.2</ele></trkpt><trkpt lat="46.583972620194395" lon="9.673878612992814"><ele>1973.1</ele></trkpt><trkpt lat="46.583972620194366" lon="9.673852612994013"><ele>1973.1</ele></trkpt><trkpt lat="46.583947620214644" lon="9.67375961301858"><ele>1973.0</ele></trkpt><trkpt lat="46.5839396202346" lon="9.673733613039943"><ele>1972.9</ele></trkpt><trkpt lat="46.583939620254206" lon="9.67369461306183"><ele>1972.8</ele></trkpt><trkpt lat="46.583940620273786" lon="9.673655613083717"><ele>1972.7</ele></trkpt><trkpt lat="46.583950620312706" lon="9.67360361312623"><ele>1972.5</ele></trkpt><trkpt lat="46.58397962037051" lon="9.673500613191047"><ele>1972.2</ele></trkpt><trkpt lat="46.58399062042902" lon="9.673422613254846"><ele>1971.9</ele></trkpt><trkpt lat="46.583999620468035" lon="9.67338361329677"><ele>1971.7</ele></trkpt><trkpt lat="46.584000620487615" lon="9.67334461331865"><ele>1971.6</ele></trkpt><trkpt lat="46.58399262050756" lon="9.673317613340055"><ele>1971.5</ele></trkpt><trkpt lat="46.58397662058674" lon="9.673225613424798"><ele>1971.1</ele></trkpt><trkpt lat="46.58397662062603" lon="9.673186613466786"><ele>1970.9</ele></trkpt><trkpt lat="46.58396362096108" lon="9.67293861381994"><ele>1969.2</ele></trkpt><trkpt lat="46.58396462100037" lon="9.67289961386192"><ele>1969.0</ele></trkpt><trkpt lat="46.58397462103933" lon="9.672860613903824"><ele>1968.8</ele></trkpt><trkpt lat="46.58398362107838" lon="9.672821613945747"><ele>1968.6</ele></trkpt><trkpt lat="46.58401262123479" lon="9.672731614110434"><ele>1967.8</ele></trkpt><trkpt lat="46.58402262129357" lon="9.672705614171845"><ele>1967.5</ele></trkpt><trkpt lat="46.584031621352295" lon="9.672666614233858"><ele>1967.2</ele></trkpt><trkpt lat="46.58404262143064" lon="9.6726156143165"><ele>1966.8</ele></trkpt><trkpt lat="46.58405362170592" lon="9.672472614604327"><ele>1965.4</ele></trkpt><trkpt lat="46.58405562184375" lon="9.672406614748011"><ele>1964.7</ele></trkpt><trkpt lat="46.58405662198156" lon="9.672328614892248"><ele>1964.0</ele></trkpt><trkpt lat="46.58406662209945" lon="9.672289615014538"><ele>1963.4</ele></trkpt><trkpt lat="46.58406662213879" lon="9.672263615055918"><ele>1963.2</ele></trkpt><trkpt lat="46.58408562221692" lon="9.672225615137899"><ele>1962.8</ele></trkpt><trkpt lat="46.58415862243108" lon="9.672176615360643"><ele>1961.7</ele></trkpt><trkpt lat="46.58421462266557" lon="9.672100615604851"><ele>1960.5</ele></trkpt><trkpt lat="46.58424162272371" lon="9.67208861566548"><ele>1960.2</ele></trkpt><trkpt lat="46.5843056229185" lon="9.672038615868242"><ele>1959.2</ele></trkpt><trkpt lat="46.584323622976996" lon="9.67202661592894"><ele>1958.9</ele></trkpt><trkpt lat="46.584350623054924" lon="9.672027616009075"><ele>1958.5</ele></trkpt><trkpt lat="46.584377623113134" lon="9.672028616069115"><ele>1958.2</ele></trkpt><trkpt lat="46.58444062328846" lon="9.672044616248769"><ele>1957.3</ele></trkpt><trkpt lat="46.58446762336637" lon="9.672032616329501"><ele>1956.9</ele></trkpt><trkpt lat="46.584485623405165" lon="9.672033616369507"><ele>1956.7</ele></trkpt><trkpt lat="46.58451262348301" lon="9.672008616450828"><ele>1956.3</ele></trkpt><trkpt lat="46.58454062354114" lon="9.67198361651205"><ele>1956.0</ele></trkpt><trkpt lat="46.58454962356049" lon="9.671970616532668"><ele>1955.9</ele></trkpt><trkpt lat="46.5845596236192" lon="9.671931616594652"><ele>1955.6</ele></trkpt><trkpt lat="46.58456862367796" lon="9.671906616656013"><ele>1955.3</ele></trkpt><trkpt lat="46.58457862371695" lon="9.671880616697315"><ele>1955.1</ele></trkpt><trkpt lat="46.58457962377597" lon="9.67182861675996"><ele>1954.8</ele></trkpt><trkpt lat="46.58458062385466" lon="9.671789616842116"><ele>1954.4</ele></trkpt><trkpt lat="46.58454162452575" lon="9.671448617541156"><ele>1951.0</ele></trkpt><trkpt lat="46.58453362462452" lon="9.671395617644096"><ele>1950.5</ele></trkpt><trkpt lat="46.5845256247036" lon="9.671356617726309"><ele>1950.1</ele></trkpt><trkpt lat="46.58450862478295" lon="9.671303617809217"><ele>1949.7</ele></trkpt><trkpt lat="46.584448625080654" lon="9.671183618116531"><ele>1948.2</ele></trkpt><trkpt lat="46.58441362523947" lon="9.671103618281172"><ele>1947.4</ele></trkpt><trkpt lat="46.5843876253783" lon="9.671037618425018"><ele>1946.7</ele></trkpt><trkpt lat="46.58437062547737" lon="9.670984618528017"><ele>1946.2</ele></trkpt><trkpt lat="46.58436262555648" lon="9.67094461861027"><ele>1945.8</ele></trkpt><trkpt lat="46.584354625635484" lon="9.670892618693058"><ele>1945.4</ele></trkpt><trkpt lat="46.58435662575354" lon="9.67082661881659"><ele>1944.8</ele></trkpt><trkpt lat="46.58435062602949" lon="9.670670619105007"><ele>1943.4</ele></trkpt><trkpt lat="46.58432862646345" lon="9.670408619559064"><ele>1941.2</ele></trkpt><trkpt lat="46.584326627192226" lon="9.670016620320183"><ele>1937.5</ele></trkpt><trkpt lat="46.58432862732995" lon="9.669925620464912"><ele>1936.8</ele></trkpt><trkpt lat="46.58433962750677" lon="9.66982162065034"><ele>1935.9</ele></trkpt><trkpt lat="46.584341627624894" lon="9.6697566207738"><ele>1935.3</ele></trkpt><trkpt lat="46.58435062770338" lon="9.669717620855858"><ele>1934.9</ele></trkpt><trkpt lat="46.584369627801195" lon="9.669691620957337"><ele>1934.4</ele></trkpt><trkpt lat="46.58438862789906" lon="9.669653621059359"><ele>1933.9</ele></trkpt><trkpt lat="46.58442462803582" lon="9.669628621200857"><ele>1933.2</ele></trkpt><trkpt lat="46.58447062825101" lon="9.669578621423753"><ele>1932.1</ele></trkpt><trkpt lat="46.5845076284074" lon="9.66954062158591"><ele>1931.3</ele></trkpt><trkpt lat="46.58454462860323" lon="9.669490621788785"><ele>1930.3</ele></trkpt><trkpt lat="46.5846196289749" lon="9.66934962217627"><ele>1928.4</ele></trkpt><trkpt lat="46.5846556290722" lon="9.66931262227812"><ele>1927.9</ele></trkpt><trkpt lat="46.584683629150085" lon="9.669300622358808"><ele>1927.5</ele></trkpt><trkpt lat="46.58471062922798" lon="9.669288622439504"><ele>1927.1</ele></trkpt><trkpt lat="46.584737629345355" lon="9.669276622560378"><ele>1926.5</ele></trkpt><trkpt lat="46.584800629520686" lon="9.669278622740627"><ele>1925.6</ele></trkpt><trkpt lat="46.58484562961773" lon="9.669280622840654"><ele>1925.1</ele></trkpt><trkpt lat="46.58489062973441" lon="9.669256622961933"><ele>1924.5</ele></trkpt><trkpt lat="46.585081630220614" lon="9.669160623467063"><ele>1922.0</ele></trkpt><trkpt lat="46.585163630434614" lon="9.66912462368905"><ele>1920.9</ele></trkpt><trkpt lat="46.585199630610774" lon="9.669099623870704"><ele>1920.0</ele></trkpt><trkpt lat="46.585236630727756" lon="9.669062623992625"><ele>1919.4</ele></trkpt><trkpt lat="46.58526463082533" lon="9.669024624094565"><ele>1918.9</ele></trkpt><trkpt lat="46.5852836309231" lon="9.668972624197194"><ele>1918.4</ele></trkpt><trkpt lat="46.58530263104057" lon="9.668895624321031"><ele>1917.8</ele></trkpt><trkpt lat="46.58532163113844" lon="9.668856624423077"><ele>1917.3</ele></trkpt><trkpt lat="46.58534063123627" lon="9.668818624525077"><ele>1916.8</ele></trkpt><trkpt lat="46.585367631333924" lon="9.668793624626439"><ele>1916.3</ele></trkpt><trkpt lat="46.585395631411764" lon="9.668768624707699"><ele>1915.9</ele></trkpt><trkpt lat="46.58539563145115" lon="9.668742624749038"><ele>1915.7</ele></trkpt><trkpt lat="46.58540563149022" lon="9.668729624789725"><ele>1915.5</ele></trkpt><trkpt lat="46.58540563149022" lon="9.668729624789725"><ele>1915.5</ele></trkpt><trkpt lat="46.58543263144982" lon="9.668730624749303"><ele>1915.7</ele></trkpt><trkpt lat="46.5854506314294" lon="9.668718624729618"><ele>1915.8</ele></trkpt><trkpt lat="46.58545963144883" lon="9.668718624749639"><ele>1915.7</ele></trkpt><trkpt lat="46.58547763156662" lon="9.668732624869417"><ele>1915.1</ele></trkpt><trkpt lat="46.58553063162405" lon="9.66877362492746"><ele>1914.8</ele></trkpt><trkpt lat="46.58554963162323" lon="9.668722624929597"><ele>1914.8</ele></trkpt><trkpt lat="46.58556863160269" lon="9.668684624911062"><ele>1914.9</ele></trkpt><trkpt lat="46.585577631582545" lon="9.668645624892651"><ele>1915.0</ele></trkpt><trkpt lat="46.58559663150291" lon="9.668633624812694"><ele>1915.4</ele></trkpt><trkpt lat="46.58559663164091" lon="9.668606624954514"><ele>1914.7</ele></trkpt><trkpt lat="46.58560663179831" lon="9.66858162511626"><ele>1913.9</ele></trkpt><trkpt lat="46.585606631896916" lon="9.668555625217865"><ele>1913.4</ele></trkpt><trkpt lat="46.5855986320944" lon="9.668528625420004"><ele>1912.4</ele></trkpt><trkpt lat="46.585590632291854" lon="9.66847662562326"><ele>1911.4</ele></trkpt><trkpt lat="46.5855916324692" lon="9.668424625806361"><ele>1910.5</ele></trkpt><trkpt lat="46.58557463284447" lon="9.66834562619167"><ele>1908.6</ele></trkpt><trkpt lat="46.58554863306228" lon="9.668304626414647"><ele>1907.5</ele></trkpt><trkpt lat="46.585549633200216" lon="9.668265626556986"><ele>1906.8</ele></trkpt><trkpt lat="46.58554163343709" lon="9.668213626800405"><ele>1905.6</ele></trkpt><trkpt lat="46.58549763389233" lon="9.668172627264557"><ele>1903.3</ele></trkpt><trkpt lat="46.58547163424816" lon="9.668092627629862"><ele>1901.5</ele></trkpt><trkpt lat="46.58547263436631" lon="9.668040627752676"><ele>1900.9</ele></trkpt><trkpt lat="46.58547363450422" lon="9.667988627895587"><ele>1900.2</ele></trkpt><trkpt lat="46.58545663466255" lon="9.667948628058173"><ele>1899.4</ele></trkpt><trkpt lat="46.5854666348593" lon="9.667870628262422"><ele>1898.4</ele></trkpt><trkpt lat="46.58547063539129" lon="9.667688628812767"><ele>1895.7</ele></trkpt><trkpt lat="46.58548963539049" lon="9.667636628814924"><ele>1895.7</ele></trkpt><trkpt lat="46.585499635449125" lon="9.667571628877983"><ele>1895.4</ele></trkpt><trkpt lat="46.585518635428556" lon="9.667533628859434"><ele>1895.5</ele></trkpt><trkpt lat="46.58553963566424" lon="9.667403629106051"><ele>1894.3</ele></trkpt><trkpt lat="46.585586635898956" lon="9.667275629352378"><ele>1893.1</ele></trkpt><trkpt lat="46.58561463611489" lon="9.66722462957536"><ele>1892.0</ele></trkpt><trkpt lat="46.58564263619276" lon="9.667199629656597"><ele>1891.6</ele></trkpt><trkpt lat="46.58565163625159" lon="9.667186629717364"><ele>1891.3</ele></trkpt><trkpt lat="46.58565263660653" lon="9.667134630081176"><ele>1889.5</ele></trkpt><trkpt lat="46.58566163670487" lon="9.667121630182109"><ele>1889.0</ele></trkpt><trkpt lat="46.58568063694077" lon="9.66705763042581"><ele>1887.8</ele></trkpt><trkpt lat="46.58568263721669" lon="9.666978630710446"><ele>1886.4</ele></trkpt><trkpt lat="46.585701637334246" lon="9.666927630833056"><ele>1885.8</ele></trkpt><trkpt lat="46.58571963731384" lon="9.666902630813944"><ele>1885.9</ele></trkpt><trkpt lat="46.585729637352806" lon="9.66685063085632"><ele>1885.7</ele></trkpt><trkpt lat="46.58573963739174" lon="9.666798630898702"><ele>1885.5</ele></trkpt><trkpt lat="46.585749637371585" lon="9.666772630879688"><ele>1885.6</ele></trkpt><trkpt lat="46.58582363709244" lon="9.66664563060356"><ele>1887.0</ele></trkpt><trkpt lat="46.58584263701281" lon="9.666633630523616"><ele>1887.4</ele></trkpt><trkpt lat="46.585851637012425" lon="9.666620630524116"><ele>1887.4</ele></trkpt><trkpt lat="46.58585163701234" lon="9.666594630525259"><ele>1887.4</ele></trkpt><trkpt lat="46.58585263699249" lon="9.666568630506314"><ele>1887.5</ele></trkpt><trkpt lat="46.585853637051486" lon="9.666516630568847"><ele>1887.2</ele></trkpt><trkpt lat="46.58585463709082" lon="9.666463630611334"><ele>1887.0</ele></trkpt><trkpt lat="46.585864637011404" lon="9.666425630532597"><ele>1887.4</ele></trkpt><trkpt lat="46.58585663705099" lon="9.666372630575152"><ele>1887.2</ele></trkpt><trkpt lat="46.58586663699131" lon="9.666333630516547"><ele>1887.5</ele></trkpt><trkpt lat="46.585875636912" lon="9.666321630436675"><ele>1887.9</ele></trkpt><trkpt lat="46.5859396372451" lon="9.666271630779823"><ele>1886.2</ele></trkpt><trkpt lat="46.585975637322726" lon="9.666260630860377"><ele>1885.8</ele></trkpt><trkpt lat="46.58600263726261" lon="9.66624863080046"><ele>1886.1</ele></trkpt><trkpt lat="46.58602163724206" lon="9.666222630781379"><ele>1886.2</ele></trkpt><trkpt lat="46.586030637202235" lon="9.666197630742248"><ele>1886.4</ele></trkpt><trkpt lat="46.58602263714323" lon="9.666170630683244"><ele>1886.7</ele></trkpt><trkpt lat="46.58599563722302" lon="9.666156630764387"><ele>1886.3</ele></trkpt><trkpt lat="46.585968637283194" lon="9.666155630824873"><ele>1886.0</ele></trkpt><trkpt lat="46.585933637304024" lon="9.66611463084701"><ele>1885.9</ele></trkpt><trkpt lat="46.585881637285816" lon="9.666021630831393"><ele>1886.0</ele></trkpt><trkpt lat="46.5858646372665" lon="9.665968630813762"><ele>1886.1</ele></trkpt><trkpt lat="46.58585563720759" lon="9.665954630754198"><ele>1886.4</ele></trkpt><trkpt lat="46.58584763720776" lon="9.665915630755967"><ele>1886.4</ele></trkpt><trkpt lat="46.58582163738612" lon="9.665862630939227"><ele>1885.5</ele></trkpt><trkpt lat="46.58581363744542" lon="9.665822631001285"><ele>1885.2</ele></trkpt><trkpt lat="46.58579763732728" lon="9.66571763088552"><ele>1885.8</ele></trkpt><trkpt lat="46.58578863738668" lon="9.665678630947545"><ele>1885.5</ele></trkpt><trkpt lat="46.58576463736743" lon="9.665559630932865"><ele>1885.6</ele></trkpt><trkpt lat="46.585747637407316" lon="9.665506630975479"><ele>1885.4</ele></trkpt><trkpt lat="46.585739637387746" lon="9.665467630957172"><ele>1885.5</ele></trkpt><trkpt lat="46.58573163742732" lon="9.665414630999713"><ele>1885.3</ele></trkpt><trkpt lat="46.585722637486754" lon="9.665388631061166"><ele>1885.0</ele></trkpt><trkpt lat="46.58572463748644" lon="9.665309631064622"><ele>1885.0</ele></trkpt><trkpt lat="46.58571663750625" lon="9.665244631087614"><ele>1884.9</ele></trkpt><trkpt lat="46.585701637466876" lon="9.665100631053889"><ele>1885.1</ele></trkpt><trkpt lat="46.58569463736816" lon="9.664982630958722"><ele>1885.6</ele></trkpt><trkpt lat="46.58570663703188" lon="9.664852630622992"><ele>1887.3</ele></trkpt><trkpt lat="46.58572563679418" lon="9.664761630385902"><ele>1888.5</ele></trkpt><trkpt lat="46.5857186369915" lon="9.664683630590176"><ele>1887.5</ele></trkpt><trkpt lat="46.58567763720935" lon="9.664472630820619"><ele>1886.4</ele></trkpt><trkpt lat="46.58564363740754" lon="9.664379631025733"><ele>1885.4</ele></trkpt><trkpt lat="46.58562863744705" lon="9.664222631072901"><ele>1885.2</ele></trkpt><trkpt lat="46.58561263762486" lon="9.664104631258896"><ele>1884.3</ele></trkpt><trkpt lat="46.5856246373872" lon="9.663948631024727"><ele>1885.5</ele></trkpt><trkpt lat="46.58561163750531" lon="9.663712631155649"><ele>1884.9</ele></trkpt><trkpt lat="46.58561363762323" lon="9.663582631281802"><ele>1884.3</ele></trkpt><trkpt lat="46.585645637562266" lon="9.66336163123104"><ele>1884.6</ele></trkpt><trkpt lat="46.58565563760116" lon="9.663283631274549"><ele>1884.4</ele></trkpt><trkpt lat="46.585666637580836" lon="9.663206631257776"><ele>1884.5</ele></trkpt><trkpt lat="46.585668637856664" lon="9.663101631543425"><ele>1883.1</ele></trkpt><trkpt lat="46.58566063797519" lon="9.663062631665644"><ele>1882.5</ele></trkpt><trkpt lat="46.585679638073046" lon="9.663010631768163"><ele>1882.0</ele></trkpt><trkpt lat="46.58570763805213" lon="9.662933631751264"><ele>1882.1</ele></trkpt><trkpt lat="46.58573563795233" lon="9.662869631653493"><ele>1882.6</ele></trkpt><trkpt lat="46.58576563787197" lon="9.662753631578065"><ele>1883.0</ele></trkpt><trkpt lat="46.5857946377325" lon="9.66263763144242"><ele>1883.7</ele></trkpt><trkpt lat="46.585805637751605" lon="9.662546631466409"><ele>1883.6</ele></trkpt><trkpt lat="46.58581563782996" lon="9.66248163154949"><ele>1883.2</ele></trkpt><trkpt lat="46.585843637986656" lon="9.662417631712685"><ele>1882.4</ele></trkpt><trkpt lat="46.58586263810423" lon="9.662378631834695"><ele>1881.8</ele></trkpt><trkpt lat="46.5859096382602" lon="9.662276631999413"><ele>1881.0</ele></trkpt><trkpt lat="46.585965638573626" lon="9.662161632325228"><ele>1879.4</ele></trkpt><trkpt lat="46.586011638927076" lon="9.66211063268844"><ele>1877.6</ele></trkpt><trkpt lat="46.58604863924145" lon="9.662086633010398"><ele>1876.0</ele></trkpt><trkpt lat="46.58609363959498" lon="9.662061633372483"><ele>1874.2</ele></trkpt><trkpt lat="46.58617564014456" lon="9.662039633934896"><ele>1871.4</ele></trkpt><trkpt lat="46.5862296404781" lon="9.662015634276797"><ele>1869.7</ele></trkpt><trkpt lat="46.5862666408122" lon="9.661977634619431"><ele>1868.0</ele></trkpt><trkpt lat="46.586366641242606" lon="9.661890635064106"><ele>1865.8</ele></trkpt><trkpt lat="46.58643164159527" lon="9.66178863542938"><ele>1864.0</ele></trkpt><trkpt lat="46.586505641691176" lon="9.661713635532465"><ele>1863.5</ele></trkpt><trkpt lat="46.58656064194558" lon="9.661637635796312"><ele>1862.2</ele></trkpt><trkpt lat="46.58657964202374" lon="9.661599635878114"><ele>1861.8</ele></trkpt><trkpt lat="46.58660764225939" lon="9.661534636121596"><ele>1860.6</ele></trkpt><trkpt lat="46.58664564233678" lon="9.661458636204907"><ele>1860.2</ele></trkpt><trkpt lat="46.58671964178137" lon="9.661343635647349"><ele>1863.0</ele></trkpt><trkpt lat="46.586747641681676" lon="9.66130563554844"><ele>1863.5</ele></trkpt><trkpt lat="46.5867486419182" lon="9.661240635792113"><ele>1862.3</ele></trkpt><trkpt lat="46.58677664197625" lon="9.661176635854902"><ele>1862.0</ele></trkpt><trkpt lat="46.58677864233117" lon="9.661098636219554"><ele>1860.2</ele></trkpt><trkpt lat="46.58682764307871" lon="9.66087863699142"><ele>1856.4</ele></trkpt><trkpt lat="46.58685664347218" lon="9.660788637396514"><ele>1854.4</ele></trkpt><trkpt lat="46.586893643529905" lon="9.660724637459227"><ele>1854.1</ele></trkpt><trkpt lat="46.586912643686986" lon="9.66065963762246"><ele>1853.3</ele></trkpt><trkpt lat="46.58697764372392" lon="9.660558637666497"><ele>1853.1</ele></trkpt><trkpt lat="46.58701464346602" lon="9.660533637406399"><ele>1854.4</ele></trkpt><trkpt lat="46.58702364340649" lon="9.66052063734669"><ele>1854.7</ele></trkpt><trkpt lat="46.58701464336725" lon="9.660507637307171"><ele>1854.9</ele></trkpt><trkpt lat="46.58701564338692" lon="9.660494637327796"><ele>1854.8</ele></trkpt><trkpt lat="46.58699764350592" lon="9.660480637448952"><ele>1854.2</ele></trkpt><trkpt lat="46.58697064358572" lon="9.660466637530025"><ele>1853.8</ele></trkpt><trkpt lat="46.58695364362567" lon="9.660426637572014"><ele>1853.6</ele></trkpt><trkpt lat="46.58694564372453" lon="9.660400637673543"><ele>1853.1</ele></trkpt><trkpt lat="46.58693964376369" lon="9.66021763772162"><ele>1852.9</ele></trkpt><trkpt lat="46.586959643545676" lon="9.660126637504648"><ele>1854.0</ele></trkpt><trkpt lat="46.5869516436247" lon="9.660074637587226"><ele>1853.6</ele></trkpt><trkpt lat="46.586943643664256" lon="9.660008637630268"><ele>1853.4</ele></trkpt><trkpt lat="46.586963643683085" lon="9.659930637653563"><ele>1853.3</ele></trkpt><trkpt lat="46.58698264376114" lon="9.65986663773646"><ele>1852.9</ele></trkpt><trkpt lat="46.58701964377946" lon="9.659815637758465"><ele>1852.8</ele></trkpt><trkpt lat="46.58706564363962" lon="9.65976563761982"><ele>1853.5</ele></trkpt><trkpt lat="46.58707464369848" lon="9.659739637681081"><ele>1853.2</ele></trkpt><trkpt lat="46.58708464379665" lon="9.659700637783036"><ele>1852.7</ele></trkpt><trkpt lat="46.58707764389527" lon="9.659596637887914"><ele>1852.2</ele></trkpt><trkpt lat="46.58707964389499" lon="9.659518637891262"><ele>1852.2</ele></trkpt><trkpt lat="46.587071643895" lon="9.659439637894724"><ele>1852.2</ele></trkpt><trkpt lat="46.58707264397378" lon="9.659387637977229"><ele>1851.8</ele></trkpt><trkpt lat="46.587091644130865" lon="9.659335638139877"><ele>1851.0</ele></trkpt><trkpt lat="46.58709264422947" lon="9.659322638240763"><ele>1850.5</ele></trkpt><trkpt lat="46.587083644427004" lon="9.659283638443181"><ele>1849.5</ele></trkpt><trkpt lat="46.58705964490105" lon="9.659151638930638"><ele>1847.1</ele></trkpt><trkpt lat="46.58705164486166" lon="9.659086638893356"><ele>1847.3</ele></trkpt><trkpt lat="46.58704464511818" lon="9.65899463915823"><ele>1846.0</ele></trkpt><trkpt lat="46.58704664529543" lon="9.658890639343282"><ele>1845.1</ele></trkpt><trkpt lat="46.58704864543317" lon="9.658785639488237"><ele>1844.4</ele></trkpt><trkpt lat="46.58706864545201" lon="9.658708639511469"><ele>1844.3</ele></trkpt><trkpt lat="46.587078645550186" lon="9.658643639614523"><ele>1843.8</ele></trkpt><trkpt lat="46.58709764550988" lon="9.658578639577046"><ele>1844.0</ele></trkpt><trkpt lat="46.587134645251936" lon="9.658528639318078"><ele>1845.3</ele></trkpt><trkpt lat="46.58716264511263" lon="9.658477639179617"><ele>1846.0</ele></trkpt><trkpt lat="46.587180645013326" lon="9.658464639079721"><ele>1846.5</ele></trkpt><trkpt lat="46.58721764493304" lon="9.658427639000786"><ele>1846.9</ele></trkpt><trkpt lat="46.58724564501097" lon="9.658402639081931"><ele>1846.5</ele></trkpt><trkpt lat="46.587254644931576" lon="9.658363639003278"><ele>1846.9</ele></trkpt><trkpt lat="46.5872666445756" lon="9.65824663864706"><ele>1848.7</ele></trkpt><trkpt lat="46.58726664443736" lon="9.65822063850773"><ele>1849.4</ele></trkpt><trkpt lat="46.58727964449559" lon="9.658038638575666"><ele>1849.1</ele></trkpt><trkpt lat="46.58728964447535" lon="9.65798663855777"><ele>1849.2</ele></trkpt><trkpt lat="46.5873076443365" lon="9.657948638418834"><ele>1849.9</ele></trkpt><trkpt lat="46.58733564427622" lon="9.65790963836012"><ele>1850.2</ele></trkpt><trkpt lat="46.58736364425537" lon="9.657858638342056"><ele>1850.3</ele></trkpt><trkpt lat="46.58737364429442" lon="9.657833638383186"><ele>1850.1</ele></trkpt><trkpt lat="46.587383644372885" lon="9.657781638465611"><ele>1849.7</ele></trkpt><trkpt lat="46.58739364447104" lon="9.657716638568658"><ele>1849.2</ele></trkpt><trkpt lat="46.58743264446925" lon="9.657574638574495"><ele>1849.2</ele></trkpt><trkpt lat="46.58746164413238" lon="9.657432638239337"><ele>1850.9</ele></trkpt><trkpt lat="46.5874636440137" lon="9.657366638121793"><ele>1851.5</ele></trkpt><trkpt lat="46.587464643776585" lon="9.657275637884958"><ele>1852.7</ele></trkpt><trkpt lat="46.58745764365817" lon="9.657210637767443"><ele>1853.3</ele></trkpt><trkpt lat="46.5874236437971" lon="9.657078637913811"><ele>1852.6</ele></trkpt><trkpt lat="46.587424643915355" lon="9.657039638035865"><ele>1852.0</ele></trkpt><trkpt lat="46.58742564391527" lon="9.65699963803758"><ele>1852.0</ele></trkpt><trkpt lat="46.58742764383593" lon="9.656895637961803"><ele>1852.4</ele></trkpt><trkpt lat="46.587429643914525" lon="9.656804638045962"><ele>1852.0</ele></trkpt><trkpt lat="46.58743964393366" lon="9.656713638069878"><ele>1851.9</ele></trkpt><trkpt lat="46.58743564393304" lon="9.656465638080606"><ele>1851.9</ele></trkpt><trkpt lat="46.587445643932575" lon="9.656426638082214"><ele>1851.9</ele></trkpt><trkpt lat="46.58745564391234" lon="9.656361638064883"><ele>1852.0</ele></trkpt><trkpt lat="46.587475643931185" lon="9.65629763808756"><ele>1851.9</ele></trkpt><trkpt lat="46.58750364387087" lon="9.656233638029944"><ele>1852.2</ele></trkpt><trkpt lat="46.58752264383056" lon="9.656181637991928"><ele>1852.4</ele></trkpt><trkpt lat="46.58753164375122" lon="9.656155637912748"><ele>1852.8</ele></trkpt><trkpt lat="46.587541643711376" lon="9.656143637873075"><ele>1853.0</ele></trkpt><trkpt lat="46.58756864363155" lon="9.6561446377926"><ele>1853.4</ele></trkpt><trkpt lat="46.58758664353224" lon="9.656145637692132"><ele>1853.9</ele></trkpt><trkpt lat="46.58760364335398" lon="9.656145637511472"><ele>1854.8</ele></trkpt><trkpt lat="46.58761264325505" lon="9.656146637411066"><ele>1855.3</ele></trkpt><trkpt lat="46.587621643294185" lon="9.656146637451121"><ele>1855.1</ele></trkpt><trkpt lat="46.587622643215155" lon="9.656120637372"><ele>1855.5</ele></trkpt><trkpt lat="46.5876136433141" lon="9.656107637472923"><ele>1855.0</ele></trkpt><trkpt lat="46.58758764361094" lon="9.656079637775214"><ele>1853.5</ele></trkpt><trkpt lat="46.587578643769035" lon="9.656053637936875"><ele>1852.7</ele></trkpt><trkpt lat="46.58757964382813" lon="9.656027637998166"><ele>1852.4</ele></trkpt><trkpt lat="46.587579643847874" lon="9.656014638018789"><ele>1852.3</ele></trkpt><trkpt lat="46.5876086440045" lon="9.655924638182938"><ele>1851.5</ele></trkpt><trkpt lat="46.587646644141046" lon="9.65582163832752"><ele>1850.8</ele></trkpt><trkpt lat="46.58769364417862" lon="9.655718638371747"><ele>1850.6</ele></trkpt><trkpt lat="46.587731644315234" lon="9.655628638515761"><ele>1849.9</ele></trkpt><trkpt lat="46.58776864445192" lon="9.655565638658626"><ele>1849.2</ele></trkpt><trkpt lat="46.58778764464855" lon="9.655526638860753"><ele>1848.2</ele></trkpt><trkpt lat="46.587806644884566" lon="9.655462639104073"><ele>1847.0</ele></trkpt><trkpt lat="46.58783464500181" lon="9.655398639226975"><ele>1846.4</ele></trkpt><trkpt lat="46.587862644941524" lon="9.655347639168797"><ele>1846.7</ele></trkpt><trkpt lat="46.58788164488153" lon="9.655295639110724"><ele>1847.0</ele></trkpt><trkpt lat="46.587900644979364" lon="9.655231639213627"><ele>1846.5</ele></trkpt><trkpt lat="46.587920644939004" lon="9.655166639176164"><ele>1846.7</ele></trkpt><trkpt lat="46.58794864487862" lon="9.655089639119108"><ele>1847.0</ele></trkpt><trkpt lat="46.58794964491794" lon="9.655037639161451"><ele>1846.8</ele></trkpt><trkpt lat="46.587959644996324" lon="9.654972639244404"><ele>1846.4</ele></trkpt><trkpt lat="46.587964645765105" lon="9.654711640037796"><ele>1842.5</ele></trkpt><trkpt lat="46.58796564596235" lon="9.654659640240583"><ele>1841.5</ele></trkpt><trkpt lat="46.58798464602082" lon="9.654621640302253"><ele>1841.2</ele></trkpt><trkpt lat="46.58801364590108" lon="9.65451764018617"><ele>1841.8</ele></trkpt><trkpt lat="46.588023645861135" lon="9.654479640147613"><ele>1842.0</ele></trkpt><trkpt lat="46.588033645959335" lon="9.654440640249495"><ele>1841.5</ele></trkpt><trkpt lat="46.58803464607762" lon="9.654388640372051"><ele>1840.9</ele></trkpt><trkpt lat="46.588044646136346" lon="9.65433664043438"><ele>1840.6</ele></trkpt><trkpt lat="46.588054646116134" lon="9.65428464041648"><ele>1840.7</ele></trkpt><trkpt lat="46.58805464613573" lon="9.65424564043821"><ele>1840.6</ele></trkpt><trkpt lat="46.58805564631318" lon="9.65419364062093"><ele>1839.7</ele></trkpt><trkpt lat="46.588076646351645" lon="9.654076640665904"><ele>1839.5</ele></trkpt><trkpt lat="46.58808764639042" lon="9.65397264071039"><ele>1839.3</ele></trkpt><trkpt lat="46.58811664638908" lon="9.653856640715157"><ele>1839.3</ele></trkpt><trkpt lat="46.588126646368806" lon="9.65379164069781"><ele>1839.4</ele></trkpt><trkpt lat="46.58816564614996" lon="9.65363664048358"><ele>1840.5</ele></trkpt><trkpt lat="46.588167646090405" lon="9.653558640426745"><ele>1840.8</ele></trkpt><trkpt lat="46.588186645971135" lon="9.65348064030963"><ele>1841.4</ele></trkpt><trkpt lat="46.58822564577204" lon="9.653351640114353"><ele>1842.4</ele></trkpt><trkpt lat="46.588263645573086" lon="9.653248639917976"><ele>1843.4</ele></trkpt><trkpt lat="46.58828364553269" lon="9.653158639881589"><ele>1843.6</ele></trkpt><trkpt lat="46.58835964572688" lon="9.652952640090422"><ele>1842.6</ele></trkpt><trkpt lat="46.58842664540818" lon="9.652746639777948"><ele>1844.2</ele></trkpt><trkpt lat="46.588435645249874" lon="9.652720639618588"><ele>1845.0</ele></trkpt><trkpt lat="46.588463645189634" lon="9.652695639559308"><ele>1845.3</ele></trkpt><trkpt lat="46.588481645169146" lon="9.65265763954076"><ele>1845.4</ele></trkpt><trkpt lat="46.588509645266754" lon="9.652606639643015"><ele>1844.9</ele></trkpt><trkpt lat="46.588538645383906" lon="9.652516639766983"><ele>1844.3</ele></trkpt><trkpt lat="46.58855064546213" lon="9.652386639852683"><ele>1843.9</ele></trkpt><trkpt lat="46.58856064556032" lon="9.652334639955102"><ele>1843.4</ele></trkpt><trkpt lat="46.588561645718" lon="9.652269640118293"><ele>1842.6</ele></trkpt><trkpt lat="46.588580645835584" lon="9.652204640241257"><ele>1842.0</ele></trkpt><trkpt lat="46.58863764630691" lon="9.652037640729223"><ele>1839.6</ele></trkpt><trkpt lat="46.588647646503794" lon="9.651985640931885"><ele>1838.6</ele></trkpt><trkpt lat="46.588658646720354" lon="9.651920641155147"><ele>1837.5</ele></trkpt><trkpt lat="46.58868664709419" lon="9.651830641539746"><ele>1835.6</ele></trkpt><trkpt lat="46.588697647330534" lon="9.651765641783047"><ele>1834.4</ele></trkpt><trkpt lat="46.58870764754716" lon="9.651713642005747"><ele>1833.3</ele></trkpt><trkpt lat="46.58873564776321" lon="9.65166264222827"><ele>1832.2</ele></trkpt><trkpt lat="46.58883664819365" lon="9.651523642674574"><ele>1830.0</ele></trkpt><trkpt lat="46.588865648547824" lon="9.651459643037988"><ele>1828.2</ele></trkpt><trkpt lat="46.5888936488625" lon="9.651382643361849"><ele>1826.6</ele></trkpt><trkpt lat="46.58891264901964" lon="9.651330643524323"><ele>1825.8</ele></trkpt><trkpt lat="46.58891364917737" lon="9.651278643686915"><ele>1825.0</ele></trkpt><trkpt lat="46.58891464927582" lon="9.651213643789916"><ele>1824.5</ele></trkpt><trkpt lat="46.58894364968914" lon="9.651122644214595"><ele>1822.4</ele></trkpt><trkpt lat="46.58895364994523" lon="9.651058644477873"><ele>1821.1</ele></trkpt><trkpt lat="46.58896365016188" lon="9.651006644700534"><ele>1820.0</ele></trkpt><trkpt lat="46.58897365041803" lon="9.650954644963297"><ele>1818.7</ele></trkpt><trkpt lat="46.58897565067437" lon="9.650889645226659"><ele>1817.4</ele></trkpt><trkpt lat="46.58897565079274" lon="9.650863645348046"><ele>1816.8</ele></trkpt><trkpt lat="46.588967650931124" lon="9.65083664548958"><ele>1816.1</ele></trkpt><trkpt lat="46.58895965110889" lon="9.650797645671712"><ele>1815.2</ele></trkpt><trkpt lat="46.58896065138509" lon="9.650732645955122"><ele>1813.8</ele></trkpt><trkpt lat="46.58896065148372" lon="9.650705646056501"><ele>1813.3</ele></trkpt><trkpt lat="46.58897065152282" lon="9.65069364609703"><ele>1813.1</ele></trkpt><trkpt lat="46.58898065160126" lon="9.650641646179343"><ele>1812.7</ele></trkpt><trkpt lat="46.58898065160123" lon="9.6506286461799"><ele>1812.7</ele></trkpt><trkpt lat="46.588971651759415" lon="9.650601646341473"><ele>1811.9</ele></trkpt><trkpt lat="46.588972651838226" lon="9.650575646422757"><ele>1811.5</ele></trkpt><trkpt lat="46.58896365185827" lon="9.650562646443417"><ele>1811.4</ele></trkpt><trkpt lat="46.58895465185858" lon="9.650562646443479"><ele>1811.4</ele></trkpt><trkpt lat="46.58890965193898" lon="9.65054764652461"><ele>1811.0</ele></trkpt><trkpt lat="46.58884765215814" lon="9.650531646746236"><ele>1809.9</ele></trkpt><trkpt lat="46.588767652121234" lon="9.650489646708468"><ele>1810.1</ele></trkpt><trkpt lat="46.5887406521221" lon="9.6504886467087"><ele>1810.1</ele></trkpt><trkpt lat="46.58872265214235" lon="9.650461646730008"><ele>1810.0</ele></trkpt><trkpt lat="46.58870565214286" lon="9.650434646731265"><ele>1810.0</ele></trkpt><trkpt lat="46.58869665208388" lon="9.650407646672326"><ele>1810.3</ele></trkpt><trkpt lat="46.588670652025385" lon="9.650367646614056"><ele>1810.6</ele></trkpt><trkpt lat="46.58865365186787" lon="9.650301646456581"><ele>1811.4</ele></trkpt><trkpt lat="46.5886096516915" lon="9.650234646279294"><ele>1812.3</ele></trkpt><trkpt lat="46.58859265163277" lon="9.650220646219864"><ele>1812.6</ele></trkpt><trkpt lat="46.588574651534664" lon="9.65020764612031"><ele>1813.1</ele></trkpt><trkpt lat="46.58853865139769" lon="9.650205645980325"><ele>1813.8</ele></trkpt><trkpt lat="46.58847565124183" lon="9.65020364582048"><ele>1814.6</ele></trkpt><trkpt lat="46.588421651144984" lon="9.650200645720748"><ele>1815.1</ele></trkpt><trkpt lat="46.58834165106854" lon="9.650158645642895"><ele>1815.5</ele></trkpt><trkpt lat="46.58828865103076" lon="9.650130645604357"><ele>1815.7</ele></trkpt><trkpt lat="46.58819865079689" lon="9.650113645365156"><ele>1816.9</ele></trkpt><trkpt lat="46.588180650738245" lon="9.650099645305731"><ele>1817.2</ele></trkpt><trkpt lat="46.588145650640605" lon="9.650059645207444"><ele>1817.7</ele></trkpt><trkpt lat="46.58811065054294" lon="9.650018645109197"><ele>1818.2</ele></trkpt><trkpt lat="46.588047650327844" lon="9.649989644890365"><ele>1819.3</ele></trkpt><trkpt lat="46.588030650190184" lon="9.64996364475126"><ele>1820.0</ele></trkpt><trkpt lat="46.58801265011173" lon="9.649936644672351"><ele>1820.4</ele></trkpt><trkpt lat="46.58799565001347" lon="9.649883644574489"><ele>1820.9</ele></trkpt><trkpt lat="46.58797965001385" lon="9.6498176445774"><ele>1820.9</ele></trkpt><trkpt lat="46.58799864987483" lon="9.64975264443971"><ele>1821.6</ele></trkpt><trkpt lat="46.58802664981443" lon="9.649675644382642"><ele>1821.9</ele></trkpt><trkpt lat="46.588054649872554" lon="9.649624644444746"><ele>1821.6</ele></trkpt><trkpt lat="46.588083649752946" lon="9.649547644327539"><ele>1822.2</ele></trkpt><trkpt lat="46.588111649672925" lon="9.649496644249329"><ele>1822.6</ele></trkpt><trkpt lat="46.58813964959285" lon="9.649432644171673"><ele>1823.0</ele></trkpt><trkpt lat="46.58816864959151" lon="9.649329644175841"><ele>1823.0</ele></trkpt><trkpt lat="46.58819764959033" lon="9.649238644179503"><ele>1823.0</ele></trkpt><trkpt lat="46.58821664958957" lon="9.649200644180981"><ele>1823.0</ele></trkpt><trkpt lat="46.58824364956887" lon="9.649175644161813"><ele>1823.1</ele></trkpt><trkpt lat="46.58826164954844" lon="9.649163644142147"><ele>1823.2</ele></trkpt><trkpt lat="46.58826164954844" lon="9.649163644142147"><ele>1823.2</ele></trkpt><trkpt lat="46.588288649488405" lon="9.649164644081788"><ele>1823.5</ele></trkpt><trkpt lat="46.58832564946736" lon="9.649152644061994"><ele>1823.6</ele></trkpt><trkpt lat="46.58839764944512" lon="9.64914264404187"><ele>1823.7</ele></trkpt><trkpt lat="46.588406649425096" lon="9.649143644021716"><ele>1823.8</ele></trkpt><trkpt lat="46.58840564942518" lon="9.649156644021174"><ele>1823.8</ele></trkpt><trkpt lat="46.58840564942518" lon="9.649156644021174"><ele>1823.8</ele></trkpt><trkpt lat="46.58845164942356" lon="9.64914464402136"><ele>1823.8</ele></trkpt><trkpt lat="46.58849664938252" lon="9.649120643981975"><ele>1824.0</ele></trkpt><trkpt lat="46.58854164930207" lon="9.649122643901398"><ele>1824.4</ele></trkpt><trkpt lat="46.58859564920151" lon="9.649111643801275"><ele>1824.9</ele></trkpt><trkpt lat="46.58861464916138" lon="9.649099643761566"><ele>1825.1</ele></trkpt><trkpt lat="46.58863264912125" lon="9.649086643721901"><ele>1825.3</ele></trkpt><trkpt lat="46.58864164912089" lon="9.649074643722347"><ele>1825.3</ele></trkpt><trkpt lat="46.58865064912058" lon="9.64906164372284"><ele>1825.3</ele></trkpt><trkpt lat="46.58865064912058" lon="9.64906164372284"><ele>1825.3</ele></trkpt><trkpt lat="46.58872564909793" lon="9.648934643707666"><ele>1825.4</ele></trkpt><trkpt lat="46.58878064905637" lon="9.648858643670417"><ele>1825.6</ele></trkpt><trkpt lat="46.58885464903389" lon="9.64876964365364"><ele>1825.7</ele></trkpt><trkpt lat="46.58889064901288" lon="9.648745643634369"><ele>1825.8</ele></trkpt><trkpt lat="46.588909649012194" lon="9.648732643634789"><ele>1825.8</ele></trkpt><trkpt lat="46.588999649068406" lon="9.648723643694668"><ele>1825.5</ele></trkpt><trkpt lat="46.589026649106934" lon="9.648724643734518"><ele>1825.3</ele></trkpt><trkpt lat="46.589053649125745" lon="9.648712643754882"><ele>1825.2</ele></trkpt><trkpt lat="46.5891176491827" lon="9.648676643816088"><ele>1824.9</ele></trkpt><trkpt lat="46.589199649219246" lon="9.648627643857683"><ele>1824.7</ele></trkpt><trkpt lat="46.58925464925672" lon="9.648564643900063"><ele>1824.5</ele></trkpt><trkpt lat="46.58930064927473" lon="9.648500643922494"><ele>1824.4</ele></trkpt><trkpt lat="46.58932864927362" lon="9.648436643925018"><ele>1824.4</ele></trkpt><trkpt lat="46.589338649312594" lon="9.64838464396724"><ele>1824.2</ele></trkpt><trkpt lat="46.58934864935162" lon="9.648333644009423"><ele>1824.0</ele></trkpt><trkpt lat="46.589350649390816" lon="9.648267644052293"><ele>1823.8</ele></trkpt><trkpt lat="46.58936064946927" lon="9.648189644135703"><ele>1823.4</ele></trkpt><trkpt lat="46.5893626495084" lon="9.648111644179085"><ele>1823.2</ele></trkpt><trkpt lat="46.58936364956745" lon="9.648046644241962"><ele>1822.9</ele></trkpt><trkpt lat="46.589373649606465" lon="9.648007644283627"><ele>1822.7</ele></trkpt><trkpt lat="46.58939164964526" lon="9.647969644325197"><ele>1822.5</ele></trkpt><trkpt lat="46.58941964970345" lon="9.647944644386186"><ele>1822.2</ele></trkpt><trkpt lat="46.58944664976168" lon="9.647919644447178"><ele>1821.9</ele></trkpt><trkpt lat="46.5894836497999" lon="9.647907644487512"><ele>1821.7</ele></trkpt><trkpt lat="46.58955564991595" lon="9.647910644607128"><ele>1821.1</ele></trkpt><trkpt lat="46.589609649973305" lon="9.647886644667892"><ele>1820.8</ele></trkpt><trkpt lat="46.5896456500115" lon="9.647862644708738"><ele>1820.6</ele></trkpt><trkpt lat="46.58968265004964" lon="9.647837644749618"><ele>1820.4</ele></trkpt><trkpt lat="46.58971065008807" lon="9.647786644791665"><ele>1820.2</ele></trkpt><trkpt lat="46.58975665014554" lon="9.647710644854683"><ele>1819.9</ele></trkpt><trkpt lat="46.58977565018432" lon="9.647697644895182"><ele>1819.7</ele></trkpt><trkpt lat="46.58982065022221" lon="9.647673644935969"><ele>1819.5</ele></trkpt><trkpt lat="46.58987565029918" lon="9.647610645018416"><ele>1819.1</ele></trkpt><trkpt lat="46.58997665047328" lon="9.647536645201201"><ele>1818.2</ele></trkpt><trkpt lat="46.59008665056791" lon="9.647410645305973"><ele>1817.7</ele></trkpt><trkpt lat="46.59011465068534" lon="9.647372645427625"><ele>1817.1</ele></trkpt><trkpt lat="46.59011465068526" lon="9.647346645428724"><ele>1817.1</ele></trkpt><trkpt lat="46.59011465068526" lon="9.647346645428724"><ele>1817.1</ele></trkpt><trkpt lat="46.59011665068499" lon="9.647280645431502"><ele>1817.1</ele></trkpt><trkpt lat="46.59011665068499" lon="9.647280645431502"><ele>1817.1</ele></trkpt><trkpt lat="46.59009965066565" lon="9.647228645413781"><ele>1817.2</ele></trkpt><trkpt lat="46.59007265068625" lon="9.647200645435191"><ele>1817.1</ele></trkpt><trkpt lat="46.59002865068763" lon="9.647172645436685"><ele>1817.1</ele></trkpt><trkpt lat="46.589956650650485" lon="9.647143645398339"><ele>1817.3</ele></trkpt><trkpt lat="46.5898676506139" lon="9.647114645360107"><ele>1817.5</ele></trkpt><trkpt lat="46.58939165023485" lon="9.647055644965151"><ele>1819.5</ele></trkpt><trkpt lat="46.58914965012436" lon="9.647006644848688"><ele>1820.1</ele></trkpt><trkpt lat="46.58907765016627" lon="9.647003644889399"><ele>1819.9</ele></trkpt><trkpt lat="46.589041650187234" lon="9.647015644909178"><ele>1819.8</ele></trkpt><trkpt lat="46.58898765016937" lon="9.647039644888503"><ele>1819.9</ele></trkpt><trkpt lat="46.58895065015098" lon="9.647063644867705"><ele>1820.0</ele></trkpt><trkpt lat="46.58891465013246" lon="9.64707564484741"><ele>1820.1</ele></trkpt><trkpt lat="46.58885165011488" lon="9.647085644827389"><ele>1820.2</ele></trkpt><trkpt lat="46.58868965002161" lon="9.647092644728028"><ele>1820.7</ele></trkpt><trkpt lat="46.58859064996572" lon="9.647088644668772"><ele>1821.0</ele></trkpt><trkpt lat="46.588536649908214" lon="9.647059644610266"><ele>1821.3</ele></trkpt><trkpt lat="46.58848264985078" lon="9.647044644551164"><ele>1821.6</ele></trkpt><trkpt lat="46.58834764975661" lon="9.647052644451579"><ele>1822.1</ele></trkpt><trkpt lat="46.5882846496995" lon="9.647049644392029"><ele>1822.4</ele></trkpt><trkpt lat="46.58822264964231" lon="9.647020644333583"><ele>1822.7</ele></trkpt><trkpt lat="46.588142649546164" lon="9.64697864423573"><ele>1823.2</ele></trkpt><trkpt lat="46.58809764954764" lon="9.646963644236683"><ele>1823.2</ele></trkpt><trkpt lat="46.5880716495484" lon="9.646936644238016"><ele>1823.2</ele></trkpt><trkpt lat="46.58804464956903" lon="9.64690964425939"><ele>1823.1</ele></trkpt><trkpt lat="46.588000649590036" lon="9.646855644282022"><ele>1823.0</ele></trkpt><trkpt lat="46.58793064959212" lon="9.646760644286548"><ele>1823.0</ele></trkpt><trkpt lat="46.58788764963282" lon="9.646680644330317"><ele>1822.8</ele></trkpt><trkpt lat="46.58786964969251" lon="9.646640644392255"><ele>1822.5</ele></trkpt><trkpt lat="46.587870649771325" lon="9.64660164447405"><ele>1822.1</ele></trkpt><trkpt lat="46.587854649988664" lon="9.646483644699577"><ele>1821.0</ele></trkpt><trkpt lat="46.587848650185855" lon="9.646339644906094"><ele>1820.0</ele></trkpt><trkpt lat="46.5878326504032" lon="9.646234645131054"><ele>1818.9</ele></trkpt><trkpt lat="46.58782565056115" lon="9.646169645294146"><ele>1818.1</ele></trkpt><trkpt lat="46.58777365089806" lon="9.646023645641307"><ele>1816.4</ele></trkpt><trkpt lat="46.58774965115511" lon="9.645905645906925"><ele>1815.1</ele></trkpt><trkpt lat="46.587741651293356" lon="9.645839646050023"><ele>1814.4</ele></trkpt><trkpt lat="46.58773365141184" lon="9.645760646173626"><ele>1813.8</ele></trkpt><trkpt lat="46.58774665172674" lon="9.645591646501229"><ele>1812.2</ele></trkpt><trkpt lat="46.58774865190394" lon="9.645474646686466"><ele>1811.3</ele></trkpt><trkpt lat="46.58774165200269" lon="9.645395646790018"><ele>1810.8</ele></trkpt><trkpt lat="46.58773465198281" lon="9.645277646775007"><ele>1810.9</ele></trkpt><trkpt lat="46.58774865213949" lon="9.645004646946685"><ele>1810.1</ele></trkpt><trkpt lat="46.58774865213949" lon="9.645004646946685"><ele>1810.1</ele></trkpt><trkpt lat="46.587760652257025" lon="9.64483564707392"><ele>1809.5</ele></trkpt><trkpt lat="46.58775265231642" lon="9.644782647136314"><ele>1809.2</ele></trkpt><trkpt lat="46.587693652357345" lon="9.644610647184027"><ele>1809.0</ele></trkpt><trkpt lat="46.587668652535555" lon="9.64451864736837"><ele>1808.1</ele></trkpt><trkpt lat="46.58765265269357" lon="9.64437364753484"><ele>1807.3</ele></trkpt><trkpt lat="46.587646652555264" lon="9.64425664739958"><ele>1808.0</ele></trkpt><trkpt lat="46.58762965237794" lon="9.644164647223288"><ele>1808.9</ele></trkpt><trkpt lat="46.58761365224008" lon="9.644085647086508"><ele>1809.6</ele></trkpt><trkpt lat="46.58761365224008" lon="9.644085647086508"><ele>1809.6</ele></trkpt><trkpt lat="46.5876326520616" lon="9.644033646908284"><ele>1810.5</ele></trkpt><trkpt lat="46.587624651884106" lon="9.643981646730246"><ele>1811.4</ele></trkpt><trkpt lat="46.58760765166743" lon="9.643941646511713"><ele>1812.5</ele></trkpt><trkpt lat="46.58754665131388" lon="9.643847646155551"><ele>1814.3</ele></trkpt><trkpt lat="46.58754665131388" lon="9.643847646155551"><ele>1814.3</ele></trkpt><trkpt lat="46.58747565127661" lon="9.643779646118857"><ele>1814.5</ele></trkpt><trkpt lat="46.58743165127796" lon="9.643738646120894"><ele>1814.5</ele></trkpt><trkpt lat="46.58738765135816" lon="9.643658646204699"><ele>1814.1</ele></trkpt><trkpt lat="46.58735365159592" lon="9.643578646448681"><ele>1812.9</ele></trkpt><trkpt lat="46.587318651695554" lon="9.64349864655245"><ele>1812.4</ele></trkpt><trkpt lat="46.58730165171581" lon="9.643472646573697"><ele>1812.3</ele></trkpt><trkpt lat="46.58726665171684" lon="9.643431646575669"><ele>1812.3</ele></trkpt><trkpt lat="46.587213651757914" lon="9.643364646618924"><ele>1812.1</ele></trkpt><trkpt lat="46.58716165177916" lon="9.643283646642734"><ele>1812.0</ele></trkpt><trkpt lat="46.587143651759924" lon="9.643269646623411"><ele>1812.1</ele></trkpt><trkpt lat="46.58711665176084" lon="9.643255646624192"><ele>1812.1</ele></trkpt><trkpt lat="46.58708965178146" lon="9.64325464664446"><ele>1812.0</ele></trkpt><trkpt lat="46.587053651762915" lon="9.643253646624721"><ele>1812.1</ele></trkpt><trkpt lat="46.5870266517835" lon="9.643238646645568"><ele>1812.0</ele></trkpt><trkpt lat="46.586991651784636" lon="9.6432246466464"><ele>1812.0</ele></trkpt><trkpt lat="46.58694765176624" lon="9.64317064662896"><ele>1812.1</ele></trkpt><trkpt lat="46.58685065151252" lon="9.643049646374369"><ele>1813.4</ele></trkpt><trkpt lat="46.58678965129712" lon="9.642942646158996"><ele>1814.5</ele></trkpt><trkpt lat="46.58677165129768" lon="9.642928646159712"><ele>1814.5</ele></trkpt><trkpt lat="46.586754651298236" lon="9.642914646160424"><ele>1814.5</ele></trkpt><trkpt lat="46.58672765125964" lon="9.642900646121145"><ele>1814.7</ele></trkpt><trkpt lat="46.58670065120131" lon="9.642912646060743"><ele>1815.0</ele></trkpt><trkpt lat="46.5866646511038" lon="9.64289764596149"><ele>1815.5</ele></trkpt><trkpt lat="46.58663765106521" lon="9.64288364592221"><ele>1815.7</ele></trkpt><trkpt lat="46.58661165100679" lon="9.642856645863448"><ele>1816.0</ele></trkpt><trkpt lat="46.5865586509689" lon="9.642789645826596"><ele>1816.2</ele></trkpt><trkpt lat="46.58646265079402" lon="9.642628645653826"><ele>1817.1</ele></trkpt><trkpt lat="46.586445650754975" lon="9.642588645615582"><ele>1817.3</ele></trkpt><trkpt lat="46.586437650735405" lon="9.642562645596712"><ele>1817.4</ele></trkpt><trkpt lat="46.58643765077484" lon="9.642536645637866"><ele>1817.2</ele></trkpt><trkpt lat="46.58644765081391" lon="9.6424976456795"><ele>1817.0</ele></trkpt><trkpt lat="46.58644865087295" lon="9.642458645741225"><ele>1816.7</ele></trkpt><trkpt lat="46.58644965087269" lon="9.642380645744515"><ele>1816.7</ele></trkpt><trkpt lat="46.58645065085276" lon="9.642340645726176"><ele>1816.8</ele></trkpt><trkpt lat="46.586451650931515" lon="9.642262645809573"><ele>1816.4</ele></trkpt><trkpt lat="46.58646165100994" lon="9.642210645891804"><ele>1816.0</ele></trkpt><trkpt lat="46.58646265100981" lon="9.64217164589345"><ele>1816.0</ele></trkpt><trkpt lat="46.58646365104916" lon="9.642145645934596"><ele>1815.8</ele></trkpt><trkpt lat="46.58644665101011" lon="9.64207964589745"><ele>1816.0</ele></trkpt><trkpt lat="46.586422651306506" lon="9.641935646204093"><ele>1814.5</ele></trkpt><trkpt lat="46.58639765148469" lon="9.641829646388974"><ele>1813.6</ele></trkpt><trkpt lat="46.586355651603974" lon="9.641645646517185"><ele>1813.0</ele></trkpt><trkpt lat="46.586330651604555" lon="9.641552646521285"><ele>1813.0</ele></trkpt><trkpt lat="46.58630465156578" lon="9.641486646484204"><ele>1813.2</ele></trkpt><trkpt lat="46.58627965148745" lon="9.641420646407063"><ele>1813.6</ele></trkpt><trkpt lat="46.586253651429004" lon="9.641380646348862"><ele>1813.9</ele></trkpt><trkpt lat="46.586218651449784" lon="9.641326646371407"><ele>1813.8</ele></trkpt><trkpt lat="46.58618365150997" lon="9.641259646434557"><ele>1813.5</ele></trkpt><trkpt lat="46.58615665155024" lon="9.64123264647593"><ele>1813.3</ele></trkpt><trkpt lat="46.586139651590145" lon="9.641179646518337"><ele>1813.1</ele></trkpt><trkpt lat="46.586132651609866" lon="9.64110064654174"><ele>1813.0</ele></trkpt><trkpt lat="46.586109651629734" lon="9.640878646571293"><ele>1812.9</ele></trkpt><trkpt lat="46.586093651590495" lon="9.640786646535242"><ele>1813.1</ele></trkpt><trkpt lat="46.586069651512" lon="9.64065464646089"><ele>1813.5</ele></trkpt><trkpt lat="46.586035651374694" lon="9.640548646325442"><ele>1814.2</ele></trkpt><trkpt lat="46.586009651276704" lon="9.640482646228305"><ele>1814.7</ele></trkpt><trkpt lat="46.58598365133667" lon="9.64044264629024"><ele>1814.4</ele></trkpt><trkpt lat="46.58596565149503" lon="9.64040264645223"><ele>1813.6</ele></trkpt><trkpt lat="46.58595765157416" lon="9.640362646534067"><ele>1813.2</ele></trkpt><trkpt lat="46.585958651633256" lon="9.64033664659522"><ele>1812.9</ele></trkpt><trkpt lat="46.58595865167265" lon="9.640310646636362"><ele>1812.7</ele></trkpt><trkpt lat="46.58595965169221" lon="9.64027164665802"><ele>1812.6</ele></trkpt><trkpt lat="46.58596965173124" lon="9.64023264669964"><ele>1812.4</ele></trkpt><trkpt lat="46.586007651946744" lon="9.640116646924504"><ele>1811.3</ele></trkpt><trkpt lat="46.58601765212387" lon="9.640065647106775"><ele>1810.4</ele></trkpt><trkpt lat="46.58602765224186" lon="9.64002664722848"><ele>1809.8</ele></trkpt><trkpt lat="46.58603765232036" lon="9.639987647310136"><ele>1809.4</ele></trkpt><trkpt lat="46.58602865237977" lon="9.639961647371354"><ele>1809.1</ele></trkpt><trkpt lat="46.586028652419266" lon="9.639948647411945"><ele>1808.9</ele></trkpt><trkpt lat="46.58602065245892" lon="9.639921647453175"><ele>1808.7</ele></trkpt><trkpt lat="46.586011652518366" lon="9.639895647514397"><ele>1808.4</ele></trkpt><trkpt lat="46.58598565259804" lon="9.639855647596345"><ele>1808.0</ele></trkpt><trkpt lat="46.58591565273828" lon="9.639760647740971"><ele>1807.3</ele></trkpt><trkpt lat="46.585880652818275" lon="9.639720647822985"><ele>1806.9</ele></trkpt><trkpt lat="46.58586265289777" lon="9.639693647904325"><ele>1806.5</ele></trkpt><trkpt lat="46.585827653036894" lon="9.639639648046979"><ele>1805.8</ele></trkpt><trkpt lat="46.58581065307684" lon="9.639612648088276"><ele>1805.6</ele></trkpt><trkpt lat="46.58576665315711" lon="9.639558648170928"><ele>1805.2</ele></trkpt><trkpt lat="46.585669653554696" lon="9.639437648577076"><ele>1803.2</ele></trkpt><trkpt lat="46.58566165365358" lon="9.639411648678319"><ele>1802.7</ele></trkpt><trkpt lat="46.58560065383291" lon="9.639291648863955"><ele>1801.8</ele></trkpt><trkpt lat="46.58557465389281" lon="9.639237648926457"><ele>1801.5</ele></trkpt><trkpt lat="46.58554865399222" lon="9.63918464902895"><ele>1801.0</ele></trkpt><trkpt lat="46.585522654091605" lon="9.639144649130902"><ele>1800.5</ele></trkpt><trkpt lat="46.58550565415131" lon="9.639104649192754"><ele>1800.2</ele></trkpt><trkpt lat="46.585487654230775" lon="9.639077649274082"><ele>1799.8</ele></trkpt><trkpt lat="46.58542965438991" lon="9.638840649444559"><ele>1799.0</ele></trkpt><trkpt lat="46.58541265442979" lon="9.63880064948639"><ele>1798.8</ele></trkpt><trkpt lat="46.585385654450334" lon="9.638760649508269"><ele>1798.7</ele></trkpt><trkpt lat="46.585351654530115" lon="9.638667649592465"><ele>1798.3</ele></trkpt><trkpt lat="46.58533465456999" lon="9.638614649634837"><ele>1798.1</ele></trkpt><trkpt lat="46.58529265464994" lon="9.638456649721812"><ele>1797.7</ele></trkpt><trkpt lat="46.5852686546109" lon="9.638337649686921"><ele>1797.9</ele></trkpt><trkpt lat="46.585251654591445" lon="9.638245649670873"><ele>1798.0</ele></trkpt><trkpt lat="46.58525365463068" lon="9.63818064971361"><ele>1797.8</ele></trkpt><trkpt lat="46.58524465463084" lon="9.638141649715303"><ele>1797.8</ele></trkpt><trkpt lat="46.585254654590976" lon="9.63810264967683"><ele>1798.0</ele></trkpt><trkpt lat="46.58525465457119" lon="9.63808964965736"><ele>1798.1</ele></trkpt><trkpt lat="46.58528265447145" lon="9.63803864955922"><ele>1798.6</ele></trkpt><trkpt lat="46.585292654411774" lon="9.637999649500737"><ele>1798.9</ele></trkpt><trkpt lat="46.58530265435214" lon="9.637973649441706"><ele>1799.2</ele></trkpt><trkpt lat="46.5853026542534" lon="9.637934649343261"><ele>1799.7</ele></trkpt><trkpt lat="46.585294654214046" lon="9.637882649305464"><ele>1799.9</ele></trkpt><trkpt lat="46.58526365447091" lon="9.637632649576348"><ele>1798.6</ele></trkpt><trkpt lat="46.58525565456965" lon="9.637580649678657"><ele>1798.1</ele></trkpt><trkpt lat="46.58525665464852" lon="9.637541649760339"><ele>1797.7</ele></trkpt><trkpt lat="46.5852676546676" lon="9.637450649784085"><ele>1797.6</ele></trkpt><trkpt lat="46.585276654627705" lon="9.637411649745628"><ele>1797.8</ele></trkpt><trkpt lat="46.58528665460757" lon="9.637372649727174"><ele>1797.9</ele></trkpt><trkpt lat="46.585296654626895" lon="9.637347649748166"><ele>1797.8</ele></trkpt><trkpt lat="46.58533465456613" lon="9.637244649692171"><ele>1798.1</ele></trkpt><trkpt lat="46.585352654525934" lon="9.637205649653655"><ele>1798.3</ele></trkpt><trkpt lat="46.58542965438467" lon="9.636986649522191"><ele>1799.0</ele></trkpt><trkpt lat="46.585429654384555" lon="9.636947649523822"><ele>1799.0</ele></trkpt><trkpt lat="46.58543965436439" lon="9.636922649504784"><ele>1799.1</ele></trkpt><trkpt lat="46.58543165436452" lon="9.636882649506516"><ele>1799.1</ele></trkpt><trkpt lat="46.58542365436459" lon="9.636803649509877"><ele>1799.1</ele></trkpt><trkpt lat="46.585416654423675" lon="9.636686649574864"><ele>1798.8</ele></trkpt><trkpt lat="46.58541265469939" lon="9.636438649865449"><ele>1797.4</ele></trkpt><trkpt lat="46.58541465475832" lon="9.636359649928774"><ele>1797.1</ele></trkpt><trkpt lat="46.585415654797586" lon="9.636294649971516"><ele>1796.9</ele></trkpt><trkpt lat="46.58542565493514" lon="9.636216650114791"><ele>1796.2</ele></trkpt><trkpt lat="46.585417654974826" lon="9.636190650155958"><ele>1796.0</ele></trkpt><trkpt lat="46.585418654994484" lon="9.636164650177049"><ele>1795.9</ele></trkpt><trkpt lat="46.5853666550945" lon="9.636031650283025"><ele>1795.4</ele></trkpt><trkpt lat="46.58535865517363" lon="9.635992650364752"><ele>1795.0</ele></trkpt><trkpt lat="46.585350655252675" lon="9.635952650446528"><ele>1794.6</ele></trkpt><trkpt lat="46.585341655292396" lon="9.635926650487697"><ele>1794.4</ele></trkpt><trkpt lat="46.585341655292396" lon="9.635926650487697"><ele>1794.4</ele></trkpt><trkpt lat="46.58530465568849" lon="9.63597665088609"><ele>1792.4</ele></trkpt><trkpt lat="46.58527665598557" lon="9.636027651184328"><ele>1790.9</ele></trkpt><trkpt lat="46.58525865616388" lon="9.636053651363472"><ele>1790.0</ele></trkpt><trkpt lat="46.58522165642169" lon="9.636064651623418"><ele>1788.7</ele></trkpt><trkpt lat="46.585096657234935" lon="9.636046652445497"><ele>1784.6</ele></trkpt><trkpt lat="46.58506965737397" lon="9.636045652585807"><ele>1783.9</ele></trkpt><trkpt lat="46.58504165763158" lon="9.636083652844572"><ele>1782.6</ele></trkpt><trkpt lat="46.58502365780972" lon="9.636069653025384"><ele>1781.7</ele></trkpt><trkpt lat="46.58500565792872" lon="9.636069653145576"><ele>1781.1</ele></trkpt><trkpt lat="46.58500465824468" lon="9.636121653463611"><ele>1779.5</ele></trkpt><trkpt lat="46.58499465860043" lon="9.636173653821741"><ele>1777.7</ele></trkpt><trkpt lat="46.58497665881817" lon="9.63621165404042"><ele>1776.6</ele></trkpt><trkpt lat="46.58493165909594" lon="9.636209654320979"><ele>1775.2</ele></trkpt><trkpt lat="46.58488665941313" lon="9.636194654642095"><ele>1773.6</ele></trkpt><trkpt lat="46.58485065969056" lon="9.636180654923084"><ele>1772.2</ele></trkpt><trkpt lat="46.58480566004728" lon="9.636178655283686"><ele>1770.4</ele></trkpt><trkpt lat="46.5847796603441" lon="9.636151655585149"><ele>1768.9</ele></trkpt><trkpt lat="46.584752660601445" lon="9.6361246558466"><ele>1767.6</ele></trkpt><trkpt lat="46.58473466072048" lon="9.636136655966295"><ele>1767.0</ele></trkpt><trkpt lat="46.58471666087891" lon="9.636135656126552"><ele>1766.2</ele></trkpt><trkpt lat="46.58466366129494" lon="9.636081656549376"><ele>1764.1</ele></trkpt><trkpt lat="46.584567662343616" lon="9.635946657616161"><ele>1758.8</ele></trkpt><trkpt lat="46.584505662858525" lon="9.635866658140142"><ele>1756.2</ele></trkpt><trkpt lat="46.584391664006375" lon="9.635704659308143"><ele>1750.4</ele></trkpt><trkpt lat="46.58434966420474" lon="9.635598659512848"><ele>1749.4</ele></trkpt><trkpt lat="46.584297664699434" lon="9.63545366001935"><ele>1746.9</ele></trkpt><trkpt lat="46.58425466489792" lon="9.635372660223027"><ele>1745.9</ele></trkpt><trkpt lat="46.58417666535395" lon="9.635226660689701"><ele>1743.6</ele></trkpt><trkpt lat="46.5840896661654" lon="9.635066661517149"><ele>1739.5</ele></trkpt><trkpt lat="46.584037666561464" lon="9.634959661921997"><ele>1737.5</ele></trkpt><trkpt lat="46.58399466693746" lon="9.634840662307257"><ele>1735.6</ele></trkpt><trkpt lat="46.583977667174736" lon="9.63481366254856"><ele>1734.4</ele></trkpt><trkpt lat="46.58396066743168" lon="9.634773662810394"><ele>1733.1</ele></trkpt><trkpt lat="46.58387266824326" lon="9.634639663636712"><ele>1729.0</ele></trkpt><trkpt lat="46.58381166903422" lon="9.634519664442257"><ele>1725.0</ele></trkpt><trkpt lat="46.58379466933066" lon="9.63447966474409"><ele>1723.5</ele></trkpt><trkpt lat="46.58377767000205" lon="9.63443966542606"><ele>1720.1</ele></trkpt><trkpt lat="46.583752670634084" lon="9.634360666069627"><ele>1716.9</ele></trkpt><trkpt lat="46.58374467108805" lon="9.634281666532997"><ele>1714.6</ele></trkpt><trkpt lat="46.58368867304247" lon="9.633914668528629"><ele>1704.7</ele></trkpt><trkpt lat="46.58364667395112" lon="9.633755669455486"><ele>1700.1</ele></trkpt><trkpt lat="46.58362167430689" lon="9.633676669818877"><ele>1698.3</ele></trkpt><trkpt lat="46.58359567474175" lon="9.633636670260751"><ele>1696.1</ele></trkpt><trkpt lat="46.58356067515708" lon="9.633569670683743"><ele>1694.0</ele></trkpt><trkpt lat="46.58350067608594" lon="9.633384671631658"><ele>1689.3</ele></trkpt><trkpt lat="46.58345767616594" lon="9.633278671716123"><ele>1688.9</ele></trkpt><trkpt lat="46.58344067624528" lon="9.633238671797821"><ele>1688.5</ele></trkpt><trkpt lat="46.583414676443326" lon="9.633198671999608"><ele>1687.5</ele></trkpt><trkpt lat="46.583361676780264" lon="9.633130672342698"><ele>1685.8</ele></trkpt><trkpt lat="46.58327467739441" lon="9.633009672968136"><ele>1682.7</ele></trkpt><trkpt lat="46.58313367808905" lon="9.632860673675006"><ele>1679.2</ele></trkpt><trkpt lat="46.58307167882085" lon="9.632779674418705"><ele>1675.5</ele></trkpt><trkpt lat="46.582966680086656" lon="9.632644675704856"><ele>1669.1</ele></trkpt><trkpt lat="46.58285268097772" lon="9.632483676611967"><ele>1664.6</ele></trkpt><trkpt lat="46.582721681967776" lon="9.632256677621706"><ele>1659.6</ele></trkpt><trkpt lat="46.58265268177227" lon="9.63212367742725"><ele>1660.6</ele></trkpt><trkpt lat="46.5825306831369" lon="9.631883678817392"><ele>1653.7</ele></trkpt><trkpt lat="46.58245368416483" lon="9.631710679864584"><ele>1648.5</ele></trkpt><trkpt lat="46.58238368513357" lon="9.631590680849667"><ele>1643.6</ele></trkpt><trkpt lat="46.58227968641883" lon="9.631403682157488"><ele>1637.1</ele></trkpt><trkpt lat="46.58224468667625" lon="9.63134968241976"><ele>1635.8</ele></trkpt><trkpt lat="46.58223568681454" lon="9.631323682560806"><ele>1635.1</ele></trkpt><trkpt lat="46.58222768689364" lon="9.631283682642376"><ele>1634.7</ele></trkpt><trkpt lat="46.58221068713082" lon="9.6312306828845"><ele>1633.5</ele></trkpt><trkpt lat="46.58220368762403" lon="9.631113683388971"><ele>1631.0</ele></trkpt><trkpt lat="46.582204687801436" lon="9.63106068357097"><ele>1630.1</ele></trkpt><trkpt lat="46.58220168888609" lon="9.630786684681294"><ele>1624.6</ele></trkpt><trkpt lat="46.58220168904388" lon="9.630747684842762"><ele>1623.8</ele></trkpt><trkpt lat="46.58219368916243" lon="9.630734684963294"><ele>1623.2</ele></trkpt><trkpt lat="46.582193689182155" lon="9.630708684984274"><ele>1623.1</ele></trkpt><trkpt lat="46.582193689182155" lon="9.630708684984274"><ele>1623.1</ele></trkpt><trkpt lat="46.582167689281476" lon="9.630667685085978"><ele>1622.6</ele></trkpt><trkpt lat="46.58216369014912" lon="9.630393685976236"><ele>1618.2</ele></trkpt><trkpt lat="46.582174690562844" lon="9.630276686400514"><ele>1616.1</ele></trkpt><trkpt lat="46.58218669103575" lon="9.630133686885749"><ele>1613.7</ele></trkpt><trkpt lat="46.58219869170589" lon="9.629977687571415"><ele>1610.3</ele></trkpt><trkpt lat="46.58220069202129" lon="9.629873687895243"><ele>1608.7</ele></trkpt><trkpt lat="46.58219369251449" lon="9.629755688399607"><ele>1606.2</ele></trkpt><trkpt lat="46.58218669288941" lon="9.629663688783008"><ele>1604.3</ele></trkpt><trkpt lat="46.58217069316592" lon="9.629571689066486"><ele>1602.9</ele></trkpt><trkpt lat="46.58213869385706" lon="9.629387689773377"><ele>1599.4</ele></trkpt><trkpt lat="46.58212069391666" lon="9.629347689834958"><ele>1599.1</ele></trkpt><trkpt lat="46.58212069391666" lon="9.629347689834958"><ele>1599.1</ele></trkpt><trkpt lat="46.58214869391579" lon="9.62932268983572"><ele>1599.1</ele></trkpt><trkpt lat="46.58215869387588" lon="9.629284689797073"><ele>1599.3</ele></trkpt><trkpt lat="46.58219569381547" lon="9.629220689739237"><ele>1599.6</ele></trkpt><trkpt lat="46.582298693496135" lon="9.628989689427257"><ele>1601.2</ele></trkpt><trkpt lat="46.58232669343604" lon="9.628951689368511"><ele>1601.5</ele></trkpt><trkpt lat="46.58239169329569" lon="9.628836689232426"><ele>1602.2</ele></trkpt><trkpt lat="46.582410693255596" lon="9.628811689193249"><ele>1602.4</ele></trkpt><trkpt lat="46.58247469309571" lon="9.628748689035241"><ele>1603.2</ele></trkpt><trkpt lat="46.58249269305567" lon="9.628736688995586"><ele>1603.4</ele></trkpt><trkpt lat="46.58252069297578" lon="9.628685688917333"><ele>1603.8</ele></trkpt><trkpt lat="46.582539692876416" lon="9.628633688819184"><ele>1604.3</ele></trkpt><trkpt lat="46.582549692777356" lon="9.628595688720566"><ele>1604.8</ele></trkpt><trkpt lat="46.58256869265824" lon="9.62851768860339"><ele>1605.4</ele></trkpt><trkpt lat="46.58257869261842" lon="9.628504688563824"><ele>1605.6</ele></trkpt><trkpt lat="46.58258769261809" lon="9.628492688564219"><ele>1605.6</ele></trkpt><trkpt lat="46.58260569245965" lon="9.628466688405126"><ele>1606.4</ele></trkpt><trkpt lat="46.58266069228034" lon="9.628429688226221"><ele>1607.3</ele></trkpt><trkpt lat="46.582806691525825" lon="9.628318687469708"><ele>1611.1</ele></trkpt><trkpt lat="46.58288869095099" lon="9.628256686891712"><ele>1614.0</ele></trkpt><trkpt lat="46.5830806898003" lon="9.628107685736508"><ele>1619.8</ele></trkpt><trkpt lat="46.58324468880834" lon="9.627983684740517"><ele>1624.8</ele></trkpt><trkpt lat="46.58344668781518" lon="9.627822683745705"><ele>1629.8</ele></trkpt><trkpt lat="46.583546687397515" lon="9.627747683328082"><ele>1631.9</ele></trkpt><trkpt lat="46.583674686742114" lon="9.627635682671785"><ele>1635.2</ele></trkpt><trkpt lat="46.583784686185986" lon="9.627548682114627"><ele>1638.0</ele></trkpt><trkpt lat="46.583866685749214" lon="9.627499681676156"><ele>1640.2</ele></trkpt><trkpt lat="46.58393968543109" lon="9.627450681357693"><ele>1641.8</ele></trkpt><trkpt lat="46.58407568467681" lon="9.627377680599947"><ele>1645.6</ele></trkpt><trkpt lat="46.58412168455695" lon="9.627353680480624"><ele>1646.2</ele></trkpt><trkpt lat="46.584139684516956" lon="9.627354680440487"><ele>1646.4</ele></trkpt><trkpt lat="46.584148684516656" lon="9.627354680440428"><ele>1646.4</ele></trkpt><trkpt lat="46.584148684516656" lon="9.627354680440428"><ele>1646.4</ele></trkpt><trkpt lat="46.584175684456575" lon="9.627316680381735"><ele>1646.7</ele></trkpt><trkpt lat="46.58424068431619" lon="9.627227680244793"><ele>1647.4</ele></trkpt><trkpt lat="46.58427868417663" lon="9.627138680108018"><ele>1648.1</ele></trkpt><trkpt lat="46.584324684036886" lon="9.62704867997124"><ele>1648.8</ele></trkpt><trkpt lat="46.58434368395726" lon="9.627010679892608"><ele>1649.2</ele></trkpt><trkpt lat="46.58437168387733" lon="9.62697267981393"><ele>1649.6</ele></trkpt><trkpt lat="46.58440868373796" lon="9.626921679675712"><ele>1650.3</ele></trkpt><trkpt lat="46.5844176836784" lon="9.62690867961618"><ele>1650.6</ele></trkpt><trkpt lat="46.58443568361862" lon="9.626896679556557"><ele>1650.9</ele></trkpt><trkpt lat="46.58448968343938" lon="9.626898679376222"><ele>1651.8</ele></trkpt><trkpt lat="46.58454468325999" lon="9.626874679196881"><ele>1652.7</ele></trkpt><trkpt lat="46.58456268318046" lon="9.626862679117266"><ele>1653.1</ele></trkpt><trkpt lat="46.58458968310064" lon="9.626837679038092"><ele>1653.5</ele></trkpt><trkpt lat="46.58462668298099" lon="9.626799678919374"><ele>1654.1</ele></trkpt><trkpt lat="46.58470968270183" lon="9.626685678643367"><ele>1655.5</ele></trkpt><trkpt lat="46.58478368244278" lon="9.626610678385914"><ele>1656.8</ele></trkpt><trkpt lat="46.58482968234256" lon="9.626559678287636"><ele>1657.3</ele></trkpt><trkpt lat="46.584838682302745" lon="9.62652167824906"><ele>1657.5</ele></trkpt><trkpt lat="46.58484868226286" lon="9.626495678210016"><ele>1657.7</ele></trkpt><trkpt lat="46.58485768220326" lon="9.626469678150993"><ele>1658.0</ele></trkpt><trkpt lat="46.58486768214369" lon="9.626417678092965"><ele>1658.3</ele></trkpt><trkpt lat="46.58488868192563" lon="9.626301677877423"><ele>1659.4</ele></trkpt><trkpt lat="46.58489868184622" lon="9.626249677799406"><ele>1659.8</ele></trkpt><trkpt lat="46.58491768174681" lon="9.626198677701307"><ele>1660.3</ele></trkpt><trkpt lat="46.5849266816675" lon="9.626159677622802"><ele>1660.7</ele></trkpt><trkpt lat="46.58494568160759" lon="9.626120677564217"><ele>1661.0</ele></trkpt><trkpt lat="46.58498268148787" lon="9.62605767744648"><ele>1661.6</ele></trkpt><trkpt lat="46.58500168140825" lon="9.626031677367406"><ele>1662.0</ele></trkpt><trkpt lat="46.58502868130866" lon="9.626006677268254"><ele>1662.5</ele></trkpt><trkpt lat="46.585083681168726" lon="9.625956677129917"><ele>1663.2</ele></trkpt><trkpt lat="46.58512968108826" lon="9.625932677050601"><ele>1663.6</ele></trkpt><trkpt lat="46.58521168088824" lon="9.625883676852084"><ele>1664.6</ele></trkpt><trkpt lat="46.58527468078756" lon="9.625847676753136"><ele>1665.1</ele></trkpt><trkpt lat="46.58537568052756" lon="9.625759676496047"><ele>1666.4</ele></trkpt><trkpt lat="46.58544968036724" lon="9.625684676338578"><ele>1667.2</ele></trkpt><trkpt lat="46.585522680187125" lon="9.625622676160619"><ele>1668.1</ele></trkpt><trkpt lat="46.58561367992756" lon="9.625547675903107"><ele>1669.4</ele></trkpt><trkpt lat="46.58565067982762" lon="9.625509675804409"><ele>1669.9</ele></trkpt><trkpt lat="46.58565067982762" lon="9.625509675804409"><ele>1669.9</ele></trkpt><trkpt lat="46.585732679667046" lon="9.625447675646386"><ele>1670.7</ele></trkpt><trkpt lat="46.5857776795669" lon="9.625423675547092"><ele>1671.2</ele></trkpt><trkpt lat="46.5858236794667" lon="9.625386675448297"><ele>1671.7</ele></trkpt><trkpt lat="46.58591567922672" lon="9.625285675211787"><ele>1672.9</ele></trkpt><trkpt lat="46.586062678866526" lon="9.625160674855938"><ele>1674.7</ele></trkpt><trkpt lat="46.58614467862692" lon="9.625072674618997"><ele>1675.9</ele></trkpt><trkpt lat="46.586227678347775" lon="9.624997674341573"><ele>1677.3</ele></trkpt><trkpt lat="46.58625467824814" lon="9.62495967424295"><ele>1677.8</ele></trkpt><trkpt lat="46.58631867806835" lon="9.624910674064566"><ele>1678.7</ele></trkpt><trkpt lat="46.58635567798819" lon="9.624885673985359"><ele>1679.1</ele></trkpt><trkpt lat="46.586410677769145" lon="9.624822673767614"><ele>1680.2</ele></trkpt><trkpt lat="46.586437677649855" lon="9.624797673648507"><ele>1680.8</ele></trkpt><trkpt lat="46.58651167741042" lon="9.624709673411632"><ele>1682.0</ele></trkpt><trkpt lat="46.58658667715114" lon="9.624581673156337"><ele>1683.3</ele></trkpt><trkpt lat="46.58662467703125" lon="9.62447867304021"><ele>1683.9</ele></trkpt><trkpt lat="46.586642676971316" lon="9.624440672981626"><ele>1684.2</ele></trkpt><trkpt lat="46.58666167691144" lon="9.624402672923035"><ele>1684.5</ele></trkpt><trkpt lat="46.58668067687129" lon="9.624376672883963"><ele>1684.7</ele></trkpt><trkpt lat="46.586698676811494" lon="9.624364672824358"><ele>1685.0</ele></trkpt><trkpt lat="46.5867346767511" lon="9.624352672764642"><ele>1685.3</ele></trkpt><trkpt lat="46.58684367647124" lon="9.624318672485478"><ele>1686.7</ele></trkpt><trkpt lat="46.58687967633189" lon="9.624306672345824"><ele>1687.4</ele></trkpt><trkpt lat="46.58690667621258" lon="9.624294672226206"><ele>1688.0</ele></trkpt><trkpt lat="46.586970675934076" lon="9.624244671947967"><ele>1689.4</ele></trkpt><trkpt lat="46.58698867585452" lon="9.62423267186838"><ele>1689.8</ele></trkpt><trkpt lat="46.587007675774856" lon="9.624194671789812"><ele>1690.2</ele></trkpt><trkpt lat="46.587044675635404" lon="9.624143671651684"><ele>1690.9</ele></trkpt><trkpt lat="46.58708167547602" lon="9.624066671494592"><ele>1691.7</ele></trkpt><trkpt lat="46.58709167543619" lon="9.62404067145558"><ele>1691.9</ele></trkpt><trkpt lat="46.587118675415574" lon="9.624015671436407"><ele>1692.0</ele></trkpt><trkpt lat="46.587164675354884" lon="9.624004671376587"><ele>1692.3</ele></trkpt><trkpt lat="46.58728167521297" lon="9.623970671237272"><ele>1693.0</ele></trkpt><trkpt lat="46.58736367513139" lon="9.623947671157708"><ele>1693.4</ele></trkpt><trkpt lat="46.587472674989634" lon="9.62388667101951"><ele>1694.1</ele></trkpt><trkpt lat="46.58766367472664" lon="9.623763670763315"><ele>1695.4</ele></trkpt><trkpt lat="46.5877186746261" lon="9.623713670665012"><ele>1695.9</ele></trkpt><trkpt lat="46.58780067450489" lon="9.623651670547021"><ele>1696.5</ele></trkpt><trkpt lat="46.58784667444411" lon="9.623601670488739"><ele>1696.8</ele></trkpt><trkpt lat="46.58788367438356" lon="9.623550670430564"><ele>1697.1</ele></trkpt><trkpt lat="46.5878936743635" lon="9.623538670410989"><ele>1697.2</ele></trkpt><trkpt lat="46.5879116743431" lon="9.623512670391909"><ele>1697.3</ele></trkpt><trkpt lat="46.58796767420289" lon="9.623410670255687"><ele>1698.0</ele></trkpt><trkpt lat="46.58798667416274" lon="9.6233726702171"><ele>1698.2</ele></trkpt><trkpt lat="46.58800467412255" lon="9.623333670178551"><ele>1698.4</ele></trkpt><trkpt lat="46.58802367408237" lon="9.623308670139451"><ele>1698.6</ele></trkpt><trkpt lat="46.58804167404231" lon="9.623283670100353"><ele>1698.8</ele></trkpt><trkpt lat="46.588060674002136" lon="9.623257670061294"><ele>1699.0</ele></trkpt><trkpt lat="46.58807867396204" lon="9.623245670021682"><ele>1699.2</ele></trkpt><trkpt lat="46.58809667394171" lon="9.623233670002056"><ele>1699.3</ele></trkpt><trkpt lat="46.58809667394171" lon="9.623233670002056"><ele>1699.3</ele></trkpt><trkpt lat="46.588088673941904" lon="9.623206670003176"><ele>1699.3</ele></trkpt><trkpt lat="46.588088674001135" lon="9.623206670063123"><ele>1699.0</ele></trkpt><trkpt lat="46.58808867404057" lon="9.623193670103603"><ele>1698.8</ele></trkpt><trkpt lat="46.58808867408002" lon="9.623180670144079"><ele>1698.6</ele></trkpt><trkpt lat="46.58810767409916" lon="9.623168670164413"><ele>1698.5</ele></trkpt><trkpt lat="46.588125674157794" lon="9.623155670224753"><ele>1698.2</ele></trkpt><trkpt lat="46.58814467437428" lon="9.623117670445938"><ele>1697.1</ele></trkpt><trkpt lat="46.588153674433194" lon="9.623104670506343"><ele>1696.8</ele></trkpt><trkpt lat="46.588190674688555" lon="9.623054670767843"><ele>1695.5</ele></trkpt><trkpt lat="46.588199674786964" lon="9.623041670868206"><ele>1695.0</ele></trkpt><trkpt lat="46.58823667522" lon="9.622964671310607"><ele>1692.8</ele></trkpt><trkpt lat="46.58825567561416" lon="9.622913671712128"><ele>1690.8</ele></trkpt><trkpt lat="46.58832167606589" lon="9.622798672175799"><ele>1688.5</ele></trkpt><trkpt lat="46.58836767614337" lon="9.622747672257429"><ele>1688.1</ele></trkpt><trkpt lat="46.58843167625968" lon="9.622698672378824"><ele>1687.5</ele></trkpt><trkpt lat="46.58847667633717" lon="9.62266167245991"><ele>1687.1</ele></trkpt><trkpt lat="46.58853167643413" lon="9.622637672560405"><ele>1686.6</ele></trkpt><trkpt lat="46.588713676546675" lon="9.622527672683422"><ele>1686.0</ele></trkpt><trkpt lat="46.588740676644456" lon="9.622502672784131"><ele>1685.5</ele></trkpt><trkpt lat="46.5887866769391" lon="9.622451673085548"><ele>1684.0</ele></trkpt><trkpt lat="46.588832677194205" lon="9.622388673347471"><ele>1682.7</ele></trkpt><trkpt lat="46.58886067741044" lon="9.622337673569074"><ele>1681.6</ele></trkpt><trkpt lat="46.58887967746901" lon="9.6223246736294"><ele>1681.3</ele></trkpt><trkpt lat="46.58889767752765" lon="9.622312673689695"><ele>1681.0</ele></trkpt><trkpt lat="46.588924677625556" lon="9.622300673789892"><ele>1680.5</ele></trkpt><trkpt lat="46.58899867803766" lon="9.622212674212447"><ele>1678.4</ele></trkpt><trkpt lat="46.588998678175834" lon="9.622199674352817"><ele>1677.7</ele></trkpt><trkpt lat="46.588935678552936" lon="9.622183674733483"><ele>1675.8</ele></trkpt><trkpt lat="46.58893667863188" lon="9.622170674813905"><ele>1675.4</ele></trkpt><trkpt lat="46.58893667869106" lon="9.622157674874353"><ele>1675.1</ele></trkpt><trkpt lat="46.58896467898631" lon="9.622119675175359"><ele>1673.6</ele></trkpt><trkpt lat="46.58901967918194" lon="9.622069675376753"><ele>1672.6</ele></trkpt><trkpt lat="46.58905567961512" lon="9.622031675817569"><ele>1670.4</ele></trkpt><trkpt lat="46.58908468018669" lon="9.621954676399795"><ele>1667.5</ele></trkpt><trkpt lat="46.58912168038291" lon="9.621916676600826"><ele>1666.5</ele></trkpt><trkpt lat="46.58919368071626" lon="9.621867676941925"><ele>1664.8</ele></trkpt><trkpt lat="46.58914968103351" lon="9.621839677262969"><ele>1663.2</ele></trkpt><trkpt lat="46.58917768142745" lon="9.62178867766436"><ele>1661.2</ele></trkpt><trkpt lat="46.58925068172134" lon="9.621752677964981"><ele>1659.7</ele></trkpt><trkpt lat="46.589286681700436" lon="9.621753677944731"><ele>1659.8</ele></trkpt><trkpt lat="46.58939368171709" lon="9.621797677962334"><ele>1659.7</ele></trkpt><trkpt lat="46.58943868165639" lon="9.621786677902524"><ele>1660.0</ele></trkpt><trkpt lat="46.589502681654345" lon="9.621749677903548"><ele>1660.0</ele></trkpt><trkpt lat="46.5895676824025" lon="9.621647678666294"><ele>1656.2</ele></trkpt><trkpt lat="46.58958768334945" lon="9.62150567963064"><ele>1651.4</ele></trkpt><trkpt lat="46.58967268397829" lon="9.621325680276335"><ele>1648.2</ele></trkpt><trkpt lat="46.58978368480391" lon="9.621160681121056"><ele>1644.0</ele></trkpt><trkpt lat="46.58991168491829" lon="9.621074681243396"><ele>1643.4</ele></trkpt><trkpt lat="46.590056685111215" lon="9.620988681445548"><ele>1642.4</ele></trkpt><trkpt lat="46.59007468520936" lon="9.62097668154578"><ele>1641.9</ele></trkpt><trkpt lat="46.59012068536585" lon="9.62092668170723"><ele>1641.1</ele></trkpt><trkpt lat="46.59013968524671" lon="9.62090068158823"><ele>1641.7</ele></trkpt><trkpt lat="46.5902136852047" lon="9.620799681551654"><ele>1641.9</ele></trkpt><trkpt lat="46.59024168548025" lon="9.620761681832617"><ele>1640.5</ele></trkpt><trkpt lat="46.590287685755214" lon="9.62071068211396"><ele>1639.1</ele></trkpt><trkpt lat="46.59035168597036" lon="9.62064868233567"><ele>1638.0</ele></trkpt><trkpt lat="46.59039668594919" lon="9.620610682316855"><ele>1638.1</ele></trkpt><trkpt lat="46.59044268598718" lon="9.620573682357927"><ele>1637.9</ele></trkpt><trkpt lat="46.59046068592735" lon="9.62056168229834"><ele>1638.2</ele></trkpt><trkpt lat="46.59049768578784" lon="9.620510682160203"><ele>1638.9</ele></trkpt><trkpt lat="46.590516685728026" lon="9.620498682100608"><ele>1639.2</ele></trkpt><trkpt lat="46.59056168548957" lon="9.620473681861547"><ele>1640.4</ele></trkpt><trkpt lat="46.59059768538973" lon="9.620462681761856"><ele>1640.9</ele></trkpt><trkpt lat="46.590615685329944" lon="9.620463681701768"><ele>1641.2</ele></trkpt><trkpt lat="46.590642685151366" lon="9.620464681521756"><ele>1642.1</ele></trkpt><trkpt lat="46.590651685091835" lon="9.620464681461772"><ele>1642.4</ele></trkpt><trkpt lat="46.5906606850521" lon="9.620464681421764"><ele>1642.6</ele></trkpt><trkpt lat="46.5906606850521" lon="9.620464681421764"><ele>1642.6</ele></trkpt><trkpt lat="46.59075268512809" lon="9.620377681504408"><ele>1642.2</ele></trkpt><trkpt lat="46.590825685184946" lon="9.620301681566778"><ele>1641.9</ele></trkpt><trkpt lat="46.59088168512382" lon="9.620238681508894"><ele>1642.2</ele></trkpt><trkpt lat="46.59097368482446" lon="9.620112681213472"><ele>1643.7</ele></trkpt><trkpt lat="46.59102868466464" lon="9.620048681055751"><ele>1644.5</ele></trkpt><trkpt lat="46.5911026844449" lon="9.619973680838406"><ele>1645.6</ele></trkpt><trkpt lat="46.59116668422558" lon="9.619910680620674"><ele>1646.7</ele></trkpt><trkpt lat="46.59124068398608" lon="9.619809680384355"><ele>1647.9</ele></trkpt><trkpt lat="46.59126768390615" lon="9.619784680305234"><ele>1648.3</ele></trkpt><trkpt lat="46.59131468374655" lon="9.619708680148046"><ele>1649.1</ele></trkpt><trkpt lat="46.59133268366694" lon="9.619682680069022"><ele>1649.5</ele></trkpt><trkpt lat="46.59135168354772" lon="9.619631679951002"><ele>1650.1</ele></trkpt><trkpt lat="46.59138868336867" lon="9.619567679773436"><ele>1651.0</ele></trkpt><trkpt lat="46.59139868328928" lon="9.619528679694968"><ele>1651.4</ele></trkpt><trkpt lat="46.59140868319015" lon="9.619502679596025"><ele>1651.9</ele></trkpt><trkpt lat="46.59142668311049" lon="9.619464679517472"><ele>1652.3</ele></trkpt><trkpt lat="46.59144568305065" lon="9.619452679457883"><ele>1652.6</ele></trkpt><trkpt lat="46.59148168295063" lon="9.619414679359238"><ele>1653.1</ele></trkpt><trkpt lat="46.59160968263047" lon="9.619315679042627"><ele>1654.7</ele></trkpt><trkpt lat="46.591728682251336" lon="9.619228678665694"><ele>1656.6</ele></trkpt><trkpt lat="46.591864681930936" lon="9.61914267834854"><ele>1658.2</ele></trkpt><trkpt lat="46.59197468161134" lon="9.619068678031098"><ele>1659.8</ele></trkpt><trkpt lat="46.5920106815115" lon="9.619057677931425"><ele>1660.3</ele></trkpt><trkpt lat="46.592028681451644" lon="9.619045677871846"><ele>1660.6</ele></trkpt><trkpt lat="46.592047681372" lon="9.619032677792326"><ele>1661.0</ele></trkpt><trkpt lat="46.592074681311935" lon="9.619033677732192"><ele>1661.3</ele></trkpt><trkpt lat="46.59209168123238" lon="9.61903467765215"><ele>1661.7</ele></trkpt><trkpt lat="46.59211868115259" lon="9.619048677571538"><ele>1662.1</ele></trkpt><trkpt lat="46.59214568107278" lon="9.619062677490927"><ele>1662.5</ele></trkpt><trkpt lat="46.59216368101306" lon="9.619076677430352"><ele>1662.8</ele></trkpt><trkpt lat="46.592189680972766" lon="9.61909067738969"><ele>1663.0</ele></trkpt><trkpt lat="46.592251680872266" lon="9.619145677287293"><ele>1663.5</ele></trkpt><trkpt lat="46.592296680772215" lon="9.619186677185546"><ele>1664.0</ele></trkpt><trkpt lat="46.592322680712186" lon="9.619200677124915"><ele>1664.3</ele></trkpt><trkpt lat="46.59234068065243" lon="9.619214677064337"><ele>1664.6</ele></trkpt><trkpt lat="46.592358680632145" lon="9.619227677043739"><ele>1664.7</ele></trkpt><trkpt lat="46.59237668059208" lon="9.619228677003633"><ele>1664.9</ele></trkpt><trkpt lat="46.59240368053203" lon="9.619229676943503"><ele>1665.2</ele></trkpt><trkpt lat="46.59244868041208" lon="9.619218676823788"><ele>1665.8</ele></trkpt><trkpt lat="46.59254868023115" lon="9.619183676644733"><ele>1666.7</ele></trkpt><trkpt lat="46.59257568017104" lon="9.619171676585095"><ele>1667.0</ele></trkpt><trkpt lat="46.59266568001019" lon="9.619162676425068"><ele>1667.8</ele></trkpt><trkpt lat="46.592773679829115" lon="9.619166676244443"><ele>1668.7</ele></trkpt><trkpt lat="46.5928546796686" lon="9.61916967608401"><ele>1669.5</ele></trkpt><trkpt lat="46.592926679528155" lon="9.619185675943099"><ele>1670.2</ele></trkpt><trkpt lat="46.59298867940778" lon="9.619201675822227"><ele>1670.8</ele></trkpt><trkpt lat="46.59304267928763" lon="9.619229675700941"><ele>1671.4</ele></trkpt><trkpt lat="46.59309567918736" lon="9.619270675599132"><ele>1671.9</ele></trkpt><trkpt lat="46.59312167912746" lon="9.619324675536943"><ele>1672.2</ele></trkpt><trkpt lat="46.59323467894664" lon="9.619511675349163"><ele>1673.1</ele></trkpt><trkpt lat="46.59323467894664" lon="9.619511675349163"><ele>1673.1</ele></trkpt><trkpt lat="46.59327967900463" lon="9.619539675407715"><ele>1672.8</ele></trkpt><trkpt lat="46.593305679063114" lon="9.619553675466932"><ele>1672.5</ele></trkpt><trkpt lat="46.59333267910176" lon="9.619554675506667"><ele>1672.3</ele></trkpt><trkpt lat="46.593359679140434" lon="9.619555675546405"><ele>1672.1</ele></trkpt><trkpt lat="46.59337767915968" lon="9.61955667556623"><ele>1672.0</ele></trkpt><trkpt lat="46.593423679217494" lon="9.619545675626288"><ele>1671.7</ele></trkpt><trkpt lat="46.59345967927558" lon="9.619520675686958"><ele>1671.4</ele></trkpt><trkpt lat="46.593541679391414" lon="9.61945867580869"><ele>1670.8</ele></trkpt><trkpt lat="46.593605679507846" lon="9.619395675930582"><ele>1670.2</ele></trkpt><trkpt lat="46.59366167958494" lon="9.619319676013077"><ele>1669.8</ele></trkpt><trkpt lat="46.593762679759294" lon="9.61919367619709"><ele>1668.9</ele></trkpt><trkpt lat="46.593818679836396" lon="9.619104676280086"><ele>1668.5</ele></trkpt><trkpt lat="46.593901679952" lon="9.618976676404362"><ele>1667.9</ele></trkpt><trkpt lat="46.59399568018577" lon="9.61881167664985"><ele>1666.7</ele></trkpt><trkpt lat="46.59404168034221" lon="9.618721676812836"><ele>1665.9</ele></trkpt><trkpt lat="46.59409768049829" lon="9.618632676975716"><ele>1665.1</ele></trkpt><trkpt lat="46.59419068077156" lon="9.618466677261177"><ele>1663.7</ele></trkpt><trkpt lat="46.59422868090844" lon="9.61836367740473"><ele>1663.0</ele></trkpt><trkpt lat="46.5942956811627" lon="9.61815767767191"><ele>1661.7</ele></trkpt><trkpt lat="46.59431468122129" lon="9.618118677733214"><ele>1661.4</ele></trkpt><trkpt lat="46.594342681299366" lon="9.618080677814396"><ele>1661.0</ele></trkpt><trkpt lat="46.59441468149463" lon="9.618044678015048"><ele>1660.0</ele></trkpt><trkpt lat="46.59471468233468" lon="9.617900678877511"><ele>1655.7</ele></trkpt><trkpt lat="46.59489668288211" lon="9.61780267943936"><ele>1652.9</ele></trkpt><trkpt lat="46.59501468319449" lon="9.617755679759968"><ele>1651.3</ele></trkpt><trkpt lat="46.59511368344827" lon="9.617720680020325"><ele>1650.0</ele></trkpt><trkpt lat="46.595186683564556" lon="9.61769768014058"><ele>1649.4</ele></trkpt><trkpt lat="46.595267683680646" lon="9.61768768026028"><ele>1648.8</ele></trkpt><trkpt lat="46.595312683738456" lon="9.617663680320826"><ele>1648.5</ele></trkpt><trkpt lat="46.59534068373758" lon="9.617651680321114"><ele>1648.5</ele></trkpt><trkpt lat="46.59536768373669" lon="9.617626680321898"><ele>1648.5</ele></trkpt><trkpt lat="46.59539568369626" lon="9.617601680282732"><ele>1648.7</ele></trkpt><trkpt lat="46.59543168361602" lon="9.617563680204073"><ele>1649.1</ele></trkpt><trkpt lat="46.59549668353482" lon="9.617474680127183"><ele>1649.5</ele></trkpt><trkpt lat="46.595514683514466" lon="9.617462680107554"><ele>1649.6</ele></trkpt><trkpt lat="46.595532683494106" lon="9.617450680087925"><ele>1649.7</ele></trkpt><trkpt lat="46.595550683513316" lon="9.617450680107785"><ele>1649.6</ele></trkpt><trkpt lat="46.595550683513316" lon="9.617450680107785"><ele>1649.6</ele></trkpt><trkpt lat="46.59555168353299" lon="9.617424680128748"><ele>1649.5</ele></trkpt><trkpt lat="46.595552683572365" lon="9.617385680170178"><ele>1649.3</ele></trkpt><trkpt lat="46.59557068365081" lon="9.617360680250911"><ele>1648.9</ele></trkpt><trkpt lat="46.595589683729216" lon="9.617334680331673"><ele>1648.5</ele></trkpt><trkpt lat="46.595616683807386" lon="9.61732268041185"><ele>1648.1</ele></trkpt><trkpt lat="46.595643683865816" lon="9.617310680472052"><ele>1647.8</ele></trkpt><trkpt lat="46.59567068392432" lon="9.61731268053172"><ele>1647.5</ele></trkpt><trkpt lat="46.59573368410019" lon="9.61730168071148"><ele>1646.6</ele></trkpt><trkpt lat="46.59580568425606" lon="9.617304680870689"><ele>1645.8</ele></trkpt><trkpt lat="46.59583268431455" lon="9.617292680930891"><ele>1645.5</ele></trkpt><trkpt lat="46.59585168435342" lon="9.617280680971167"><ele>1645.3</ele></trkpt><trkpt lat="46.595887684411586" lon="9.61726868103131"><ele>1645.0</ele></trkpt><trkpt lat="46.59590568447027" lon="9.617243681092074"><ele>1644.7</ele></trkpt><trkpt lat="46.5959336845484" lon="9.617218681172739"><ele>1644.3</ele></trkpt><trkpt lat="46.59595268460702" lon="9.61717968123402"><ele>1644.0</ele></trkpt><trkpt lat="46.59604468499903" lon="9.617039681638207"><ele>1642.0</ele></trkpt><trkpt lat="46.59609068517537" lon="9.616989681819566"><ele>1641.1</ele></trkpt><trkpt lat="46.59614568533168" lon="9.616939681980893"><ele>1640.3</ele></trkpt><trkpt lat="46.59623768562515" lon="9.616864682282737"><ele>1638.8</ele></trkpt><trkpt lat="46.59629268576162" lon="9.616801682424581"><ele>1638.1</ele></trkpt><trkpt lat="46.596356685957154" lon="9.61673968262624"><ele>1637.1</ele></trkpt><trkpt lat="46.59658768668062" lon="9.616448683374744"><ele>1633.4</ele></trkpt><trkpt lat="46.59667968703315" lon="9.616295683739427"><ele>1631.6</ele></trkpt><trkpt lat="46.5967166871703" lon="9.616244683880913"><ele>1630.9</ele></trkpt><trkpt lat="46.59677268732658" lon="9.616181684042704"><ele>1630.1</ele></trkpt><trkpt lat="46.59685468760051" lon="9.616093684325092"><ele>1628.7</ele></trkpt><trkpt lat="46.59689168775743" lon="9.616055684486051"><ele>1627.9</ele></trkpt><trkpt lat="46.59699168803091" lon="9.61598168476779"><ele>1626.5</ele></trkpt><trkpt lat="46.597019688109064" lon="9.615956684848436"><ele>1626.1</ele></trkpt><trkpt lat="46.59704668818724" lon="9.61593168492909"><ele>1625.7</ele></trkpt><trkpt lat="46.59706568824582" lon="9.61589268499035"><ele>1625.4</ele></trkpt><trkpt lat="46.597084688324266" lon="9.615854685071538"><ele>1625.0</ele></trkpt><trkpt lat="46.59714068850022" lon="9.615765685254269"><ele>1624.1</ele></trkpt><trkpt lat="46.59716768859811" lon="9.615727685355376"><ele>1623.6</ele></trkpt><trkpt lat="46.597195688695926" lon="9.615676685456966"><ele>1623.1</ele></trkpt><trkpt lat="46.5972236887741" lon="9.615651685537607"><ele>1622.7</ele></trkpt><trkpt lat="46.59724168885256" lon="9.615625685618346"><ele>1622.3</ele></trkpt><trkpt lat="46.59730568902839" lon="9.615576685799507"><ele>1621.4</ele></trkpt><trkpt lat="46.59747068951721" lon="9.61543968630284"><ele>1618.9</ele></trkpt><trkpt lat="46.5974976895954" lon="9.615414686383481"><ele>1618.5</ele></trkpt><trkpt lat="46.597516689673796" lon="9.615375686464697"><ele>1618.1</ele></trkpt><trkpt lat="46.597534689752266" lon="9.6153506865454"><ele>1617.7</ele></trkpt><trkpt lat="46.597572689928754" lon="9.615260686728247"><ele>1616.8</ele></trkpt><trkpt lat="46.59766669032074" lon="9.61506868713422"><ele>1614.8</ele></trkpt><trkpt lat="46.597834691085765" lon="9.614735687924359"><ele>1610.9</ele></trkpt><trkpt lat="46.59790069137993" lon="9.6146086882282"><ele>1609.4</ele></trkpt><trkpt lat="46.59800369185076" lon="9.614403688714402"><ele>1607.0</ele></trkpt><trkpt lat="46.59818869253628" lon="9.614110689422969"><ele>1603.5</ele></trkpt><trkpt lat="46.598244692771566" lon="9.614008689666"><ele>1602.3</ele></trkpt><trkpt lat="46.598300693026594" lon="9.613906689928989"><ele>1601.0</ele></trkpt><trkpt lat="46.59831969310501" lon="9.613867690010187"><ele>1600.6</ele></trkpt><trkpt lat="46.59834769324239" lon="9.613803690152142"><ele>1599.9</ele></trkpt><trkpt lat="46.59840569361572" lon="9.613610690538275"><ele>1598.0</ele></trkpt><trkpt lat="46.598433693792614" lon="9.613532690720675"><ele>1597.1</ele></trkpt><trkpt lat="46.59845269389081" lon="9.613494690821785"><ele>1596.6</ele></trkpt><trkpt lat="46.59847169396917" lon="9.613456690902934"><ele>1596.2</ele></trkpt><trkpt lat="46.59855569428255" lon="9.61330269122754"><ele>1594.6</ele></trkpt><trkpt lat="46.59857469438074" lon="9.613251691329124"><ele>1594.1</ele></trkpt><trkpt lat="46.59862069459658" lon="9.613148691552247"><ele>1593.0</ele></trkpt><trkpt lat="46.59864069471443" lon="9.613084691674274"><ele>1592.4</ele></trkpt><trkpt lat="46.59864069471443" lon="9.613084691674274"><ele>1592.4</ele></trkpt><trkpt lat="46.59864069473415" lon="9.613058691695198"><ele>1592.3</ele></trkpt><trkpt lat="46.59865069479309" lon="9.613032691755986"><ele>1592.0</ele></trkpt><trkpt lat="46.59865069479309" lon="9.613032691755986"><ele>1592.0</ele></trkpt><trkpt lat="46.5986416948131" lon="9.613018691776519"><ele>1591.9</ele></trkpt><trkpt lat="46.59863269479358" lon="9.613031691756133"><ele>1592.0</ele></trkpt><trkpt lat="46.598614694813904" lon="9.613030691776242"><ele>1591.9</ele></trkpt><trkpt lat="46.598568695052535" lon="9.613081692014196"><ele>1590.7</ele></trkpt><trkpt lat="46.59855069521128" lon="9.613093692173573"><ele>1589.9</ele></trkpt><trkpt lat="46.59851369542977" lon="9.61310569239295"><ele>1588.8</ele></trkpt><trkpt lat="46.59844169580752" lon="9.613141692771359"><ele>1586.9</ele></trkpt><trkpt lat="46.598404695966785" lon="9.613153692930853"><ele>1586.1</ele></trkpt><trkpt lat="46.598323696384284" lon="9.613188693349288"><ele>1584.0</ele></trkpt><trkpt lat="46.598259696643154" lon="9.61321269360832"><ele>1582.7</ele></trkpt><trkpt lat="46.59815969700197" lon="9.613260693966506"><ele>1580.9</ele></trkpt><trkpt lat="46.59795969762079" lon="9.613370694582562"><ele>1577.8</ele></trkpt><trkpt lat="46.597741698497046" lon="9.613491695457864"><ele>1573.4</ele></trkpt><trkpt lat="46.597687698755564" lon="9.613515695716847"><ele>1572.1</ele></trkpt><trkpt lat="46.59758769915391" lon="9.613564696114945"><ele>1570.1</ele></trkpt><trkpt lat="46.59753269945197" lon="9.613587696413903"><ele>1568.6</ele></trkpt><trkpt lat="46.597442699869724" lon="9.613610696832854"><ele>1566.5</ele></trkpt><trkpt lat="46.59740670002883" lon="9.613608696992857"><ele>1565.7</ele></trkpt><trkpt lat="46.59735270026751" lon="9.613606697232822"><ele>1564.5</ele></trkpt><trkpt lat="46.597334700386675" lon="9.613606697352717"><ele>1563.9</ele></trkpt><trkpt lat="46.597307700525725" lon="9.613591697493172"><ele>1563.2</ele></trkpt><trkpt lat="46.59729070060523" lon="9.613565697574073"><ele>1562.8</ele></trkpt><trkpt lat="46.59724570086336" lon="9.613524697835365"><ele>1561.5</ele></trkpt><trkpt lat="46.59721970096289" lon="9.613510697935846"><ele>1561.0</ele></trkpt><trkpt lat="46.59720170104244" lon="9.613483698016784"><ele>1560.6</ele></trkpt><trkpt lat="46.597184701200895" lon="9.613443698178047"><ele>1559.8</ele></trkpt><trkpt lat="46.59717670135914" lon="9.613403698339248"><ele>1559.0</ele></trkpt><trkpt lat="46.59717670155666" lon="9.613364698540293"><ele>1558.0</ele></trkpt><trkpt lat="46.59720570193116" lon="9.613287698922205"><ele>1556.1</ele></trkpt><trkpt lat="46.59721570210864" lon="9.613235699103694"><ele>1555.2</ele></trkpt><trkpt lat="46.597235702463564" lon="9.613145699466148"><ele>1553.4</ele></trkpt><trkpt lat="46.597245702641054" lon="9.61309369964763"><ele>1552.5</ele></trkpt><trkpt lat="46.59724670279902" lon="9.613041699809203"><ele>1551.7</ele></trkpt><trkpt lat="46.59725570289753" lon="9.613015699909893"><ele>1551.2</ele></trkpt><trkpt lat="46.59726570307498" lon="9.612963700091365"><ele>1550.3</ele></trkpt><trkpt lat="46.59725770319373" lon="9.612937700212127"><ele>1549.7</ele></trkpt><trkpt lat="46.597240703411494" lon="9.612871700434187"><ele>1548.6</ele></trkpt><trkpt lat="46.59724170351019" lon="9.612832700535396"><ele>1548.1</ele></trkpt><trkpt lat="46.59724170358916" lon="9.612819700615708"><ele>1547.7</ele></trkpt><trkpt lat="46.597241703668146" lon="9.612792700696527"><ele>1547.3</ele></trkpt><trkpt lat="46.59727970402268" lon="9.612729701057878"><ele>1545.5</ele></trkpt><trkpt lat="46.59735370453415" lon="9.612614701580563"><ele>1542.9</ele></trkpt><trkpt lat="46.59737270469167" lon="9.612576701741506"><ele>1542.1</ele></trkpt><trkpt lat="46.59742870514442" lon="9.612461702204401"><ele>1539.8</ele></trkpt><trkpt lat="46.59747470551843" lon="9.612384702586143"><ele>1537.9</ele></trkpt><trkpt lat="46.5975117057544" lon="9.612320702827743"><ele>1536.7</ele></trkpt><trkpt lat="46.59753970599069" lon="9.612282703068459"><ele>1535.5</ele></trkpt><trkpt lat="46.59757670626626" lon="9.612245703349014"><ele>1534.1</ele></trkpt><trkpt lat="46.597613706522075" lon="9.6121947036101"><ele>1532.8</ele></trkpt><trkpt lat="46.5976417067386" lon="9.612156703830854"><ele>1531.7</ele></trkpt><trkpt lat="46.59765970691588" lon="9.612117704011784"><ele>1530.8</ele></trkpt><trkpt lat="46.597687707132394" lon="9.61206670423299"><ele>1529.7</ele></trkpt><trkpt lat="46.59771570728963" lon="9.612028704393861"><ele>1528.9</ele></trkpt><trkpt lat="46.597725707506626" lon="9.611976704615211"><ele>1527.8</ele></trkpt><trkpt lat="46.59774470770365" lon="9.61192570481651"><ele>1526.8</ele></trkpt><trkpt lat="46.59776370795989" lon="9.611860705078186"><ele>1525.5</ele></trkpt><trkpt lat="46.59779170821593" lon="9.611809705339303"><ele>1524.2</ele></trkpt><trkpt lat="46.59781070841293" lon="9.611758705540597"><ele>1523.2</ele></trkpt><trkpt lat="46.59783870860967" lon="9.611707705741832"><ele>1522.2</ele></trkpt><trkpt lat="46.59786670880648" lon="9.61166970594261"><ele>1521.2</ele></trkpt><trkpt lat="46.59791270916083" lon="9.61161870630341"><ele>1519.4</ele></trkpt><trkpt lat="46.59793070914054" lon="9.611606706283771"><ele>1519.5</ele></trkpt><trkpt lat="46.59793070918002" lon="9.611593706324149"><ele>1519.3</ele></trkpt><trkpt lat="46.59793170918" lon="9.611580706324599"><ele>1519.3</ele></trkpt><trkpt lat="46.59793170918" lon="9.611580706324599"><ele>1519.3</ele></trkpt><trkpt lat="46.59793170917992" lon="9.611554706325515"><ele>1519.3</ele></trkpt><trkpt lat="46.59793270921936" lon="9.611528706366347"><ele>1519.1</ele></trkpt><trkpt lat="46.597941709258635" lon="9.611515706406669"><ele>1518.9</ele></trkpt><trkpt lat="46.59795070931761" lon="9.61148970646741"><ele>1518.6</ele></trkpt><trkpt lat="46.598014709651686" lon="9.61142770680853"><ele>1516.9</ele></trkpt><trkpt lat="46.59804270984847" lon="9.611389707009293"><ele>1515.9</ele></trkpt><trkpt lat="46.59811671037981" lon="9.611274707551797"><ele>1513.2</ele></trkpt><trkpt lat="46.598172710694406" lon="9.611211707873021"><ele>1511.6</ele></trkpt><trkpt lat="46.59825571126499" lon="9.611084708455788"><ele>1508.7</ele></trkpt><trkpt lat="46.598292711501024" lon="9.611020708697314"><ele>1507.5</ele></trkpt><trkpt lat="46.59832971173699" lon="9.61095670893884"><ele>1506.3</ele></trkpt><trkpt lat="46.59836771209159" lon="9.610866709301007"><ele>1504.5</ele></trkpt><trkpt lat="46.59843371256385" lon="9.61073870978408"><ele>1502.1</ele></trkpt><trkpt lat="46.59852571305519" lon="9.610612710286874"><ele>1499.6</ele></trkpt><trkpt lat="46.59855371323223" lon="9.610561710468104"><ele>1498.7</ele></trkpt><trkpt lat="46.5985817133697" lon="9.610509710609449"><ele>1498.0</ele></trkpt><trkpt lat="46.59860971350719" lon="9.61047171075031"><ele>1497.3</ele></trkpt><trkpt lat="46.59863771368422" lon="9.610420710931537"><ele>1496.4</ele></trkpt><trkpt lat="46.59875671423412" lon="9.610281711494466"><ele>1493.6</ele></trkpt><trkpt lat="46.59878471437159" lon="9.610230711635767"><ele>1492.9</ele></trkpt><trkpt lat="46.598812714509144" lon="9.61019271177662"><ele>1492.2</ele></trkpt><trkpt lat="46.59887771482332" lon="9.610064712099977"><ele>1490.6</ele></trkpt><trkpt lat="46.59894271505856" lon="9.609976712342121"><ele>1489.4</ele></trkpt><trkpt lat="46.59897071521586" lon="9.60993871250292"><ele>1488.6</ele></trkpt><trkpt lat="46.59900771537288" lon="9.609887712664117"><ele>1487.8</ele></trkpt><trkpt lat="46.59909071578548" lon="9.609760713087093"><ele>1485.7</ele></trkpt><trkpt lat="46.59922971661151" lon="9.609569713931004"><ele>1481.5</ele></trkpt><trkpt lat="46.59925671680839" lon="9.609531714131709"><ele>1480.5</ele></trkpt><trkpt lat="46.599284716965684" lon="9.609493714292498"><ele>1479.7</ele></trkpt><trkpt lat="46.59931271712299" lon="9.609455714453283"><ele>1478.9</ele></trkpt><trkpt lat="46.599339717280316" lon="9.609430714613632"><ele>1478.1</ele></trkpt><trkpt lat="46.59937671741764" lon="9.609406714753929"><ele>1477.4</ele></trkpt><trkpt lat="46.599476717810155" lon="9.60933171515503"><ele>1475.4</ele></trkpt><trkpt lat="46.59950471790816" lon="9.609306715255496"><ele>1474.9</ele></trkpt><trkpt lat="46.59953171802599" lon="9.609281715375923"><ele>1474.3</ele></trkpt><trkpt lat="46.59963371849742" lon="9.609155715858567"><ele>1471.9</ele></trkpt><trkpt lat="46.59973471904799" lon="9.609028716421047"><ele>1469.1</ele></trkpt><trkpt lat="46.59978071928382" lon="9.608965716662386"><ele>1467.9</ele></trkpt><trkpt lat="46.599826719578985" lon="9.608901716963615"><ele>1466.4</ele></trkpt><trkpt lat="46.600002720562244" lon="9.608686717967617"><ele>1461.4</ele></trkpt><trkpt lat="46.6000487208179" lon="9.60862371822889"><ele>1460.1</ele></trkpt><trkpt lat="46.60012172121117" lon="9.608535718630526"><ele>1458.1</ele></trkpt><trkpt lat="46.600167721466825" lon="9.608484718891381"><ele>1456.8</ele></trkpt><trkpt lat="46.60034172225267" lon="9.608335719693557"><ele>1452.8</ele></trkpt><trkpt lat="46.600405722527654" lon="9.608285719974226"><ele>1451.4</ele></trkpt><trkpt lat="46.600460722704035" lon="9.608248720154739"><ele>1450.5</ele></trkpt><trkpt lat="46.600578723234555" lon="9.608161720695726"><ele>1447.8</ele></trkpt><trkpt lat="46.6007157238832" lon="9.608075721356286"><ele>1444.5</ele></trkpt><trkpt lat="46.6007527241194" lon="9.60803872159675"><ele>1443.3</ele></trkpt><trkpt lat="46.60078972431602" lon="9.60800072179734"><ele>1442.3</ele></trkpt><trkpt lat="46.60081672453277" lon="9.607975722017505"><ele>1441.2</ele></trkpt><trkpt lat="46.60084472474939" lon="9.607937722238095"><ele>1440.1</ele></trkpt><trkpt lat="46.600880724985636" lon="9.607899722478594"><ele>1438.9</ele></trkpt><trkpt lat="46.60090872524183" lon="9.607848722739515"><ele>1437.6</ele></trkpt><trkpt lat="46.60094572543848" lon="9.60779772294053"><ele>1436.6</ele></trkpt><trkpt lat="46.60108372622543" lon="9.607646723742867"><ele>1432.6</ele></trkpt><trkpt lat="46.60113972663896" lon="9.607570724164063"><ele>1430.5</ele></trkpt><trkpt lat="46.60127772742589" lon="9.607380724967655"><ele>1426.5</ele></trkpt><trkpt lat="46.601351727858706" lon="9.607265725409967"><ele>1424.3</ele></trkpt><trkpt lat="46.60140772813388" lon="9.60717672569191"><ele>1422.9</ele></trkpt><trkpt lat="46.6014267282717" lon="9.60713872583271"><ele>1422.2</ele></trkpt><trkpt lat="46.60145372838957" lon="9.607113725953093"><ele>1421.6</ele></trkpt><trkpt lat="46.601536728762966" lon="9.607038726334169"><ele>1419.7</ele></trkpt><trkpt lat="46.60159972897877" lon="9.607001726554497"><ele>1418.6</ele></trkpt><trkpt lat="46.6016727293129" lon="9.606952726894862"><ele>1416.9</ele></trkpt><trkpt lat="46.60173672956816" lon="9.606902727155516"><ele>1415.6</ele></trkpt><trkpt lat="46.601828729980866" lon="9.606814727576847"><ele>1413.5</ele></trkpt><trkpt lat="46.6018747301971" lon="9.606764727797685"><ele>1412.4</ele></trkpt><trkpt lat="46.60189273027568" lon="9.606752727877783"><ele>1412.0</ele></trkpt><trkpt lat="46.60192073037377" lon="9.606727727978194"><ele>1411.5</ele></trkpt><trkpt lat="46.60200273066814" lon="9.606678728278599"><ele>1410.0</ele></trkpt><trkpt lat="46.602038730805646" lon="9.606666728418448"><ele>1409.3</ele></trkpt><trkpt lat="46.602038730805646" lon="9.606666728418448"><ele>1409.3</ele></trkpt><trkpt lat="46.60208373094285" lon="9.606642728558636"><ele>1408.6</ele></trkpt><trkpt lat="46.602174731256824" lon="9.606606728878512"><ele>1407.0</ele></trkpt><trkpt lat="46.602219731433614" lon="9.606582729058596"><ele>1406.1</ele></trkpt><trkpt lat="46.60225673155122" lon="9.606557729178911"><ele>1405.5</ele></trkpt><trkpt lat="46.602293731708336" lon="9.606520729339513"><ele>1404.7</ele></trkpt><trkpt lat="46.60235773196369" lon="9.606457729600562"><ele>1403.4</ele></trkpt><trkpt lat="46.60239473208125" lon="9.606406729721716"><ele>1402.8</ele></trkpt><trkpt lat="46.602440732257996" lon="9.606356729902632"><ele>1401.9</ele></trkpt><trkpt lat="46.60262473312291" lon="9.606128730786791"><ele>1397.5</ele></trkpt><trkpt lat="46.60271673359493" lon="9.606027731268332"><ele>1395.1</ele></trkpt><trkpt lat="46.602826734165355" lon="9.60590173185032"><ele>1392.2</ele></trkpt><trkpt lat="46.602863734322575" lon="9.605877732010478"><ele>1391.4</ele></trkpt><trkpt lat="46.60293573457779" lon="9.605840732270618"><ele>1390.1</ele></trkpt><trkpt lat="46.60303573493111" lon="9.605805732630282"><ele>1388.3</ele></trkpt><trkpt lat="46.60308973514725" lon="9.605794732849779"><ele>1387.2</ele></trkpt><trkpt lat="46.60314473532385" lon="9.60578373302937"><ele>1386.3</ele></trkpt><trkpt lat="46.60320673553986" lon="9.605786733248374"><ele>1385.2</ele></trkpt><trkpt lat="46.60324273569711" lon="9.60578773340774"><ele>1384.4</ele></trkpt><trkpt lat="46.603305735932956" lon="9.605829733645441"><ele>1383.2</ele></trkpt><trkpt lat="46.603403736266735" lon="9.605859733983088"><ele>1381.5</ele></trkpt><trkpt lat="46.60344873642385" lon="9.605874734141956"><ele>1380.7</ele></trkpt><trkpt lat="46.60349273656121" lon="9.60588973428089"><ele>1380.0</ele></trkpt><trkpt lat="46.603573736816294" lon="9.605892734539697"><ele>1378.7</ele></trkpt><trkpt lat="46.603673737090595" lon="9.605857734819562"><ele>1377.3</ele></trkpt><trkpt lat="46.603673737090595" lon="9.605857734819562"><ele>1377.3</ele></trkpt><trkpt lat="46.60375473734563" lon="9.605847735078786"><ele>1376.0</ele></trkpt><trkpt lat="46.60379073742381" lon="9.60583673515874"><ele>1375.6</ele></trkpt><trkpt lat="46.60379073742381" lon="9.60583673515874"><ele>1375.6</ele></trkpt><trkpt lat="46.60383673742255" lon="9.605811735159289"><ele>1375.6</ele></trkpt><trkpt lat="46.60383673742255" lon="9.605811735159289"><ele>1375.6</ele></trkpt><trkpt lat="46.60387273750075" lon="9.605787735239657"><ele>1375.2</ele></trkpt><trkpt lat="46.6038827375598" lon="9.605761735300277"><ele>1374.9</ele></trkpt><trkpt lat="46.60390173763833" lon="9.60572273538121"><ele>1374.5</ele></trkpt><trkpt lat="46.60389373771748" lon="9.605657735463113"><ele>1374.1</ele></trkpt><trkpt lat="46.60389473783602" lon="9.605592735584866"><ele>1373.5</ele></trkpt><trkpt lat="46.60388773791513" lon="9.605513735667207"><ele>1373.1</ele></trkpt><trkpt lat="46.60387073801427" lon="9.60542173576996"><ele>1372.6</ele></trkpt><trkpt lat="46.60384573811364" lon="9.605342735872341"><ele>1372.1</ele></trkpt><trkpt lat="46.6037947384904" lon="9.605183736256661"><ele>1370.2</ele></trkpt><trkpt lat="46.603777738747766" lon="9.605117736518157"><ele>1368.9</ele></trkpt><trkpt lat="46.6036927396987" lon="9.604839737484856"><ele>1364.1</ele></trkpt><trkpt lat="46.60368473983728" lon="9.604800737625757"><ele>1363.4</ele></trkpt><trkpt lat="46.6036677400551" lon="9.604734737847334"><ele>1362.3</ele></trkpt><trkpt lat="46.603659740233255" lon="9.604694738028158"><ele>1361.4</ele></trkpt><trkpt lat="46.603643740589455" lon="9.604589738390574"><ele>1359.6</ele></trkpt><trkpt lat="46.603626740787554" lon="9.604536738591795"><ele>1358.6</ele></trkpt><trkpt lat="46.603609740946155" lon="9.604510738752268"><ele>1357.8</ele></trkpt><trkpt lat="46.60358374110491" lon="9.60445673891367"><ele>1357.0</ele></trkpt><trkpt lat="46.603548741343005" lon="9.604403739154861"><ele>1355.8</ele></trkpt><trkpt lat="46.603522741521594" lon="9.604362739335796"><ele>1354.9</ele></trkpt><trkpt lat="46.60345174187917" lon="9.604281739697724"><ele>1353.1</ele></trkpt><trkpt lat="46.603380742236844" lon="9.60422674005883"><ele>1351.3</ele></trkpt><trkpt lat="46.60330974259452" lon="9.604171740419932"><ele>1349.5</ele></trkpt><trkpt lat="46.60313174333055" lon="9.604099741161077"><ele>1345.8</ele></trkpt><trkpt lat="46.60310474346961" lon="9.604085741301263"><ele>1345.1</ele></trkpt><trkpt lat="46.60306874370777" lon="9.604057741541663"><ele>1343.9</ele></trkpt><trkpt lat="46.602962744224435" lon="9.603974742063352"><ele>1341.3</ele></trkpt><trkpt lat="46.60292674438359" lon="9.603960742223531"><ele>1340.5</ele></trkpt><trkpt lat="46.602829744880246" lon="9.603891742724782"><ele>1338.0</ele></trkpt><trkpt lat="46.6027497453369" lon="9.603822743186043"><ele>1335.7</ele></trkpt><trkpt lat="46.6027137455355" lon="9.603795743386513"><ele>1334.7</ele></trkpt><trkpt lat="46.602652745892826" lon="9.603727743747916"><ele>1332.9</ele></trkpt><trkpt lat="46.60259074615135" lon="9.6036727440092"><ele>1331.6</ele></trkpt><trkpt lat="46.60253774637003" lon="9.603605744230912"><ele>1330.5</ele></trkpt><trkpt lat="46.60252074648904" lon="9.603565744351895"><ele>1329.9</ele></trkpt><trkpt lat="46.60250274656854" lon="9.603538744432587"><ele>1329.5</ele></trkpt><trkpt lat="46.60241474692655" lon="9.60346974479414"><ele>1327.7</ele></trkpt><trkpt lat="46.60238774704576" lon="9.603429744915164"><ele>1327.1</ele></trkpt><trkpt lat="46.60238774704576" lon="9.603429744915164"><ele>1327.1</ele></trkpt><trkpt lat="46.60233374720528" lon="9.603427745075052"><ele>1326.3</ele></trkpt><trkpt lat="46.60230774732453" lon="9.603413745195274"><ele>1325.7</ele></trkpt><trkpt lat="46.601967748657586" lon="9.603308746536406"><ele>1319.0</ele></trkpt><trkpt lat="46.60194974875691" lon="9.603307746636244"><ele>1318.5</ele></trkpt><trkpt lat="46.60186074917419" lon="9.60322574705799"><ele>1316.4</ele></trkpt><trkpt lat="46.601780749531954" lon="9.603170747419036"><ele>1314.6</ele></trkpt><trkpt lat="46.60174574969091" lon="9.603142747579602"><ele>1313.8</ele></trkpt><trkpt lat="46.60171074986973" lon="9.603102747760476"><ele>1312.9</ele></trkpt><trkpt lat="46.601568750565015" lon="9.602979748462898"><ele>1309.4</ele></trkpt><trkpt lat="46.60142775128002" lon="9.602842749185651"><ele>1305.8</ele></trkpt><trkpt lat="46.60140975139908" lon="9.602829749305785"><ele>1305.2</ele></trkpt><trkpt lat="46.601373751577874" lon="9.602801749486286"><ele>1304.3</ele></trkpt><trkpt lat="46.601329751776674" lon="9.602799749685984"><ele>1303.3</ele></trkpt><trkpt lat="46.6013117518957" lon="9.602798749805752"><ele>1302.7</ele></trkpt><trkpt lat="46.60114975265098" lon="9.602792750564525"><ele>1298.9</ele></trkpt><trkpt lat="46.601068753008924" lon="9.602789750923977"><ele>1297.1</ele></trkpt><trkpt lat="46.60100575332679" lon="9.602786751243439"><ele>1295.5</ele></trkpt><trkpt lat="46.60084475398304" lon="9.602728751904042"><ele>1292.2</ele></trkpt><trkpt lat="46.600790754201796" lon="9.602712752124145"><ele>1291.1</ele></trkpt><trkpt lat="46.60069275454023" lon="9.602695752464143"><ele>1289.4</ele></trkpt><trkpt lat="46.60065675465966" lon="9.602694752584"><ele>1288.8</ele></trkpt><trkpt lat="46.600413755436634" lon="9.602697753362824"><ele>1284.9</ele></trkpt><trkpt lat="46.600413755436634" lon="9.602697753362824"><ele>1284.9</ele></trkpt><trkpt lat="46.60040575553556" lon="9.602645753464117"><ele>1284.4</ele></trkpt><trkpt lat="46.60039675561482" lon="9.60261875354472"><ele>1284.0</ele></trkpt><trkpt lat="46.60039675561482" lon="9.60261875354472"><ele>1284.0</ele></trkpt><trkpt lat="46.6003887556545" lon="9.602592753585416"><ele>1283.8</ele></trkpt><trkpt lat="46.600353755872696" lon="9.60252575380692"><ele>1282.7</ele></trkpt><trkpt lat="46.60031875603163" lon="9.602485753967805"><ele>1281.9</ele></trkpt><trkpt lat="46.60027475621054" lon="9.602431754149082"><ele>1281.0</ele></trkpt><trkpt lat="46.600239756389215" lon="9.602377754330314"><ele>1280.1</ele></trkpt><trkpt lat="46.6001857565881" lon="9.602336754531194"><ele>1279.1</ele></trkpt><trkpt lat="46.600124756846455" lon="9.602281754792338"><ele>1277.8</ele></trkpt><trkpt lat="46.60007975700571" lon="9.602266754952526"><ele>1277.0</ele></trkpt><trkpt lat="46.600034757145146" lon="9.602264755092387"><ele>1276.3</ele></trkpt><trkpt lat="46.599989757324174" lon="9.602262755272129"><ele>1275.4</ele></trkpt><trkpt lat="46.599944757463646" lon="9.602274755411578"><ele>1274.7</ele></trkpt><trkpt lat="46.59990775760294" lon="9.60228575555102"><ele>1274.0</ele></trkpt><trkpt lat="46.59982675786194" lon="9.602321755809582"><ele>1272.7</ele></trkpt><trkpt lat="46.59979975792186" lon="9.602320755869563"><ele>1272.4</ele></trkpt><trkpt lat="46.59979975792186" lon="9.602320755869563"><ele>1272.4</ele></trkpt><trkpt lat="46.599790757961685" lon="9.60232075590949"><ele>1272.2</ele></trkpt><trkpt lat="46.59977275802137" lon="9.602306755969808"><ele>1271.9</ele></trkpt><trkpt lat="46.59974575810105" lon="9.602292756050113"><ele>1271.5</ele></trkpt><trkpt lat="46.59972875818048" lon="9.602265756130752"><ele>1271.1</ele></trkpt><trkpt lat="46.59970175827989" lon="9.602251756230986"><ele>1270.6</ele></trkpt><trkpt lat="46.59969375833945" lon="9.602225756291613"><ele>1270.3</ele></trkpt><trkpt lat="46.59967575841879" lon="9.602185756372627"><ele>1269.9</ele></trkpt><trkpt lat="46.599658758518025" lon="9.602145756473584"><ele>1269.4</ele></trkpt><trkpt lat="46.59964175865668" lon="9.602079756615177"><ele>1268.7</ele></trkpt><trkpt lat="46.59960775887478" lon="9.601986756837396"><ele>1267.6</ele></trkpt><trkpt lat="46.59960775887478" lon="9.601986756837396"><ele>1267.6</ele></trkpt><trkpt lat="46.599574759171894" lon="9.601854757140508"><ele>1266.1</ele></trkpt><trkpt lat="46.59953175942973" lon="9.601735757403393"><ele>1264.8</ele></trkpt><trkpt lat="46.59947975966788" lon="9.601615757646409"><ele>1263.6</ele></trkpt><trkpt lat="46.59947975966788" lon="9.601615757646409"><ele>1263.6</ele></trkpt><trkpt lat="46.599436759886224" lon="9.601522757868645"><ele>1262.5</ele></trkpt><trkpt lat="46.59910876143462" lon="9.600791759446569"><ele>1254.7</ele></trkpt><trkpt lat="46.59910876143462" lon="9.600791759446569"><ele>1254.7</ele></trkpt><trkpt lat="46.59908276145488" lon="9.600751759467785"><ele>1254.6</ele></trkpt><trkpt lat="46.59901176173313" lon="9.600670759749576"><ele>1253.2</ele></trkpt><trkpt lat="46.59889776221" lon="9.600522760232865"><ele>1250.8</ele></trkpt><trkpt lat="46.598827762508066" lon="9.6004407605346"><ele>1249.3</ele></trkpt><trkpt lat="46.598774762687064" lon="9.600373760716202"><ele>1248.4</ele></trkpt><trkpt lat="46.5986857630448" lon="9.600291761077825"><ele>1246.6</ele></trkpt><trkpt lat="46.5986857630448" lon="9.600291761077825"><ele>1246.6</ele></trkpt><trkpt lat="46.59863376324358" lon="9.600237761278972"><ele>1245.6</ele></trkpt><trkpt lat="46.59863376324358" lon="9.600237761278972"><ele>1245.6</ele></trkpt><trkpt lat="46.59847376378087" lon="9.600126761821171"><ele>1242.9</ele></trkpt><trkpt lat="46.59841976397969" lon="9.60008576202195"><ele>1241.9</ele></trkpt><trkpt lat="46.59826076453664" lon="9.599961762584423"><ele>1239.1</ele></trkpt><trkpt lat="46.59826076453664" lon="9.599961762584423"><ele>1239.1</ele></trkpt><trkpt lat="46.598215764676034" lon="9.599933762724978"><ele>1238.4</ele></trkpt><trkpt lat="46.59818076485465" lon="9.599892762905723"><ele>1237.5</ele></trkpt><trkpt lat="46.598145764993795" lon="9.599852763046568"><ele>1236.8</ele></trkpt><trkpt lat="46.59812876509297" lon="9.599812763147458"><ele>1236.3</ele></trkpt><trkpt lat="46.598101765192354" lon="9.599785763248024"><ele>1235.8</ele></trkpt><trkpt lat="46.59808476529152" lon="9.599745763348912"><ele>1235.3</ele></trkpt><trkpt lat="46.59801576572766" lon="9.599559763793067"><ele>1233.1</ele></trkpt><trkpt lat="46.59796476606464" lon="9.59942776413592"><ele>1231.4</ele></trkpt><trkpt lat="46.59793876622324" lon="9.599360764297401"><ele>1230.6</ele></trkpt><trkpt lat="46.59787876652098" lon="9.599241764600047"><ele>1229.1</ele></trkpt><trkpt lat="46.597843766660006" lon="9.59917476474164"><ele>1228.4</ele></trkpt><trkpt lat="46.597843766660006" lon="9.59917476474164"><ele>1228.4</ele></trkpt><trkpt lat="46.59765176755333" lon="9.59885376564855"><ele>1223.9</ele></trkpt><trkpt lat="46.597633767593265" lon="9.598839765688895"><ele>1223.7</ele></trkpt><trkpt lat="46.597633767593265" lon="9.598839765688895"><ele>1223.7</ele></trkpt><trkpt lat="46.597616767692436" lon="9.598812765789392"><ele>1223.2</ele></trkpt><trkpt lat="46.59756376787144" lon="9.59874576597091"><ele>1222.3</ele></trkpt><trkpt lat="46.59751076807023" lon="9.598691766171992"><ele>1221.3</ele></trkpt><trkpt lat="46.59749276814968" lon="9.598677766252198"><ele>1220.9</ele></trkpt><trkpt lat="46.59744876830875" lon="9.598649766412638"><ele>1220.1</ele></trkpt><trkpt lat="46.597359768587424" lon="9.598593766693664"><ele>1218.7</ele></trkpt><trkpt lat="46.597261768885964" lon="9.598511766995387"><ele>1217.2</ele></trkpt><trkpt lat="46.597261768885964" lon="9.598511766995387"><ele>1217.2</ele></trkpt><trkpt lat="46.59725376892565" lon="9.598498767035656"><ele>1217.0</ele></trkpt><trkpt lat="46.59720076914415" lon="9.59843076725704"><ele>1215.9</ele></trkpt><trkpt lat="46.59707776958155" lon="9.598282767700224"><ele>1213.7</ele></trkpt><trkpt lat="46.59705976966096" lon="9.598268767780418"><ele>1213.3</ele></trkpt><trkpt lat="46.59704276976015" lon="9.598241767880898"><ele>1212.8</ele></trkpt><trkpt lat="46.59704276976015" lon="9.598241767880898"><ele>1212.8</ele></trkpt><trkpt lat="46.597033769799886" lon="9.598241767920804"><ele>1212.6</ele></trkpt><trkpt lat="46.5969877698998" lon="9.598252768020362"><ele>1212.1</ele></trkpt><trkpt lat="46.596915770099116" lon="9.598288768218994"><ele>1211.1</ele></trkpt><trkpt lat="46.59677877045813" lon="9.598361768576343"><ele>1209.3</ele></trkpt><trkpt lat="46.596760770517825" lon="9.598373768635883"><ele>1209.0</ele></trkpt><trkpt lat="46.59673377055801" lon="9.598398768675178"><ele>1208.8</ele></trkpt><trkpt lat="46.596687770618416" lon="9.598449768733762"><ele>1208.5</ele></trkpt><trkpt lat="46.596668770618884" lon="9.598461768733515"><ele>1208.5</ele></trkpt><trkpt lat="46.596668770618884" lon="9.598461768733515"><ele>1208.5</ele></trkpt><trkpt lat="46.59666077063875" lon="9.598448768753848"><ele>1208.4</ele></trkpt><trkpt lat="46.59658177125315" lon="9.598353769374684"><ele>1205.3</ele></trkpt><trkpt lat="46.59658177125315" lon="9.598353769374684"><ele>1205.3</ele></trkpt><trkpt lat="46.59653677143198" lon="9.5983127695554"><ele>1204.4</ele></trkpt><trkpt lat="46.59650177145244" lon="9.598272769576608"><ele>1204.3</ele></trkpt><trkpt lat="46.59650177145244" lon="9.598272769576608"><ele>1204.3</ele></trkpt><trkpt lat="46.59645777145334" lon="9.598244769577589"><ele>1204.3</ele></trkpt><trkpt lat="46.59637777194913" lon="9.598149770078829"><ele>1201.8</ele></trkpt><trkpt lat="46.59635177208798" lon="9.598109770219565"><ele>1201.1</ele></trkpt><trkpt lat="46.59635177208798" lon="9.598109770219565"><ele>1201.1</ele></trkpt><trkpt lat="46.59633377212794" lon="9.598108770259534"><ele>1200.9</ele></trkpt><trkpt lat="46.59631577218764" lon="9.598108770319406"><ele>1200.6</ele></trkpt><trkpt lat="46.59631577218764" lon="9.598108770319406"><ele>1200.6</ele></trkpt><trkpt lat="46.59629777226706" lon="9.598107770399235"><ele>1200.2</ele></trkpt><trkpt lat="46.596198772585524" lon="9.598103770718671"><ele>1198.6</ele></trkpt><trkpt lat="46.596136772824" lon="9.598087770958553"><ele>1197.4</ele></trkpt><trkpt lat="46.59611877292329" lon="9.59808777105829"><ele>1196.9</ele></trkpt><trkpt lat="46.59611877292329" lon="9.59808777105829"><ele>1196.9</ele></trkpt><trkpt lat="46.59608277306239" lon="9.598072771198366"><ele>1196.2</ele></trkpt><trkpt lat="46.59605577320138" lon="9.598058771338383"><ele>1195.5</ele></trkpt><trkpt lat="46.596038773300485" lon="9.598031771438848"><ele>1195.0</ele></trkpt><trkpt lat="46.596011773419654" lon="9.598004771559296"><ele>1194.4</ele></trkpt><trkpt lat="46.595985773538764" lon="9.597977771679723"><ele>1193.8</ele></trkpt><trkpt lat="46.59595977371719" lon="9.597937771860304"><ele>1192.9</ele></trkpt><trkpt lat="46.59593277383621" lon="9.597896771981127"><ele>1192.3</ele></trkpt><trkpt lat="46.5959157739552" lon="9.597870772101492"><ele>1191.7</ele></trkpt><trkpt lat="46.595872774291934" lon="9.597750772443758"><ele>1190.0</ele></trkpt><trkpt lat="46.59585577443062" lon="9.597711772584402"><ele>1189.3</ele></trkpt><trkpt lat="46.59583877456925" lon="9.59765877272543"><ele>1188.6</ele></trkpt><trkpt lat="46.595813774925375" lon="9.597539773087497"><ele>1186.8</ele></trkpt><trkpt lat="46.59576277542035" lon="9.59736877359059"><ele>1184.3</ele></trkpt><trkpt lat="46.59575477549949" lon="9.597341773671067"><ele>1183.9</ele></trkpt><trkpt lat="46.595736775559224" lon="9.597327773731315"><ele>1183.6</ele></trkpt><trkpt lat="46.59570977557954" lon="9.59731377375175"><ele>1183.5</ele></trkpt><trkpt lat="46.59570977557954" lon="9.59731377375175"><ele>1183.5</ele></trkpt><trkpt lat="46.595739775756556" lon="9.597184773934462"><ele>1182.6</ele></trkpt><trkpt lat="46.595739775756556" lon="9.597184773934462"><ele>1182.6</ele></trkpt><trkpt lat="46.595758775894325" lon="9.597106774075982"><ele>1181.9</ele></trkpt><trkpt lat="46.595778775992635" lon="9.597042774177265"><ele>1181.4</ele></trkpt><trkpt lat="46.59579677609101" lon="9.596990774278227"><ele>1180.9</ele></trkpt><trkpt lat="46.59583477620864" lon="9.596913774399702"><ele>1180.3</ele></trkpt><trkpt lat="46.59591977658201" lon="9.596695774783818"><ele>1178.4</ele></trkpt><trkpt lat="46.595948776699835" lon="9.596618774905325"><ele>1177.8</ele></trkpt><trkpt lat="46.59600477691577" lon="9.596463775128443"><ele>1176.7</ele></trkpt><trkpt lat="46.59600477691577" lon="9.596463775128443"><ele>1176.7</ele></trkpt><trkpt lat="46.59607377734865" lon="9.596153775574862"><ele>1174.5</ele></trkpt><trkpt lat="46.59607377734865" lon="9.596153775574862"><ele>1174.5</ele></trkpt><trkpt lat="46.596094777486336" lon="9.596023775717748"><ele>1173.8</ele></trkpt><trkpt lat="46.596104777565024" lon="9.59595877579915"><ele>1173.4</ele></trkpt><trkpt lat="46.59610577764401" lon="9.59590677588025"><ele>1173.0</ele></trkpt><trkpt lat="46.59610677772294" lon="9.595841775961688"><ele>1172.6</ele></trkpt><trkpt lat="46.596099777762525" lon="9.595775776003357"><ele>1172.4</ele></trkpt><trkpt lat="46.59608277782208" lon="9.595709776064984"><ele>1172.1</ele></trkpt><trkpt lat="46.596065777861824" lon="9.595643776106689"><ele>1171.9</ele></trkpt><trkpt lat="46.59604877786216" lon="9.595590776108192"><ele>1171.9</ele></trkpt><trkpt lat="46.59603177788212" lon="9.595524776129974"><ele>1171.8</ele></trkpt><trkpt lat="46.59598077790281" lon="9.59540577615334"><ele>1171.7</ele></trkpt><trkpt lat="46.59594577790344" lon="9.595338776155304"><ele>1171.7</ele></trkpt><trkpt lat="46.59594577790344" lon="9.595338776155304"><ele>1171.7</ele></trkpt><trkpt lat="46.595919777884156" lon="9.59529877613658"><ele>1171.8</ele></trkpt><trkpt lat="46.595919777884156" lon="9.59529877613658"><ele>1171.8</ele></trkpt><trkpt lat="46.595901777943816" lon="9.59527177619716"><ele>1171.5</ele></trkpt><trkpt lat="46.595901777943816" lon="9.59527177619716"><ele>1171.5</ele></trkpt><trkpt lat="46.59586777774671" lon="9.595192776000223"><ele>1172.5</ele></trkpt><trkpt lat="46.5958067777676" lon="9.595085776023312"><ele>1172.4</ele></trkpt><trkpt lat="46.5957717779659" lon="9.595018776224498"><ele>1171.4</ele></trkpt><trkpt lat="46.5957717779659" lon="9.595018776224498"><ele>1171.4</ele></trkpt><trkpt lat="46.59573677788751" lon="9.594964776146426"><ele>1171.8</ele></trkpt><trkpt lat="46.59573677788751" lon="9.594964776146426"><ele>1171.8</ele></trkpt><trkpt lat="46.59571977788783" lon="9.594925776147557"><ele>1171.8</ele></trkpt><trkpt lat="46.595702777888086" lon="9.594872776149066"><ele>1171.8</ele></trkpt><trkpt lat="46.59566877786883" lon="9.594753776132507"><ele>1171.9</ele></trkpt><trkpt lat="46.59566877786883" lon="9.594753776132507"><ele>1171.9</ele></trkpt><trkpt lat="46.59564277784952" lon="9.594687776114483"><ele>1172.0</ele></trkpt><trkpt lat="46.59559977779095" lon="9.594580776057807"><ele>1172.3</ele></trkpt><trkpt lat="46.59559977779095" lon="9.594580776057807"><ele>1172.3</ele></trkpt><trkpt lat="46.595573777771676" lon="9.594527776039433"><ele>1172.4</ele></trkpt><trkpt lat="46.59552177771328" lon="9.594434775982423"><ele>1172.7</ele></trkpt><trkpt lat="46.59548677769421" lon="9.59438077596412"><ele>1172.8</ele></trkpt><trkpt lat="46.59546077767494" lon="9.594353775945049"><ele>1172.9</ele></trkpt><trkpt lat="46.59542477763613" lon="9.594312775906479"><ele>1173.1</ele></trkpt><trkpt lat="46.59536277759784" lon="9.594258775868383"><ele>1173.3</ele></trkpt><trkpt lat="46.595327777559014" lon="9.594243775829112"><ele>1173.5</ele></trkpt><trkpt lat="46.5950687773074" lon="9.594102775575163"><ele>1174.8</ele></trkpt><trkpt lat="46.59501577724919" lon="9.594074775516399"><ele>1175.1</ele></trkpt><trkpt lat="46.59495377719111" lon="9.594019775458417"><ele>1175.4</ele></trkpt><trkpt lat="46.59489177711331" lon="9.593978775380133"><ele>1175.8</ele></trkpt><trkpt lat="46.59486477707435" lon="9.593951775341154"><ele>1176.0</ele></trkpt><trkpt lat="46.594846777035166" lon="9.593937775301777"><ele>1176.2</ele></trkpt><trkpt lat="46.59483877699575" lon="9.593910775262708"><ele>1176.4</ele></trkpt><trkpt lat="46.59482177691693" lon="9.593857775184544"><ele>1176.8</ele></trkpt><trkpt lat="46.5948047768777" lon="9.5938057751462"><ele>1177.0</ele></trkpt></trkseg></trk></gpx>