<?xml version="1.0" encoding="utf-8"?><gpx version="1.1" creator="MySchweizMobil - https://map.schweizmobil.ch/" xmlns:xsi="http://www.w3.org/2001/XMLSchema-instance" xmlns="http://www.topografix.com/GPX/1/1" xsi:schemaLocation="http://www.topografix.com/GPX/1/1 http://www.topografix.com/GPX/1/1/gpx.xsd"><metadata><name>6 Alpine Passes Trail - Stage 6</name><bounds minlat="46.554077716191976" minlon="9.26311854849529" maxlat="46.62487867282106" maxlon="9.322623724415784" /></metadata><trk><name>6 Alpine Passes Trail - Stage 6</name><trkseg><trkpt lat="46.55433071758722" lon="9.322623724415784"><ele>1479.5</ele></trkpt><trkpt lat="46.55436771744795" lon="9.322572724282528"><ele>1480.2</ele></trkpt><trkpt lat="46.55437671740819" lon="9.322533724245305"><ele>1480.4</ele></trkpt><trkpt lat="46.55437771738833" lon="9.32250772422693"><ele>1480.5</ele></trkpt><trkpt lat="46.554368717349085" lon="9.322493724188949"><ele>1480.7</ele></trkpt><trkpt lat="46.55435171729023" lon="9.322441724133059"><ele>1481.0</ele></trkpt><trkpt lat="46.55435171729023" lon="9.322441724133059"><ele>1481.0</ele></trkpt><trkpt lat="46.554299717113764" lon="9.322308723964602"><ele>1481.9</ele></trkpt><trkpt lat="46.554299717113764" lon="9.322308723964602"><ele>1481.9</ele></trkpt><trkpt lat="46.55429071717317" lon="9.32228272402331"><ele>1481.6</ele></trkpt><trkpt lat="46.55427371715385" lon="9.322255724005071"><ele>1481.7</ele></trkpt><trkpt lat="46.55423771709559" lon="9.322241723947982"><ele>1482.0</ele></trkpt><trkpt lat="46.55419271701785" lon="9.322239723871274"><ele>1482.4</ele></trkpt><trkpt lat="46.55415671697935" lon="9.322238723833"><ele>1482.6</ele></trkpt><trkpt lat="46.554111716941115" lon="9.322237723794766"><ele>1482.8</ele></trkpt><trkpt lat="46.554111716941115" lon="9.322237723794766"><ele>1482.8</ele></trkpt><trkpt lat="46.55411271694103" lon="9.322211723795656"><ele>1482.8</ele></trkpt><trkpt lat="46.554112716487076" lon="9.322171723354145"><ele>1485.1</ele></trkpt><trkpt lat="46.55409471648756" lon="9.322171723354245"><ele>1485.1</ele></trkpt><trkpt lat="46.55408571623129" lon="9.322171723103967"><ele>1486.4</ele></trkpt><trkpt lat="46.554077716191976" lon="9.32214472306643"><ele>1486.6</ele></trkpt><trkpt lat="46.554194715695296" lon="9.32209672258604"><ele>1489.1</ele></trkpt><trkpt lat="46.55421271561589" lon="9.322097722508888"><ele>1489.5</ele></trkpt><trkpt lat="46.55421271561589" lon="9.322097722508888"><ele>1489.5</ele></trkpt><trkpt lat="46.55424971555563" lon="9.322085722451327"><ele>1489.8</ele></trkpt><trkpt lat="46.55433071529686" lon="9.322062722201347"><ele>1491.1</ele></trkpt><trkpt lat="46.55436671515767" lon="9.322050722066772"><ele>1491.8</ele></trkpt><trkpt lat="46.55436671515767" lon="9.322050722066772"><ele>1491.8</ele></trkpt><trkpt lat="46.55440371511714" lon="9.322025722028917"><ele>1492.0</ele></trkpt><trkpt lat="46.554466714760075" lon="9.321975721683696"><ele>1493.8</ele></trkpt><trkpt lat="46.554576714066116" lon="9.321862721013064"><ele>1497.3</ele></trkpt><trkpt lat="46.55467771335262" lon="9.321748720323274"><ele>1500.9</ele></trkpt><trkpt lat="46.55474271236373" lon="9.321619719364664"><ele>1505.9</ele></trkpt><trkpt lat="46.554797711967424" lon="9.321569718981012"><ele>1507.9</ele></trkpt><trkpt lat="46.55479771186873" lon="9.321543718885643"><ele>1508.4</ele></trkpt><trkpt lat="46.5547987115923" lon="9.32150471861744"><ele>1509.8</ele></trkpt><trkpt lat="46.55478171133612" lon="9.321464718368633"><ele>1511.1</ele></trkpt><trkpt lat="46.55478171125715" lon="9.321438718292521"><ele>1511.5</ele></trkpt><trkpt lat="46.5547817111387" lon="9.321425718177457"><ele>1512.1</ele></trkpt><trkpt lat="46.554791711059444" lon="9.321399718101295"><ele>1512.5</ele></trkpt><trkpt lat="46.5548097109602" lon="9.321387718005342"><ele>1513.0</ele></trkpt><trkpt lat="46.5548277108808" lon="9.321401717927731"><ele>1513.4</ele></trkpt><trkpt lat="46.55483671080166" lon="9.321414717850207"><ele>1513.8</ele></trkpt><trkpt lat="46.55489971038539" lon="9.321390717446361"><ele>1515.9</ele></trkpt><trkpt lat="46.554927709910835" lon="9.321339716985898"><ele>1518.3</ele></trkpt><trkpt lat="46.55493670969344" lon="9.321300716775427"><ele>1519.4</ele></trkpt><trkpt lat="46.5549387092393" lon="9.321235716334868"><ele>1521.7</ele></trkpt><trkpt lat="46.55489370902351" lon="9.321233716123407"><ele>1522.8</ele></trkpt><trkpt lat="46.55487670866859" lon="9.321168715779235"><ele>1524.6</ele></trkpt><trkpt lat="46.5548587085309" lon="9.321141715645513"><ele>1525.3</ele></trkpt><trkpt lat="46.55486770841218" lon="9.321128715530401"><ele>1525.9</ele></trkpt><trkpt lat="46.5548867081945" lon="9.321103715319394"><ele>1527.0</ele></trkpt><trkpt lat="46.55490470787815" lon="9.321064715012618"><ele>1528.6</ele></trkpt><trkpt lat="46.554941707462575" lon="9.32102671460944"><ele>1530.7</ele></trkpt><trkpt lat="46.5549597072252" lon="9.321001714379184"><ele>1531.9</ele></trkpt><trkpt lat="46.55497870694826" lon="9.32096271411092"><ele>1533.3</ele></trkpt><trkpt lat="46.555041706433336" lon="9.320939713610803"><ele>1535.9</ele></trkpt><trkpt lat="46.555051706294826" lon="9.320913713476898"><ele>1536.6</ele></trkpt><trkpt lat="46.55506070605767" lon="9.32088771324674"><ele>1537.8</ele></trkpt><trkpt lat="46.55506170576151" lon="9.3208357129598"><ele>1539.3</ele></trkpt><trkpt lat="46.55506270542586" lon="9.32079671263389"><ele>1541.0</ele></trkpt><trkpt lat="46.555081704694985" lon="9.320718711924233"><ele>1544.7</ele></trkpt><trkpt lat="46.55509370356927" lon="9.320549710832847"><ele>1550.4</ele></trkpt><trkpt lat="46.555094703253346" lon="9.320497710526682"><ele>1552.0</ele></trkpt><trkpt lat="46.555077702326095" lon="9.32040570962527"><ele>1556.7</ele></trkpt><trkpt lat="46.55506070236592" lon="9.320352709665782"><ele>1556.5</ele></trkpt><trkpt lat="46.55506170197102" lon="9.320287709283097"><ele>1558.5</ele></trkpt><trkpt lat="46.55504470163593" lon="9.320247708957373"><ele>1560.2</ele></trkpt><trkpt lat="46.555053701418565" lon="9.320222708746465"><ele>1561.3</ele></trkpt><trkpt lat="46.55504570116209" lon="9.320182708497693"><ele>1562.6</ele></trkpt><trkpt lat="46.555046700925146" lon="9.320143708268093"><ele>1563.8</ele></trkpt><trkpt lat="46.55506570082575" lon="9.320065708174557"><ele>1564.3</ele></trkpt><trkpt lat="46.55506570082575" lon="9.320065708174557"><ele>1564.3</ele></trkpt><trkpt lat="46.55499570112355" lon="9.319959708467563"><ele>1562.8</ele></trkpt><trkpt lat="46.55499570112355" lon="9.319959708467563"><ele>1562.8</ele></trkpt><trkpt lat="46.55502370114236" lon="9.319907708488534"><ele>1562.7</ele></trkpt><trkpt lat="46.55503270106309" lon="9.319882708412386"><ele>1563.1</ele></trkpt><trkpt lat="46.555032700845956" lon="9.319856708201579"><ele>1564.2</ele></trkpt><trkpt lat="46.555041700628585" lon="9.319856707989775"><ele>1565.3</ele></trkpt><trkpt lat="46.55502470037244" lon="9.31981670774107"><ele>1566.6</ele></trkpt><trkpt lat="46.555016700116006" lon="9.319777707492285"><ele>1567.9</ele></trkpt><trkpt lat="46.55501769972119" lon="9.319725707109177"><ele>1569.9</ele></trkpt><trkpt lat="46.55506169944363" lon="9.319752706838436"><ele>1571.3</ele></trkpt><trkpt lat="46.555062699127774" lon="9.319700706532332"><ele>1572.9</ele></trkpt><trkpt lat="46.55506369887109" lon="9.319661706283501"><ele>1574.2</ele></trkpt><trkpt lat="46.55504569871361" lon="9.319634706130595"><ele>1575.0</ele></trkpt><trkpt lat="46.555090698613675" lon="9.319649706033534"><ele>1575.5</ele></trkpt><trkpt lat="46.55506469818008" lon="9.319583705612612"><ele>1577.7</ele></trkpt><trkpt lat="46.55503869792421" lon="9.319543705363984"><ele>1579.0</ele></trkpt><trkpt lat="46.555074697646866" lon="9.319544705094245"><ele>1580.4</ele></trkpt><trkpt lat="46.55502969760857" lon="9.319490705057989"><ele>1580.6</ele></trkpt><trkpt lat="46.5550126973524" lon="9.31945170480928"><ele>1581.9</ele></trkpt><trkpt lat="46.55498669695832" lon="9.319384704426914"><ele>1583.9</ele></trkpt><trkpt lat="46.55504969679867" lon="9.319413704271488"><ele>1584.7</ele></trkpt><trkpt lat="46.55510269659979" lon="9.319428704078133"><ele>1585.7</ele></trkpt><trkpt lat="46.55514769655907" lon="9.319429704039335"><ele>1585.9</ele></trkpt><trkpt lat="46.55518369638035" lon="9.319443703865366"><ele>1586.8</ele></trkpt><trkpt lat="46.55521869616237" lon="9.319484703651906"><ele>1587.9</ele></trkpt><trkpt lat="46.55521969600429" lon="9.319445703499348"><ele>1588.7</ele></trkpt><trkpt lat="46.555254695687694" lon="9.319511703188718"><ele>1590.3</ele></trkpt><trkpt lat="46.55526469537148" lon="9.31945970288259"><ele>1591.9</ele></trkpt><trkpt lat="46.55529069511436" lon="9.319538702629277"><ele>1593.2</ele></trkpt><trkpt lat="46.55530769495611" lon="9.319578702473702"><ele>1594.0</ele></trkpt><trkpt lat="46.55536969485573" lon="9.319633702375054"><ele>1594.5</ele></trkpt><trkpt lat="46.55540469467717" lon="9.319673702200124"><ele>1595.4</ele></trkpt><trkpt lat="46.55544069443933" lon="9.31968770196839"><ele>1596.6</ele></trkpt><trkpt lat="46.55545869430059" lon="9.319675701833981"><ele>1597.3</ele></trkpt><trkpt lat="46.55546869410288" lon="9.319649701642389"><ele>1598.3</ele></trkpt><trkpt lat="46.55545969388596" lon="9.319610701432147"><ele>1599.4</ele></trkpt><trkpt lat="46.555434693452305" lon="9.319530701011775"><ele>1601.6</ele></trkpt><trkpt lat="46.555426693176095" lon="9.31947870074427"><ele>1603.0</ele></trkpt><trkpt lat="46.55542669284049" lon="9.319426700418967"><ele>1604.7</ele></trkpt><trkpt lat="46.55544669216867" lon="9.319335699767777"><ele>1608.1</ele></trkpt><trkpt lat="46.55545569195127" lon="9.319309699556953"><ele>1609.2</ele></trkpt><trkpt lat="46.55550169157476" lon="9.319272699192338"><ele>1611.1</ele></trkpt><trkpt lat="46.55551069141655" lon="9.319246699039265"><ele>1611.9</ele></trkpt><trkpt lat="46.555528691258125" lon="9.319247698885132"><ele>1612.7</ele></trkpt><trkpt lat="46.55557369105943" lon="9.319261698691852"><ele>1613.7</ele></trkpt><trkpt lat="46.55560069097974" lon="9.319262698614654"><ele>1614.1</ele></trkpt><trkpt lat="46.55562769076178" lon="9.319237698403699"><ele>1615.2</ele></trkpt><trkpt lat="46.555645690642855" lon="9.31923869828806"><ele>1615.8</ele></trkpt><trkpt lat="46.555655690583286" lon="9.319225698230744"><ele>1616.1</ele></trkpt><trkpt lat="46.55564669044536" lon="9.319212698096544"><ele>1616.8</ele></trkpt><trkpt lat="46.55565669036602" lon="9.319173698020958"><ele>1617.2</ele></trkpt><trkpt lat="46.555656690346204" lon="9.319134698003172"><ele>1617.3</ele></trkpt><trkpt lat="46.555656690346204" lon="9.319134698003172"><ele>1617.3</ele></trkpt><trkpt lat="46.55566569040514" lon="9.31912169806135"><ele>1617.0</ele></trkpt><trkpt lat="46.555684690207144" lon="9.319096697869687"><ele>1618.0</ele></trkpt><trkpt lat="46.55569368998969" lon="9.319070697658884"><ele>1619.1</ele></trkpt><trkpt lat="46.55571268992984" lon="9.319044697602001"><ele>1619.4</ele></trkpt><trkpt lat="46.55574868975108" lon="9.319007697429942"><ele>1620.3</ele></trkpt><trkpt lat="46.55577668951328" lon="9.318955697200753"><ele>1621.5</ele></trkpt><trkpt lat="46.55577768937498" lon="9.318929697066997"><ele>1622.2</ele></trkpt><trkpt lat="46.555777689078845" lon="9.31887769678023"><ele>1623.7</ele></trkpt><trkpt lat="46.555778688940585" lon="9.318851696646473"><ele>1624.4</ele></trkpt><trkpt lat="46.555787688881054" lon="9.318812696590147"><ele>1624.7</ele></trkpt><trkpt lat="46.55581568868273" lon="9.318787696398443"><ele>1625.7</ele></trkpt><trkpt lat="46.55581568854454" lon="9.318761696264694"><ele>1626.4</ele></trkpt><trkpt lat="46.55581768789285" lon="9.318644695633942"><ele>1629.7</ele></trkpt><trkpt lat="46.55585468765486" lon="9.318619695403697"><ele>1630.9</ele></trkpt><trkpt lat="46.55587368737788" lon="9.31856769513609"><ele>1632.3</ele></trkpt><trkpt lat="46.55589168733783" lon="9.318555695097945"><ele>1632.5</ele></trkpt><trkpt lat="46.55590968719905" lon="9.318543694963559"><ele>1633.2</ele></trkpt><trkpt lat="46.555919687001335" lon="9.318504694772512"><ele>1634.2</ele></trkpt><trkpt lat="46.555919686764376" lon="9.31846569454303"><ele>1635.4</ele></trkpt><trkpt lat="46.555920686586674" lon="9.318439694370793"><ele>1636.3</ele></trkpt><trkpt lat="46.55593868644786" lon="9.318413694236938"><ele>1637.0</ele></trkpt><trkpt lat="46.555957686368274" lon="9.318375694161285"><ele>1637.4</ele></trkpt><trkpt lat="46.55595768624981" lon="9.3183626940463"><ele>1638.0</ele></trkpt><trkpt lat="46.55594068603307" lon="9.318296693837201"><ele>1639.1</ele></trkpt><trkpt lat="46.55594068593432" lon="9.318283693741463"><ele>1639.6</ele></trkpt><trkpt lat="46.55598668567628" lon="9.318232693492927"><ele>1640.9</ele></trkpt><trkpt lat="46.55604168522049" lon="9.318182693051835"><ele>1643.2</ele></trkpt><trkpt lat="46.556068684923524" lon="9.318144692764433"><ele>1644.7</ele></trkpt><trkpt lat="46.556116684507316" lon="9.31801569236491"><ele>1646.8</ele></trkpt><trkpt lat="46.556162684031925" lon="9.317912691906674"><ele>1649.2</ele></trkpt><trkpt lat="46.55619068379414" lon="9.31784869167801"><ele>1650.4</ele></trkpt><trkpt lat="46.55620068351732" lon="9.31778369141101"><ele>1651.8</ele></trkpt><trkpt lat="46.55621068333929" lon="9.317757691238738"><ele>1652.7</ele></trkpt><trkpt lat="46.55620268306305" lon="9.317705690971348"><ele>1654.1</ele></trkpt><trkpt lat="46.55621268300342" lon="9.31765369091555"><ele>1654.4</ele></trkpt><trkpt lat="46.55621268300342" lon="9.31765369091555"><ele>1654.4</ele></trkpt><trkpt lat="46.556221683003066" lon="9.317614690916997"><ele>1654.4</ele></trkpt><trkpt lat="46.55620468272721" lon="9.317588690648677"><ele>1655.8</ele></trkpt><trkpt lat="46.55620468262842" lon="9.31754869055399"><ele>1656.3</ele></trkpt><trkpt lat="46.556178682254014" lon="9.317482690191042"><ele>1658.2</ele></trkpt><trkpt lat="46.55617068187908" lon="9.317417689827959"><ele>1660.1</ele></trkpt><trkpt lat="46.55618068183921" lon="9.317378689790912"><ele>1660.3</ele></trkpt><trkpt lat="46.55620768183836" lon="9.317366689791209"><ele>1660.3</ele></trkpt><trkpt lat="46.55620868183831" lon="9.317353689791702"><ele>1660.3</ele></trkpt><trkpt lat="46.556217681561535" lon="9.317301689524236"><ele>1661.7</ele></trkpt><trkpt lat="46.556236681363586" lon="9.317276689332646"><ele>1662.7</ele></trkpt><trkpt lat="46.55624568122506" lon="9.317250689198884"><ele>1663.4</ele></trkpt><trkpt lat="46.55624668094855" lon="9.317198688931478"><ele>1664.8</ele></trkpt><trkpt lat="46.55626568071108" lon="9.317159688701949"><ele>1666.0</ele></trkpt><trkpt lat="46.556265680474134" lon="9.317120688472533"><ele>1667.2</ele></trkpt><trkpt lat="46.55627568029605" lon="9.317094688300285"><ele>1668.1</ele></trkpt><trkpt lat="46.55627668015772" lon="9.317042688167593"><ele>1668.8</ele></trkpt><trkpt lat="46.55627668015772" lon="9.317042688167593"><ele>1668.8</ele></trkpt><trkpt lat="46.55628568019688" lon="9.317016688207028"><ele>1668.6</ele></trkpt><trkpt lat="46.5562956800583" lon="9.31697868807374"><ele>1669.3</ele></trkpt><trkpt lat="46.55630467999882" lon="9.316978688015954"><ele>1669.6</ele></trkpt><trkpt lat="46.55634067982007" lon="9.31696668784301"><ele>1670.5</ele></trkpt><trkpt lat="46.556438679303966" lon="9.317009687340411"><ele>1673.1</ele></trkpt><trkpt lat="46.55646567910574" lon="9.316997687148278"><ele>1674.1</ele></trkpt><trkpt lat="46.556529678649746" lon="9.316973686706222"><ele>1676.4</ele></trkpt><trkpt lat="46.55655667849095" lon="9.316974686552069"><ele>1677.2</ele></trkpt><trkpt lat="46.556573678411524" lon="9.316987686474484"><ele>1677.6</ele></trkpt><trkpt lat="46.55662867803475" lon="9.316963686109457"><ele>1679.5</ele></trkpt><trkpt lat="46.55666467779671" lon="9.31693868587929"><ele>1680.7</ele></trkpt><trkpt lat="46.55666467775721" lon="9.316925685841314"><ele>1680.9</ele></trkpt><trkpt lat="46.556629677521286" lon="9.316872685612681"><ele>1682.1</ele></trkpt><trkpt lat="46.55661267730453" lon="9.316819685403184"><ele>1683.2</ele></trkpt><trkpt lat="46.55662267718572" lon="9.316780685289197"><ele>1683.8</ele></trkpt><trkpt lat="46.55663167708671" lon="9.316768685193397"><ele>1684.3</ele></trkpt><trkpt lat="46.55667667694721" lon="9.316782685057868"><ele>1685.0</ele></trkpt><trkpt lat="46.5567126768079" lon="9.316770684923414"><ele>1685.7</ele></trkpt><trkpt lat="46.55674967653029" lon="9.316733684655235"><ele>1687.1</ele></trkpt><trkpt lat="46.55677667633199" lon="9.31670768446366"><ele>1688.1</ele></trkpt><trkpt lat="46.55681267615323" lon="9.316709684290172"><ele>1689.0</ele></trkpt><trkpt lat="46.556849675974384" lon="9.316671684118255"><ele>1689.9</ele></trkpt><trkpt lat="46.55692167559712" lon="9.31667368375212"><ele>1691.8</ele></trkpt><trkpt lat="46.55693967549781" lon="9.316661683656264"><ele>1692.3</ele></trkpt><trkpt lat="46.55694967535918" lon="9.316609683523547"><ele>1693.0</ele></trkpt><trkpt lat="46.55695867522068" lon="9.316583683389815"><ele>1693.7</ele></trkpt><trkpt lat="46.55694167502374" lon="9.316557683198527"><ele>1694.7</ele></trkpt><trkpt lat="46.55695067488523" lon="9.316531683064797"><ele>1695.4</ele></trkpt><trkpt lat="46.556968674785985" lon="9.316531682968476"><ele>1695.9</ele></trkpt><trkpt lat="46.5570046747059" lon="9.3165336828912"><ele>1696.3</ele></trkpt><trkpt lat="46.55703067446828" lon="9.316560682659066"><ele>1697.5</ele></trkpt><trkpt lat="46.557136673794155" lon="9.31668168199938"><ele>1700.9</ele></trkpt><trkpt lat="46.557154673655425" lon="9.316681681864573"><ele>1701.6</ele></trkpt><trkpt lat="46.557173673575825" lon="9.316656681788468"><ele>1702.0</ele></trkpt><trkpt lat="46.55720167327869" lon="9.31660568150167"><ele>1703.5</ele></trkpt><trkpt lat="46.55721967306097" lon="9.316579681290923"><ele>1704.6</ele></trkpt><trkpt lat="46.55726567272382" lon="9.316529680965498"><ele>1706.3</ele></trkpt><trkpt lat="46.55730267230793" lon="9.316465680563716"><ele>1708.4</ele></trkpt><trkpt lat="46.55733967206976" lon="9.316414680334603"><ele>1709.6</ele></trkpt><trkpt lat="46.55737567169348" lon="9.31637667997029"><ele>1711.5</ele></trkpt><trkpt lat="46.55743967121759" lon="9.316313679510593"><ele>1713.9</ele></trkpt><trkpt lat="46.5574856709791" lon="9.316275679280912"><ele>1715.1</ele></trkpt><trkpt lat="46.55755067040437" lon="9.316186678726051"><ele>1718.0</ele></trkpt><trkpt lat="46.55755067040437" lon="9.316186678726051"><ele>1718.0</ele></trkpt><trkpt lat="46.557639670145015" lon="9.316203678474665"><ele>1719.3</ele></trkpt><trkpt lat="46.557639670145015" lon="9.316203678474665"><ele>1719.3</ele></trkpt><trkpt lat="46.55766767002562" lon="9.316177678360077"><ele>1719.9</ele></trkpt><trkpt lat="46.55770366984678" lon="9.316166678187116"><ele>1720.8</ele></trkpt><trkpt lat="46.55773066976694" lon="9.316154678110458"><ele>1721.2</ele></trkpt><trkpt lat="46.557766669667096" lon="9.316168678013462"><ele>1721.7</ele></trkpt><trkpt lat="46.55779366956758" lon="9.316169677917042"><ele>1722.2</ele></trkpt><trkpt lat="46.55780266942908" lon="9.316156677782816"><ele>1722.9</ele></trkpt><trkpt lat="46.557829669329486" lon="9.316131677687435"><ele>1723.4</ele></trkpt><trkpt lat="46.55783966915138" lon="9.316092677515769"><ele>1724.3</ele></trkpt><trkpt lat="46.55781366881637" lon="9.316013677191997"><ele>1726.0</ele></trkpt><trkpt lat="46.55777166834363" lon="9.315881676735783"><ele>1728.4</ele></trkpt><trkpt lat="46.557736668087905" lon="9.315802676489055"><ele>1729.7</ele></trkpt><trkpt lat="46.55771866791072" lon="9.315762676317616"><ele>1730.6</ele></trkpt><trkpt lat="46.55770166783223" lon="9.315735676241847"><ele>1731.0</ele></trkpt><trkpt lat="46.55769266777324" lon="9.31572267618471"><ele>1731.3</ele></trkpt><trkpt lat="46.55769366765469" lon="9.31568367607083"><ele>1731.9</ele></trkpt><trkpt lat="46.55770266759513" lon="9.315657676014101"><ele>1732.2</ele></trkpt><trkpt lat="46.55772966749555" lon="9.315645675918207"><ele>1732.7</ele></trkpt><trkpt lat="46.55773966739647" lon="9.315632675822467"><ele>1733.2</ele></trkpt><trkpt lat="46.55779466705895" lon="9.315556675498101"><ele>1734.9</ele></trkpt><trkpt lat="46.55780366694012" lon="9.315530675383654"><ele>1735.5</ele></trkpt><trkpt lat="46.557804666841314" lon="9.315491675289023"><ele>1736.0</ele></trkpt><trkpt lat="46.557804666801815" lon="9.315478675251066"><ele>1736.2</ele></trkpt><trkpt lat="46.55779666672304" lon="9.31545167517525"><ele>1736.6</ele></trkpt><trkpt lat="46.55776066642796" lon="9.31539867488903"><ele>1738.1</ele></trkpt><trkpt lat="46.55773466629052" lon="9.315384674755084"><ele>1738.8</ele></trkpt><trkpt lat="46.55769866621275" lon="9.315383674678403"><ele>1739.2</ele></trkpt><trkpt lat="46.557680666114585" lon="9.315369674582882"><ele>1739.7</ele></trkpt><trkpt lat="46.55767266591729" lon="9.315304674393172"><ele>1740.7</ele></trkpt><trkpt lat="46.55766366577935" lon="9.31529067425912"><ele>1741.4</ele></trkpt><trkpt lat="46.55762866564217" lon="9.315250674126291"><ele>1742.1</ele></trkpt><trkpt lat="46.5576286655039" lon="9.315224673992672"><ele>1742.8</ele></trkpt><trkpt lat="46.55762966540508" lon="9.315198673897523"><ele>1743.3</ele></trkpt><trkpt lat="46.5576386653653" lon="9.315185673859517"><ele>1743.5</ele></trkpt><trkpt lat="46.55766566526573" lon="9.315173673763635"><ele>1744.0</ele></trkpt><trkpt lat="46.55770166522504" lon="9.31516167372541"><ele>1744.2</ele></trkpt><trkpt lat="46.557711665027284" lon="9.315135673534012"><ele>1745.2</ele></trkpt><trkpt lat="46.55776566484777" lon="9.315098673362018"><ele>1746.1</ele></trkpt><trkpt lat="46.557784664610175" lon="9.315047673133105"><ele>1747.3</ele></trkpt><trkpt lat="46.557785664471844" lon="9.315021672999478"><ele>1748.0</ele></trkpt><trkpt lat="46.557749664275576" lon="9.31500667280794"><ele>1749.0</ele></trkpt><trkpt lat="46.55773266405887" lon="9.314954672598542"><ele>1750.1</ele></trkpt><trkpt lat="46.55770566396097" lon="9.314927672503622"><ele>1750.6</ele></trkpt><trkpt lat="46.55761766352926" lon="9.31484567208429"><ele>1752.8</ele></trkpt><trkpt lat="46.55757466311579" lon="9.314713671685958"><ele>1754.9</ele></trkpt><trkpt lat="46.55754866287958" lon="9.314647671457973"><ele>1756.1</ele></trkpt><trkpt lat="46.557531662722" lon="9.31456867130741"><ele>1756.9</ele></trkpt><trkpt lat="46.55753266266271" lon="9.314542671250754"><ele>1757.2</ele></trkpt><trkpt lat="46.55754166256364" lon="9.31452967115504"><ele>1757.7</ele></trkpt><trkpt lat="46.557559662484124" lon="9.314530671077932"><ele>1758.1</ele></trkpt><trkpt lat="46.55760466234444" lon="9.3145326709429"><ele>1758.8</ele></trkpt><trkpt lat="46.55765866224405" lon="9.314547670845746"><ele>1759.3</ele></trkpt><trkpt lat="46.557685662144465" lon="9.314548670749344"><ele>1759.8</ele></trkpt><trkpt lat="46.55772166200508" lon="9.314536670614936"><ele>1760.5</ele></trkpt><trkpt lat="46.55773066190606" lon="9.31451067051976"><ele>1761.0</ele></trkpt><trkpt lat="46.5577316617678" lon="9.31448467038616"><ele>1761.7</ele></trkpt><trkpt lat="46.55773166166896" lon="9.314445670291569"><ele>1762.2</ele></trkpt><trkpt lat="46.557732661451666" lon="9.31439367008209"><ele>1763.3</ele></trkpt><trkpt lat="46.55774266129335" lon="9.314367669929196"><ele>1764.1</ele></trkpt><trkpt lat="46.55776966115419" lon="9.314342669795382"><ele>1764.8</ele></trkpt><trkpt lat="46.55781466085658" lon="9.31431766950757"><ele>1766.3</ele></trkpt><trkpt lat="46.55785166059857" lon="9.314253669259875"><ele>1767.6</ele></trkpt><trkpt lat="46.55792566014192" lon="9.314165668820575"><ele>1769.9</ele></trkpt><trkpt lat="46.557962659883884" lon="9.314101668572894"><ele>1771.2</ele></trkpt><trkpt lat="46.55796365944932" lon="9.31400966815349"><ele>1773.4</ele></trkpt><trkpt lat="46.55798365921161" lon="9.313932667925702"><ele>1774.6</ele></trkpt><trkpt lat="46.5580956583781" lon="9.313675667127693"><ele>1778.8</ele></trkpt><trkpt lat="46.558160658059826" lon="9.313573666823725"><ele>1780.4</ele></trkpt><trkpt lat="46.55818865782187" lon="9.313508666595416"><ele>1781.6</ele></trkpt><trkpt lat="46.558190657525365" lon="9.31339166631173"><ele>1783.1</ele></trkpt><trkpt lat="46.55820965736649" lon="9.313274666162592"><ele>1783.9</ele></trkpt><trkpt lat="46.55822965724709" lon="9.313171666051323"><ele>1784.5</ele></trkpt><trkpt lat="46.558266657127234" lon="9.313094665938873"><ele>1785.1</ele></trkpt><trkpt lat="46.55828665696838" lon="9.31300366578865"><ele>1785.9</ele></trkpt><trkpt lat="46.55829765673074" lon="9.312860665563718"><ele>1787.1</ele></trkpt><trkpt lat="46.558301656137786" lon="9.312638664995937"><ele>1790.1</ele></trkpt><trkpt lat="46.55831165597941" lon="9.312600664843595"><ele>1790.9</ele></trkpt><trkpt lat="46.55832065574211" lon="9.312561664614366"><ele>1792.1</ele></trkpt><trkpt lat="46.55834865542515" lon="9.312496664309169"><ele>1793.7</ele></trkpt><trkpt lat="46.55834965522755" lon="9.312444664119013"><ele>1794.7</ele></trkpt><trkpt lat="46.55831465493239" lon="9.31236566383406"><ele>1796.2</ele></trkpt><trkpt lat="46.558298654656284" lon="9.31227366356876"><ele>1797.6</ele></trkpt><trkpt lat="46.5582996542809" lon="9.31218266320716"><ele>1799.5</ele></trkpt><trkpt lat="46.55830265368818" lon="9.312038662636235"><ele>1802.5</ele></trkpt><trkpt lat="46.558321653312284" lon="9.311974662273393"><ele>1804.4</ele></trkpt><trkpt lat="46.55832265307521" lon="9.311909662045347"><ele>1805.6</ele></trkpt><trkpt lat="46.55830565291769" lon="9.311869661893294"><ele>1806.4</ele></trkpt><trkpt lat="46.558288652602215" lon="9.311790661589036"><ele>1808.0</ele></trkpt><trkpt lat="46.55828965224655" lon="9.31169966124671"><ele>1809.8</ele></trkpt><trkpt lat="46.5583006518906" lon="9.311595660904871"><ele>1811.6</ele></trkpt><trkpt lat="46.55832065143553" lon="9.311478660467381"><ele>1813.9</ele></trkpt><trkpt lat="46.558339651217615" lon="9.311426660257922"><ele>1815.0</ele></trkpt><trkpt lat="46.55834065103976" lon="9.311374660087047"><ele>1815.9</ele></trkpt><trkpt lat="46.558368650742544" lon="9.31132365980057"><ele>1817.4</ele></trkpt><trkpt lat="46.558368650604216" lon="9.311271659668163"><ele>1818.1</ele></trkpt><trkpt lat="46.55838765048505" lon="9.311246659553715"><ele>1818.7</ele></trkpt><trkpt lat="46.558387650386244" lon="9.311219659458713"><ele>1819.2</ele></trkpt><trkpt lat="46.5583886503072" lon="9.311193659382896"><ele>1819.6</ele></trkpt><trkpt lat="46.55839865014876" lon="9.311128659231745"><ele>1820.4</ele></trkpt><trkpt lat="46.55846264981072" lon="9.311026658908743"><ele>1822.1</ele></trkpt><trkpt lat="46.558489649592694" lon="9.311040658696456"><ele>1823.2</ele></trkpt><trkpt lat="46.55850764953297" lon="9.311080658636946"><ele>1823.5</ele></trkpt><trkpt lat="46.55850764953297" lon="9.311080658636946"><ele>1823.5</ele></trkpt><trkpt lat="46.558581649214204" lon="9.31092665833533"><ele>1825.1</ele></trkpt><trkpt lat="46.55865664881637" lon="9.310759657957355"><ele>1827.1</ele></trkpt><trkpt lat="46.558694648538335" lon="9.310643657692838"><ele>1828.5</ele></trkpt><trkpt lat="46.55871364839933" lon="9.310578657560884"><ele>1829.2</ele></trkpt><trkpt lat="46.558705648221675" lon="9.31048765739176"><ele>1830.1</ele></trkpt><trkpt lat="46.558705648221675" lon="9.31048765739176"><ele>1830.1</ele></trkpt><trkpt lat="46.55880664774412" lon="9.310360656935035"><ele>1832.5</ele></trkpt><trkpt lat="46.5588906472473" lon="9.310219656459802"><ele>1835.0</ele></trkpt><trkpt lat="46.5589456469885" lon="9.310117656213842"><ele>1836.3</ele></trkpt><trkpt lat="46.55899264674966" lon="9.309988655988326"><ele>1837.5</ele></trkpt><trkpt lat="46.55902164655094" lon="9.30988565580027"><ele>1838.5</ele></trkpt><trkpt lat="46.55904164625377" lon="9.309755655517305"><ele>1840.0</ele></trkpt><trkpt lat="46.5590706459761" lon="9.309665655251806"><ele>1841.4</ele></trkpt><trkpt lat="46.559117645638594" lon="9.309549654929624"><ele>1843.1</ele></trkpt><trkpt lat="46.559163645399835" lon="9.309472654701917"><ele>1844.3</ele></trkpt><trkpt lat="46.55921864512143" lon="9.309409654435093"><ele>1845.7</ele></trkpt><trkpt lat="46.559373644444506" lon="9.309284653785769"><ele>1849.1</ele></trkpt><trkpt lat="46.55941964416637" lon="9.309220653519061"><ele>1850.5</ele></trkpt><trkpt lat="46.55945664390822" lon="9.30914365327221"><ele>1851.8</ele></trkpt><trkpt lat="46.55956864313374" lon="9.308912652531669"><ele>1855.7</ele></trkpt><trkpt lat="46.55965264259726" lon="9.30873365201979"><ele>1858.4</ele></trkpt><trkpt lat="46.55970764229891" lon="9.308643651734958"><ele>1859.9</ele></trkpt><trkpt lat="46.55975364206022" lon="9.308579651506735"><ele>1861.1</ele></trkpt><trkpt lat="46.55982764176136" lon="9.308504651221135"><ele>1862.6</ele></trkpt><trkpt lat="46.55997364126233" lon="9.308378650745027"><ele>1865.1</ele></trkpt><trkpt lat="46.56010964082302" lon="9.308279650325497"><ele>1867.3</ele></trkpt><trkpt lat="46.560228640404056" lon="9.308205649924222"><ele>1869.4</ele></trkpt><trkpt lat="46.56031064002583" lon="9.308129649561746"><ele>1871.3</ele></trkpt><trkpt lat="46.5603656397671" lon="9.308079649313653"><ele>1872.6</ele></trkpt><trkpt lat="46.560410639686474" lon="9.308054649237544"><ele>1873.0</ele></trkpt><trkpt lat="46.56048263938784" lon="9.308070648948018"><ele>1874.5</ele></trkpt><trkpt lat="46.560553639128855" lon="9.308111648695851"><ele>1875.8</ele></trkpt><trkpt lat="46.56062463885012" lon="9.308179648423273"><ele>1877.2</ele></trkpt><trkpt lat="46.56071363855103" lon="9.308247648131344"><ele>1878.7</ele></trkpt><trkpt lat="46.560793638291685" lon="9.308276647879625"><ele>1880.0</ele></trkpt><trkpt lat="46.56092863783284" lon="9.308294647435778"><ele>1882.3</ele></trkpt><trkpt lat="46.561090637234855" lon="9.308300646857708"><ele>1885.3</ele></trkpt><trkpt lat="46.5612166367566" lon="9.308304646395309"><ele>1887.7</ele></trkpt><trkpt lat="46.56127963649763" lon="9.308293646145454"><ele>1889.0</ele></trkpt><trkpt lat="46.56131563633835" lon="9.30826864599252"><ele>1889.8</ele></trkpt><trkpt lat="46.56136163615889" lon="9.308231645820824"><ele>1890.7</ele></trkpt><trkpt lat="46.56139863597974" lon="9.308180645649811"><ele>1891.6</ele></trkpt><trkpt lat="46.561462635700856" lon="9.308117645383023"><ele>1893.0</ele></trkpt><trkpt lat="46.56158963520254" lon="9.30804364490484"><ele>1895.5</ele></trkpt><trkpt lat="46.56168063478447" lon="9.307994644502704"><ele>1897.6</ele></trkpt><trkpt lat="46.56172563454584" lon="9.3079566442734"><ele>1898.8</ele></trkpt><trkpt lat="46.561753634386776" lon="9.30791864412111"><ele>1899.6</ele></trkpt><trkpt lat="46.56178163422756" lon="9.30785464396997"><ele>1900.4</ele></trkpt><trkpt lat="46.561819633870456" lon="9.307725643629427"><ele>1902.2</ele></trkpt><trkpt lat="46.561856633651665" lon="9.307648643421143"><ele>1903.3</ele></trkpt><trkpt lat="46.56189363345276" lon="9.307597643230931"><ele>1904.3</ele></trkpt><trkpt lat="46.561975633113924" lon="9.307521642906966"><ele>1906.0</ele></trkpt><trkpt lat="46.56204063281523" lon="9.307445642621568"><ele>1907.5</ele></trkpt><trkpt lat="46.56209463259592" lon="9.307395642411981"><ele>1908.6</ele></trkpt><trkpt lat="46.56215863233685" lon="9.30735864216331"><ele>1909.9</ele></trkpt><trkpt lat="46.562221632117335" lon="9.307347641951925"><ele>1911.0</ele></trkpt><trkpt lat="46.562320631699095" lon="9.307338641547991"><ele>1913.1</ele></trkpt><trkpt lat="46.56238463144003" lon="9.307327641298158"><ele>1914.4</ele></trkpt><trkpt lat="46.56242063126096" lon="9.307289641126612"><ele>1915.3</ele></trkpt><trkpt lat="46.5624486311018" lon="9.307238640974926"><ele>1916.1</ele></trkpt><trkpt lat="46.5625496307423" lon="9.30708564063508"><ele>1917.9</ele></trkpt><trkpt lat="46.56263263046252" lon="9.306970640370556"><ele>1919.3</ele></trkpt><trkpt lat="46.56275263008256" lon="9.30680564001191"><ele>1921.2</ele></trkpt><trkpt lat="46.56275263008256" lon="9.30680564001191"><ele>1921.2</ele></trkpt><trkpt lat="46.56285362988108" lon="9.306665639825274"><ele>1922.2</ele></trkpt><trkpt lat="46.56295462936367" lon="9.306564639329379"><ele>1924.8</ele></trkpt><trkpt lat="46.5630096289862" lon="9.30647463896787"><ele>1926.7</ele></trkpt><trkpt lat="46.56305662870775" lon="9.306385638702473"><ele>1928.1</ele></trkpt><trkpt lat="46.56310162842954" lon="9.306347638434795"><ele>1929.5</ele></trkpt><trkpt lat="46.56313862823064" lon="9.306322638243472"><ele>1930.5</ele></trkpt><trkpt lat="46.563228627634814" lon="9.306286637667895"><ele>1933.5</ele></trkpt><trkpt lat="46.56330062721751" lon="9.306289637263658"><ele>1935.6</ele></trkpt><trkpt lat="46.563363626997976" lon="9.306291637051713"><ele>1936.7</ele></trkpt><trkpt lat="46.563491626756004" lon="9.306165636825869"><ele>1937.9</ele></trkpt><trkpt lat="46.56357362667399" lon="9.306128636750083"><ele>1938.3</ele></trkpt><trkpt lat="46.56370962653062" lon="9.30604263661847"><ele>1939.0</ele></trkpt><trkpt lat="46.56370962653062" lon="9.30604263661847"><ele>1939.0</ele></trkpt><trkpt lat="46.56385662612987" lon="9.305903636239348"><ele>1941.0</ele></trkpt><trkpt lat="46.563946625810495" lon="9.305854635933438"><ele>1942.6</ele></trkpt><trkpt lat="46.56405562545097" lon="9.305832635587738"><ele>1944.4</ele></trkpt><trkpt lat="46.564155625131235" lon="9.305783635281765"><ele>1946.0</ele></trkpt><trkpt lat="46.56425462469303" lon="9.305774634858677"><ele>1948.2</ele></trkpt><trkpt lat="46.564362624412475" lon="9.305725634591084"><ele>1949.6</ele></trkpt><trkpt lat="46.56448962417071" lon="9.305664634362333"><ele>1950.8</ele></trkpt><trkpt lat="46.56456262397035" lon="9.305602634172459"><ele>1951.8</ele></trkpt><trkpt lat="46.564654623769236" lon="9.305500633984265"><ele>1952.8</ele></trkpt><trkpt lat="46.564773623310316" lon="9.305400633545982"><ele>1955.1</ele></trkpt><trkpt lat="46.564891622950256" lon="9.305326633202602"><ele>1956.9</ele></trkpt><trkpt lat="46.56500862257058" lon="9.305291632838244"><ele>1958.8</ele></trkpt><trkpt lat="46.56509962229072" lon="9.30528163256901"><ele>1960.2</ele></trkpt><trkpt lat="46.56517162201142" lon="9.305231632301744"><ele>1961.6</ele></trkpt><trkpt lat="46.56522762177203" lon="9.305142632074814"><ele>1962.8</ele></trkpt><trkpt lat="46.56528262165122" lon="9.305052631963235"><ele>1963.4</ele></trkpt><trkpt lat="46.565393621093676" lon="9.304913631430756"><ele>1966.2</ele></trkpt><trkpt lat="46.56564861987877" lon="9.304713630265939"><ele>1972.3</ele></trkpt><trkpt lat="46.56575861926201" lon="9.304599629674712"><ele>1975.4</ele></trkpt><trkpt lat="46.56582261884463" lon="9.304536629273636"><ele>1977.5</ele></trkpt><trkpt lat="46.56587661838809" lon="9.304486628833605"><ele>1979.8</ele></trkpt><trkpt lat="46.56592261805052" lon="9.304474628507169"><ele>1981.5</ele></trkpt><trkpt lat="46.566003617652335" lon="9.304438628123945"><ele>1983.5</ele></trkpt><trkpt lat="46.56606761747209" lon="9.304388627952864"><ele>1984.4</ele></trkpt><trkpt lat="46.56619561673594" lon="9.304249627247424"><ele>1988.1</ele></trkpt><trkpt lat="46.56626061649622" lon="9.304160627020506"><ele>1989.3</ele></trkpt><trkpt lat="46.56630661611888" lon="9.304070626659279"><ele>1991.2</ele></trkpt><trkpt lat="46.56637061548406" lon="9.303994626047494"><ele>1994.4</ele></trkpt><trkpt lat="46.566407615067654" lon="9.303930625646714"><ele>1996.5</ele></trkpt><trkpt lat="46.56646361470975" lon="9.303854625303996"><ele>1998.3</ele></trkpt><trkpt lat="46.56650861454988" lon="9.303816625151732"><ele>1999.1</ele></trkpt><trkpt lat="46.56659061397385" lon="9.303793624595013"><ele>2002.0</ele></trkpt><trkpt lat="46.56662761357715" lon="9.303729624213464"><ele>2004.0</ele></trkpt><trkpt lat="46.56668361288316" lon="9.303600623546629"><ele>2007.5</ele></trkpt><trkpt lat="46.56681161171234" lon="9.303474622418038"><ele>2013.4</ele></trkpt><trkpt lat="46.56688461103769" lon="9.303425621766571"><ele>2016.8</ele></trkpt><trkpt lat="46.56700261053919" lon="9.303364621288255"><ele>2019.3</ele></trkpt><trkpt lat="46.56700261053919" lon="9.303364621288255"><ele>2019.3</ele></trkpt><trkpt lat="46.56720361061015" lon="9.303175621372521"><ele>2018.9</ele></trkpt><trkpt lat="46.567394610899015" lon="9.303038621665737"><ele>2017.4</ele></trkpt><trkpt lat="46.567448610897024" lon="9.303040621665243"><ele>2017.4</ele></trkpt><trkpt lat="46.56750161091492" lon="9.303081621682134"><ele>2017.3</ele></trkpt><trkpt lat="46.567582610793345" lon="9.303083621566165"><ele>2017.9</ele></trkpt><trkpt lat="46.56763661089005" lon="9.303059621662959"><ele>2017.4</ele></trkpt><trkpt lat="46.56771061104508" lon="9.302957621820898"><ele>2016.6</ele></trkpt><trkpt lat="46.567792611101105" lon="9.302895621880847"><ele>2016.3</ele></trkpt><trkpt lat="46.567882610900114" lon="9.302885621688537"><ele>2017.3</ele></trkpt><trkpt lat="46.56797361097563" lon="9.302836621767014"><ele>2016.9</ele></trkpt><trkpt lat="46.568038610874126" lon="9.302747621674662"><ele>2017.4</ele></trkpt><trkpt lat="46.56811061091089" lon="9.302723621713682"><ele>2017.2</ele></trkpt><trkpt lat="46.568211610807836" lon="9.302583621623468"><ele>2017.7</ele></trkpt><trkpt lat="46.56826761060786" lon="9.302481621435744"><ele>2018.7</ele></trkpt><trkpt lat="46.56836761052486" lon="9.302393621362306"><ele>2019.1</ele></trkpt><trkpt lat="46.568432610364056" lon="9.302304621212333"><ele>2019.9</ele></trkpt><trkpt lat="46.56848761024332" lon="9.302254621099019"><ele>2020.5</ele></trkpt><trkpt lat="46.56862560962483" lon="9.302024620513333"><ele>2023.6</ele></trkpt><trkpt lat="46.56868260940486" lon="9.301869620308922"><ele>2024.7</ele></trkpt><trkpt lat="46.568822608766325" lon="9.301574619707136"><ele>2027.9</ele></trkpt><trkpt lat="46.56891360840691" lon="9.301472619365533"><ele>2029.7</ele></trkpt><trkpt lat="46.56897860828561" lon="9.301383619254015"><ele>2030.3</ele></trkpt><trkpt lat="46.56902560810566" lon="9.301267619086284"><ele>2031.2</ele></trkpt><trkpt lat="46.56908960794496" lon="9.301204618935127"><ele>2032.0</ele></trkpt><trkpt lat="46.569172607526404" lon="9.301064618537792"><ele>2034.1</ele></trkpt><trkpt lat="46.5692266074452" lon="9.30102761846231"><ele>2034.5</ele></trkpt><trkpt lat="46.56928260734396" lon="9.300924618370745"><ele>2035.0</ele></trkpt><trkpt lat="46.56930260686863" lon="9.300833617913947"><ele>2037.4</ele></trkpt><trkpt lat="46.56939360666736" lon="9.30075861772476"><ele>2038.4</ele></trkpt><trkpt lat="46.56946860624898" lon="9.300591617328806"><ele>2040.5</ele></trkpt><trkpt lat="46.56961560559056" lon="9.30036161670486"><ele>2043.8</ele></trkpt><trkpt lat="46.56970860521111" lon="9.300221616345926"><ele>2045.7</ele></trkpt><trkpt lat="46.569746604972146" lon="9.300092616121333"><ele>2046.9</ele></trkpt><trkpt lat="46.5697936046735" lon="9.299963615839065"><ele>2048.4</ele></trkpt><trkpt lat="46.56983960443428" lon="9.299860615613182"><ele>2049.6</ele></trkpt><trkpt lat="46.56986860417596" lon="9.29977061536761"><ele>2050.9</ele></trkpt><trkpt lat="46.569887603898316" lon="9.299692615102337"><ele>2052.3</ele></trkpt><trkpt lat="46.569933603659216" lon="9.299629614874561"><ele>2053.5</ele></trkpt><trkpt lat="46.56995260340137" lon="9.29957761462725"><ele>2054.8</ele></trkpt><trkpt lat="46.569999602964465" lon="9.299474614209348"><ele>2057.0</ele></trkpt><trkpt lat="46.56999160260869" lon="9.299370613868726"><ele>2058.8</ele></trkpt><trkpt lat="46.570023601914926" lon="9.29911061320887"><ele>2062.3</ele></trkpt><trkpt lat="46.57000760130238" lon="9.298953612621268"><ele>2065.4</ele></trkpt><trkpt lat="46.569999601184" lon="9.298913612508038"><ele>2066.0</ele></trkpt><trkpt lat="46.57000060114425" lon="9.298874612471506"><ele>2066.2</ele></trkpt><trkpt lat="46.57000060114412" lon="9.298822612474014"><ele>2066.2</ele></trkpt><trkpt lat="46.5700196011433" lon="9.298797612475074"><ele>2066.2</ele></trkpt><trkpt lat="46.570046601122485" lon="9.298798612455622"><ele>2066.3</ele></trkpt><trkpt lat="46.57009160108132" lon="9.298812612416203"><ele>2066.5</ele></trkpt><trkpt lat="46.570136601059836" lon="9.298814612396562"><ele>2066.6</ele></trkpt><trkpt lat="46.57017260099912" lon="9.29880261233926"><ele>2066.9</ele></trkpt><trkpt lat="46.570217600918234" lon="9.298777612263315"><ele>2067.3</ele></trkpt><trkpt lat="46.570262600817664" lon="9.298753612168118"><ele>2067.8</ele></trkpt><trkpt lat="46.57029960069761" lon="9.298741612053204"><ele>2068.4</ele></trkpt><trkpt lat="46.57032660061753" lon="9.298742611976142"><ele>2068.8</ele></trkpt><trkpt lat="46.57037160045762" lon="9.298730611822762"><ele>2069.6</ele></trkpt><trkpt lat="46.57040760047594" lon="9.298706611842853"><ele>2069.5</ele></trkpt><trkpt lat="46.570435600494484" lon="9.298641611864982"><ele>2069.4</ele></trkpt><trkpt lat="46.57046360047349" lon="9.298590611848033"><ele>2069.5</ele></trkpt><trkpt lat="46.570482600452785" lon="9.298526611831775"><ele>2069.6</ele></trkpt><trkpt lat="46.57050160045182" lon="9.29846161183477"><ele>2069.6</ele></trkpt><trkpt lat="46.570566600409435" lon="9.298346611801431"><ele>2069.8</ele></trkpt><trkpt lat="46.570602600328954" lon="9.298321611725559"><ele>2070.2</ele></trkpt><trkpt lat="46.5706486001689" lon="9.298270611574063"><ele>2071.0</ele></trkpt><trkpt lat="46.570685600068465" lon="9.298206611480873"><ele>2071.5</ele></trkpt><trkpt lat="46.57069559998891" lon="9.298168611405826"><ele>2071.9</ele></trkpt><trkpt lat="46.57069659988987" lon="9.29811561131238"><ele>2072.4</ele></trkpt><trkpt lat="46.57074359965052" lon="9.298000611087177"><ele>2073.6</ele></trkpt><trkpt lat="46.57075359964997" lon="9.297948611089616"><ele>2073.6</ele></trkpt><trkpt lat="46.57076259964951" lon="9.29790961109144"><ele>2073.6</ele></trkpt><trkpt lat="46.570772599668764" lon="9.297870611112453"><ele>2073.5</ele></trkpt><trkpt lat="46.57080059964758" lon="9.297767611098022"><ele>2073.6</ele></trkpt><trkpt lat="46.57080159972645" lon="9.297715611177331"><ele>2073.2</ele></trkpt><trkpt lat="46.57080259974607" lon="9.297675611198462"><ele>2073.1</ele></trkpt><trkpt lat="46.570821599705596" lon="9.297611611163013"><ele>2073.3</ele></trkpt><trkpt lat="46.57084959964496" lon="9.297547611108296"><ele>2073.6</ele></trkpt><trkpt lat="46.570886599643444" lon="9.297496611110484"><ele>2073.6</ele></trkpt><trkpt lat="46.57088759972233" lon="9.297443611189838"><ele>2073.2</ele></trkpt><trkpt lat="46.57089659970218" lon="9.297431611171152"><ele>2073.3</ele></trkpt><trkpt lat="46.57092359966156" lon="9.297432611132498"><ele>2073.5</ele></trkpt><trkpt lat="46.57098659942198" lon="9.29743461090153"><ele>2074.7</ele></trkpt><trkpt lat="46.571022599400806" lon="9.297435610882012"><ele>2074.8</ele></trkpt><trkpt lat="46.57104959943923" lon="9.297397610922047"><ele>2074.6</ele></trkpt><trkpt lat="46.57108759943759" lon="9.297333610924854"><ele>2074.6</ele></trkpt><trkpt lat="46.57111559935723" lon="9.297269610850943"><ele>2075.0</ele></trkpt><trkpt lat="46.57117059929551" lon="9.29716661079792"><ele>2075.3</ele></trkpt><trkpt lat="46.571207599412546" lon="9.29712861091467"><ele>2074.7</ele></trkpt><trkpt lat="46.57126359935073" lon="9.297013610862221"><ele>2075.0</ele></trkpt><trkpt lat="46.57130059932941" lon="9.29696261084521"><ele>2075.1</ele></trkpt><trkpt lat="46.57134659930765" lon="9.29689861082876"><ele>2075.2</ele></trkpt><trkpt lat="46.5713555991886" lon="9.296859610715394"><ele>2075.8</ele></trkpt><trkpt lat="46.57138459883133" lon="9.296756610374599"><ele>2077.6</ele></trkpt><trkpt lat="46.57144059871018" lon="9.296627610265245"><ele>2078.2</ele></trkpt><trkpt lat="46.571459598709296" lon="9.296576610267577"><ele>2078.2</ele></trkpt><trkpt lat="46.57149659868789" lon="9.296499610251832"><ele>2078.3</ele></trkpt><trkpt lat="46.57152559862709" lon="9.296395610199061"><ele>2078.6</ele></trkpt><trkpt lat="46.57154459872492" lon="9.296305610299273"><ele>2078.1</ele></trkpt><trkpt lat="46.57156359864496" lon="9.296253610224861"><ele>2078.5</ele></trkpt><trkpt lat="46.57157359844673" lon="9.29620161003534"><ele>2079.5</ele></trkpt><trkpt lat="46.571638598127514" lon="9.296060609734548"><ele>2081.1</ele></trkpt><trkpt lat="46.57164859824558" lon="9.29600860985218"><ele>2080.5</ele></trkpt><trkpt lat="46.57163159826574" lon="9.295929609875339"><ele>2080.4</ele></trkpt><trkpt lat="46.57165059832421" lon="9.295891609934626"><ele>2080.1</ele></trkpt><trkpt lat="46.571669598323325" lon="9.295852609936375"><ele>2080.1</ele></trkpt><trkpt lat="46.5717235981829" lon="9.295854609801498"><ele>2080.8</ele></trkpt><trkpt lat="46.57175059802365" lon="9.29582960964894"><ele>2081.6</ele></trkpt><trkpt lat="46.571796597823905" lon="9.295739609461005"><ele>2082.6</ele></trkpt><trkpt lat="46.57184459776233" lon="9.295611609409278"><ele>2082.9</ele></trkpt><trkpt lat="46.571872597602734" lon="9.295494609261189"><ele>2083.7</ele></trkpt><trkpt lat="46.57189259742383" lon="9.295416609092076"><ele>2084.6</ele></trkpt><trkpt lat="46.571929597184884" lon="9.295326608865837"><ele>2085.8</ele></trkpt><trkpt lat="46.57199459674703" lon="9.295185608449934"><ele>2088.0</ele></trkpt><trkpt lat="46.572023596468874" lon="9.29508260818601"><ele>2089.4</ele></trkpt><trkpt lat="46.57205159623038" lon="9.295017607958645"><ele>2090.6</ele></trkpt><trkpt lat="46.57212559595031" lon="9.294890607695567"><ele>2092.0</ele></trkpt><trkpt lat="46.57221059561027" lon="9.294684607378692"><ele>2093.7</ele></trkpt><trkpt lat="46.57228459538939" lon="9.294504607175801"><ele>2094.8</ele></trkpt><trkpt lat="46.57234159507043" lon="9.294349606875866"><ele>2096.4</ele></trkpt><trkpt lat="46.57236059475311" lon="9.2942586065731"><ele>2098.0</ele></trkpt><trkpt lat="46.57239859469205" lon="9.294168606519642"><ele>2098.3</ele></trkpt><trkpt lat="46.57243759449223" lon="9.29397460633693"><ele>2099.3</ele></trkpt><trkpt lat="46.572502594271796" lon="9.293846606131597"><ele>2100.4</ele></trkpt><trkpt lat="46.57256859397216" lon="9.293678605851467"><ele>2101.9</ele></trkpt><trkpt lat="46.572615593831635" lon="9.293575605721827"><ele>2102.6</ele></trkpt><trkpt lat="46.5726355936723" lon="9.293446605574482"><ele>2103.4</ele></trkpt><trkpt lat="46.572664593413606" lon="9.29327760533309"><ele>2104.7</ele></trkpt><trkpt lat="46.57269259337272" lon="9.29321360529764"><ele>2104.9</ele></trkpt><trkpt lat="46.57273959327181" lon="9.293123605205754"><ele>2105.4</ele></trkpt><trkpt lat="46.572776593131685" lon="9.293033605075568"><ele>2106.1</ele></trkpt><trkpt lat="46.572814592971724" lon="9.292930604926829"><ele>2106.9</ele></trkpt><trkpt lat="46.57283359291138" lon="9.292852604872946"><ele>2107.2</ele></trkpt><trkpt lat="46.572862592811155" lon="9.292762604781212"><ele>2107.7</ele></trkpt><trkpt lat="46.572899592651304" lon="9.292685604631204"><ele>2108.5</ele></trkpt><trkpt lat="46.5729185925317" lon="9.292620604519128"><ele>2109.1</ele></trkpt><trkpt lat="46.57296559241094" lon="9.292518604408665"><ele>2109.7</ele></trkpt><trkpt lat="46.573011592171554" lon="9.292415604183127"><ele>2110.9</ele></trkpt><trkpt lat="46.573040592031745" lon="9.29232460405307"><ele>2111.6</ele></trkpt><trkpt lat="46.57305059195211" lon="9.29227360397876"><ele>2112.0</ele></trkpt><trkpt lat="46.57306959173369" lon="9.292208603770755"><ele>2113.1</ele></trkpt><trkpt lat="46.573097591514916" lon="9.292144603562633"><ele>2114.2</ele></trkpt><trkpt lat="46.57310759133628" lon="9.292066603393721"><ele>2115.1</ele></trkpt><trkpt lat="46.57312659133534" lon="9.291988603397426"><ele>2115.1</ele></trkpt><trkpt lat="46.573128591275676" lon="9.291910603343705"><ele>2115.4</ele></trkpt><trkpt lat="46.5731295910777" lon="9.291845603155043"><ele>2116.4</ele></trkpt><trkpt lat="46.57313059084009" lon="9.29174060292999"><ele>2117.6</ele></trkpt><trkpt lat="46.573141590819546" lon="9.29163660291586"><ele>2117.7</ele></trkpt><trkpt lat="46.57316159066022" lon="9.291507602768593"><ele>2118.5</ele></trkpt><trkpt lat="46.57318959057976" lon="9.291429602695494"><ele>2118.9</ele></trkpt><trkpt lat="46.57321859038054" lon="9.291313602509154"><ele>2119.9</ele></trkpt><trkpt lat="46.57323759030058" lon="9.291274602434202"><ele>2120.3</ele></trkpt><trkpt lat="46.57325659018103" lon="9.291223602321468"><ele>2120.9</ele></trkpt><trkpt lat="46.57328459000183" lon="9.29117160215116"><ele>2121.8</ele></trkpt><trkpt lat="46.57332158970355" lon="9.291081601867553"><ele>2123.3</ele></trkpt><trkpt lat="46.573350589504315" lon="9.290978601680594"><ele>2124.3</ele></trkpt><trkpt lat="46.57336158938468" lon="9.290809601573791"><ele>2124.9</ele></trkpt><trkpt lat="46.57338258934393" lon="9.290666601542354"><ele>2125.1</ele></trkpt><trkpt lat="46.57343058918319" lon="9.290459601398787"><ele>2125.9</ele></trkpt><trkpt lat="46.57345958898397" lon="9.290355601211893"><ele>2126.9</ele></trkpt><trkpt lat="46.57348658894324" lon="9.290317601175202"><ele>2127.1</ele></trkpt><trkpt lat="46.57348758892334" lon="9.290291601157312"><ele>2127.2</ele></trkpt><trkpt lat="46.57345458874617" lon="9.290120600993413"><ele>2128.1</ele></trkpt><trkpt lat="46.57344658888467" lon="9.290055601130982"><ele>2127.4</ele></trkpt><trkpt lat="46.57342958904331" lon="9.290002601287206"><ele>2126.6</ele></trkpt><trkpt lat="46.57341158920206" lon="9.289949601443434"><ele>2125.8</ele></trkpt><trkpt lat="46.57340458937997" lon="9.28987160162"><ele>2124.9</ele></trkpt><trkpt lat="46.573396589380145" lon="9.289818601622692"><ele>2124.9</ele></trkpt><trkpt lat="46.57342458939844" lon="9.289715601646765"><ele>2124.8</ele></trkpt><trkpt lat="46.573417589358954" lon="9.289636601612381"><ele>2125.0</ele></trkpt><trkpt lat="46.57340958931943" lon="9.28954560157859"><ele>2125.2</ele></trkpt><trkpt lat="46.573410589220245" lon="9.289467601486553"><ele>2125.7</ele></trkpt><trkpt lat="46.57342058910116" lon="9.28944160137268"><ele>2126.3</ele></trkpt><trkpt lat="46.57342158912052" lon="9.289336601397068"><ele>2126.2</ele></trkpt><trkpt lat="46.573441589257904" lon="9.289259601534997"><ele>2125.5</ele></trkpt><trkpt lat="46.57346958939495" lon="9.289181601672912"><ele>2124.8</ele></trkpt><trkpt lat="46.57347958947337" lon="9.289104601753381"><ele>2124.4</ele></trkpt><trkpt lat="46.573490589690124" lon="9.289000601969432"><ele>2123.3</ele></trkpt><trkpt lat="46.57348258959139" lon="9.288947601876222"><ele>2123.8</ele></trkpt><trkpt lat="46.573465589591805" lon="9.288868601880274"><ele>2123.8</ele></trkpt><trkpt lat="46.57347658967" lon="9.288725601963993"><ele>2123.4</ele></trkpt><trkpt lat="46.57348758959019" lon="9.288634601891703"><ele>2123.8</ele></trkpt><trkpt lat="46.57351558949001" lon="9.288570601798767"><ele>2124.3</ele></trkpt><trkpt lat="46.57352558943002" lon="9.288492601745025"><ele>2124.6</ele></trkpt><trkpt lat="46.573517589351006" lon="9.288413601672293"><ele>2125.0</ele></trkpt><trkpt lat="46.57352858931084" lon="9.288348601637079"><ele>2125.2</ele></trkpt><trkpt lat="46.57355758911146" lon="9.288193601452761"><ele>2126.2</ele></trkpt><trkpt lat="46.57356758901196" lon="9.28811560136067"><ele>2126.7</ele></trkpt><trkpt lat="46.5735785889123" lon="9.28801160126986"><ele>2127.2</ele></trkpt><trkpt lat="46.57357958885275" lon="9.287959601214906"><ele>2127.5</ele></trkpt><trkpt lat="46.57357158879348" lon="9.287867601162006"><ele>2127.8</ele></trkpt><trkpt lat="46.57357258875375" lon="9.287815601126225"><ele>2128.0</ele></trkpt><trkpt lat="46.573573588713934" lon="9.287750601091092"><ele>2128.2</ele></trkpt><trkpt lat="46.57363258845357" lon="9.287439600856805"><ele>2129.5</ele></trkpt><trkpt lat="46.57368158827295" lon="9.28721860069483"><ele>2130.4</ele></trkpt><trkpt lat="46.573746588131506" lon="9.287064600567758"><ele>2131.1</ele></trkpt><trkpt lat="46.573775588031125" lon="9.286948600477427"><ele>2131.6</ele></trkpt><trkpt lat="46.573786587892016" lon="9.286870600347005"><ele>2132.3</ele></trkpt><trkpt lat="46.573796587832035" lon="9.286792600293285"><ele>2132.6</ele></trkpt><trkpt lat="46.57382658765235" lon="9.286623600128896"><ele>2133.5</ele></trkpt><trkpt lat="46.57385458755209" lon="9.286533600037295"><ele>2134.0</ele></trkpt><trkpt lat="46.57384658745327" lon="9.286454599945424"><ele>2134.5</ele></trkpt><trkpt lat="46.573857587353714" lon="9.286376599853357"><ele>2135.0</ele></trkpt><trkpt lat="46.57384158721544" lon="9.286219599727099"><ele>2135.7</ele></trkpt><trkpt lat="46.57385358709579" lon="9.286050599620397"><ele>2136.3</ele></trkpt><trkpt lat="46.57388358687641" lon="9.285842599419647"><ele>2137.4</ele></trkpt><trkpt lat="46.57389458675688" lon="9.285699599311661"><ele>2138.0</ele></trkpt><trkpt lat="46.57392358657739" lon="9.285596599144029"><ele>2138.9</ele></trkpt><trkpt lat="46.57394258653686" lon="9.285518599109439"><ele>2139.1</ele></trkpt><trkpt lat="46.573935586418216" lon="9.285440598998358"><ele>2139.7</ele></trkpt><trkpt lat="46.57393658633888" lon="9.285374598924964"><ele>2140.1</ele></trkpt><trkpt lat="46.573946586180064" lon="9.285296598775416"><ele>2140.9</ele></trkpt><trkpt lat="46.573965586179185" lon="9.285258598777169"><ele>2140.9</ele></trkpt><trkpt lat="46.573956586120104" lon="9.285218598721729"><ele>2141.2</ele></trkpt><trkpt lat="46.57395058602096" lon="9.285075598633071"><ele>2141.7</ele></trkpt><trkpt lat="46.57397758599996" lon="9.285023598616293"><ele>2141.8</ele></trkpt><trkpt lat="46.57397958586114" lon="9.284919598487285"><ele>2142.5</ele></trkpt><trkpt lat="46.57399858582073" lon="9.284881598450697"><ele>2142.7</ele></trkpt><trkpt lat="46.574017585760494" lon="9.284829598395643"><ele>2143.0</ele></trkpt><trkpt lat="46.57408158559945" lon="9.284727598246889"><ele>2143.8</ele></trkpt><trkpt lat="46.57410058549966" lon="9.284675598153493"><ele>2144.3</ele></trkpt><trkpt lat="46.574110585241996" lon="9.284610597907463"><ele>2145.6</ele></trkpt><trkpt lat="46.57410258508399" lon="9.284571597756132"><ele>2146.4</ele></trkpt><trkpt lat="46.57411158498467" lon="9.284545597661513"><ele>2146.9</ele></trkpt><trkpt lat="46.574121584746926" lon="9.28451959743271"><ele>2148.1</ele></trkpt><trkpt lat="46.57412158452928" lon="9.284480597223801"><ele>2149.2</ele></trkpt><trkpt lat="46.57412258425224" lon="9.284428596958039"><ele>2150.6</ele></trkpt><trkpt lat="46.57413258415283" lon="9.284389596864074"><ele>2151.1</ele></trkpt><trkpt lat="46.57414258413234" lon="9.284298596849396"><ele>2151.2</ele></trkpt><trkpt lat="46.574152584131895" lon="9.284273596850573"><ele>2151.2</ele></trkpt><trkpt lat="46.57415258399333" lon="9.284233596718403"><ele>2151.9</ele></trkpt><trkpt lat="46.574171584111" lon="9.284169596836486"><ele>2151.3</ele></trkpt><trkpt lat="46.574199584090024" lon="9.284131596819002"><ele>2151.4</ele></trkpt><trkpt lat="46.57422758397005" lon="9.284066596707044"><ele>2152.0</ele></trkpt><trkpt lat="46.57425658361243" lon="9.283911596369588"><ele>2153.8</ele></trkpt><trkpt lat="46.57425858339465" lon="9.283846596161993"><ele>2154.9</ele></trkpt><trkpt lat="46.57424958321689" lon="9.283806595991567"><ele>2155.8</ele></trkpt><trkpt lat="46.57425058311788" lon="9.283767595897686"><ele>2156.3</ele></trkpt><trkpt lat="46.57425958303838" lon="9.283754595821598"><ele>2156.7</ele></trkpt><trkpt lat="46.57426958299827" lon="9.283716595785098"><ele>2156.9</ele></trkpt><trkpt lat="46.57426958287952" lon="9.283676595672114"><ele>2157.5</ele></trkpt><trkpt lat="46.574288582858806" lon="9.28362559565536"><ele>2157.6</ele></trkpt><trkpt lat="46.57429858291765" lon="9.283599595714097"><ele>2157.3</ele></trkpt><trkpt lat="46.57430858265994" lon="9.28352159546878"><ele>2158.6</ele></trkpt><trkpt lat="46.574346582974286" lon="9.283353595783614"><ele>2157.0</ele></trkpt><trkpt lat="46.57434858293437" lon="9.283288595748543"><ele>2157.2</ele></trkpt><trkpt lat="46.574330582816316" lon="9.283248595635703"><ele>2157.8</ele></trkpt><trkpt lat="46.57433158285563" lon="9.283183595677304"><ele>2157.6</ele></trkpt><trkpt lat="46.57436058311115" lon="9.28306659593213"><ele>2156.3</ele></trkpt><trkpt lat="46.57436158305162" lon="9.283014595877242"><ele>2156.6</ele></trkpt><trkpt lat="46.57436158305162" lon="9.283014595877242"><ele>2156.6</ele></trkpt><trkpt lat="46.574461583047466" lon="9.28297859587827"><ele>2156.6</ele></trkpt><trkpt lat="46.574461583047466" lon="9.28297859587827"><ele>2156.6</ele></trkpt><trkpt lat="46.574488583184795" lon="9.28296659601282"><ele>2155.9</ele></trkpt><trkpt lat="46.574525583064535" lon="9.282915595900105"><ele>2156.5</ele></trkpt><trkpt lat="46.57454358286595" lon="9.28287759571022"><ele>2157.5</ele></trkpt><trkpt lat="46.57455358272695" lon="9.282825595578611"><ele>2158.2</ele></trkpt><trkpt lat="46.57455458260815" lon="9.282786595465575"><ele>2158.8</ele></trkpt><trkpt lat="46.5745455825095" lon="9.282746595371835"><ele>2159.3</ele></trkpt><trkpt lat="46.57456458235039" lon="9.282708595220281"><ele>2160.1</ele></trkpt><trkpt lat="46.57457458217184" lon="9.282643595050999"><ele>2161.0</ele></trkpt><trkpt lat="46.574592582072164" lon="9.282617594956342"><ele>2161.5</ele></trkpt><trkpt lat="46.574592582072164" lon="9.282617594956342"><ele>2161.5</ele></trkpt><trkpt lat="46.5745845819932" lon="9.282578594881715"><ele>2161.9</ele></trkpt><trkpt lat="46.574585581854606" lon="9.282526594750186"><ele>2162.6</ele></trkpt><trkpt lat="46.5745675817365" lon="9.282486594637357"><ele>2163.2</ele></trkpt><trkpt lat="46.57455158151945" lon="9.28242059443001"><ele>2164.3</ele></trkpt><trkpt lat="46.57454358136131" lon="9.282342594280703"><ele>2165.1</ele></trkpt><trkpt lat="46.57451758124348" lon="9.282263594169923"><ele>2165.7</ele></trkpt><trkpt lat="46.574527581084745" lon="9.282224594018507"><ele>2166.5</ele></trkpt><trkpt lat="46.57453758088634" lon="9.282159593830077"><ele>2167.5</ele></trkpt><trkpt lat="46.574537580767625" lon="9.282133593716411"><ele>2168.1</ele></trkpt><trkpt lat="46.57452058078794" lon="9.28209359373774"><ele>2168.0</ele></trkpt><trkpt lat="46.57451258080791" lon="9.28205459375894"><ele>2167.9</ele></trkpt><trkpt lat="46.57450358064988" lon="9.28200159360839"><ele>2168.7</ele></trkpt><trkpt lat="46.57451358053062" lon="9.28193659349662"><ele>2169.3</ele></trkpt><trkpt lat="46.57452458045082" lon="9.281858593423836"><ele>2169.7</ele></trkpt><trkpt lat="46.57452558025275" lon="9.281767593236813"><ele>2170.7</ele></trkpt><trkpt lat="46.57453558027196" lon="9.28171559325853"><ele>2170.6</ele></trkpt><trkpt lat="46.574536580232184" lon="9.281676593222176"><ele>2170.8</ele></trkpt><trkpt lat="46.57451858023286" lon="9.28164959322369"><ele>2170.8</ele></trkpt><trkpt lat="46.57450158017404" lon="9.281597593168973"><ele>2171.1</ele></trkpt><trkpt lat="46.57451058011426" lon="9.281571593112734"><ele>2171.4</ele></trkpt><trkpt lat="46.574520580074186" lon="9.281545593075649"><ele>2171.6</ele></trkpt><trkpt lat="46.57452157993549" lon="9.281467592945468"><ele>2172.3</ele></trkpt><trkpt lat="46.57452257977702" lon="9.281389592796122"><ele>2173.1</ele></trkpt><trkpt lat="46.57447157948193" lon="9.281243592516514"><ele>2174.6</ele></trkpt><trkpt lat="46.57454457894475" lon="9.281141592003761"><ele>2177.3</ele></trkpt><trkpt lat="46.57458957860674" lon="9.28113059167822"><ele>2179.0</ele></trkpt><trkpt lat="46.574626578268926" lon="9.281079591354786"><ele>2180.7</ele></trkpt><trkpt lat="46.57463857785266" lon="9.280936590959596"><ele>2182.8</ele></trkpt><trkpt lat="46.57461157779429" lon="9.280896590904376"><ele>2183.1</ele></trkpt><trkpt lat="46.57460357779446" lon="9.280843590907141"><ele>2183.1</ele></trkpt><trkpt lat="46.57457757773607" lon="9.280816590851241"><ele>2183.4</ele></trkpt><trkpt lat="46.57455157757863" lon="9.280737590702197"><ele>2184.2</ele></trkpt><trkpt lat="46.574543577479986" lon="9.280685590609119"><ele>2184.7</ele></trkpt><trkpt lat="46.57454457722258" lon="9.28060659036406"><ele>2186.0</ele></trkpt><trkpt lat="46.57453657704475" lon="9.280554590194342"><ele>2186.9</ele></trkpt><trkpt lat="46.574520576827425" lon="9.280423589990411"><ele>2188.0</ele></trkpt><trkpt lat="46.57450357672899" lon="9.280357589898124"><ele>2188.5</ele></trkpt><trkpt lat="46.57447757663104" lon="9.280304589805244"><ele>2189.0</ele></trkpt><trkpt lat="46.57446957641369" lon="9.28025258959722"><ele>2190.1</ele></trkpt><trkpt lat="46.57446157617643" lon="9.280186589370752"><ele>2191.3</ele></trkpt><trkpt lat="46.57447157587913" lon="9.280095589087956"><ele>2192.8</ele></trkpt><trkpt lat="46.57448257554222" lon="9.28000458876683"><ele>2194.5</ele></trkpt><trkpt lat="46.57446457544391" lon="9.27996458867324"><ele>2195.0</ele></trkpt><trkpt lat="46.57445657536503" lon="9.279938588598002"><ele>2195.4</ele></trkpt><trkpt lat="46.574466575127225" lon="9.279886588370694"><ele>2196.6</ele></trkpt><trkpt lat="46.57444957502883" lon="9.279833588277755"><ele>2197.1</ele></trkpt><trkpt lat="46.57443157493054" lon="9.279794588184117"><ele>2197.6</ele></trkpt><trkpt lat="46.57441457485208" lon="9.279767588109005"><ele>2198.0</ele></trkpt><trkpt lat="46.57441457483218" lon="9.279741588091184"><ele>2198.1</ele></trkpt><trkpt lat="46.57444257467265" lon="9.279676587941037"><ele>2198.9</ele></trkpt><trkpt lat="46.574442574613286" lon="9.279663587884237"><ele>2199.2</ele></trkpt><trkpt lat="46.57442557449526" lon="9.27963758777076"><ele>2199.8</ele></trkpt><trkpt lat="46.57442657435655" lon="9.279559587640659"><ele>2200.5</ele></trkpt><trkpt lat="46.57442757417834" lon="9.279506587470966"><ele>2201.4</ele></trkpt><trkpt lat="46.57442857401987" lon="9.279454587320375"><ele>2202.2</ele></trkpt><trkpt lat="46.57442857401983" lon="9.279428587321712"><ele>2202.2</ele></trkpt><trkpt lat="46.574411574000635" lon="9.279401587304077"><ele>2202.3</ele></trkpt><trkpt lat="46.57440257394156" lon="9.279362587248688"><ele>2202.6</ele></trkpt><trkpt lat="46.57439457372408" lon="9.2792835870421"><ele>2203.7</ele></trkpt><trkpt lat="46.57440457372354" lon="9.279245587043976"><ele>2203.7</ele></trkpt><trkpt lat="46.574396573486425" lon="9.279192586816889"><ele>2204.9</ele></trkpt><trkpt lat="46.57440657322874" lon="9.279127586571128"><ele>2206.2</ele></trkpt><trkpt lat="46.57441657305017" lon="9.279088586400654"><ele>2207.1</ele></trkpt><trkpt lat="46.5744165729908" lon="9.279062586344526"><ele>2207.4</ele></trkpt><trkpt lat="46.57440757295151" lon="9.279036586307624"><ele>2207.6</ele></trkpt><trkpt lat="46.57440857281291" lon="9.278997586175539"><ele>2208.3</ele></trkpt><trkpt lat="46.57440957261497" lon="9.278945585986653"><ele>2209.3</ele></trkpt><trkpt lat="46.57441157229807" lon="9.278827585686246"><ele>2210.9</ele></trkpt><trkpt lat="46.57442257160504" lon="9.278684585023107"><ele>2214.4</ele></trkpt><trkpt lat="46.574424571209086" lon="9.278567584646055"><ele>2216.4</ele></trkpt><trkpt lat="46.57444457077288" lon="9.278463584229877"><ele>2218.6</ele></trkpt><trkpt lat="46.57446357055439" lon="9.278412584021671"><ele>2219.7</ele></trkpt><trkpt lat="46.57447257039582" lon="9.278399583869033"><ele>2220.5</ele></trkpt><trkpt lat="46.57449057009829" lon="9.278360583583598"><ele>2222.0</ele></trkpt><trkpt lat="46.57449156982116" lon="9.278295583318803"><ele>2223.4</ele></trkpt><trkpt lat="46.57448356972246" lon="9.278243583225805"><ele>2223.9</ele></trkpt><trkpt lat="46.574475569544596" lon="9.278190583056238"><ele>2224.8</ele></trkpt><trkpt lat="46.57446756944595" lon="9.278151582962561"><ele>2225.3</ele></trkpt><trkpt lat="46.5744675693865" lon="9.278112582907125"><ele>2225.6</ele></trkpt><trkpt lat="46.57444156918961" lon="9.278045582719287"><ele>2226.6</ele></trkpt><trkpt lat="46.57443456897206" lon="9.277967582512716"><ele>2227.7</ele></trkpt><trkpt lat="46.574426568596415" lon="9.277888582152986"><ele>2229.6</ele></trkpt><trkpt lat="46.57441756847807" lon="9.277862582039496"><ele>2230.2</ele></trkpt><trkpt lat="46.57443656835852" lon="9.277836581925776"><ele>2230.8</ele></trkpt><trkpt lat="46.57445456821932" lon="9.277824581792183"><ele>2231.5</ele></trkpt><trkpt lat="46.574464568119915" lon="9.277785581698375"><ele>2232.0</ele></trkpt><trkpt lat="46.57444756798198" lon="9.277719581567887"><ele>2232.7</ele></trkpt><trkpt lat="46.57444856798159" lon="9.277615581573308"><ele>2232.7</ele></trkpt><trkpt lat="46.574440567922494" lon="9.277589581517267"><ele>2233.0</ele></trkpt><trkpt lat="46.574413567883994" lon="9.277575581479919"><ele>2233.2</ele></trkpt><trkpt lat="46.57440456776563" lon="9.277548581366485"><ele>2233.8</ele></trkpt><trkpt lat="46.574343567510745" lon="9.277455581122863"><ele>2235.1</ele></trkpt><trkpt lat="46.57432556755102" lon="9.277454581161361"><ele>2234.9</ele></trkpt><trkpt lat="46.57429056747323" lon="9.277401581087808"><ele>2235.3</ele></trkpt><trkpt lat="46.57427356741445" lon="9.277361581032581"><ele>2235.6</ele></trkpt><trkpt lat="46.57426456723668" lon="9.277309580863008"><ele>2236.5</ele></trkpt><trkpt lat="46.57422956704024" lon="9.27726858067392"><ele>2237.5</ele></trkpt><trkpt lat="46.57421256676391" lon="9.277203580409337"><ele>2238.9</ele></trkpt><trkpt lat="46.574195566487575" lon="9.277150580144134"><ele>2240.3</ele></trkpt><trkpt lat="46.57417856631015" lon="9.277110579974"><ele>2241.2</ele></trkpt><trkpt lat="46.57416956601374" lon="9.27705857968954"><ele>2242.7</ele></trkpt><trkpt lat="46.5741615657766" lon="9.277005579462571"><ele>2243.9</ele></trkpt><trkpt lat="46.57414456561898" lon="9.276952579312283"><ele>2244.7</ele></trkpt><trkpt lat="46.57415456549976" lon="9.276927579198606"><ele>2245.3</ele></trkpt><trkpt lat="46.5741725653804" lon="9.276927579083555"><ele>2245.9</ele></trkpt><trkpt lat="46.574207565181304" lon="9.276954578890344"><ele>2246.9</ele></trkpt><trkpt lat="46.57426956494156" lon="9.276996578657819"><ele>2248.1</ele></trkpt><trkpt lat="46.57427856488184" lon="9.276996578600292"><ele>2248.4</ele></trkpt><trkpt lat="46.57429756468322" lon="9.276958578410628"><ele>2249.4</ele></trkpt><trkpt lat="46.57428956452513" lon="9.276905578260276"><ele>2250.2</ele></trkpt><trkpt lat="46.57429956436644" lon="9.276866578109038"><ele>2251.0</ele></trkpt><trkpt lat="46.57430856424732" lon="9.276840577995431"><ele>2251.6</ele></trkpt><trkpt lat="46.57431756418758" lon="9.276828577938538"><ele>2251.9</ele></trkpt><trkpt lat="46.574309564128505" lon="9.276801577882575"><ele>2252.2</ele></trkpt><trkpt lat="46.574300564109066" lon="9.276788577864181"><ele>2252.3</ele></trkpt><trkpt lat="46.5742925640301" lon="9.276736577790384"><ele>2252.7</ele></trkpt><trkpt lat="46.57429256395084" lon="9.276696577715889"><ele>2253.1</ele></trkpt><trkpt lat="46.57432056381119" lon="9.276671577582928"><ele>2253.8</ele></trkpt><trkpt lat="46.574363563473554" lon="9.276764577252115"><ele>2255.5</ele></trkpt><trkpt lat="46.57441656321458" lon="9.276844576998505"><ele>2256.8</ele></trkpt><trkpt lat="46.57446156303475" lon="9.27685957682499"><ele>2257.7</ele></trkpt><trkpt lat="46.574478562915566" lon="9.276911576707203"><ele>2258.3</ele></trkpt><trkpt lat="46.57449556287548" lon="9.276951576666649"><ele>2258.5</ele></trkpt><trkpt lat="46.574513562775834" lon="9.276965576570005"><ele>2259.0</ele></trkpt><trkpt lat="46.5745755624175" lon="9.277006576222613"><ele>2260.8</ele></trkpt><trkpt lat="46.574602562218715" lon="9.277033576029455"><ele>2261.8</ele></trkpt><trkpt lat="46.57462056209929" lon="9.277034575914348"><ele>2262.4</ele></trkpt><trkpt lat="46.5746295619208" lon="9.276995575743978"><ele>2263.3</ele></trkpt><trkpt lat="46.57462156176282" lon="9.276955575592956"><ele>2264.1</ele></trkpt><trkpt lat="46.57461356162455" lon="9.276903575461722"><ele>2264.8</ele></trkpt><trkpt lat="46.57461456150574" lon="9.276864575348872"><ele>2265.4</ele></trkpt><trkpt lat="46.574623561406284" lon="9.276812575255802"><ele>2265.9</ele></trkpt><trkpt lat="46.57462456132699" lon="9.276773575181254"><ele>2266.3</ele></trkpt><trkpt lat="46.57464456108834" lon="9.276617574959555"><ele>2267.5</ele></trkpt><trkpt lat="46.574663561047885" lon="9.276592574922423"><ele>2267.7</ele></trkpt><trkpt lat="46.57469056098733" lon="9.27656657486613"><ele>2268.0</ele></trkpt><trkpt lat="46.57474556082664" lon="9.27651657471513"><ele>2268.8</ele></trkpt><trkpt lat="46.574856560465484" lon="9.276350574378329"><ele>2270.6</ele></trkpt><trkpt lat="46.57488456032566" lon="9.276299574246758"><ele>2271.3</ele></trkpt><trkpt lat="46.57489456014703" lon="9.276221574078477"><ele>2272.2</ele></trkpt><trkpt lat="46.57489755949372" lon="9.276051573455575"><ele>2275.5</ele></trkpt><trkpt lat="46.5749165590773" lon="9.275961573058087"><ele>2277.6</ele></trkpt><trkpt lat="46.57494455887816" lon="9.275910572869089"><ele>2278.6</ele></trkpt><trkpt lat="46.57493655872007" lon="9.275831572720177"><ele>2279.4</ele></trkpt><trkpt lat="46.57493755842314" lon="9.27575357243711"><ele>2280.9</ele></trkpt><trkpt lat="46.574932557769976" lon="9.275544571816429"><ele>2284.2</ele></trkpt><trkpt lat="46.57490755739479" lon="9.275399571460586"><ele>2286.1</ele></trkpt><trkpt lat="46.574908557256094" lon="9.275347571329329"><ele>2286.8</ele></trkpt><trkpt lat="46.57492755701769" lon="9.275257571104227"><ele>2288.0</ele></trkpt><trkpt lat="46.57492855691857" lon="9.275204571011322"><ele>2288.5</ele></trkpt><trkpt lat="46.57492155678019" lon="9.275126570881529"><ele>2289.2</ele></trkpt><trkpt lat="46.57490355672151" lon="9.275099570825686"><ele>2289.5</ele></trkpt><trkpt lat="46.57489455650431" lon="9.275073570616543"><ele>2290.6</ele></trkpt><trkpt lat="46.5749045561081" lon="9.27500857023702"><ele>2292.6</ele></trkpt><trkpt lat="46.57486955571389" lon="9.274954569857288"><ele>2294.6</ele></trkpt><trkpt lat="46.57482655518133" lon="9.274823569347745"><ele>2297.3</ele></trkpt><trkpt lat="46.5748005550835" lon="9.274809569252984"><ele>2297.8</ele></trkpt><trkpt lat="46.574764554946476" lon="9.274781569120771"><ele>2298.5</ele></trkpt><trkpt lat="46.57475655474896" lon="9.274742568931483"><ele>2299.5</ele></trkpt><trkpt lat="46.57476555453088" lon="9.274703568722906"><ele>2300.6</ele></trkpt><trkpt lat="46.57476655441204" lon="9.274651568610823"><ele>2301.2</ele></trkpt><trkpt lat="46.574758554313284" lon="9.274598568518018"><ele>2301.7</ele></trkpt><trkpt lat="46.57473255421539" lon="9.274558568424661"><ele>2302.2</ele></trkpt><trkpt lat="46.574696554197125" lon="9.274557568405877"><ele>2302.3</ele></trkpt><trkpt lat="46.57466955413887" lon="9.27453056835012"><ele>2302.6</ele></trkpt><trkpt lat="46.57465455372374" lon="9.27438656795597"><ele>2304.7</ele></trkpt><trkpt lat="46.57465755328782" lon="9.274190567545334"><ele>2306.9</ele></trkpt><trkpt lat="46.574650552991066" lon="9.274060567265254"><ele>2308.4</ele></trkpt><trkpt lat="46.57466055287178" lon="9.274008567153114"><ele>2309.0</ele></trkpt><trkpt lat="46.57466055275299" lon="9.27396956704036"><ele>2309.6</ele></trkpt><trkpt lat="46.57464555241696" lon="9.273825566722836"><ele>2311.3</ele></trkpt><trkpt lat="46.57464655227821" lon="9.273746566593093"><ele>2312.0</ele></trkpt><trkpt lat="46.57466555213876" lon="9.273695566461694"><ele>2312.7</ele></trkpt><trkpt lat="46.574684551979566" lon="9.273643566311211"><ele>2313.5</ele></trkpt><trkpt lat="46.57469455186012" lon="9.273539566201896"><ele>2314.1</ele></trkpt><trkpt lat="46.57472355179921" lon="9.273449566149093"><ele>2314.4</ele></trkpt><trkpt lat="46.57472455171973" lon="9.273358566077444"><ele>2314.8</ele></trkpt><trkpt lat="46.57475355152038" lon="9.273254565891419"><ele>2315.8</ele></trkpt><trkpt lat="46.574753551441184" lon="9.273228565816257"><ele>2316.2</ele></trkpt><trkpt lat="46.57476355134176" lon="9.273189565722577"><ele>2316.7</ele></trkpt><trkpt lat="46.57476455122282" lon="9.27312456561124"><ele>2317.3</ele></trkpt><trkpt lat="46.57474755102557" lon="9.273071565422846"><ele>2318.3</ele></trkpt><trkpt lat="46.57473155039286" lon="9.272901564819687"><ele>2321.5</ele></trkpt><trkpt lat="46.57471555011641" lon="9.272809564556852"><ele>2322.9</ele></trkpt><trkpt lat="46.57471654991835" lon="9.272757564368261"><ele>2323.9</ele></trkpt><trkpt lat="46.574673549524185" lon="9.272599563994413"><ele>2325.9</ele></trkpt><trkpt lat="46.57465754924767" lon="9.272507563731594"><ele>2327.3</ele></trkpt><trkpt lat="46.57465854901" lon="9.272416563506864"><ele>2328.5</ele></trkpt><trkpt lat="46.5746605487721" lon="9.272286563284256"><ele>2329.7</ele></trkpt><trkpt lat="46.57468054863254" lon="9.27220856315436"><ele>2330.4</ele></trkpt><trkpt lat="46.57469054851322" lon="9.272130563043696"><ele>2331.0</ele></trkpt><trkpt lat="46.57470054835423" lon="9.272039562895465"><ele>2331.8</ele></trkpt><trkpt lat="46.5747025482945" lon="9.271961562842282"><ele>2332.1</ele></trkpt><trkpt lat="46.57472154823401" lon="9.271857562790384"><ele>2332.4</ele></trkpt><trkpt lat="46.57473154815434" lon="9.27181856271587"><ele>2332.8</ele></trkpt><trkpt lat="46.574768548033845" lon="9.27174156260493"><ele>2333.4</ele></trkpt><trkpt lat="46.57476954793473" lon="9.27170256251136"><ele>2333.9</ele></trkpt><trkpt lat="46.5747785477563" lon="9.271676562340463"><ele>2334.8</ele></trkpt><trkpt lat="46.574770547341075" lon="9.271598561942902"><ele>2336.9</ele></trkpt><trkpt lat="46.574762547123676" lon="9.271545561735351"><ele>2338.0</ele></trkpt><trkpt lat="46.57476354686632" lon="9.271480561490113"><ele>2339.3</ele></trkpt><trkpt lat="46.57474654657017" lon="9.271414561206809"><ele>2340.8</ele></trkpt><trkpt lat="46.57473954629329" lon="9.271323560943936"><ele>2342.2</ele></trkpt><trkpt lat="46.57474954607515" lon="9.271271560736194"><ele>2343.3</ele></trkpt><trkpt lat="46.57474954599591" lon="9.271232560661788"><ele>2343.7</ele></trkpt><trkpt lat="46.574741545877494" lon="9.271205560548513"><ele>2344.3</ele></trkpt><trkpt lat="46.57471554566081" lon="9.271126560342566"><ele>2345.4</ele></trkpt><trkpt lat="46.57471754538346" lon="9.271009560081065"><ele>2346.8</ele></trkpt><trkpt lat="46.57471854512609" lon="9.270944559835852"><ele>2348.1</ele></trkpt><trkpt lat="46.57471954496759" lon="9.270878559686384"><ele>2348.9</ele></trkpt><trkpt lat="46.574694544731024" lon="9.270786559462023"><ele>2350.1</ele></trkpt><trkpt lat="46.5746945445924" lon="9.270734559330934"><ele>2350.8</ele></trkpt><trkpt lat="46.57471354449259" lon="9.270695559237241"><ele>2351.3</ele></trkpt><trkpt lat="46.574731544392925" lon="9.270696559141358"><ele>2351.8</ele></trkpt><trkpt lat="46.57475854427318" lon="9.270710559025543"><ele>2352.4</ele></trkpt><trkpt lat="46.57477554423299" lon="9.270750558984922"><ele>2352.6</ele></trkpt><trkpt lat="46.57483654411209" lon="9.270856558863752"><ele>2353.2</ele></trkpt><trkpt lat="46.57487254399193" lon="9.270884558747087"><ele>2353.8</ele></trkpt><trkpt lat="46.574899543872235" lon="9.270911558630553"><ele>2354.4</ele></trkpt><trkpt lat="46.57492554379208" lon="9.270938558552297"><ele>2354.8</ele></trkpt><trkpt lat="46.574960543731436" lon="9.270991558491673"><ele>2355.1</ele></trkpt><trkpt lat="46.574996543591574" lon="9.271031558355201"><ele>2355.8</ele></trkpt><trkpt lat="46.57503254341203" lon="9.271032558182617"><ele>2356.7</ele></trkpt><trkpt lat="46.57509454301383" lon="9.271035557799191"><ele>2358.7</ele></trkpt><trkpt lat="46.57515854275381" lon="9.271011557551192"><ele>2360.0</ele></trkpt><trkpt lat="46.575194542554456" lon="9.27099955736019"><ele>2361.0</ele></trkpt><trkpt lat="46.575213542395296" lon="9.270960557209092"><ele>2361.8</ele></trkpt><trkpt lat="46.57522254221671" lon="9.27090855703966"><ele>2362.7</ele></trkpt><trkpt lat="46.5752155419399" lon="9.27084355677541"><ele>2364.1</ele></trkpt><trkpt lat="46.57519054144602" lon="9.270686556305924"><ele>2366.6</ele></trkpt><trkpt lat="46.57519254103011" lon="9.27054255591204"><ele>2368.7</ele></trkpt><trkpt lat="46.57520354073268" lon="9.270464555629246"><ele>2370.2</ele></trkpt><trkpt lat="46.575212540554176" lon="9.270425555459124"><ele>2371.1</ele></trkpt><trkpt lat="46.57524954033483" lon="9.270374555251145"><ele>2372.2</ele></trkpt><trkpt lat="46.57531354011428" lon="9.270324555042887"><ele>2373.3</ele></trkpt><trkpt lat="46.57542253973342" lon="9.270237554683224"><ele>2375.2</ele></trkpt><trkpt lat="46.575450539613314" lon="9.27018555457107"><ele>2375.8</ele></trkpt><trkpt lat="46.57545153953406" lon="9.270146554496693"><ele>2376.2</ele></trkpt><trkpt lat="46.57544353941548" lon="9.27008155438557"><ele>2376.8</ele></trkpt><trkpt lat="46.575408539179385" lon="9.26998855416144"><ele>2378.0</ele></trkpt><trkpt lat="46.57538353884379" lon="9.269857553843671"><ele>2379.7</ele></trkpt><trkpt lat="46.57533953866749" lon="9.26979055367558"><ele>2380.6</ele></trkpt><trkpt lat="46.57533253848955" lon="9.269725553507069"><ele>2381.5</ele></trkpt><trkpt lat="46.57529653835256" lon="9.269684553375733"><ele>2382.2</ele></trkpt><trkpt lat="46.575279538194884" lon="9.269632553225717"><ele>2383.0</ele></trkpt><trkpt lat="46.57527253775963" lon="9.26948855281289"><ele>2385.2</ele></trkpt><trkpt lat="46.575238537444385" lon="9.269408552511534"><ele>2386.8</ele></trkpt><trkpt lat="46.575204536931075" lon="9.26923855202389"><ele>2389.4</ele></trkpt><trkpt lat="46.57520553679237" lon="9.269185551892921"><ele>2390.1</ele></trkpt><trkpt lat="46.57522453665285" lon="9.269108551763145"><ele>2390.8</ele></trkpt><trkpt lat="46.57523553649388" lon="9.269043551613631"><ele>2391.6</ele></trkpt><trkpt lat="46.57528053637312" lon="9.269005551500586"><ele>2392.2</ele></trkpt><trkpt lat="46.575352536211625" lon="9.268995551347464"><ele>2393.0</ele></trkpt><trkpt lat="46.57539853613041" lon="9.26897055127194"><ele>2393.4</ele></trkpt><trkpt lat="46.57544453602926" lon="9.268906551179473"><ele>2393.9</ele></trkpt><trkpt lat="46.57548953588863" lon="9.268856551047964"><ele>2394.6</ele></trkpt><trkpt lat="46.57553553568863" lon="9.268805550859112"><ele>2395.6</ele></trkpt><trkpt lat="46.5755815355085" lon="9.26876855068861"><ele>2396.5</ele></trkpt><trkpt lat="46.575644535208916" lon="9.268731550403169"><ele>2398.0</ele></trkpt><trkpt lat="46.57568153496975" lon="9.268693550175412"><ele>2399.2</ele></trkpt><trkpt lat="46.57569153483074" lon="9.268654550043605"><ele>2399.9</ele></trkpt><trkpt lat="46.57571853471078" lon="9.268629549929987"><ele>2400.5</ele></trkpt><trkpt lat="46.57573753457135" lon="9.268590549798096"><ele>2401.2</ele></trkpt><trkpt lat="46.575755534412195" lon="9.268552549647035"><ele>2402.0</ele></trkpt><trkpt lat="46.57578353425262" lon="9.268526549495208"><ele>2402.8</ele></trkpt><trkpt lat="46.57582853401324" lon="9.26851554926587"><ele>2404.0</ele></trkpt><trkpt lat="46.57590053361436" lon="9.268478548884719"><ele>2406.0</ele></trkpt><trkpt lat="46.5759285333361" lon="9.268440548618791"><ele>2407.4</ele></trkpt><trkpt lat="46.57594653321655" lon="9.26841554850526"><ele>2408.0</ele></trkpt><trkpt lat="46.57595653303788" lon="9.268363548335937"><ele>2408.9</ele></trkpt><trkpt lat="46.5759935326998" lon="9.26831254801328"><ele>2410.6</ele></trkpt><trkpt lat="46.57602153246109" lon="9.268274547785621"><ele>2411.8</ele></trkpt><trkpt lat="46.576057532202285" lon="9.268249547538032"><ele>2413.1</ele></trkpt><trkpt lat="46.57606753204343" lon="9.268197547387846"><ele>2413.9</ele></trkpt><trkpt lat="46.576068531805845" lon="9.26814554716122"><ele>2415.1</ele></trkpt><trkpt lat="46.576104531586516" lon="9.268107546952626"><ele>2416.2</ele></trkpt><trkpt lat="46.57611453140786" lon="9.26805554678332"><ele>2417.1</ele></trkpt><trkpt lat="46.57611653120971" lon="9.267977546596422"><ele>2418.1</ele></trkpt><trkpt lat="46.576100530379065" lon="9.26779354580358"><ele>2422.3</ele></trkpt><trkpt lat="46.57608453016195" lon="9.267728545596988"><ele>2423.4</ele></trkpt><trkpt lat="46.57609452994376" lon="9.26766354539018"><ele>2424.5</ele></trkpt><trkpt lat="46.5761215297051" lon="9.267638545161825"><ele>2425.7</ele></trkpt><trkpt lat="46.57618452936594" lon="9.26761454483745"><ele>2427.4</ele></trkpt><trkpt lat="46.57619452922689" lon="9.267575544705684"><ele>2428.1</ele></trkpt><trkpt lat="46.57615452817932" lon="9.26728654370871"><ele>2433.4</ele></trkpt><trkpt lat="46.57613752790291" lon="9.267208543445527"><ele>2434.8</ele></trkpt><trkpt lat="46.576120527567156" lon="9.267129543125021"><ele>2436.5</ele></trkpt><trkpt lat="46.576121527191034" lon="9.267050542766109"><ele>2438.4</ele></trkpt><trkpt lat="46.57609752667734" lon="9.266906542277257"><ele>2441.0</ele></trkpt><trkpt lat="46.576062526342284" lon="9.266800541958476"><ele>2442.7</ele></trkpt><trkpt lat="46.57607252622301" lon="9.266762541845806"><ele>2443.3</ele></trkpt><trkpt lat="46.57609952604369" lon="9.266737541674866"><ele>2444.2</ele></trkpt><trkpt lat="46.57610852594437" lon="9.266737541579154"><ele>2444.7</ele></trkpt><trkpt lat="46.576135525844386" lon="9.26676454148174"><ele>2445.2</ele></trkpt><trkpt lat="46.576162525665175" lon="9.26676554130931"><ele>2446.1</ele></trkpt><trkpt lat="46.57618052554561" lon="9.266752541195139"><ele>2446.7</ele></trkpt><trkpt lat="46.57619952534685" lon="9.266714541005886"><ele>2447.7</ele></trkpt><trkpt lat="46.576209525128604" lon="9.266662540798393"><ele>2448.8</ele></trkpt><trkpt lat="46.576218525048965" lon="9.266636540723303"><ele>2449.2</ele></trkpt><trkpt lat="46.57623652494932" lon="9.266637540627457"><ele>2449.7</ele></trkpt><trkpt lat="46.57627252482911" lon="9.266664540510831"><ele>2450.3</ele></trkpt><trkpt lat="46.57630752470894" lon="9.266691540394218"><ele>2450.9</ele></trkpt><trkpt lat="46.576361524488966" lon="9.266706540182486"><ele>2452.0</ele></trkpt><trkpt lat="46.57638852434933" lon="9.26670754004831"><ele>2452.7</ele></trkpt><trkpt lat="46.5764245241696" lon="9.266682539877296"><ele>2453.6</ele></trkpt><trkpt lat="46.576461523831405" lon="9.266605539556252"><ele>2455.3</ele></trkpt><trkpt lat="46.576499523512815" lon="9.26650253925583"><ele>2456.9</ele></trkpt><trkpt lat="46.57652752325416" lon="9.266438539010629"><ele>2458.2</ele></trkpt><trkpt lat="46.576573522974904" lon="9.266374538746154"><ele>2459.6</ele></trkpt><trkpt lat="46.576619522675884" lon="9.266310538462552"><ele>2461.1</ele></trkpt><trkpt lat="46.57666652233712" lon="9.266221538142142"><ele>2462.8</ele></trkpt><trkpt lat="46.57672152199811" lon="9.266144537820967"><ele>2464.5</ele></trkpt><trkpt lat="46.576776521738196" lon="9.266081537575493"><ele>2465.8</ele></trkpt><trkpt lat="46.57680352151929" lon="9.266043537367077"><ele>2466.9</ele></trkpt><trkpt lat="46.576850521160665" lon="9.265940537028367"><ele>2468.7</ele></trkpt><trkpt lat="46.57691552092006" lon="9.26585153680345"><ele>2469.9</ele></trkpt><trkpt lat="46.57699752081696" lon="9.265736536713746"><ele>2470.4</ele></trkpt><trkpt lat="46.57718052017485" lon="9.265546536111149"><ele>2473.6</ele></trkpt><trkpt lat="46.57725351991415" lon="9.265484535865484"><ele>2474.9</ele></trkpt><trkpt lat="46.57728151987327" lon="9.265472535827682"><ele>2475.1</ele></trkpt><trkpt lat="46.577307519852376" lon="9.265485535807569"><ele>2475.2</ele></trkpt><trkpt lat="46.57735351971167" lon="9.265461535674689"><ele>2475.9</ele></trkpt><trkpt lat="46.57739851961048" lon="9.265410535581628"><ele>2476.4</ele></trkpt><trkpt lat="46.57742751954962" lon="9.265346535527705"><ele>2476.7</ele></trkpt><trkpt lat="46.57746451952789" lon="9.265282535511961"><ele>2476.8</ele></trkpt><trkpt lat="46.57753751944509" lon="9.265193535439982"><ele>2477.2</ele></trkpt><trkpt lat="46.57761951918383" lon="9.265118535195"><ele>2478.5</ele></trkpt><trkpt lat="46.577701519100735" lon="9.26505553512143"><ele>2478.9</ele></trkpt><trkpt lat="46.577720519139305" lon="9.265017535161713"><ele>2478.7</ele></trkpt><trkpt lat="46.57778451907681" lon="9.264967535106674"><ele>2479.0</ele></trkpt><trkpt lat="46.577838518915925" lon="9.264929534955415"><ele>2479.8</ele></trkpt><trkpt lat="46.577884518814734" lon="9.2648795348623"><ele>2480.3</ele></trkpt><trkpt lat="46.57791151873432" lon="9.264866534786325"><ele>2480.7</ele></trkpt><trkpt lat="46.57793851861435" lon="9.264867534671287"><ele>2481.3</ele></trkpt><trkpt lat="46.57796551857362" lon="9.26488153463199"><ele>2481.5</ele></trkpt><trkpt lat="46.578001518512615" lon="9.264870534574937"><ele>2481.8</ele></trkpt><trkpt lat="46.57819151810791" lon="9.264785534195736"><ele>2483.8</ele></trkpt><trkpt lat="46.57825551790708" lon="9.264774534004578"><ele>2484.8</ele></trkpt><trkpt lat="46.578344517764606" lon="9.264790533868995"><ele>2485.5</ele></trkpt><trkpt lat="46.578344517764606" lon="9.264790533868995"><ele>2485.5</ele></trkpt><trkpt lat="46.578442517760294" lon="9.26484553386491"><ele>2485.5</ele></trkpt><trkpt lat="46.578442517760294" lon="9.26484553386491"><ele>2485.5</ele></trkpt><trkpt lat="46.57847051781817" lon="9.264794533924993"><ele>2485.2</ele></trkpt><trkpt lat="46.578498517895866" lon="9.264756534003437"><ele>2484.8</ele></trkpt><trkpt lat="46.57850751801396" lon="9.264717534120356"><ele>2484.2</ele></trkpt><trkpt lat="46.578509518191666" lon="9.264639534296974"><ele>2483.3</ele></trkpt><trkpt lat="46.578510518408876" lon="9.264547534512644"><ele>2482.2</ele></trkpt><trkpt lat="46.57851251880388" lon="9.264404534903363"><ele>2480.2</ele></trkpt><trkpt lat="46.57854151901981" lon="9.264314535118658"><ele>2479.1</ele></trkpt><trkpt lat="46.578587519353725" lon="9.264250535447012"><ele>2477.4</ele></trkpt><trkpt lat="46.57861551962917" lon="9.26418653571816"><ele>2476.0</ele></trkpt><trkpt lat="46.57866152004231" lon="9.264122536122988"><ele>2473.9</ele></trkpt><trkpt lat="46.5786975202779" lon="9.264084536354309"><ele>2472.7</ele></trkpt><trkpt lat="46.5787235205936" lon="9.264176536654679"><ele>2471.1</ele></trkpt><trkpt lat="46.578740520790916" lon="9.264242536841918"><ele>2470.1</ele></trkpt><trkpt lat="46.57875852094835" lon="9.264243536994666"><ele>2469.3</ele></trkpt><trkpt lat="46.57877652114533" lon="9.264230537186465"><ele>2468.3</ele></trkpt><trkpt lat="46.57878552128348" lon="9.264257537318667"><ele>2467.6</ele></trkpt><trkpt lat="46.5787845213232" lon="9.26428353735542"><ele>2467.4</ele></trkpt><trkpt lat="46.57885452246805" lon="9.264442538454642"><ele>2461.6</ele></trkpt><trkpt lat="46.57888052278366" lon="9.264508538756548"><ele>2460.0</ele></trkpt><trkpt lat="46.578907522980124" lon="9.264469538949768"><ele>2459.0</ele></trkpt><trkpt lat="46.57893552311719" lon="9.264418539086307"><ele>2458.3</ele></trkpt><trkpt lat="46.57896252337313" lon="9.264419539334583"><ele>2457.0</ele></trkpt><trkpt lat="46.57897952374846" lon="9.264472539694694"><ele>2455.1</ele></trkpt><trkpt lat="46.579006524004555" lon="9.26449953994148"><ele>2453.8</ele></trkpt><trkpt lat="46.57902452420149" lon="9.264486540133285"><ele>2452.8</ele></trkpt><trkpt lat="46.579061524436966" lon="9.264409540366835"><ele>2451.6</ele></trkpt><trkpt lat="46.57909052453414" lon="9.264306540468095"><ele>2451.1</ele></trkpt><trkpt lat="46.57912752471031" lon="9.264255540642779"><ele>2450.2</ele></trkpt><trkpt lat="46.57915352488724" lon="9.264269540813833"><ele>2449.3</ele></trkpt><trkpt lat="46.57917152504481" lon="9.264296540965095"><ele>2448.5</ele></trkpt><trkpt lat="46.57917952514357" lon="9.264348541057652"><ele>2448.0</ele></trkpt><trkpt lat="46.579196525202356" lon="9.264401541111829"><ele>2447.7</ele></trkpt><trkpt lat="46.57923252526024" lon="9.26444154116658"><ele>2447.4</ele></trkpt><trkpt lat="46.57927652527822" lon="9.264495541182217"><ele>2447.3</ele></trkpt><trkpt lat="46.57930352531663" lon="9.26450954121942"><ele>2447.1</ele></trkpt><trkpt lat="46.579330525394504" lon="9.264497541296352"><ele>2446.7</ele></trkpt><trkpt lat="46.57933952559175" lon="9.264458541489724"><ele>2445.7</ele></trkpt><trkpt lat="46.57934152604623" lon="9.264328541936946"><ele>2443.4</ele></trkpt><trkpt lat="46.57933352620479" lon="9.26430154209153"><ele>2442.6</ele></trkpt><trkpt lat="46.57934252650103" lon="9.264262542380498"><ele>2441.1</ele></trkpt><trkpt lat="46.57937152693465" lon="9.264185542805304"><ele>2438.9</ele></trkpt><trkpt lat="46.57939852721036" lon="9.264160543074185"><ele>2437.5</ele></trkpt><trkpt lat="46.579417527486314" lon="9.26412154334394"><ele>2436.1</ele></trkpt><trkpt lat="46.57945352776163" lon="9.264096543612734"><ele>2434.7</ele></trkpt><trkpt lat="46.57947252809685" lon="9.264032543941275"><ele>2433.0</ele></trkpt><trkpt lat="46.57950952837207" lon="9.264007544210056"><ele>2431.6</ele></trkpt><trkpt lat="46.57953752862779" lon="9.263943544462027"><ele>2430.3</ele></trkpt><trkpt lat="46.57954752864677" lon="9.263852544486232"><ele>2430.2</ele></trkpt><trkpt lat="46.57956652868523" lon="9.263787544528002"><ele>2430.0</ele></trkpt><trkpt lat="46.57957652866477" lon="9.263722544512495"><ele>2430.1</ele></trkpt><trkpt lat="46.5796035287822" lon="9.263710544627655"><ele>2429.5</ele></trkpt><trkpt lat="46.57965052905667" lon="9.26359454490152"><ele>2428.1</ele></trkpt><trkpt lat="46.57970552929135" lon="9.263518545134794"><ele>2426.9</ele></trkpt><trkpt lat="46.57974252950716" lon="9.263480545346939"><ele>2425.8</ele></trkpt><trkpt lat="46.579761529644664" lon="9.263441545482824"><ele>2425.1</ele></trkpt><trkpt lat="46.579797529801176" lon="9.263403545637617"><ele>2424.3</ele></trkpt><trkpt lat="46.57983452993786" lon="9.263352545774023"><ele>2423.6</ele></trkpt><trkpt lat="46.57985253003588" lon="9.26332754587088"><ele>2423.1</ele></trkpt><trkpt lat="46.579880530113705" lon="9.263315545947789"><ele>2422.7</ele></trkpt><trkpt lat="46.579942530071456" lon="9.26334354590742"><ele>2422.9</ele></trkpt><trkpt lat="46.57998753012889" lon="9.263358545963529"><ele>2422.6</ele></trkpt><trkpt lat="46.58010553059828" lon="9.26330954642414"><ele>2420.2</ele></trkpt><trkpt lat="46.58013253071573" lon="9.263297546539297"><ele>2419.6</ele></trkpt><trkpt lat="46.58025953120457" lon="9.26324954701888"><ele>2417.1</ele></trkpt><trkpt lat="46.580322531439094" lon="9.26322554724912"><ele>2415.9</ele></trkpt><trkpt lat="46.58043053192882" lon="9.26319054772813"><ele>2413.4</ele></trkpt><trkpt lat="46.58051253228128" lon="9.263180548072128"><ele>2411.6</ele></trkpt><trkpt lat="46.580539532378914" lon="9.26315454816895"><ele>2411.1</ele></trkpt><trkpt lat="46.580612532711875" lon="9.26311854849537"><ele>2409.4</ele></trkpt><trkpt lat="46.580621532711476" lon="9.26311854849529"><ele>2409.4</ele></trkpt><trkpt lat="46.5806205328106" lon="9.26314454858943"><ele>2408.9</ele></trkpt><trkpt lat="46.58059253293076" lon="9.263195548701514"><ele>2408.3</ele></trkpt><trkpt lat="46.58057353320895" lon="9.263273548964955"><ele>2406.9</ele></trkpt><trkpt lat="46.580563533447034" lon="9.263338549190818"><ele>2405.7</ele></trkpt><trkpt lat="46.580553533685226" lon="9.26341654941595"><ele>2404.5</ele></trkpt><trkpt lat="46.58055153396268" lon="9.263507549678529"><ele>2403.1</ele></trkpt><trkpt lat="46.5805335340824" lon="9.263559549790482"><ele>2402.5</ele></trkpt><trkpt lat="46.580496534301936" lon="9.263623549997531"><ele>2401.4</ele></trkpt><trkpt lat="46.580486534500366" lon="9.263662550186625"><ele>2400.4</ele></trkpt><trkpt lat="46.58046753473891" lon="9.263726550412644"><ele>2399.2</ele></trkpt><trkpt lat="46.58043953493821" lon="9.263764550601959"><ele>2398.2</ele></trkpt><trkpt lat="46.580430535037586" lon="9.263790550696184"><ele>2397.7</ele></trkpt><trkpt lat="46.58044853511602" lon="9.263804550771724"><ele>2397.3</ele></trkpt><trkpt lat="46.580457535155176" lon="9.263804550809887"><ele>2397.1</ele></trkpt><trkpt lat="46.5804665351547" lon="9.26377855081127"><ele>2397.1</ele></trkpt><trkpt lat="46.58051153533076" lon="9.263767550983582"><ele>2396.2</ele></trkpt><trkpt lat="46.580539535428336" lon="9.263742551080346"><ele>2395.7</ele></trkpt><trkpt lat="46.58058453564397" lon="9.263730551290946"><ele>2394.6</ele></trkpt><trkpt lat="46.58065653593745" lon="9.263693551579207"><ele>2393.1</ele></trkpt><trkpt lat="46.58070253619263" lon="9.263682551827992"><ele>2391.8</ele></trkpt><trkpt lat="46.580729536230955" lon="9.263670551866673"><ele>2391.6</ele></trkpt><trkpt lat="46.58074853636841" lon="9.263618552003264"><ele>2390.9</ele></trkpt><trkpt lat="46.58077553646615" lon="9.2636065520993"><ele>2390.4</ele></trkpt><trkpt lat="46.58082953674065" lon="9.26358255236786"><ele>2389.0</ele></trkpt><trkpt lat="46.58086553683795" lon="9.26355755246455"><ele>2388.5</ele></trkpt><trkpt lat="46.580920537033215" lon="9.263507552658071"><ele>2387.5</ele></trkpt><trkpt lat="46.580966537288326" lon="9.263482552907629"><ele>2386.2</ele></trkpt><trkpt lat="46.581011537543425" lon="9.26343155315865"><ele>2384.9</ele></trkpt><trkpt lat="46.58104853773944" lon="9.263380553352377"><ele>2383.9</ele></trkpt><trkpt lat="46.581058537837876" lon="9.263355553449285"><ele>2383.4</ele></trkpt><trkpt lat="46.58106753793626" lon="9.26331655354698"><ele>2382.9</ele></trkpt><trkpt lat="46.581086538093594" lon="9.263277553701947"><ele>2382.1</ele></trkpt><trkpt lat="46.58109653823152" lon="9.263225553838604"><ele>2381.4</ele></trkpt><trkpt lat="46.58109653827106" lon="9.263212553877567"><ele>2381.2</ele></trkpt><trkpt lat="46.5811055383499" lon="9.263239553952461"><ele>2380.8</ele></trkpt><trkpt lat="46.581121538666146" lon="9.263331554253117"><ele>2379.2</ele></trkpt><trkpt lat="46.58112853888388" lon="9.263435554457592"><ele>2378.1</ele></trkpt><trkpt lat="46.58111853910229" lon="9.26351355466366"><ele>2377.0</ele></trkpt><trkpt lat="46.58108953947995" lon="9.263630555020697"><ele>2375.1</ele></trkpt><trkpt lat="46.5810705396987" lon="9.263694555227632"><ele>2374.0</ele></trkpt><trkpt lat="46.58105153985813" lon="9.263772555376432"><ele>2373.2</ele></trkpt><trkpt lat="46.58105054015529" lon="9.263850555658928"><ele>2371.7</ele></trkpt><trkpt lat="46.58104054027459" lon="9.263876555772297"><ele>2371.1</ele></trkpt><trkpt lat="46.58102254029522" lon="9.263901555790182"><ele>2371.0</ele></trkpt><trkpt lat="46.58100354049415" lon="9.263953555978677"><ele>2370.0</ele></trkpt><trkpt lat="46.5809755406934" lon="9.26399155616803"><ele>2369.0</ele></trkpt><trkpt lat="46.58095754077344" lon="9.264017556243227"><ele>2368.6</ele></trkpt><trkpt lat="46.58096654085227" lon="9.264043556318198"><ele>2368.2</ele></trkpt><trkpt lat="46.58100254106841" lon="9.26404455652817"><ele>2367.1</ele></trkpt><trkpt lat="46.581065541342646" lon="9.264046556795222"><ele>2365.7</ele></trkpt><trkpt lat="46.581110541498944" lon="9.26403555694842"><ele>2364.9</ele></trkpt><trkpt lat="46.58111954149849" lon="9.26400955694978"><ele>2364.9</ele></trkpt><trkpt lat="46.58118354179234" lon="9.263972557238102"><ele>2363.4</ele></trkpt><trkpt lat="46.58121054196917" lon="9.263934557412066"><ele>2362.5</ele></trkpt><trkpt lat="46.58124754222465" lon="9.263896557662433"><ele>2361.2</ele></trkpt><trkpt lat="46.581257542303206" lon="9.263844557741706"><ele>2360.8</ele></trkpt><trkpt lat="46.5812755424211" lon="9.263832557856938"><ele>2360.2</ele></trkpt><trkpt lat="46.58128454251968" lon="9.26384555795175"><ele>2359.7</ele></trkpt><trkpt lat="46.581282542876345" lon="9.263949558290216"><ele>2357.9</ele></trkpt><trkpt lat="46.58126454283763" lon="9.263975558250692"><ele>2358.1</ele></trkpt><trkpt lat="46.5812455429376" lon="9.264026558343646"><ele>2357.6</ele></trkpt><trkpt lat="46.581235543136174" lon="9.264091558531367"><ele>2356.6</ele></trkpt><trkpt lat="46.58122554327532" lon="9.264143558662441"><ele>2355.9</ele></trkpt><trkpt lat="46.58120654335553" lon="9.264208558735508"><ele>2355.5</ele></trkpt><trkpt lat="46.581187543435654" lon="9.264246558810065"><ele>2355.1</ele></trkpt><trkpt lat="46.58117854357466" lon="9.264272558942567"><ele>2354.4</ele></trkpt><trkpt lat="46.58118754373265" lon="9.264285559094755"><ele>2353.6</ele></trkpt><trkpt lat="46.58123254390862" lon="9.264248559268504"><ele>2352.7</ele></trkpt><trkpt lat="46.5813245442803" lon="9.26416055963589"><ele>2350.8</ele></trkpt><trkpt lat="46.58137954461396" lon="9.264070559965443"><ele>2349.1</ele></trkpt><trkpt lat="46.58138854469271" lon="9.26405756004257"><ele>2348.7</ele></trkpt><trkpt lat="46.5813975447913" lon="9.264071560137332"><ele>2348.2</ele></trkpt><trkpt lat="46.58139654496973" lon="9.264136560305873"><ele>2347.3</ele></trkpt><trkpt lat="46.58138654514849" lon="9.264214560473773"><ele>2346.4</ele></trkpt><trkpt lat="46.58137654530751" lon="9.26427956062327"><ele>2345.6</ele></trkpt><trkpt lat="46.58137554548593" lon="9.264357560791106"><ele>2344.7</ele></trkpt><trkpt lat="46.58136454570446" lon="9.264448560996563"><ele>2343.6</ele></trkpt><trkpt lat="46.5813635458629" lon="9.26448756114741"><ele>2342.8</ele></trkpt><trkpt lat="46.58138154598086" lon="9.264488561261945"><ele>2342.2</ele></trkpt><trkpt lat="46.581427546117325" lon="9.264463561396783"><ele>2341.5</ele></trkpt><trkpt lat="46.58146454635299" lon="9.264412561628735"><ele>2340.3</ele></trkpt><trkpt lat="46.58150154666779" lon="9.26434856193789"><ele>2338.7</ele></trkpt><trkpt lat="46.58153854684407" lon="9.264284562113186"><ele>2337.8</ele></trkpt><trkpt lat="46.58154754690288" lon="9.264245562172606"><ele>2337.5</ele></trkpt><trkpt lat="46.58155754704093" lon="9.264220562307745"><ele>2336.8</ele></trkpt><trkpt lat="46.581565547119816" lon="9.264233562383458"><ele>2336.4</ele></trkpt><trkpt lat="46.581573547238456" lon="9.264312562493807"><ele>2335.8</ele></trkpt><trkpt lat="46.58156354741724" lon="9.2643765626625"><ele>2334.9</ele></trkpt><trkpt lat="46.581562547714455" lon="9.26446856294433"><ele>2333.4</ele></trkpt><trkpt lat="46.581560547991856" lon="9.264546563207817"><ele>2332.0</ele></trkpt><trkpt lat="46.58157854810991" lon="9.264560563321641"><ele>2331.4</ele></trkpt><trkpt lat="46.58159654822779" lon="9.264547563436935"><ele>2330.8</ele></trkpt><trkpt lat="46.58163354844373" lon="9.264509563649051"><ele>2329.7</ele></trkpt><trkpt lat="46.58165254858136" lon="9.264471563784824"><ele>2329.0</ele></trkpt><trkpt lat="46.581661548699664" lon="9.264471563899486"><ele>2328.4</ele></trkpt><trkpt lat="46.581696548896126" lon="9.264485564089664"><ele>2327.4</ele></trkpt><trkpt lat="46.58170554895512" lon="9.264499564146194"><ele>2327.1</ele></trkpt><trkpt lat="46.581723549132505" lon="9.264512564317442"><ele>2326.2</ele></trkpt><trkpt lat="46.581740549329865" lon="9.264565564505654"><ele>2325.2</ele></trkpt><trkpt lat="46.58174854942862" lon="9.264605564599023"><ele>2324.7</ele></trkpt><trkpt lat="46.58176654966544" lon="9.264644564826236"><ele>2323.5</ele></trkpt><trkpt lat="46.58180155002051" lon="9.264724565165825"><ele>2321.7</ele></trkpt><trkpt lat="46.58186355037418" lon="9.264765565507304"><ele>2319.9</ele></trkpt><trkpt lat="46.58188955049194" lon="9.26480556561966"><ele>2319.3</ele></trkpt><trkpt lat="46.58196155082545" lon="9.264847565941887"><ele>2317.6</ele></trkpt><trkpt lat="46.582040551336945" lon="9.26494156643336"><ele>2315.0</ele></trkpt><trkpt lat="46.58207555153351" lon="9.264981566622147"><ele>2314.0</ele></trkpt><trkpt lat="46.58211055186884" lon="9.26508756694124"><ele>2312.3</ele></trkpt><trkpt lat="46.58211855196749" lon="9.26511356703539"><ele>2311.8</ele></trkpt><trkpt lat="46.582172552242305" lon="9.265128567301876"><ele>2310.4</ele></trkpt><trkpt lat="46.58219055236039" lon="9.265141567415775"><ele>2309.8</ele></trkpt><trkpt lat="46.58219855245911" lon="9.26518156750917"><ele>2309.3</ele></trkpt><trkpt lat="46.58218855263792" lon="9.26525956767717"><ele>2308.4</ele></trkpt><trkpt lat="46.58221455287446" lon="9.265299567904298"><ele>2307.2</ele></trkpt><trkpt lat="46.58223155303223" lon="9.265352568054299"><ele>2306.4</ele></trkpt><trkpt lat="46.582258553149934" lon="9.26537956816737"><ele>2305.8</ele></trkpt><trkpt lat="46.58239455377718" lon="9.265305568782239"><ele>2302.6</ele></trkpt><trkpt lat="46.5824765541297" lon="9.265242569129207"><ele>2300.8</ele></trkpt><trkpt lat="46.58253155444392" lon="9.265205569436741"><ele>2299.2</ele></trkpt><trkpt lat="46.58256855475877" lon="9.265128569746581"><ele>2297.6</ele></trkpt><trkpt lat="46.58259555487636" lon="9.265129569861049"><ele>2297.0</ele></trkpt><trkpt lat="46.58260455497496" lon="9.265142569955902"><ele>2296.5</ele></trkpt><trkpt lat="46.58262155521199" lon="9.265208570181722"><ele>2295.3</ele></trkpt><trkpt lat="46.58262955544931" lon="9.26526157040832"><ele>2294.1</ele></trkpt><trkpt lat="46.582637555627336" lon="9.265326570576894"><ele>2293.2</ele></trkpt><trkpt lat="46.582645555745884" lon="9.265366570689443"><ele>2292.6</ele></trkpt><trkpt lat="46.58266355582423" lon="9.26535357076649"><ele>2292.2</ele></trkpt><trkpt lat="46.582691556001066" lon="9.265315570940428"><ele>2291.3</ele></trkpt><trkpt lat="46.58272855617741" lon="9.265264571114983"><ele>2290.4</ele></trkpt><trkpt lat="46.58277355651185" lon="9.265226571441778"><ele>2288.7</ele></trkpt><trkpt lat="46.58280155670841" lon="9.265188571634834"><ele>2287.7</ele></trkpt><trkpt lat="46.58281955690549" lon="9.265163571827278"><ele>2286.7</ele></trkpt><trkpt lat="46.58285555708205" lon="9.26515157199975"><ele>2285.8</ele></trkpt><trkpt lat="46.582900557337474" lon="9.265165572247259"><ele>2284.5</ele></trkpt><trkpt lat="46.58290955739656" lon="9.265192572303116"><ele>2284.2</ele></trkpt><trkpt lat="46.58291755757461" lon="9.265244572472406"><ele>2283.3</ele></trkpt><trkpt lat="46.582934557752196" lon="9.265310572640875"><ele>2282.4</ele></trkpt><trkpt lat="46.58297855812668" lon="9.265377573000327"><ele>2280.5</ele></trkpt><trkpt lat="46.58304155844065" lon="9.265379573305719"><ele>2278.9</ele></trkpt><trkpt lat="46.583095558715414" lon="9.265355573574316"><ele>2277.5</ele></trkpt><trkpt lat="46.58313255893142" lon="9.265304573787112"><ele>2276.4</ele></trkpt><trkpt lat="46.58317755914721" lon="9.26529257399776"><ele>2275.3</ele></trkpt><trkpt lat="46.58324055946122" lon="9.265294574303152"><ele>2273.7</ele></trkpt><trkpt lat="46.583285559637545" lon="9.265309574474117"><ele>2272.8</ele></trkpt><trkpt lat="46.58332055979451" lon="9.265336574625403"><ele>2272.0</ele></trkpt><trkpt lat="46.58338356002939" lon="9.265338574854292"><ele>2270.8</ele></trkpt><trkpt lat="46.583419560206124" lon="9.265366575024645"><ele>2269.9</ele></trkpt><trkpt lat="46.58344456060126" lon="9.265458575402082"><ele>2267.9</ele></trkpt><trkpt lat="46.5834625607788" lon="9.26551157557126"><ele>2267.0</ele></trkpt><trkpt lat="46.583497560955635" lon="9.265551575740993"><ele>2266.1</ele></trkpt><trkpt lat="46.58353256121167" lon="9.26560457598655"><ele>2264.8</ele></trkpt><trkpt lat="46.58354956142889" lon="9.26567057619331"><ele>2263.7</ele></trkpt><trkpt lat="46.583557561646494" lon="9.26573657640015"><ele>2262.6</ele></trkpt><trkpt lat="46.58359256184318" lon="9.265789576588332"><ele>2261.6</ele></trkpt><trkpt lat="46.58365356229634" lon="9.265922577020737"><ele>2259.3</ele></trkpt><trkpt lat="46.58372356265005" lon="9.266028577358865"><ele>2257.5</ele></trkpt><trkpt lat="46.583874563178675" lon="9.266164577866913"><ele>2254.8</ele></trkpt><trkpt lat="46.584070563586636" lon="9.266288578260474"><ele>2252.7</ele></trkpt><trkpt lat="46.58431156389379" lon="9.266427578557241"><ele>2251.1</ele></trkpt><trkpt lat="46.58448956426286" lon="9.26652457891414"><ele>2249.2</ele></trkpt><trkpt lat="46.58462356455443" lon="9.266594579196308"><ele>2247.7</ele></trkpt><trkpt lat="46.58472156478824" lon="9.266676579420757"><ele>2246.5</ele></trkpt><trkpt lat="46.584774564944475" lon="9.26670357957195"><ele>2245.7</ele></trkpt><trkpt lat="46.584854565238246" lon="9.26674557985604"><ele>2244.2</ele></trkpt><trkpt lat="46.58496156568938" lon="9.266827580290864"><ele>2241.9</ele></trkpt><trkpt lat="46.585076566140344" lon="9.266949580723537"><ele>2239.6</ele></trkpt><trkpt lat="46.58521856664957" lon="9.267071581213404"><ele>2237.0</ele></trkpt><trkpt lat="46.58532456702171" lon="9.267179581570389"><ele>2235.1</ele></trkpt><trkpt lat="46.58542156743393" lon="9.26731358196437"><ele>2233.0</ele></trkpt><trkpt lat="46.58550956768808" lon="9.267446582205425"><ele>2231.7</ele></trkpt><trkpt lat="46.585561567884234" lon="9.267539582391477"><ele>2230.7</ele></trkpt><trkpt lat="46.585648568217884" lon="9.267725582706328"><ele>2229.0</ele></trkpt><trkpt lat="46.58577256868842" lon="9.267873583156812"><ele>2226.6</ele></trkpt><trkpt lat="46.58587056912014" lon="9.26794158357341"><ele>2224.4</ele></trkpt><trkpt lat="46.58594156947372" lon="9.267983583915061"><ele>2222.6</ele></trkpt><trkpt lat="46.585985569689875" lon="9.268036584122422"><ele>2221.5</ele></trkpt><trkpt lat="46.58599456980845" lon="9.268076584235075"><ele>2220.9</ele></trkpt><trkpt lat="46.585983570185505" lon="9.268206584591969"><ele>2219.0</ele></trkpt><trkpt lat="46.586018570382215" lon="9.26825958478028"><ele>2218.0</ele></trkpt><trkpt lat="46.58604557049992" lon="9.268273584894143"><ele>2217.4</ele></trkpt><trkpt lat="46.58607157065731" lon="9.268300585045605"><ele>2216.6</ele></trkpt><trkpt lat="46.5861075708539" lon="9.268315585235886"><ele>2215.6</ele></trkpt><trkpt lat="46.58616057112899" lon="9.268343585501896"><ele>2214.2</ele></trkpt><trkpt lat="46.586196571246305" lon="9.268344585616365"><ele>2213.6</ele></trkpt><trkpt lat="46.58620557140455" lon="9.268396585766673"><ele>2212.8</ele></trkpt><trkpt lat="46.586203571682" lon="9.268461586031219"><ele>2211.4</ele></trkpt><trkpt lat="46.58622157187942" lon="9.268514586219684"><ele>2210.4</ele></trkpt><trkpt lat="46.58625757201651" lon="9.268502586353963"><ele>2209.7</ele></trkpt><trkpt lat="46.586311572271676" lon="9.268504586602177"><ele>2208.4</ele></trkpt><trkpt lat="46.58632857250876" lon="9.268557586828926"><ele>2207.2</ele></trkpt><trkpt lat="46.58633657270659" lon="9.268610587017486"><ele>2206.2</ele></trkpt><trkpt lat="46.586353572943636" lon="9.268662587244295"><ele>2205.0</ele></trkpt><trkpt lat="46.58636157318112" lon="9.26872858747046"><ele>2203.8</ele></trkpt><trkpt lat="46.58637857359655" lon="9.26882058786744"><ele>2201.7</ele></trkpt><trkpt lat="46.58639557391283" lon="9.268886588170082"><ele>2200.1</ele></trkpt><trkpt lat="46.5864125741301" lon="9.268938588377766"><ele>2199.0</ele></trkpt><trkpt lat="46.58643957436655" lon="9.268926588607803"><ele>2197.8</ele></trkpt><trkpt lat="46.586457574445056" lon="9.268940588683488"><ele>2197.4</ele></trkpt><trkpt lat="46.58644657492111" lon="9.269070589136177"><ele>2195.0</ele></trkpt><trkpt lat="46.58642657531824" lon="9.26917458951374"><ele>2193.0</ele></trkpt><trkpt lat="46.58645257561432" lon="9.269227589797868"><ele>2191.5</ele></trkpt><trkpt lat="46.58652457598766" lon="9.26924259016013"><ele>2189.6</ele></trkpt><trkpt lat="46.58654157616528" lon="9.269282590330182"><ele>2188.7</ele></trkpt><trkpt lat="46.58656857638211" lon="9.269309590539097"><ele>2187.6</ele></trkpt><trkpt lat="46.58661257665763" lon="9.269350590804574"><ele>2186.2</ele></trkpt><trkpt lat="46.58663957689426" lon="9.269377591032628"><ele>2185.0</ele></trkpt><trkpt lat="46.58666557707147" lon="9.269417591202616"><ele>2184.1</ele></trkpt><trkpt lat="46.58669257722883" lon="9.26941859135545"><ele>2183.3</ele></trkpt><trkpt lat="46.58671957738622" lon="9.269445591506962"><ele>2182.5</ele></trkpt><trkpt lat="46.58673657764308" lon="9.269497591752966"><ele>2181.2</ele></trkpt><trkpt lat="46.58672657784169" lon="9.26956259194111"><ele>2180.2</ele></trkpt><trkpt lat="46.58669857810038" lon="9.269627592186817"><ele>2178.9</ele></trkpt><trkpt lat="46.58667957827955" lon="9.269678592356614"><ele>2178.0</ele></trkpt><trkpt lat="46.58665157853834" lon="9.269756592601672"><ele>2176.7</ele></trkpt><trkpt lat="46.586605578738265" lon="9.269793592791533"><ele>2175.7</ele></trkpt><trkpt lat="46.58656057891839" lon="9.269818592962869"><ele>2174.8</ele></trkpt><trkpt lat="46.586478579238474" lon="9.269828593269228"><ele>2173.2</ele></trkpt><trkpt lat="46.58639757947934" lon="9.269838593499024"><ele>2172.0</ele></trkpt><trkpt lat="46.58631757981888" lon="9.26977059382846"><ele>2170.3</ele></trkpt><trkpt lat="46.586281579958964" lon="9.269782593962104"><ele>2169.6</ele></trkpt><trkpt lat="46.586236580178664" lon="9.269807594171716"><ele>2168.5</ele></trkpt><trkpt lat="46.58617258039911" lon="9.269831594381534"><ele>2167.4</ele></trkpt><trkpt lat="46.58613658053908" lon="9.269830594515838"><ele>2166.7</ele></trkpt><trkpt lat="46.586118580718036" lon="9.26984259468762"><ele>2165.8</ele></trkpt><trkpt lat="46.586091580937016" lon="9.269867594897091"><ele>2164.7</ele></trkpt><trkpt lat="46.58608158111568" lon="9.269893595068103"><ele>2163.8</ele></trkpt><trkpt lat="46.58609058131342" lon="9.269945595256788"><ele>2162.8</ele></trkpt><trkpt lat="46.58611658135217" lon="9.26998559529284"><ele>2162.6</ele></trkpt><trkpt lat="46.58616158139002" lon="9.270000595330009"><ele>2162.4</ele></trkpt><trkpt lat="46.58619658156687" lon="9.270027595500613"><ele>2161.5</ele></trkpt><trkpt lat="46.58623158184281" lon="9.270081595765562"><ele>2160.1</ele></trkpt><trkpt lat="46.586267581821645" lon="9.270095595745428"><ele>2160.2</ele></trkpt><trkpt lat="46.58630258217686" lon="9.270161596086332"><ele>2158.4</ele></trkpt><trkpt lat="46.58631958243371" lon="9.270214596332343"><ele>2157.1</ele></trkpt><trkpt lat="46.58634658251191" lon="9.270241596407326"><ele>2156.7</ele></trkpt><trkpt lat="46.58638158264928" lon="9.270295596538308"><ele>2156.0</ele></trkpt><trkpt lat="46.58642658266732" lon="9.270309596556388"><ele>2155.9</ele></trkpt><trkpt lat="46.586497583021135" lon="9.270377596896925"><ele>2154.1</ele></trkpt><trkpt lat="46.58652358327769" lon="9.270443597142217"><ele>2152.8</ele></trkpt><trkpt lat="46.58654058343546" lon="9.270470597293851"><ele>2152.0</ele></trkpt><trkpt lat="46.58658558367136" lon="9.270497597521823"><ele>2150.8</ele></trkpt><trkpt lat="46.586620583868054" lon="9.270525597711547"><ele>2149.8</ele></trkpt><trkpt lat="46.58666558400487" lon="9.270526597845127"><ele>2149.1</ele></trkpt><trkpt lat="46.58673758423965" lon="9.270529598074093"><ele>2147.9</ele></trkpt><trkpt lat="46.58677258451553" lon="9.270569598339783"><ele>2146.5</ele></trkpt><trkpt lat="46.58680858469235" lon="9.270570598511714"><ele>2145.6</ele></trkpt><trkpt lat="46.58682658483028" lon="9.270597598644207"><ele>2144.9</ele></trkpt><trkpt lat="46.5868265848898" lon="9.270623598700327"><ele>2144.6</ele></trkpt><trkpt lat="46.58678958497049" lon="9.270635598776577"><ele>2144.2</ele></trkpt><trkpt lat="46.586762585030975" lon="9.270647598833607"><ele>2143.9</ele></trkpt><trkpt lat="46.586717585211076" lon="9.270684599004374"><ele>2143.0</ele></trkpt><trkpt lat="46.586680585252175" lon="9.270696599042349"><ele>2142.8</ele></trkpt><trkpt lat="46.58662658547221" lon="9.270721599252067"><ele>2141.7</ele></trkpt><trkpt lat="46.586571585751706" lon="9.270758599518622"><ele>2140.3</ele></trkpt><trkpt lat="46.58652658591185" lon="9.270769599671555"><ele>2139.5</ele></trkpt><trkpt lat="46.58649958607143" lon="9.270795599823588"><ele>2138.7</ele></trkpt><trkpt lat="46.58648958615115" lon="9.270833599898335"><ele>2138.3</ele></trkpt><trkpt lat="46.5865165860908" lon="9.2708735998387"><ele>2138.6</ele></trkpt><trkpt lat="46.58657858650418" lon="9.270889600239391"><ele>2136.5</ele></trkpt><trkpt lat="46.58662258670067" lon="9.270955600427165"><ele>2135.5</ele></trkpt><trkpt lat="46.58666758693655" lon="9.270983600655118"><ele>2134.3</ele></trkpt><trkpt lat="46.58670258715311" lon="9.27101060086406"><ele>2133.2</ele></trkpt><trkpt lat="46.58670258743041" lon="9.271049601130098"><ele>2131.8</ele></trkpt><trkpt lat="46.58669358752982" lon="9.271062601225232"><ele>2131.3</ele></trkpt><trkpt lat="46.586683587589604" lon="9.271075601282087"><ele>2131.0</ele></trkpt><trkpt lat="46.586674587550505" lon="9.271114601241928"><ele>2131.2</ele></trkpt><trkpt lat="46.58668258745131" lon="9.271140601144864"><ele>2131.7</ele></trkpt><trkpt lat="46.58670958743048" lon="9.271167601124166"><ele>2131.8</ele></trkpt><trkpt lat="46.5867725878637" lon="9.271182601544059"><ele>2129.6</ele></trkpt><trkpt lat="46.58684358813822" lon="9.271237601808766"><ele>2128.2</ele></trkpt><trkpt lat="46.58687958843382" lon="9.271238602095565"><ele>2126.7</ele></trkpt><trkpt lat="46.58694258892634" lon="9.27124060257354"><ele>2124.2</ele></trkpt><trkpt lat="46.58699558908265" lon="9.271255602725525"><ele>2123.4</ele></trkpt><trkpt lat="46.58702258910153" lon="9.271282602743117"><ele>2123.3</ele></trkpt><trkpt lat="46.587048589060984" lon="9.271322602702647"><ele>2123.5</ele></trkpt><trkpt lat="46.58708358911927" lon="9.271389602756479"><ele>2123.2</ele></trkpt><trkpt lat="46.58710958894033" lon="9.271468602580072"><ele>2124.1</ele></trkpt><trkpt lat="46.58713558901871" lon="9.271521602653813"><ele>2123.7</ele></trkpt><trkpt lat="46.587233589510056" lon="9.271576603128912"><ele>2121.2</ele></trkpt><trkpt lat="46.58725958933099" lon="9.271630602953739"><ele>2122.1</ele></trkpt><trkpt lat="46.58732258928898" lon="9.271658602913575"><ele>2122.3</ele></trkpt><trkpt lat="46.58737558928707" lon="9.271699602911134"><ele>2122.3</ele></trkpt><trkpt lat="46.58745558936326" lon="9.271741602985006"><ele>2121.9</ele></trkpt><trkpt lat="46.58754558967654" lon="9.271744603290458"><ele>2120.3</ele></trkpt><trkpt lat="46.58767159042406" lon="9.271748604016757"><ele>2116.5</ele></trkpt><trkpt lat="46.58778859105311" lon="9.271739604628904"><ele>2113.3</ele></trkpt><trkpt lat="46.587861591465966" lon="9.271702605032186"><ele>2111.2</ele></trkpt><trkpt lat="46.587888591662875" lon="9.27169060522401"><ele>2110.2</ele></trkpt><trkpt lat="46.58790659184052" lon="9.271730605394193"><ele>2109.3</ele></trkpt><trkpt lat="46.58792359199834" lon="9.271743605546575"><ele>2108.5</ele></trkpt><trkpt lat="46.5879425921163" lon="9.271718605662526"><ele>2107.9</ele></trkpt><trkpt lat="46.587951592214836" lon="9.271679605760097"><ele>2107.4</ele></trkpt><trkpt lat="46.58797059231303" lon="9.271654605856899"><ele>2106.9</ele></trkpt><trkpt lat="46.58798959239132" lon="9.271602605935886"><ele>2106.5</ele></trkpt><trkpt lat="46.58800759270743" lon="9.271590606242638"><ele>2104.9</ele></trkpt><trkpt lat="46.58803459296377" lon="9.271591606491247"><ele>2103.6</ele></trkpt><trkpt lat="46.58811559347551" lon="9.271593606988267"><ele>2101.0</ele></trkpt><trkpt lat="46.58813259371255" lon="9.271620607216535"><ele>2099.8</ele></trkpt><trkpt lat="46.588132593910665" lon="9.271659607406068"><ele>2098.8</ele></trkpt><trkpt lat="46.58810459409009" lon="9.27169760757671"><ele>2097.9</ele></trkpt><trkpt lat="46.58810359432802" lon="9.27176360780322"><ele>2096.7</ele></trkpt><trkpt lat="46.58810259456586" lon="9.271828608029777"><ele>2095.5</ele></trkpt><trkpt lat="46.588110594684444" lon="9.27185460814331"><ele>2094.9</ele></trkpt><trkpt lat="46.58811959478313" lon="9.27185460823896"><ele>2094.4</ele></trkpt><trkpt lat="46.58817459509767" lon="9.271804608547296"><ele>2092.8</ele></trkpt><trkpt lat="46.588202595353884" lon="9.271766608797812"><ele>2091.5</ele></trkpt><trkpt lat="46.588220595432375" lon="9.271766608874257"><ele>2091.1</ele></trkpt><trkpt lat="46.58823759559023" lon="9.27179360902596"><ele>2090.3</ele></trkpt><trkpt lat="46.58824559580799" lon="9.271859609233267"><ele>2089.2</ele></trkpt><trkpt lat="46.58827259584667" lon="9.271899609269397"><ele>2089.0</ele></trkpt><trkpt lat="46.58828959588572" lon="9.27192560930629"><ele>2088.8</ele></trkpt><trkpt lat="46.58830759598415" lon="9.271965609399926"><ele>2088.3</ele></trkpt><trkpt lat="46.58834259616116" lon="9.272006609569965"><ele>2087.4</ele></trkpt><trkpt lat="46.58840459647569" lon="9.272034609874444"><ele>2085.8</ele></trkpt><trkpt lat="46.58842259665326" lon="9.272047610045982"><ele>2084.9</ele></trkpt><trkpt lat="46.58845059685013" lon="9.272022610238434"><ele>2083.9</ele></trkpt><trkpt lat="46.58846059706739" lon="9.271970610451483"><ele>2082.8</ele></trkpt><trkpt lat="46.58848859736317" lon="9.271906610741556"><ele>2081.3</ele></trkpt><trkpt lat="46.58850659752077" lon="9.271868610896421"><ele>2080.5</ele></trkpt><trkpt lat="46.588507597817575" lon="9.27180261118679"><ele>2079.0</ele></trkpt><trkpt lat="46.58853459799474" lon="9.271790611359467"><ele>2078.1</ele></trkpt><trkpt lat="46.5885705982508" lon="9.271804611607392"><ele>2076.8</ele></trkpt><trkpt lat="46.588632598585214" lon="9.271846611930346"><ele>2075.1</ele></trkpt><trkpt lat="46.58865959874268" lon="9.271873612081992"><ele>2074.3</ele></trkpt><trkpt lat="46.588694598919766" lon="9.271926612251463"><ele>2073.4</ele></trkpt><trkpt lat="46.58873059905707" lon="9.271940612384531"><ele>2072.7</ele></trkpt><trkpt lat="46.58875659917496" lon="9.271967612497898"><ele>2072.1</ele></trkpt><trkpt lat="46.588809599410794" lon="9.272034612723994"><ele>2070.9</ele></trkpt><trkpt lat="46.588844599587915" lon="9.272101612892799"><ele>2070.0</ele></trkpt><trkpt lat="46.58887059984458" lon="9.272193613137047"><ele>2068.7</ele></trkpt><trkpt lat="46.58887860006233" lon="9.272259613344403"><ele>2067.6</ele></trkpt><trkpt lat="46.58889660027955" lon="9.272272613554241"><ele>2066.5</ele></trkpt><trkpt lat="46.58894160051549" lon="9.272274613783559"><ele>2065.3</ele></trkpt><trkpt lat="46.58903160104671" lon="9.272264614300303"><ele>2062.6</ele></trkpt><trkpt lat="46.589076601282514" lon="9.272226614531544"><ele>2061.4</ele></trkpt><trkpt lat="46.58913160163675" lon="9.27217661487816"><ele>2059.6</ele></trkpt><trkpt lat="46.58916860183324" lon="9.27213861507116"><ele>2058.6</ele></trkpt><trkpt lat="46.589186601971086" lon="9.27209961520692"><ele>2057.9</ele></trkpt><trkpt lat="46.589205602128715" lon="9.272074615361145"><ele>2057.1</ele></trkpt><trkpt lat="46.58923160224664" lon="9.272088615475148"><ele>2056.5</ele></trkpt><trkpt lat="46.58924960240446" lon="9.272115615626886"><ele>2055.7</ele></trkpt><trkpt lat="46.58926660258221" lon="9.272167615796576"><ele>2054.8</ele></trkpt><trkpt lat="46.58928360277975" lon="9.272220615985365"><ele>2053.8</ele></trkpt><trkpt lat="46.58930160291771" lon="9.272221616119205"><ele>2053.1</ele></trkpt><trkpt lat="46.5893286031147" lon="9.272209616311034"><ele>2052.1</ele></trkpt><trkpt lat="46.589365603370645" lon="9.272171616561476"><ele>2050.8</ele></trkpt><trkpt lat="46.58940160358707" lon="9.272159616772381"><ele>2049.7</ele></trkpt><trkpt lat="46.589429603764195" lon="9.272134616945683"><ele>2048.8</ele></trkpt><trkpt lat="46.589457604020346" lon="9.272056617198094"><ele>2047.5</ele></trkpt><trkpt lat="46.58948760490978" lon="9.271849618069302"><ele>2043.0</ele></trkpt><trkpt lat="46.58947160528639" lon="9.271757618437563"><ele>2041.1</ele></trkpt><trkpt lat="46.589445605604006" lon="9.271678618747837"><ele>2039.5</ele></trkpt><trkpt lat="46.589437605920914" lon="9.27159961905797"><ele>2037.9</ele></trkpt><trkpt lat="46.58942160623815" lon="9.271520619368157"><ele>2036.3</ele></trkpt><trkpt lat="46.58939560655575" lon="9.271441619678415"><ele>2034.7</ele></trkpt><trkpt lat="46.58943160675252" lon="9.271455619868929"><ele>2033.7</ele></trkpt><trkpt lat="46.589493607126585" lon="9.271483620230878"><ele>2031.8</ele></trkpt><trkpt lat="46.58954660742175" lon="9.27152462051571"><ele>2030.3</ele></trkpt><trkpt lat="46.589608607677135" lon="9.27159262076091"><ele>2029.0</ele></trkpt><trkpt lat="46.58967960830854" lon="9.271685621368617"><ele>2025.8</ele></trkpt><trkpt lat="46.58978460919636" lon="9.27184662222177"><ele>2021.3</ele></trkpt><trkpt lat="46.589854609926945" lon="9.27197962292337"><ele>2017.6</ele></trkpt><trkpt lat="46.58992361087563" lon="9.272164623833172"><ele>2012.8</ele></trkpt><trkpt lat="46.58994061117219" lon="9.272203624118413"><ele>2011.3</ele></trkpt><trkpt lat="46.58999461148724" lon="9.272244624422434"><ele>2009.7</ele></trkpt><trkpt lat="46.5900836121376" lon="9.27227362505226"><ele>2006.4</ele></trkpt><trkpt lat="46.59011961239378" lon="9.272275625300814"><ele>2005.1</ele></trkpt><trkpt lat="46.59014661261069" lon="9.272289625510572"><ele>2004.0</ele></trkpt><trkpt lat="46.590172612946574" lon="9.2723426258334"><ele>2002.3</ele></trkpt><trkpt lat="46.5901906131044" lon="9.272355625985835"><ele>2001.5</ele></trkpt><trkpt lat="46.5902266134002" lon="9.272357626272681"><ele>2000.0</ele></trkpt><trkpt lat="46.59026261363658" lon="9.272371626501526"><ele>1998.8</ele></trkpt><trkpt lat="46.59029761395235" lon="9.272424626805153"><ele>1997.2</ele></trkpt><trkpt lat="46.59034161424795" lon="9.272465627090128"><ele>1995.7</ele></trkpt><trkpt lat="46.590368614504484" lon="9.272479627338194"><ele>1994.4</ele></trkpt><trkpt lat="46.590385614662466" lon="9.272519627489391"><ele>1993.6</ele></trkpt><trkpt lat="46.59042161489887" lon="9.272546627717643"><ele>1992.4</ele></trkpt><trkpt lat="46.590457615135264" lon="9.272547627947105"><ele>1991.2</ele></trkpt><trkpt lat="46.59050261554949" lon="9.272536628349382"><ele>1989.1</ele></trkpt><trkpt lat="46.59053761576617" lon="9.272563628558501"><ele>1988.0</ele></trkpt><trkpt lat="46.59055561590423" lon="9.272603628690545"><ele>1987.3</ele></trkpt><trkpt lat="46.590572616121676" lon="9.272655628898635"><ele>1986.2</ele></trkpt><trkpt lat="46.590598616338774" lon="9.272709629106576"><ele>1985.1</ele></trkpt><trkpt lat="46.5906256165557" lon="9.272723629316358"><ele>1984.0</ele></trkpt><trkpt lat="46.59068861692978" lon="9.272738629679019"><ele>1982.1</ele></trkpt><trkpt lat="46.59073361716581" lon="9.272739629908427"><ele>1980.9</ele></trkpt><trkpt lat="46.590750617323685" lon="9.272753630060844"><ele>1980.1</ele></trkpt><trkpt lat="46.590768617481615" lon="9.272793630212048"><ele>1979.3</ele></trkpt><trkpt lat="46.590794617718544" lon="9.272846630439194"><ele>1978.1</ele></trkpt><trkpt lat="46.59087461815154" lon="9.272901630857344"><ele>1975.9</ele></trkpt><trkpt lat="46.59092761844696" lon="9.27296863114111"><ele>1974.4</ele></trkpt><trkpt lat="46.59099861893969" lon="9.273022631616831"><ele>1971.9</ele></trkpt><trkpt lat="46.59106061941306" lon="9.273090632072837"><ele>1969.5</ele></trkpt><trkpt lat="46.59113161988601" lon="9.273144632529425"><ele>1967.1</ele></trkpt><trkpt lat="46.59116662016221" lon="9.273198632794788"><ele>1965.7</ele></trkpt><trkpt lat="46.59116562032087" lon="9.273237632946202"><ele>1964.9</ele></trkpt><trkpt lat="46.59115662042033" lon="9.273276633040227"><ele>1964.4</ele></trkpt><trkpt lat="46.591164620479546" lon="9.273315633095834"><ele>1964.1</ele></trkpt><trkpt lat="46.591182620538454" lon="9.273342633151914"><ele>1963.8</ele></trkpt><trkpt lat="46.591226620655775" lon="9.273369633265261"><ele>1963.2</ele></trkpt><trkpt lat="46.591234620715106" lon="9.273435633319632"><ele>1962.9</ele></trkpt><trkpt lat="46.59126062097192" lon="9.27351463356478"><ele>1961.6</ele></trkpt><trkpt lat="46.59129662114895" lon="9.273541633735642"><ele>1960.7</ele></trkpt><trkpt lat="46.59131362134649" lon="9.273581633925195"><ele>1959.7</ele></trkpt><trkpt lat="46.591303621485736" lon="9.27363363405694"><ele>1959.0</ele></trkpt><trkpt lat="46.59133862168264" lon="9.27367363424637"><ele>1958.0</ele></trkpt><trkpt lat="46.591373621939134" lon="9.273753634491428"><ele>1956.7</ele></trkpt><trkpt lat="46.5914096221162" lon="9.273780634662296"><ele>1955.8</ele></trkpt><trkpt lat="46.59143562233327" lon="9.273807634871545"><ele>1954.7</ele></trkpt><trkpt lat="46.59150562284616" lon="9.273940635362914"><ele>1952.1</ele></trkpt><trkpt lat="46.5915046230841" lon="9.27400563558978"><ele>1950.9</ele></trkpt><trkpt lat="46.59152262326172" lon="9.274019635761379"><ele>1950.0</ele></trkpt><trkpt lat="46.59156762343837" lon="9.274008635933924"><ele>1949.1</ele></trkpt><trkpt lat="46.59162162357511" lon="9.274009636067552"><ele>1948.4</ele></trkpt><trkpt lat="46.591684623909565" lon="9.273998636393182"><ele>1946.7</ele></trkpt><trkpt lat="46.59166562408869" lon="9.274050636563326"><ele>1945.8</ele></trkpt><trkpt lat="46.59164662401027" lon="9.27410263648449"><ele>1946.2</ele></trkpt><trkpt lat="46.59161962414999" lon="9.274127636617612"><ele>1945.5</ele></trkpt><trkpt lat="46.59161962426892" lon="9.274153636731343"><ele>1944.9</ele></trkpt><trkpt lat="46.59163662424857" lon="9.27418063671085"><ele>1945.0</ele></trkpt><trkpt lat="46.59163662405058" lon="9.27420663651815"><ele>1946.0</ele></trkpt><trkpt lat="46.59165362406985" lon="9.274245636535404"><ele>1945.9</ele></trkpt><trkpt lat="46.59165262407016" lon="9.274324636531832"><ele>1945.9</ele></trkpt><trkpt lat="46.59162362424973" lon="9.274414636700325"><ele>1945.0</ele></trkpt><trkpt lat="46.59162262446795" lon="9.274505636906886"><ele>1943.9</ele></trkpt><trkpt lat="46.59163062462633" lon="9.274571637057065"><ele>1943.1</ele></trkpt><trkpt lat="46.59167462490221" lon="9.274625637322448"><ele>1941.7</ele></trkpt><trkpt lat="46.5917006250203" lon="9.274678637434782"><ele>1941.1</ele></trkpt><trkpt lat="46.59178962543329" lon="9.274746637833296"><ele>1939.0</ele></trkpt><trkpt lat="46.59183362545175" lon="9.274800637849697"><ele>1938.9</ele></trkpt><trkpt lat="46.59186862527244" lon="9.274892637672902"><ele>1939.8</ele></trkpt><trkpt lat="46.59190362533076" lon="9.27494663772767"><ele>1939.5</ele></trkpt><trkpt lat="46.59194762542846" lon="9.275012637820147"><ele>1939.0</ele></trkpt><trkpt lat="46.59196362526966" lon="9.275091637663225"><ele>1939.8</ele></trkpt><trkpt lat="46.591972625309" lon="9.275105637700834"><ele>1939.6</ele></trkpt><trkpt lat="46.59200762530793" lon="9.275171637697603"><ele>1939.6</ele></trkpt><trkpt lat="46.59204362542555" lon="9.275198637811052"><ele>1939.0</ele></trkpt><trkpt lat="46.59208562538486" lon="9.275343637765891"><ele>1939.2</ele></trkpt><trkpt lat="46.59212062542351" lon="9.27543663779974"><ele>1939.0</ele></trkpt><trkpt lat="46.592182625560184" lon="9.275503637930363"><ele>1938.3</ele></trkpt><trkpt lat="46.592260625736166" lon="9.275676638094392"><ele>1937.4</ele></trkpt><trkpt lat="46.59231262583374" lon="9.275821638183253"><ele>1936.9</ele></trkpt><trkpt lat="46.59233762589263" lon="9.275939638235213"><ele>1936.6</ele></trkpt><trkpt lat="46.59235362597166" lon="9.276044638306988"><ele>1936.2</ele></trkpt><trkpt lat="46.59238862610921" lon="9.276085638438985"><ele>1935.5</ele></trkpt><trkpt lat="46.59239762610895" lon="9.276111638437747"><ele>1935.5</ele></trkpt><trkpt lat="46.59236962609035" lon="9.276175638415904"><ele>1935.6</ele></trkpt><trkpt lat="46.59236862601122" lon="9.276214638337521"><ele>1936.0</ele></trkpt><trkpt lat="46.59237762595158" lon="9.276241638278762"><ele>1936.3</ele></trkpt><trkpt lat="46.592404626029854" lon="9.276242638355157"><ele>1935.9</ele></trkpt><trkpt lat="46.59244862610762" lon="9.276269638430254"><ele>1935.5</ele></trkpt><trkpt lat="46.59247462612666" lon="9.276336638446208"><ele>1935.4</ele></trkpt><trkpt lat="46.5925096262445" lon="9.276402638557924"><ele>1934.8</ele></trkpt><trkpt lat="46.59257262640081" lon="9.27643063870948"><ele>1934.0</ele></trkpt><trkpt lat="46.59263362643849" lon="9.276524638743119"><ele>1933.8</ele></trkpt><trkpt lat="46.59273862649476" lon="9.276710638791466"><ele>1933.5</ele></trkpt><trkpt lat="46.59280862661147" lon="9.27683063890051"><ele>1932.9</ele></trkpt><trkpt lat="46.59282562665077" lon="9.276922638934563"><ele>1932.7</ele></trkpt><trkpt lat="46.59285162666976" lon="9.276962638951735"><ele>1932.6</ele></trkpt><trkpt lat="46.592885626768016" lon="9.277107639040759"><ele>1932.1</ele></trkpt><trkpt lat="46.592892626847366" lon="9.277224639112077"><ele>1931.7</ele></trkpt><trkpt lat="46.59291762692603" lon="9.277330639183765"><ele>1931.3</ele></trkpt><trkpt lat="46.59292562698537" lon="9.277382639238848"><ele>1931.0</ele></trkpt><trkpt lat="46.592924627084614" lon="9.277434639332316"><ele>1930.5</ele></trkpt><trkpt lat="46.59293362704471" lon="9.27746163929271"><ele>1930.7</ele></trkpt><trkpt lat="46.59295962716271" lon="9.277488639406277"><ele>1930.1</ele></trkpt><trkpt lat="46.59302262743798" lon="9.277529639672238"><ele>1928.7</ele></trkpt><trkpt lat="46.59308462775292" lon="9.277583639975944"><ele>1927.1</ele></trkpt><trkpt lat="46.59311062767291" lon="9.277649639896145"><ele>1927.5</ele></trkpt><trkpt lat="46.59314562775101" lon="9.277690639970698"><ele>1927.1</ele></trkpt><trkpt lat="46.59316262763175" lon="9.27775663985265"><ele>1927.7</ele></trkpt><trkpt lat="46.59317962775013" lon="9.277795639965744"><ele>1927.1</ele></trkpt><trkpt lat="46.59318662763142" lon="9.277926639844837"><ele>1927.7</ele></trkpt><trkpt lat="46.593203627512075" lon="9.277979639727365"><ele>1928.3</ele></trkpt><trkpt lat="46.59323062757065" lon="9.278006639783445"><ele>1928.0</ele></trkpt><trkpt lat="46.593281627727805" lon="9.278177639928694"><ele>1927.2</ele></trkpt><trkpt lat="46.59328062772814" lon="9.278256639925152"><ele>1927.2</ele></trkpt><trkpt lat="46.593279627748075" lon="9.278295639942565"><ele>1927.1</ele></trkpt><trkpt lat="46.593296627787254" lon="9.278361639977808"><ele>1926.9</ele></trkpt><trkpt lat="46.59333162786545" lon="9.278427640051248"><ele>1926.5</ele></trkpt><trkpt lat="46.59334062788507" lon="9.278466640068592"><ele>1926.4</ele></trkpt><trkpt lat="46.593384628180736" lon="9.278481640355055"><ele>1924.9</ele></trkpt><trkpt lat="46.59341162821946" lon="9.27850864039198"><ele>1924.7</ele></trkpt><trkpt lat="46.59343762821872" lon="9.27856164038942"><ele>1924.7</ele></trkpt><trkpt lat="46.59343662825853" lon="9.27861364042542"><ele>1924.5</ele></trkpt><trkpt lat="46.59345362829775" lon="9.278679640460664"><ele>1924.3</ele></trkpt><trkpt lat="46.593488628534466" lon="9.278759640686792"><ele>1923.1</ele></trkpt><trkpt lat="46.593505628573595" lon="9.278798640723252"><ele>1922.9</ele></trkpt><trkpt lat="46.593522628652416" lon="9.278864640796822"><ele>1922.5</ele></trkpt><trkpt lat="46.59353062879096" lon="9.27890464092913"><ele>1921.8</ele></trkpt><trkpt lat="46.593530628632585" lon="9.278956640773485"><ele>1922.6</ele></trkpt><trkpt lat="46.593537628592955" lon="9.279034640731615"><ele>1922.8</ele></trkpt><trkpt lat="46.59355562863205" lon="9.279074640768014"><ele>1922.6</ele></trkpt><trkpt lat="46.59369662880585" lon="9.279236640932247"><ele>1921.7</ele></trkpt><trkpt lat="46.59374062888377" lon="9.279315641005057"><ele>1921.3</ele></trkpt><trkpt lat="46.5937746290414" lon="9.279421641153396"><ele>1920.5</ele></trkpt><trkpt lat="46.59379962915967" lon="9.279526641263505"><ele>1919.9</ele></trkpt><trkpt lat="46.59384262931698" lon="9.279645641411207"><ele>1919.1</ele></trkpt><trkpt lat="46.59387762947455" lon="9.279738641560131"><ele>1918.3</ele></trkpt><trkpt lat="46.59388562961315" lon="9.27981664169075"><ele>1917.6</ele></trkpt><trkpt lat="46.593892630009464" lon="9.27992164206934"><ele>1915.6</ele></trkpt><trkpt lat="46.593918630266344" lon="9.279987642315382"><ele>1914.3</ele></trkpt><trkpt lat="46.59393563042439" lon="9.280053642465655"><ele>1913.5</ele></trkpt><trkpt lat="46.59396163052269" lon="9.280106642558943"><ele>1913.0</ele></trkpt><trkpt lat="46.59400563065994" lon="9.280147642690974"><ele>1912.3</ele></trkpt><trkpt lat="46.594031630441314" lon="9.280226642476427"><ele>1913.4</ele></trkpt><trkpt lat="46.59405763044061" lon="9.280305642472724"><ele>1913.4</ele></trkpt><trkpt lat="46.59409263051884" lon="9.280372642546157"><ele>1913.0</ele></trkpt><trkpt lat="46.59412763069608" lon="9.280425642716061"><ele>1912.1</ele></trkpt><trkpt lat="46.59422363126777" lon="9.28059864326356"><ele>1909.2</ele></trkpt><trkpt lat="46.5942496313264" lon="9.280625643319683"><ele>1908.9</ele></trkpt><trkpt lat="46.59428563126577" lon="9.280665643260145"><ele>1909.2</ele></trkpt><trkpt lat="46.59440163151945" lon="9.280722643505989"><ele>1907.9</ele></trkpt><trkpt lat="46.59443663165701" lon="9.28076264363815"><ele>1907.2</ele></trkpt><trkpt lat="46.594471631794626" lon="9.280815643769731"><ele>1906.5</ele></trkpt><trkpt lat="46.594506631932276" lon="9.280882643900693"><ele>1905.8</ele></trkpt><trkpt lat="46.594541631990694" lon="9.280948643955023"><ele>1905.5</ele></trkpt><trkpt lat="46.594567632088996" lon="9.281001644048334"><ele>1905.0</ele></trkpt><trkpt lat="46.59468163248183" lon="9.281201644422064"><ele>1903.0</ele></trkpt><trkpt lat="46.59480463293374" lon="9.28136264485498"><ele>1900.7</ele></trkpt><trkpt lat="46.59493763350418" lon="9.281536645402301"><ele>1897.8</ele></trkpt><trkpt lat="46.59493663348444" lon="9.281562645381982"><ele>1897.9</ele></trkpt><trkpt lat="46.5949356335044" lon="9.281601645399439"><ele>1897.8</ele></trkpt><trkpt lat="46.594926633504876" lon="9.281640645397774"><ele>1897.8</ele></trkpt><trkpt lat="46.59493463374256" lon="9.28171964562428"><ele>1896.6</ele></trkpt><trkpt lat="46.59494263380176" lon="9.281732645681167"><ele>1896.3</ele></trkpt><trkpt lat="46.594996633601845" lon="9.281773645487267"><ele>1897.3</ele></trkpt><trkpt lat="46.59501363370042" lon="9.28180064558181"><ele>1896.8</ele></trkpt><trkpt lat="46.59503063383865" lon="9.281853645713554"><ele>1896.1</ele></trkpt><trkpt lat="46.59503063389825" lon="9.281905645768765"><ele>1895.8</ele></trkpt><trkpt lat="46.59504763405627" lon="9.281931645920876"><ele>1895.0</ele></trkpt><trkpt lat="46.595072634293466" lon="9.28203764614609"><ele>1893.8</ele></trkpt><trkpt lat="46.59509063431279" lon="9.282090646162796"><ele>1893.7</ele></trkpt><trkpt lat="46.59510763439157" lon="9.28211664623822"><ele>1893.3</ele></trkpt><trkpt lat="46.5951616346077" lon="9.282144646447513"><ele>1892.2</ele></trkpt><trkpt lat="46.59517863470625" lon="9.28217164654206"><ele>1891.7</ele></trkpt><trkpt lat="46.59519663478502" lon="9.282211646616862"><ele>1891.3</ele></trkpt><trkpt lat="46.5952036348444" lon="9.282276646671468"><ele>1891.0</ele></trkpt><trkpt lat="46.59522063498268" lon="9.282342646802654"><ele>1890.3</ele></trkpt><trkpt lat="46.595229635041896" lon="9.282368646858963"><ele>1890.0</ele></trkpt><trkpt lat="46.59528063543703" lon="9.282579647232792"><ele>1888.0</ele></trkpt><trkpt lat="46.595297635575264" lon="9.282619647365129"><ele>1887.3</ele></trkpt><trkpt lat="46.59533163573282" lon="9.282711647514239"><ele>1886.5</ele></trkpt><trkpt lat="46.59537463592982" lon="9.282830647700454"><ele>1885.5</ele></trkpt><trkpt lat="46.59549063624312" lon="9.282926648002226"><ele>1883.9</ele></trkpt><trkpt lat="46.59551663632163" lon="9.282979648076417"><ele>1883.5</ele></trkpt><trkpt lat="46.595534636380506" lon="9.283005648132674"><ele>1883.2</ele></trkpt><trkpt lat="46.595569636478466" lon="9.283033648227077"><ele>1882.7</ele></trkpt><trkpt lat="46.59559663651718" lon="9.283034648265197"><ele>1882.5</ele></trkpt><trkpt lat="46.59561463651653" lon="9.283034648265074"><ele>1882.5</ele></trkpt><trkpt lat="46.59566863665341" lon="9.283049648398269"><ele>1881.8</ele></trkpt><trkpt lat="46.595686636751886" lon="9.283050648493974"><ele>1881.3</ele></trkpt><trkpt lat="46.5957126368304" lon="9.283103648568169"><ele>1880.9</ele></trkpt><trkpt lat="46.595791637164766" lon="9.283197648889486"><ele>1879.2</ele></trkpt><trkpt lat="46.59584463734145" lon="9.283264649058761"><ele>1878.3</ele></trkpt><trkpt lat="46.5959066375376" lon="9.283318649247729"><ele>1877.3</ele></trkpt><trkpt lat="46.59592363761648" lon="9.283384649321428"><ele>1876.9</ele></trkpt><trkpt lat="46.595932637616244" lon="9.283397649320799"><ele>1876.9</ele></trkpt><trkpt lat="46.595950637615665" lon="9.283424649319489"><ele>1876.9</ele></trkpt><trkpt lat="46.5959496376555" lon="9.283476649355576"><ele>1876.7</ele></trkpt><trkpt lat="46.59595863765521" lon="9.283490649354901"><ele>1876.7</ele></trkpt><trkpt lat="46.59599363769368" lon="9.283504649392402"><ele>1876.5</ele></trkpt><trkpt lat="46.59602063783159" lon="9.283544649524702"><ele>1875.8</ele></trkpt><trkpt lat="46.59605563806829" lon="9.28359764975226"><ele>1874.6</ele></trkpt><trkpt lat="46.59607263814704" lon="9.28362464982767"><ele>1874.2</ele></trkpt><trkpt lat="46.59608163816669" lon="9.283677649844467"><ele>1874.1</ele></trkpt><trkpt lat="46.596089638186314" lon="9.283703649862456"><ele>1874.0</ele></trkpt><trkpt lat="46.59609863816627" lon="9.283729649842078"><ele>1874.1</ele></trkpt><trkpt lat="46.59612563828423" lon="9.283730649956908"><ele>1873.5</ele></trkpt><trkpt lat="46.59617863854009" lon="9.283758650204623"><ele>1872.2</ele></trkpt><trkpt lat="46.59621463865785" lon="9.283786650318216"><ele>1871.6</ele></trkpt><trkpt lat="46.59624963879549" lon="9.283839650449902"><ele>1870.9</ele></trkpt><trkpt lat="46.59629263903209" lon="9.283945650675117"><ele>1869.7</ele></trkpt><trkpt lat="46.59634563920885" lon="9.284025650843867"><ele>1868.8</ele></trkpt><trkpt lat="46.5966076402516" lon="9.28453065183656"><ele>1863.5</ele></trkpt><trkpt lat="46.59672964070378" lon="9.284743652267602"><ele>1861.2</ele></trkpt><trkpt lat="46.5967916409199" lon="9.284837652474078"><ele>1860.1</ele></trkpt><trkpt lat="46.59686264113557" lon="9.284878652682792"><ele>1859.0</ele></trkpt><trkpt lat="46.5969066412729" lon="9.284919652814976"><ele>1858.3</ele></trkpt><trkpt lat="46.59694264135091" lon="9.284907652891969"><ele>1857.9</ele></trkpt><trkpt lat="46.5969976414679" lon="9.284896653007154"><ele>1857.3</ele></trkpt><trkpt lat="46.5970156415069" lon="9.284896653045394"><ele>1857.1</ele></trkpt><trkpt lat="46.59703264162531" lon="9.284923653159185"><ele>1856.5</ele></trkpt><trkpt lat="46.59704064172434" lon="9.284989653252175"><ele>1856.0</ele></trkpt><trkpt lat="46.597120641979494" lon="9.285083653496912"><ele>1854.7</ele></trkpt><trkpt lat="46.59716464213662" lon="9.28512365364833"><ele>1853.9</ele></trkpt><trkpt lat="46.59721764221421" lon="9.285164653722921"><ele>1853.5</ele></trkpt><trkpt lat="46.59725264237167" lon="9.285218653873795"><ele>1852.7</ele></trkpt><trkpt lat="46.59728764252927" lon="9.285297654023593"><ele>1851.9</ele></trkpt><trkpt lat="46.59730464262792" lon="9.28533765411766"><ele>1851.4</ele></trkpt><trkpt lat="46.59729464276721" lon="9.285415654248633"><ele>1850.7</ele></trkpt><trkpt lat="46.5973036428066" lon="9.285441654285814"><ele>1850.5</ele></trkpt><trkpt lat="46.5973296428454" lon="9.28546965432279"><ele>1850.3</ele></trkpt><trkpt lat="46.59736564294336" lon="9.285496654417294"><ele>1849.8</ele></trkpt><trkpt lat="46.597428643139466" lon="9.285511654608033"><ele>1848.8</ele></trkpt><trkpt lat="46.59749064329587" lon="9.285513654760978"><ele>1848.0</ele></trkpt><trkpt lat="46.597527643433345" lon="9.285501654895512"><ele>1847.3</ele></trkpt><trkpt lat="46.59754564357146" lon="9.285502655029617"><ele>1846.6</ele></trkpt><trkpt lat="46.59759964392626" lon="9.285465655376115"><ele>1844.8</ele></trkpt><trkpt lat="46.59763664412312" lon="9.285440655568756"><ele>1843.8</ele></trkpt><trkpt lat="46.59766364422124" lon="9.285428655664996"><ele>1843.3</ele></trkpt><trkpt lat="46.597716644496984" lon="9.285456655931974"><ele>1841.9</ele></trkpt><trkpt lat="46.597716644496984" lon="9.285456655931974"><ele>1841.9</ele></trkpt><trkpt lat="46.59777764451506" lon="9.28557565594564"><ele>1841.8</ele></trkpt><trkpt lat="46.59777764451506" lon="9.28557565594564"><ele>1841.8</ele></trkpt><trkpt lat="46.59781364451395" lon="9.285603655944193"><ele>1841.8</ele></trkpt><trkpt lat="46.597858644532245" lon="9.285617655962472"><ele>1841.7</ele></trkpt><trkpt lat="46.59796664458794" lon="9.28558265602079"><ele>1841.4</ele></trkpt><trkpt lat="46.59804864484278" lon="9.285558656270622"><ele>1840.1</ele></trkpt><trkpt lat="46.59811164499912" lon="9.285547656424125"><ele>1839.3</ele></trkpt><trkpt lat="46.59813864505765" lon="9.285535656482006"><ele>1839.0</ele></trkpt><trkpt lat="46.59815664509661" lon="9.285510656521316"><ele>1838.8</ele></trkpt><trkpt lat="46.59818464515506" lon="9.285485656579743"><ele>1838.5</ele></trkpt><trkpt lat="46.59829264542879" lon="9.285449656849105"><ele>1837.1</ele></trkpt><trkpt lat="46.59836564554511" lon="9.285426656964683"><ele>1836.5</ele></trkpt><trkpt lat="46.59841864566229" lon="9.28544065707882"><ele>1835.9</ele></trkpt><trkpt lat="46.598445645780366" lon="9.285454657193133"><ele>1835.3</ele></trkpt><trkpt lat="46.59849964577863" lon="9.285482657191567"><ele>1835.3</ele></trkpt><trkpt lat="46.598535645817044" lon="9.285484657229604"><ele>1835.1</ele></trkpt><trkpt lat="46.59858964603327" lon="9.285485657440198"><ele>1834.0</ele></trkpt><trkpt lat="46.59862564623025" lon="9.285474657632246"><ele>1833.0</ele></trkpt><trkpt lat="46.59868964640631" lon="9.285424657806587"><ele>1832.1</ele></trkpt><trkpt lat="46.59871664646483" lon="9.285411657864506"><ele>1831.8</ele></trkpt><trkpt lat="46.59876064660212" lon="9.28543965799729"><ele>1831.1</ele></trkpt><trkpt lat="46.598805646719576" lon="9.285441658111992"><ele>1830.5</ele></trkpt><trkpt lat="46.59888764691494" lon="9.28540465830484"><ele>1829.5</ele></trkpt><trkpt lat="46.59890564697379" lon="9.285405658362222"><ele>1829.2</ele></trkpt><trkpt lat="46.598985647109934" lon="9.285447658494169"><ele>1828.5</ele></trkpt><trkpt lat="46.59905764722654" lon="9.285475658607583"><ele>1827.9</ele></trkpt><trkpt lat="46.59909264732457" lon="9.285516658701516"><ele>1827.4</ele></trkpt><trkpt lat="46.59912864742252" lon="9.285543658796033"><ele>1826.9</ele></trkpt><trkpt lat="46.59915564746125" lon="9.285531658834731"><ele>1826.7</ele></trkpt><trkpt lat="46.599191647519426" lon="9.285506658893096"><ele>1826.4</ele></trkpt><trkpt lat="46.59923764763673" lon="9.285481659008948"><ele>1825.8</ele></trkpt><trkpt lat="46.59927364769501" lon="9.285483659066168"><ele>1825.5</ele></trkpt><trkpt lat="46.59930964779289" lon="9.285484659161794"><ele>1825.0</ele></trkpt><trkpt lat="46.59938064798886" lon="9.285526659351362"><ele>1824.0</ele></trkpt><trkpt lat="46.599487648262844" lon="9.285555659617966"><ele>1822.6</ele></trkpt><trkpt lat="46.599559648478476" lon="9.285558659828363"><ele>1821.5</ele></trkpt><trkpt lat="46.59963164873376" lon="9.285547660077725"><ele>1820.2</ele></trkpt><trkpt lat="46.59972264888923" lon="9.285537660230997"><ele>1819.4</ele></trkpt><trkpt lat="46.59983864920256" lon="9.285554660536427"><ele>1817.8</ele></trkpt><trkpt lat="46.60004564975071" lon="9.285574661071314"><ele>1815.0</ele></trkpt><trkpt lat="46.60014364998542" lon="9.285604661299592"><ele>1813.8</ele></trkpt><trkpt lat="46.6002966503769" lon="9.28564866168037"><ele>1811.8</ele></trkpt><trkpt lat="46.60034065035565" lon="9.285663661660262"><ele>1811.9</ele></trkpt><trkpt lat="46.60039565055194" lon="9.285612661853877"><ele>1810.9</ele></trkpt><trkpt lat="46.60046765070809" lon="9.285602662007285"><ele>1810.1</ele></trkpt><trkpt lat="46.600629651099176" lon="9.285594662390206"><ele>1808.1</ele></trkpt><trkpt lat="46.6007206512546" lon="9.28555866254458"><ele>1807.3</ele></trkpt><trkpt lat="46.600838651409084" lon="9.285484662700377"><ele>1806.5</ele></trkpt><trkpt lat="46.600901651486296" lon="9.285473662777154"><ele>1806.1</ele></trkpt><trkpt lat="46.601037651640226" lon="9.285439662931143"><ele>1805.3</ele></trkpt><trkpt lat="46.60108265173783" lon="9.28541466302781"><ele>1804.8</ele></trkpt><trkpt lat="46.60115465191382" lon="9.285403663200443"><ele>1803.9</ele></trkpt><trkpt lat="46.601191652011664" lon="9.28539266329657"><ele>1803.4</ele></trkpt><trkpt lat="46.601218652070166" lon="9.285366663355028"><ele>1803.1</ele></trkpt><trkpt lat="46.60123665212898" lon="9.285341663413512"><ele>1802.8</ele></trkpt><trkpt lat="46.60127365208798" lon="9.28529066337704"><ele>1803.0</ele></trkpt><trkpt lat="46.60127365208798" lon="9.28529066337704"><ele>1803.0</ele></trkpt><trkpt lat="46.601399651984714" lon="9.285320663279029"><ele>1803.5</ele></trkpt><trkpt lat="46.601399651984714" lon="9.285320663279029"><ele>1803.5</ele></trkpt><trkpt lat="46.60144365188429" lon="9.285361663181098"><ele>1804.0</ele></trkpt><trkpt lat="46.60147065186363" lon="9.285388663160605"><ele>1804.1</ele></trkpt><trkpt lat="46.60157765187994" lon="9.28540566317836"><ele>1804.0</ele></trkpt><trkpt lat="46.60162265193792" lon="9.285419663235022"><ele>1803.7</ele></trkpt><trkpt lat="46.60167665179739" lon="9.2854216631003"><ele>1804.4</ele></trkpt><trkpt lat="46.601730651716245" lon="9.285423663023119"><ele>1804.8</ele></trkpt><trkpt lat="46.601802651654445" lon="9.28543966296442"><ele>1805.1</ele></trkpt><trkpt lat="46.601856651632836" lon="9.285440662944835"><ele>1805.2</ele></trkpt><trkpt lat="46.60196465160926" lon="9.285392662926952"><ele>1805.3</ele></trkpt><trkpt lat="46.602019651428925" lon="9.285368662754944"><ele>1806.2</ele></trkpt><trkpt lat="46.602064651427376" lon="9.285356662755149"><ele>1806.2</ele></trkpt><trkpt lat="46.60210965152501" lon="9.28534566285123"><ele>1805.7</ele></trkpt><trkpt lat="46.6021286515243" lon="9.285319662852194"><ele>1805.7</ele></trkpt><trkpt lat="46.602183651621424" lon="9.285243662950942"><ele>1805.2</ele></trkpt><trkpt lat="46.60223065161953" lon="9.285140662954955"><ele>1805.2</ele></trkpt><trkpt lat="46.6022576515987" lon="9.285115662936647"><ele>1805.3</ele></trkpt><trkpt lat="46.60229465153794" lon="9.285077662880452"><ele>1805.6</ele></trkpt><trkpt lat="46.602375651455816" lon="9.285040662804736"><ele>1806.0</ele></trkpt><trkpt lat="46.602439651513" lon="9.284977662864508"><ele>1805.7</ele></trkpt><trkpt lat="46.60248565159071" lon="9.284940662942489"><ele>1805.3</ele></trkpt><trkpt lat="46.60262965170477" lon="9.284905663058096"><ele>1804.7</ele></trkpt><trkpt lat="46.60265765170374" lon="9.284867663059506"><ele>1804.7</ele></trkpt><trkpt lat="46.602685651623325" lon="9.284816662984733"><ele>1805.1</ele></trkpt><trkpt lat="46.60273165142327" lon="9.284713662796943"><ele>1806.1</ele></trkpt><trkpt lat="46.60273165142327" lon="9.284713662796943"><ele>1806.1</ele></trkpt><trkpt lat="46.60275965132307" lon="9.284675662702442"><ele>1806.6</ele></trkpt><trkpt lat="46.60278665114365" lon="9.28466366253013"><ele>1807.5</ele></trkpt><trkpt lat="46.60285965090316" lon="9.28461366230157"><ele>1808.7</ele></trkpt><trkpt lat="46.602905650802406" lon="9.284575662206953"><ele>1809.2</ele></trkpt><trkpt lat="46.602933650781324" lon="9.284472662191927"><ele>1809.3</ele></trkpt><trkpt lat="46.602971650740024" lon="9.284343662158747"><ele>1809.5</ele></trkpt><trkpt lat="46.602982650679955" lon="9.284252662104967"><ele>1809.8</ele></trkpt><trkpt lat="46.602993650718865" lon="9.284121662148776"><ele>1809.6</ele></trkpt><trkpt lat="46.603050650776" lon="9.283941662213527"><ele>1809.3</ele></trkpt><trkpt lat="46.603116650693906" lon="9.283747662144538"><ele>1809.7</ele></trkpt><trkpt lat="46.603172650771064" lon="9.283631662225773"><ele>1809.3</ele></trkpt><trkpt lat="46.603264651045166" lon="9.283478662500114"><ele>1807.9</ele></trkpt><trkpt lat="46.60332965118146" lon="9.283350662639322"><ele>1807.2</ele></trkpt><trkpt lat="46.60340465137688" lon="9.28319666283709"><ele>1806.2</ele></trkpt><trkpt lat="46.603459651434235" lon="9.283093662898592"><ele>1805.9</ele></trkpt><trkpt lat="46.603506651491884" lon="9.282990662960147"><ele>1805.6</ele></trkpt><trkpt lat="46.603645651784035" lon="9.282747663257103"><ele>1804.1</ele></trkpt><trkpt lat="46.6037296519394" lon="9.28256766341752"><ele>1803.3</ele></trkpt><trkpt lat="46.603804652134684" lon="9.282374663616897"><ele>1802.3</ele></trkpt><trkpt lat="46.60389765219062" lon="9.282194663681361"><ele>1802.0</ele></trkpt><trkpt lat="46.60395265224809" lon="9.282118663741718"><ele>1801.7</ele></trkpt><trkpt lat="46.604062652363176" lon="9.282030663859738"><ele>1801.1</ele></trkpt><trkpt lat="46.604134652400305" lon="9.281980663899708"><ele>1800.9</ele></trkpt><trkpt lat="46.604134652400305" lon="9.281980663899708"><ele>1800.9</ele></trkpt><trkpt lat="46.60418965243803" lon="9.281943663939247"><ele>1800.7</ele></trkpt><trkpt lat="46.604207652496854" lon="9.281917663997744"><ele>1800.4</ele></trkpt><trkpt lat="46.604235652575234" lon="9.281879664075854"><ele>1800.0</ele></trkpt><trkpt lat="46.60426365265347" lon="9.281841664153966"><ele>1799.6</ele></trkpt><trkpt lat="46.60430865277088" lon="9.281803664270313"><ele>1799.0</ele></trkpt><trkpt lat="46.604426652885756" lon="9.281729664387681"><ele>1798.4</ele></trkpt><trkpt lat="46.6044996529228" lon="9.281666664428188"><ele>1798.2</ele></trkpt><trkpt lat="46.60457265297979" lon="9.281617664487285"><ele>1797.9</ele></trkpt><trkpt lat="46.60462765307704" lon="9.281592664583842"><ele>1797.4</ele></trkpt><trkpt lat="46.60466365313528" lon="9.281580664641629"><ele>1797.1</ele></trkpt><trkpt lat="46.604735653331154" lon="9.281544664834408"><ele>1796.1</ele></trkpt><trkpt lat="46.60479965348759" lon="9.281494664989479"><ele>1795.3</ele></trkpt><trkpt lat="46.604899653741896" lon="9.281406665241771"><ele>1794.0</ele></trkpt><trkpt lat="46.60495465385894" lon="9.281355665358591"><ele>1793.4</ele></trkpt><trkpt lat="46.605010653975846" lon="9.28127966547644"><ele>1792.8</ele></trkpt><trkpt lat="46.60507565415186" lon="9.281151665653919"><ele>1791.9</ele></trkpt><trkpt lat="46.60510265421029" lon="9.281099665713432"><ele>1791.6</ele></trkpt><trkpt lat="46.60514865422849" lon="9.281049665734391"><ele>1791.5</ele></trkpt><trkpt lat="46.60514865422849" lon="9.281049665734391"><ele>1791.5</ele></trkpt><trkpt lat="46.60521265418666" lon="9.281025665696621"><ele>1791.7</ele></trkpt><trkpt lat="46.605284654243725" lon="9.281001665754673"><ele>1791.4</ele></trkpt><trkpt lat="46.60535665436032" lon="9.28097766587024"><ele>1790.8</ele></trkpt><trkpt lat="46.60535665436032" lon="9.28097766587024"><ele>1790.8</ele></trkpt><trkpt lat="46.60542965441732" lon="9.28095466592824"><ele>1790.5</ele></trkpt><trkpt lat="46.60542965441732" lon="9.28095466592824"><ele>1790.5</ele></trkpt><trkpt lat="46.605547654730564" lon="9.28087966623737"><ele>1788.9</ele></trkpt><trkpt lat="46.60562865492616" lon="9.280843666430076"><ele>1787.9</ele></trkpt><trkpt lat="46.60572865516071" lon="9.280794666661537"><ele>1786.7</ele></trkpt><trkpt lat="46.60582865543501" lon="9.280745666931352"><ele>1785.3</ele></trkpt><trkpt lat="46.60595565576781" lon="9.280658667260083"><ele>1783.6</ele></trkpt><trkpt lat="46.60603765596333" lon="9.280596667453851"><ele>1782.6</ele></trkpt><trkpt lat="46.60628465664891" lon="9.280395668131623"><ele>1779.1</ele></trkpt><trkpt lat="46.60642165706065" lon="9.280256668539117"><ele>1777.0</ele></trkpt><trkpt lat="46.60656765741249" lon="9.28010566888951"><ele>1775.2</ele></trkpt><trkpt lat="46.60674165784282" lon="9.2799546693164"><ele>1773.0</ele></trkpt><trkpt lat="46.6068606581163" lon="9.279814669589808"><ele>1771.6</ele></trkpt><trkpt lat="46.6068606581163" lon="9.279814669589808"><ele>1771.6</ele></trkpt><trkpt lat="46.606824658256215" lon="9.279787669725355"><ele>1770.9</ele></trkpt><trkpt lat="46.60680665845516" lon="9.27977366991777"><ele>1769.9</ele></trkpt><trkpt lat="46.60679865857446" lon="9.279760670033388"><ele>1769.3</ele></trkpt><trkpt lat="46.6067896586342" lon="9.279747670091497"><ele>1769.0</ele></trkpt><trkpt lat="46.60679865867353" lon="9.27972167013085"><ele>1768.8</ele></trkpt><trkpt lat="46.60679965881225" lon="9.27968267026665"><ele>1768.1</ele></trkpt><trkpt lat="46.60677465911037" lon="9.279577670558712"><ele>1766.6</ele></trkpt><trkpt lat="46.606766659209654" lon="9.2795246706568"><ele>1766.1</ele></trkpt><trkpt lat="46.606776659367824" lon="9.27945967081277"><ele>1765.3</ele></trkpt><trkpt lat="46.606767659526696" lon="9.279407670968334"><ele>1764.5</ele></trkpt><trkpt lat="46.6067506595867" lon="9.27938067102707"><ele>1764.2</ele></trkpt><trkpt lat="46.60674265968602" lon="9.279340671124615"><ele>1763.7</ele></trkpt><trkpt lat="46.60675165974512" lon="9.279289671184166"><ele>1763.4</ele></trkpt><trkpt lat="46.60677065984361" lon="9.279250671281494"><ele>1762.9</ele></trkpt><trkpt lat="46.606788659942154" lon="9.279224671378296"><ele>1762.4</ele></trkpt><trkpt lat="46.60681666009988" lon="9.279212671531969"><ele>1761.6</ele></trkpt><trkpt lat="46.606834660158796" lon="9.27920067158986"><ele>1761.3</ele></trkpt><trkpt lat="46.60685266023749" lon="9.279174671667487"><ele>1760.9</ele></trkpt><trkpt lat="46.60686166025703" lon="9.27917567168656"><ele>1760.8</ele></trkpt><trkpt lat="46.60687966029616" lon="9.279188671724253"><ele>1760.6</ele></trkpt><trkpt lat="46.60690666043411" lon="9.279189671858228"><ele>1759.9</ele></trkpt><trkpt lat="46.606933660492814" lon="9.279190671915524"><ele>1759.6</ele></trkpt><trkpt lat="46.60696066049186" lon="9.279165671916372"><ele>1759.6</ele></trkpt><trkpt lat="46.60697966051097" lon="9.279140671936442"><ele>1759.5</ele></trkpt><trkpt lat="46.60703466066771" lon="9.279063672092605"><ele>1758.7</ele></trkpt><trkpt lat="46.60706166072632" lon="9.279051672150427"><ele>1758.4</ele></trkpt><trkpt lat="46.607079660805056" lon="9.279039672227483"><ele>1758.0</ele></trkpt><trkpt lat="46.60710766086356" lon="9.27900067228641"><ele>1757.7</ele></trkpt><trkpt lat="46.60713566092203" lon="9.278962672345292"><ele>1757.4</ele></trkpt><trkpt lat="46.60716266096087" lon="9.278950672383946"><ele>1757.2</ele></trkpt><trkpt lat="46.607198660979456" lon="9.278938672403374"><ele>1757.1</ele></trkpt><trkpt lat="46.60721766101847" lon="9.278900672443145"><ele>1756.9</ele></trkpt><trkpt lat="46.60724466091828" lon="9.278861672348716"><ele>1757.4</ele></trkpt><trkpt lat="46.60724666103699" lon="9.278770672467443"><ele>1756.8</ele></trkpt><trkpt lat="46.607237661096704" lon="9.278744672526074"><ele>1756.5</ele></trkpt><trkpt lat="46.6072476612351" lon="9.278666672663386"><ele>1755.8</ele></trkpt><trkpt lat="46.607266661293856" lon="9.278627672722363"><ele>1755.5</ele></trkpt><trkpt lat="46.60729466135236" lon="9.27858967278124"><ele>1755.2</ele></trkpt><trkpt lat="46.60734866144973" lon="9.278552672878252"><ele>1754.7</ele></trkpt><trkpt lat="46.60749566180164" lon="9.278387673229076"><ele>1752.9</ele></trkpt><trkpt lat="46.60769566209235" lon="9.278224673521969"><ele>1751.4</ele></trkpt><trkpt lat="46.60774166218993" lon="9.278173673619584"><ele>1750.9</ele></trkpt><trkpt lat="46.6077786622085" lon="9.278148673639539"><ele>1750.8</ele></trkpt><trkpt lat="46.607814662286586" lon="9.278097673718054"><ele>1750.4</ele></trkpt><trkpt lat="46.60785166232497" lon="9.278073673757126"><ele>1750.2</ele></trkpt><trkpt lat="46.60785166232497" lon="9.278073673757126"><ele>1750.2</ele></trkpt><trkpt lat="46.60797866251913" lon="9.278025673949946"><ele>1749.2</ele></trkpt><trkpt lat="46.60820366284905" lon="9.277967674276717"><ele>1747.5</ele></trkpt><trkpt lat="46.60874566350594" lon="9.27786867492896"><ele>1744.1</ele></trkpt><trkpt lat="46.608971663796204" lon="9.277823675216858"><ele>1742.6</ele></trkpt><trkpt lat="46.609089663970835" lon="9.277762675391081"><ele>1741.7</ele></trkpt><trkpt lat="46.60914366404845" lon="9.277751675467853"><ele>1741.3</ele></trkpt><trkpt lat="46.6092516641639" lon="9.277702675584154"><ele>1740.7</ele></trkpt><trkpt lat="46.60932466420122" lon="9.277692675622426"><ele>1740.5</ele></trkpt><trkpt lat="46.609378664258934" lon="9.27768167568003"><ele>1740.2</ele></trkpt><trkpt lat="46.60945866435572" lon="9.27770967577422"><ele>1739.7</ele></trkpt><trkpt lat="46.6095666645508" lon="9.277752675963468"><ele>1738.7</ele></trkpt><trkpt lat="46.609646664667366" lon="9.277794676076264"><ele>1738.1</ele></trkpt><trkpt lat="46.60969966472532" lon="9.277822676132297"><ele>1737.8</ele></trkpt><trkpt lat="46.60977166478258" lon="9.277851676188167"><ele>1737.5</ele></trkpt><trkpt lat="46.60984266483993" lon="9.277879676244085"><ele>1737.2</ele></trkpt><trkpt lat="46.60991466489721" lon="9.277895676300487"><ele>1736.9</ele></trkpt><trkpt lat="46.61001366499331" lon="9.277924676394525"><ele>1736.4</ele></trkpt><trkpt lat="46.61022766520493" lon="9.277997676601057"><ele>1735.3</ele></trkpt><trkpt lat="46.610407665477105" lon="9.27802967686698"><ele>1733.9</ele></trkpt><trkpt lat="46.61051566559274" lon="9.278033676981144"><ele>1733.3</ele></trkpt><trkpt lat="46.61059666562985" lon="9.278048677018356"><ele>1733.1</ele></trkpt><trkpt lat="46.610810665821695" lon="9.278121677205737"><ele>1732.1</ele></trkpt><trkpt lat="46.61085566586" lon="9.27813667724319"><ele>1731.9</ele></trkpt><trkpt lat="46.611017665993685" lon="9.278128677376658"><ele>1731.2</ele></trkpt><trkpt lat="46.6110536660124" lon="9.278129677395562"><ele>1731.1</ele></trkpt><trkpt lat="46.61112566604983" lon="9.278145677432795"><ele>1730.9</ele></trkpt><trkpt lat="46.61125066608569" lon="9.27820167746808"><ele>1730.7</ele></trkpt><trkpt lat="46.61147466625738" lon="9.278287677635719"><ele>1729.8</ele></trkpt><trkpt lat="46.61186866650317" lon="9.27840567787767"><ele>1728.5</ele></trkpt><trkpt lat="46.61194866656021" lon="9.278434677933502"><ele>1728.2</ele></trkpt><trkpt lat="46.61203866663683" lon="9.278463678008452"><ele>1727.8</ele></trkpt><trkpt lat="46.6121096666743" lon="9.278479678045693"><ele>1727.6</ele></trkpt><trkpt lat="46.612154666613336" lon="9.278493677987331"><ele>1727.9</ele></trkpt><trkpt lat="46.61219066653293" lon="9.278521677909294"><ele>1728.3</ele></trkpt><trkpt lat="46.61221666655204" lon="9.278561677926687"><ele>1728.2</ele></trkpt><trkpt lat="46.61221666655204" lon="9.278561677926687"><ele>1728.2</ele></trkpt><trkpt lat="46.61232366680686" lon="9.27863067817246"><ele>1726.9</ele></trkpt><trkpt lat="46.612421666863405" lon="9.278698678226611"><ele>1726.6</ele></trkpt><trkpt lat="46.61254566693911" lon="9.278781678299177"><ele>1726.2</ele></trkpt><trkpt lat="46.61275066695279" lon="9.278931678311015"><ele>1726.1</ele></trkpt><trkpt lat="46.61282166689119" lon="9.278999678250313"><ele>1726.4</ele></trkpt><trkpt lat="46.61285666689013" lon="9.279026678249005"><ele>1726.4</ele></trkpt><trkpt lat="46.61285666689013" lon="9.279026678249005"><ele>1726.4</ele></trkpt><trkpt lat="46.61295366706598" lon="9.279134678416606"><ele>1725.5</ele></trkpt><trkpt lat="46.612989667084804" lon="9.279174678433945"><ele>1725.4</ele></trkpt><trkpt lat="46.61305166694403" lon="9.279242678296605"><ele>1726.1</ele></trkpt><trkpt lat="46.613086666962886" lon="9.279282678313947"><ele>1726.0</ele></trkpt><trkpt lat="46.613086666962886" lon="9.279282678313947"><ele>1726.0</ele></trkpt><trkpt lat="46.61316666703991" lon="9.279350678387402"><ele>1725.6</ele></trkpt><trkpt lat="46.613281667096054" lon="9.279446678440335"><ele>1725.3</ele></trkpt><trkpt lat="46.61332666713438" lon="9.279460678477834"><ele>1725.1</ele></trkpt><trkpt lat="46.61338966715226" lon="9.279475678496002"><ele>1725.0</ele></trkpt><trkpt lat="46.61344366715054" lon="9.279477678495581"><ele>1725.0</ele></trkpt><trkpt lat="46.61344366715054" lon="9.279477678495581"><ele>1725.0</ele></trkpt><trkpt lat="46.61352466714792" lon="9.279480678494945"><ele>1725.0</ele></trkpt><trkpt lat="46.61363266714451" lon="9.279471678494616"><ele>1725.0</ele></trkpt><trkpt lat="46.61373166716116" lon="9.279448678514084"><ele>1724.9</ele></trkpt><trkpt lat="46.613821667158234" lon="9.27943867851391"><ele>1724.9</ele></trkpt><trkpt lat="46.613821667158234" lon="9.27943867851391"><ele>1724.9</ele></trkpt><trkpt lat="46.61386666731574" lon="9.279479678665371"><ele>1724.1</ele></trkpt><trkpt lat="46.61391066741368" lon="9.279506678759876"><ele>1723.6</ele></trkpt><trkpt lat="46.613964667491494" lon="9.279547678834586"><ele>1723.2</ele></trkpt><trkpt lat="46.614044667687544" lon="9.279589679024133"><ele>1722.2</ele></trkpt><trkpt lat="46.614124667903475" lon="9.279631679232857"><ele>1721.1</ele></trkpt><trkpt lat="46.614205668079684" lon="9.279660679403753"><ele>1720.2</ele></trkpt><trkpt lat="46.61424166825715" lon="9.279648679576573"><ele>1719.3</ele></trkpt><trkpt lat="46.6142776684346" lon="9.279623679749914"><ele>1718.4</ele></trkpt><trkpt lat="46.61433266857175" lon="9.279586679885263"><ele>1717.7</ele></trkpt><trkpt lat="46.614350668551246" lon="9.279560679867014"><ele>1717.8</ele></trkpt><trkpt lat="46.614360668531035" lon="9.27953567984878"><ele>1717.9</ele></trkpt><trkpt lat="46.614404668529666" lon="9.279549679847939"><ele>1717.9</ele></trkpt><trkpt lat="46.614521668486354" lon="9.279592679807127"><ele>1718.1</ele></trkpt><trkpt lat="46.614565668465175" lon="9.279620679786554"><ele>1718.2</ele></trkpt><trkpt lat="46.61463666850278" lon="9.279675679822256"><ele>1718.0</ele></trkpt><trkpt lat="46.61474466847959" lon="9.279717679800715"><ele>1718.1</ele></trkpt><trkpt lat="46.61489566855446" lon="9.279788679873619"><ele>1717.7</ele></trkpt><trkpt lat="46.615093668786564" lon="9.27984768010011"><ele>1716.5</ele></trkpt><trkpt lat="46.61518266888309" lon="9.279876680194262"><ele>1716.0</ele></trkpt><trkpt lat="46.61534366885827" lon="9.279921680172265"><ele>1716.1</ele></trkpt><trkpt lat="46.61569366912537" lon="9.279998680435435"><ele>1714.7</ele></trkpt><trkpt lat="46.61578266920203" lon="9.28002768051042"><ele>1714.3</ele></trkpt><trkpt lat="46.61585466919977" lon="9.280029680509882"><ele>1714.3</ele></trkpt><trkpt lat="46.61596266925593" lon="9.280033680566566"><ele>1714.0</ele></trkpt><trkpt lat="46.616070669272496" lon="9.280063680583863"><ele>1713.9</ele></trkpt><trkpt lat="46.616151669309566" lon="9.280066680621582"><ele>1713.7</ele></trkpt><trkpt lat="46.616222669307405" lon="9.280081680620533"><ele>1713.7</ele></trkpt><trkpt lat="46.61634866960126" lon="9.28008568090722"><ele>1712.2</ele></trkpt><trkpt lat="46.61645666957805" lon="9.280102680886685"><ele>1712.3</ele></trkpt><trkpt lat="46.61657366963396" lon="9.280119680942795"><ele>1712.0</ele></trkpt><trkpt lat="46.6166986696301" lon="9.280137680941287"><ele>1712.0</ele></trkpt><trkpt lat="46.61693266996034" lon="9.280171681264461"><ele>1710.3</ele></trkpt><trkpt lat="46.61712966993438" lon="9.280203681242762"><ele>1710.4</ele></trkpt><trkpt lat="46.617246669930715" lon="9.280221681241304"><ele>1710.4</ele></trkpt><trkpt lat="46.6173186699285" lon="9.280236681240254"><ele>1710.4</ele></trkpt><trkpt lat="46.61736366992708" lon="9.28023868123989"><ele>1710.4</ele></trkpt><trkpt lat="46.61740766982643" lon="9.28025268114317"><ele>1710.9</ele></trkpt><trkpt lat="46.617452669705884" lon="9.280254681027746"><ele>1711.5</ele></trkpt><trkpt lat="46.617452669705884" lon="9.280254681027746"><ele>1711.5</ele></trkpt><trkpt lat="46.61747666972412" lon="9.279915681060267"><ele>1711.4</ele></trkpt><trkpt lat="46.61747666972412" lon="9.279915681060267"><ele>1711.4</ele></trkpt><trkpt lat="46.61738666992551" lon="9.27991268125272"><ele>1710.4</ele></trkpt><trkpt lat="46.617359669966014" lon="9.279885681292313"><ele>1710.2</ele></trkpt><trkpt lat="46.61733367004622" lon="9.27985868137026"><ele>1709.8</ele></trkpt><trkpt lat="46.617325670185274" lon="9.279792681507166"><ele>1709.1</ele></trkpt><trkpt lat="46.61734467026394" lon="9.279728681586297"><ele>1708.7</ele></trkpt><trkpt lat="46.61736367030298" lon="9.27968968162607"><ele>1708.5</ele></trkpt><trkpt lat="46.617390670341706" lon="9.279651681665765"><ele>1708.3</ele></trkpt><trkpt lat="46.617508670595996" lon="9.279590681916728"><ele>1707.0</ele></trkpt><trkpt lat="46.61756367065367" lon="9.279526681976451"><ele>1706.7</ele></trkpt><trkpt lat="46.61756367065367" lon="9.279526681976451"><ele>1706.7</ele></trkpt><trkpt lat="46.617609670671925" lon="9.279449681998392"><ele>1706.6</ele></trkpt><trkpt lat="46.61765567071004" lon="9.279399682038438"><ele>1706.4</ele></trkpt><trkpt lat="46.61769267074841" lon="9.279335682079095"><ele>1706.2</ele></trkpt><trkpt lat="46.617766670765704" lon="9.279220682102368"><ele>1706.1</ele></trkpt><trkpt lat="46.61790667066119" lon="9.278924682017362"><ele>1706.6</ele></trkpt><trkpt lat="46.61795267067939" lon="9.278847682039302"><ele>1706.5</ele></trkpt><trkpt lat="46.617998670737364" lon="9.278771682099551"><ele>1706.2</ele></trkpt><trkpt lat="46.61811867089203" lon="9.278605682258776"><ele>1705.4</ele></trkpt><trkpt lat="46.6182106709683" lon="9.278503682338934"><ele>1705.0</ele></trkpt><trkpt lat="46.6182466710068" lon="9.278452682379076"><ele>1704.8</ele></trkpt><trkpt lat="46.61830167104461" lon="9.278389682419572"><ele>1704.6</ele></trkpt><trkpt lat="46.61835667106259" lon="9.278326682440898"><ele>1704.5</ele></trkpt><trkpt lat="46.61843067107984" lon="9.278224682463652"><ele>1704.4</ele></trkpt><trkpt lat="46.61847667113773" lon="9.278134682524446"><ele>1704.1</ele></trkpt><trkpt lat="46.618541671175144" lon="9.278019682566939"><ele>1703.9</ele></trkpt><trkpt lat="46.618597671212875" lon="9.2779296826085"><ele>1703.7</ele></trkpt><trkpt lat="46.61866167127026" lon="9.27784068266914"><ele>1703.4</ele></trkpt><trkpt lat="46.61872567130781" lon="9.277790682709066"><ele>1703.2</ele></trkpt><trkpt lat="46.618816671384245" lon="9.277728682787634"><ele>1702.8</ele></trkpt><trkpt lat="46.6188886714614" lon="9.277704682864815"><ele>1702.4</ele></trkpt><trkpt lat="46.61900667159661" lon="9.277669682999662"><ele>1701.7</ele></trkpt><trkpt lat="46.61918767176947" lon="9.277583683174468"><ele>1700.8</ele></trkpt><trkpt lat="46.61936967184299" lon="9.277498683253372"><ele>1700.4</ele></trkpt><trkpt lat="46.61949567191835" lon="9.277437683331678"><ele>1700.0</ele></trkpt><trkpt lat="46.61956867193576" lon="9.277387683352371"><ele>1699.9</ele></trkpt><trkpt lat="46.61958667193518" lon="9.277375683352728"><ele>1699.9</ele></trkpt><trkpt lat="46.61958667193518" lon="9.277375683352728"><ele>1699.9</ele></trkpt><trkpt lat="46.619649671972965" lon="9.277390683390081"><ele>1699.7</ele></trkpt><trkpt lat="46.61973067199033" lon="9.277393683408626"><ele>1699.6</ele></trkpt><trkpt lat="46.61979367192871" lon="9.277382683351153"><ele>1699.9</ele></trkpt><trkpt lat="46.619866671985925" lon="9.277345683409669"><ele>1699.6</ele></trkpt><trkpt lat="46.61993867206303" lon="9.277309683487326"><ele>1699.2</ele></trkpt><trkpt lat="46.61997567208163" lon="9.277271683507768"><ele>1699.1</ele></trkpt><trkpt lat="46.61997567208163" lon="9.277271683507768"><ele>1699.1</ele></trkpt><trkpt lat="46.62011967219633" lon="9.27727668362169"><ele>1698.5</ele></trkpt><trkpt lat="46.620516672342696" lon="9.277224683774623"><ele>1697.7</ele></trkpt><trkpt lat="46.620705672455834" lon="9.277178683890279"><ele>1697.1</ele></trkpt><trkpt lat="46.62077767249332" lon="9.27718068392809"><ele>1696.9</ele></trkpt><trkpt lat="46.620823672511705" lon="9.277169683947404"><ele>1696.8</ele></trkpt><trkpt lat="46.62091367258827" lon="9.277133684024944"><ele>1696.4</ele></trkpt><trkpt lat="46.62099567264521" lon="9.277096684083405"><ele>1696.1</ele></trkpt><trkpt lat="46.62116667277883" lon="9.277050684218345"><ele>1695.4</ele></trkpt><trkpt lat="46.62122067281683" lon="9.27705268425627"><ele>1695.2</ele></trkpt><trkpt lat="46.62128367279504" lon="9.277067684236114"><ele>1695.3</ele></trkpt><trkpt lat="46.62144467294917" lon="9.277138684385674"><ele>1694.5</ele></trkpt><trkpt lat="46.621506673026715" lon="9.277166684460864"><ele>1694.1</ele></trkpt><trkpt lat="46.62154267306546" lon="9.277220684496854"><ele>1693.9</ele></trkpt><trkpt lat="46.621577673064536" lon="9.277273684494547"><ele>1693.9</ele></trkpt><trkpt lat="46.6216666730619" lon="9.27734168449131"><ele>1693.9</ele></trkpt><trkpt lat="46.62176467303913" lon="9.27738468446983"><ele>1694.0</ele></trkpt><trkpt lat="46.62183567311641" lon="9.277412684544968"><ele>1693.6</ele></trkpt><trkpt lat="46.62198767319129" lon="9.277483684617904"><ele>1693.2</ele></trkpt><trkpt lat="46.62205067322908" lon="9.277485684655778"><ele>1693.0</ele></trkpt><trkpt lat="46.622086673267695" lon="9.277486684693859"><ele>1692.8</ele></trkpt><trkpt lat="46.62213167328619" lon="9.27748868471267"><ele>1692.7</ele></trkpt><trkpt lat="46.622203673303865" lon="9.277503684730805"><ele>1692.6</ele></trkpt><trkpt lat="46.622283673341165" lon="9.277545684766991"><ele>1692.4</ele></trkpt><trkpt lat="46.62244467341579" lon="9.27761668483988"><ele>1692.0</ele></trkpt><trkpt lat="46.62249867345395" lon="9.277644684876787"><ele>1691.8</ele></trkpt><trkpt lat="46.62257867353099" lon="9.27767368495183"><ele>1691.4</ele></trkpt><trkpt lat="46.622685673488064" lon="9.277729684910616"><ele>1691.6</ele></trkpt><trkpt lat="46.62274867348608" lon="9.277731684910142"><ele>1691.6</ele></trkpt><trkpt lat="46.62289267358093" lon="9.277723685005423"><ele>1691.1</ele></trkpt><trkpt lat="46.622973673598295" lon="9.277738685023499"><ele>1691.0</ele></trkpt><trkpt lat="46.62304567365567" lon="9.277728685080964"><ele>1690.7</ele></trkpt><trkpt lat="46.62310867369338" lon="9.277717685119345"><ele>1690.5</ele></trkpt><trkpt lat="46.62314567375181" lon="9.277692685177614"><ele>1690.2</ele></trkpt><trkpt lat="46.62321867374932" lon="9.27761668518015"><ele>1690.2</ele></trkpt><trkpt lat="46.623254673768024" lon="9.27759168520008"><ele>1690.1</ele></trkpt><trkpt lat="46.623327673805385" lon="9.277568685238872"><ele>1689.9</ele></trkpt><trkpt lat="46.623372673863585" lon="9.277556685296583"><ele>1689.6</ele></trkpt><trkpt lat="46.62343567386157" lon="9.277532685297134"><ele>1689.6</ele></trkpt><trkpt lat="46.623463673880515" lon="9.277507685317111"><ele>1689.5</ele></trkpt><trkpt lat="46.62349067387954" lon="9.27745668531895"><ele>1689.5</ele></trkpt><trkpt lat="46.62350967393843" lon="9.27740468537839"><ele>1689.2</ele></trkpt><trkpt lat="46.62350967393843" lon="9.27740468537839"><ele>1689.2</ele></trkpt><trkpt lat="46.62350167393852" lon="9.277338685381036"><ele>1689.2</ele></trkpt><trkpt lat="46.62349367389883" lon="9.277260685345805"><ele>1689.4</ele></trkpt><trkpt lat="46.6234866738591" lon="9.277181685310612"><ele>1689.6</ele></trkpt><trkpt lat="46.6234786738591" lon="9.277076685314789"><ele>1689.6</ele></trkpt><trkpt lat="46.6234896737592" lon="9.276998685221928"><ele>1690.1</ele></trkpt><trkpt lat="46.623472673620434" lon="9.2769206850909"><ele>1690.8</ele></trkpt><trkpt lat="46.623472673620434" lon="9.2769206850909"><ele>1690.8</ele></trkpt><trkpt lat="46.62354467363798" lon="9.276896685110566"><ele>1690.7</ele></trkpt><trkpt lat="46.62367167367369" lon="9.27686168514949"><ele>1690.5</ele></trkpt><trkpt lat="46.623716673692186" lon="9.276863685168303"><ele>1690.4</ele></trkpt><trkpt lat="46.623770673710396" lon="9.276877685186586"><ele>1690.3</ele></trkpt><trkpt lat="46.6238416737082" lon="9.276893685185511"><ele>1690.3</ele></trkpt><trkpt lat="46.62389667370647" lon="9.276882685185603"><ele>1690.3</ele></trkpt><trkpt lat="46.623941673705" lon="9.276870685185793"><ele>1690.3</ele></trkpt><trkpt lat="46.62398667370363" lon="9.276859685185944"><ele>1690.3</ele></trkpt><trkpt lat="46.62421467341786" lon="9.276684684923007"><ele>1691.7</ele></trkpt><trkpt lat="46.62426867333665" lon="9.276672684846458"><ele>1692.1</ele></trkpt><trkpt lat="46.624295673296025" lon="9.276660684808418"><ele>1692.3</ele></trkpt><trkpt lat="46.624349673234754" lon="9.276662684750486"><ele>1692.6</ele></trkpt><trkpt lat="46.62439467317378" lon="9.276677684692102"><ele>1692.9</ele></trkpt><trkpt lat="46.624438673093" lon="9.276691684614592"><ele>1693.3</ele></trkpt><trkpt lat="46.62452867295108" lon="9.276720684478684"><ele>1694.0</ele></trkpt><trkpt lat="46.62464467288804" lon="9.276764684418714"><ele>1694.3</ele></trkpt><trkpt lat="46.624716672865866" lon="9.27676668439901"><ele>1694.4</ele></trkpt><trkpt lat="46.62487867282106" lon="9.27674568436048"><ele>1694.6</ele></trkpt></trkseg></trk></gpx>