<?xml version="1.0" encoding="utf-8"?><gpx version="1.1" creator="MySchweizMobil - https://map.schweizmobil.ch/" xmlns:xsi="http://www.w3.org/2001/XMLSchema-instance" xmlns="http://www.topografix.com/GPX/1/1" xsi:schemaLocation="http://www.topografix.com/GPX/1/1 http://www.topografix.com/GPX/1/1/gpx.xsd"><metadata><name>6 Alpine Passes Trail - Stage 5</name><bounds minlat="46.554277716563604" minlon="9.322623724415784" maxlat="46.565461726039565" maxlon="9.439587756111738" /></metadata><trk><name>6 Alpine Passes Trail - Stage 5</name><trkseg><trkpt lat="46.55657475266706" lon="9.439343754964185"><ele>1302.6</ele></trkpt><trkpt lat="46.55655675264766" lon="9.439316754945548"><ele>1302.7</ele></trkpt><trkpt lat="46.55653875266785" lon="9.439316754965178"><ele>1302.6</ele></trkpt><trkpt lat="46.556520752688016" lon="9.439328754984441"><ele>1302.5</ele></trkpt><trkpt lat="46.55650275276733" lon="9.439340755062313"><ele>1302.1</ele></trkpt><trkpt lat="46.55646575292603" lon="9.439378755217648"><ele>1301.3</ele></trkpt><trkpt lat="46.55640175318402" lon="9.43944175547005"><ele>1300.0</ele></trkpt><trkpt lat="46.55631075352153" lon="9.439490755801156"><ele>1298.3</ele></trkpt><trkpt lat="46.55619275382026" lon="9.43955175609297"><ele>1296.8</ele></trkpt><trkpt lat="46.556129753841546" lon="9.439587756111738"><ele>1296.7</ele></trkpt><trkpt lat="46.55610275384215" lon="9.4395867561119"><ele>1296.7</ele></trkpt><trkpt lat="46.556075753842784" lon="9.439585756112065"><ele>1296.7</ele></trkpt><trkpt lat="46.55605775386297" lon="9.439585756131692"><ele>1296.6</ele></trkpt><trkpt lat="46.556030753902974" lon="9.439558756171701"><ele>1296.4</ele></trkpt><trkpt lat="46.556012753962584" lon="9.439544756230825"><ele>1296.1</ele></trkpt><trkpt lat="46.555995754120595" lon="9.439491756388781"><ele>1295.3</ele></trkpt><trkpt lat="46.555995754120595" lon="9.439491756388781"><ele>1295.3</ele></trkpt><trkpt lat="46.55594175394444" lon="9.43948975621328"><ele>1296.2</ele></trkpt><trkpt lat="46.555879754005026" lon="9.439474756272645"><ele>1295.9</ele></trkpt><trkpt lat="46.55584375398611" lon="9.439460756253704"><ele>1296.0</ele></trkpt><trkpt lat="46.55580775406578" lon="9.439432756332868"><ele>1295.6</ele></trkpt><trkpt lat="46.55579075414507" lon="9.439418756411515"><ele>1295.2</ele></trkpt><trkpt lat="46.55572875416612" lon="9.439351756433359"><ele>1295.1</ele></trkpt><trkpt lat="46.55566675422666" lon="9.439296756493913"><ele>1294.8</ele></trkpt><trkpt lat="46.555622754247274" lon="9.439243756515252"><ele>1294.7</ele></trkpt><trkpt lat="46.555595754228165" lon="9.439203756497045"><ele>1294.8</ele></trkpt><trkpt lat="46.55556975424847" lon="9.439188756517153"><ele>1294.7</ele></trkpt><trkpt lat="46.555515754308814" lon="9.439147756577253"><ele>1294.4</ele></trkpt><trkpt lat="46.555454754290366" lon="9.439067756560407"><ele>1294.5</ele></trkpt><trkpt lat="46.55541975421221" lon="9.438987756484824"><ele>1294.9</ele></trkpt><trkpt lat="46.55538475425237" lon="9.438934756525654"><ele>1294.7</ele></trkpt><trkpt lat="46.555340754332185" lon="9.438893756605234"><ele>1294.3</ele></trkpt><trkpt lat="46.555313754372236" lon="9.438879756644855"><ele>1294.1</ele></trkpt><trkpt lat="46.55527775433366" lon="9.438878756605993"><ele>1294.3</ele></trkpt><trkpt lat="46.555151754316924" lon="9.438886756586834"><ele>1294.4</ele></trkpt><trkpt lat="46.55511575435721" lon="9.438885756626117"><ele>1294.2</ele></trkpt><trkpt lat="46.555088754456506" lon="9.438910756723173"><ele>1293.7</ele></trkpt><trkpt lat="46.55507975451584" lon="9.43890975678186"><ele>1293.4</ele></trkpt><trkpt lat="46.55506175459512" lon="9.43888375686086"><ele>1293.0</ele></trkpt><trkpt lat="46.555007754754094" lon="9.438868757017854"><ele>1292.2</ele></trkpt><trkpt lat="46.554963755149444" lon="9.438840757409599"><ele>1290.2</ele></trkpt><trkpt lat="46.554963755149444" lon="9.438840757409599"><ele>1290.2</ele></trkpt><trkpt lat="46.55491975515041" lon="9.438799757411036"><ele>1290.2</ele></trkpt><trkpt lat="46.55491975515041" lon="9.438799757411036"><ele>1290.2</ele></trkpt><trkpt lat="46.55488475495393" lon="9.438733757217829"><ele>1291.2</ele></trkpt><trkpt lat="46.55489675497304" lon="9.438564757242334"><ele>1291.1</ele></trkpt><trkpt lat="46.55488075495343" lon="9.43843375722678"><ele>1291.2</ele></trkpt><trkpt lat="46.55488075495343" lon="9.43843375722678"><ele>1291.2</ele></trkpt><trkpt lat="46.55490075524855" lon="9.438329757522784"><ele>1289.7</ele></trkpt><trkpt lat="46.554920755661826" lon="9.438186757937133"><ele>1287.6</ele></trkpt><trkpt lat="46.55493275591765" lon="9.438056758194865"><ele>1286.3</ele></trkpt><trkpt lat="46.55494275597641" lon="9.438004758254955"><ele>1286.0</ele></trkpt><trkpt lat="46.554934756015946" lon="9.437926758296372"><ele>1285.8</ele></trkpt><trkpt lat="46.554934756015946" lon="9.437926758296372"><ele>1285.8</ele></trkpt><trkpt lat="46.554877756056065" lon="9.437585758345824"><ele>1285.6</ele></trkpt><trkpt lat="46.554877756056065" lon="9.437585758345824"><ele>1285.6</ele></trkpt><trkpt lat="46.5548697564504" lon="9.43751975873845"><ele>1283.6</ele></trkpt><trkpt lat="46.55487975666702" lon="9.437493758954021"><ele>1282.5</ele></trkpt><trkpt lat="46.554962757138064" lon="9.437366759426121"><ele>1280.1</ele></trkpt><trkpt lat="46.55502675739271" lon="9.437290759681957"><ele>1278.8</ele></trkpt><trkpt lat="46.555073757371765" lon="9.437200759664853"><ele>1278.9</ele></trkpt><trkpt lat="46.55510175727241" lon="9.437149759568566"><ele>1279.4</ele></trkpt><trkpt lat="46.55511075721298" lon="9.437111759511051"><ele>1279.7</ele></trkpt><trkpt lat="46.555120757192945" lon="9.437059759493005"><ele>1279.8</ele></trkpt><trkpt lat="46.55514875713307" lon="9.437034759435013"><ele>1280.1</ele></trkpt><trkpt lat="46.555184757013905" lon="9.43702275931801"><ele>1280.7</ele></trkpt><trkpt lat="46.55520275697398" lon="9.437010759279213"><ele>1280.9</ele></trkpt><trkpt lat="46.55523975683503" lon="9.436972759143442"><ele>1281.6</ele></trkpt><trkpt lat="46.555386756693224" lon="9.43676975901201"><ele>1282.3</ele></trkpt><trkpt lat="46.55544275669173" lon="9.436692759014013"><ele>1282.3</ele></trkpt><trkpt lat="46.55546075667153" lon="9.436654758995518"><ele>1282.4</ele></trkpt><trkpt lat="46.555461756632" lon="9.436628758957223"><ele>1282.6</ele></trkpt><trkpt lat="46.5554447567309" lon="9.436562759056905"><ele>1282.1</ele></trkpt><trkpt lat="46.555445756829386" lon="9.436523759155703"><ele>1281.6</ele></trkpt><trkpt lat="46.55544675700673" lon="9.436471759332996"><ele>1280.7</ele></trkpt><trkpt lat="46.55545675684857" lon="9.436406759178636"><ele>1281.5</ele></trkpt><trkpt lat="46.55545675684857" lon="9.436406759178636"><ele>1281.5</ele></trkpt><trkpt lat="46.55549375667009" lon="9.436303759005737"><ele>1282.4</ele></trkpt><trkpt lat="46.55549375667009" lon="9.436303759005737"><ele>1282.4</ele></trkpt><trkpt lat="46.55552175662993" lon="9.436278758967276"><ele>1282.6</ele></trkpt><trkpt lat="46.55553975653087" lon="9.436252758870317"><ele>1283.1</ele></trkpt><trkpt lat="46.55555875637257" lon="9.43621475871512"><ele>1283.9</ele></trkpt><trkpt lat="46.55558575643108" lon="9.43618975877431"><ele>1283.6</ele></trkpt><trkpt lat="46.555603756509555" lon="9.436190758852307"><ele>1283.2</ele></trkpt><trkpt lat="46.55562175660774" lon="9.436216758949096"><ele>1282.7</ele></trkpt><trkpt lat="46.55567475674459" lon="9.436244759084708"><ele>1282.0</ele></trkpt><trkpt lat="46.55571075690154" lon="9.436259759240327"><ele>1281.2</ele></trkpt><trkpt lat="46.555746756940124" lon="9.436260759279177"><ele>1281.0</ele></trkpt><trkpt lat="46.555774756899964" lon="9.436222759241105"><ele>1281.2</ele></trkpt><trkpt lat="46.55579375701771" lon="9.436157759360105"><ele>1280.6</ele></trkpt><trkpt lat="46.555830756918084" lon="9.436081759264521"><ele>1281.1</ele></trkpt><trkpt lat="46.555830756918084" lon="9.436081759264521"><ele>1281.1</ele></trkpt><trkpt lat="46.55589575683751" lon="9.435992759188723"><ele>1281.5</ele></trkpt><trkpt lat="46.55589575683751" lon="9.435992759188723"><ele>1281.5</ele></trkpt><trkpt lat="46.555931756777504" lon="9.435980759130315"><ele>1281.8</ele></trkpt><trkpt lat="46.55595875681628" lon="9.435981759169206"><ele>1281.6</ele></trkpt><trkpt lat="46.55595875681628" lon="9.435981759169206"><ele>1281.6</ele></trkpt><trkpt lat="46.55597775650023" lon="9.435916758858587"><ele>1283.2</ele></trkpt><trkpt lat="46.55596975638204" lon="9.435877758742613"><ele>1283.8</ele></trkpt><trkpt lat="46.55596175608638" lon="9.435824758451298"><ele>1285.3</ele></trkpt><trkpt lat="46.55595375600751" lon="9.435759758375152"><ele>1285.7</ele></trkpt><trkpt lat="46.55594575596813" lon="9.43570775833768"><ele>1285.9</ele></trkpt><trkpt lat="46.55592875565293" lon="9.435654758026894"><ele>1287.5</ele></trkpt><trkpt lat="46.55589375545655" lon="9.43561375783301"><ele>1288.5</ele></trkpt><trkpt lat="46.55584875524066" lon="9.435599757618842"><ele>1289.6</ele></trkpt><trkpt lat="46.55578675492649" lon="9.435531757308736"><ele>1291.2</ele></trkpt><trkpt lat="46.55576975459147" lon="9.435452756979215"><ele>1292.9</ele></trkpt><trkpt lat="46.55576275407886" lon="9.435387756473487"><ele>1295.5</ele></trkpt><trkpt lat="46.555789753565435" lon="9.435336755967185"><ele>1298.1</ele></trkpt><trkpt lat="46.555826753268676" lon="9.435298755675237"><ele>1299.6</ele></trkpt><trkpt lat="46.555871753070356" lon="9.4352737554805"><ele>1300.6</ele></trkpt><trkpt lat="46.55589875297115" lon="9.435274755382704"><ele>1301.1</ele></trkpt><trkpt lat="46.55590875281304" lon="9.435236755227583"><ele>1301.9</ele></trkpt><trkpt lat="46.5558827526362" lon="9.435208755052818"><ele>1302.8</ele></trkpt><trkpt lat="46.555828752361386" lon="9.435193754780165"><ele>1304.2</ele></trkpt><trkpt lat="46.555748752087126" lon="9.435151754508462"><ele>1305.6</ele></trkpt><trkpt lat="46.55571275191049" lon="9.435137754333324"><ele>1306.5</ele></trkpt><trkpt lat="46.55571375173295" lon="9.435098754158764"><ele>1307.4</ele></trkpt><trkpt lat="46.5557587514755" lon="9.435087753905032"><ele>1308.7</ele></trkpt><trkpt lat="46.55580375111943" lon="9.435049753554491"><ele>1310.5</ele></trkpt><trkpt lat="46.55585875074334" lon="9.435012753184338"><ele>1312.4</ele></trkpt><trkpt lat="46.55587775036815" lon="9.43496075281483"><ele>1314.3</ele></trkpt><trkpt lat="46.555860750052986" lon="9.434921752503692"><ele>1315.9</ele></trkpt><trkpt lat="46.55580774975832" lon="9.434867752212712"><ele>1317.4</ele></trkpt><trkpt lat="46.55574574930619" lon="9.43479975176601"><ele>1319.7</ele></trkpt><trkpt lat="46.55568374887382" lon="9.434758751338016"><ele>1321.9</ele></trkpt><trkpt lat="46.55562174838223" lon="9.434703750851881"><ele>1324.4</ele></trkpt><trkpt lat="46.555612748204915" lon="9.434677750677"><ele>1325.3</ele></trkpt><trkpt lat="46.555639747987314" lon="9.434652750462853"><ele>1326.4</ele></trkpt><trkpt lat="46.55572174751202" lon="9.434616749994948"><ele>1328.8</ele></trkpt><trkpt lat="46.55583074689797" lon="9.434554749391031"><ele>1331.9</ele></trkpt><trkpt lat="46.55593974614581" lon="9.434480748650826"><ele>1335.7</ele></trkpt><trkpt lat="46.55600374574982" lon="9.43445674826075"><ele>1337.7</ele></trkpt><trkpt lat="46.55601374547345" lon="9.434418747988534"><ele>1339.1</ele></trkpt><trkpt lat="46.55600474527643" lon="9.434391747794175"><ele>1340.1</ele></trkpt><trkpt lat="46.55596874496175" lon="9.434364747482803"><ele>1341.7</ele></trkpt><trkpt lat="46.55592474460782" lon="9.43432374713287"><ele>1343.5</ele></trkpt><trkpt lat="46.55585374407705" lon="9.434268746607794"><ele>1346.2</ele></trkpt><trkpt lat="46.5557917435855" lon="9.434227746121286"><ele>1348.7</ele></trkpt><trkpt lat="46.55572074301534" lon="9.434185745556773"><ele>1351.6</ele></trkpt><trkpt lat="46.55560474215039" lon="9.434089744701343"><ele>1356.0</ele></trkpt><trkpt lat="46.5555257414621" lon="9.434021744020571"><ele>1359.5</ele></trkpt><trkpt lat="46.55545574055658" lon="9.433888743127063"><ele>1364.1</ele></trkpt><trkpt lat="46.55542074020238" lon="9.433822742777918"><ele>1365.9</ele></trkpt><trkpt lat="46.55538573998624" lon="9.433755742565468"><ele>1367.0</ele></trkpt><trkpt lat="46.555377739789186" lon="9.433729742371105"><ele>1368.0</ele></trkpt><trkpt lat="46.555369739355484" lon="9.433676741943334"><ele>1370.2</ele></trkpt><trkpt lat="46.55535173917843" lon="9.433650741768556"><ele>1371.1</ele></trkpt><trkpt lat="46.55532473913965" lon="9.43363674173009"><ele>1371.3</ele></trkpt><trkpt lat="46.555289738765836" lon="9.43360874136025"><ele>1373.2</ele></trkpt><trkpt lat="46.55526373849037" lon="9.433568741088346"><ele>1374.6</ele></trkpt><trkpt lat="46.555237738195146" lon="9.433502740797755"><ele>1376.1</ele></trkpt><trkpt lat="46.555229737958605" lon="9.433436740565636"><ele>1377.3</ele></trkpt><trkpt lat="46.55520373762392" lon="9.433383740235595"><ele>1379.0</ele></trkpt><trkpt lat="46.55519573734797" lon="9.433331739963995"><ele>1380.4</ele></trkpt><trkpt lat="46.55519673693376" lon="9.433266739556124"><ele>1382.5</ele></trkpt><trkpt lat="46.55519773648007" lon="9.433200739109246"><ele>1384.8</ele></trkpt><trkpt lat="46.55520873555289" lon="9.433110738194602"><ele>1389.5</ele></trkpt><trkpt lat="46.555218734980684" lon="9.43304573763054"><ele>1392.4</ele></trkpt><trkpt lat="46.55523673470417" lon="9.433019737357998"><ele>1393.8</ele></trkpt><trkpt lat="46.55526373448652" lon="9.433007737143514"><ele>1394.9</ele></trkpt><trkpt lat="46.55529973417015" lon="9.433022736830518"><ele>1396.5</ele></trkpt><trkpt lat="46.55534473330141" lon="9.433023735971348"><ele>1400.9</ele></trkpt><trkpt lat="46.55538073253153" lon="9.433038735209376"><ele>1404.8</ele></trkpt><trkpt lat="46.555415731958874" lon="9.433065734642218"><ele>1407.7</ele></trkpt><trkpt lat="46.55545173181996" lon="9.433092734504502"><ele>1408.4</ele></trkpt><trkpt lat="46.555522731620975" lon="9.433121734307974"><ele>1409.4</ele></trkpt><trkpt lat="46.555577731087176" lon="9.43311073378098"><ele>1412.1</ele></trkpt><trkpt lat="46.55563272972505" lon="9.433034732436258"><ele>1419.0</ele></trkpt><trkpt lat="46.55566272745623" lon="9.43286573019684"><ele>1430.5</ele></trkpt><trkpt lat="46.55570772666635" lon="9.432841729416598"><ele>1434.5</ele></trkpt><trkpt lat="46.55575372638902" lon="9.432817729143864"><ele>1435.9</ele></trkpt><trkpt lat="46.555834725460016" lon="9.432780728227224"><ele>1440.6</ele></trkpt><trkpt lat="46.55596972316907" lon="9.432772725962469"><ele>1452.2</ele></trkpt><trkpt lat="46.55603372249678" lon="9.432710725300533"><ele>1455.6</ele></trkpt><trkpt lat="46.556061722259294" lon="9.432658725067894"><ele>1456.8</ele></trkpt><trkpt lat="46.55607272166727" lon="9.432581724484853"><ele>1459.8</ele></trkpt><trkpt lat="46.556064720996886" lon="9.43251572382348"><ele>1463.2</ele></trkpt><trkpt lat="46.55604772007041" lon="9.432462722907978"><ele>1467.9</ele></trkpt><trkpt lat="46.55602971961741" lon="9.432449722459587"><ele>1470.2</ele></trkpt><trkpt lat="46.55601271918394" lon="9.432422722031188"><ele>1472.4</ele></trkpt><trkpt lat="46.55600571825708" lon="9.432304721117882"><ele>1477.1</ele></trkpt><trkpt lat="46.555997717586735" lon="9.432239720456527"><ele>1480.5</ele></trkpt><trkpt lat="46.55592771597146" lon="9.432119718860557"><ele>1488.7</ele></trkpt><trkpt lat="46.555814713509314" lon="9.431906716428871"><ele>1501.2</ele></trkpt><trkpt lat="46.555797712661686" lon="9.431814715592935"><ele>1505.5</ele></trkpt><trkpt lat="46.55579871232634" lon="9.431762715262956"><ele>1507.2</ele></trkpt><trkpt lat="46.55581771206931" lon="9.431697715011396"><ele>1508.5</ele></trkpt><trkpt lat="46.555900711790784" lon="9.431622714740314"><ele>1509.9</ele></trkpt><trkpt lat="46.55590971129743" lon="9.431570714254168"><ele>1512.4</ele></trkpt><trkpt lat="46.55589271090348" lon="9.43153071386534"><ele>1514.4</ele></trkpt><trkpt lat="46.55582370982057" lon="9.43138471279748"><ele>1519.9</ele></trkpt><trkpt lat="46.555779709427235" lon="9.431317712409772"><ele>1521.9</ele></trkpt><trkpt lat="46.555710708206334" lon="9.431158711205834"><ele>1528.1</ele></trkpt><trkpt lat="46.55568470761533" lon="9.431079710623322"><ele>1531.1</ele></trkpt><trkpt lat="46.555667707241064" lon="9.431039710254055"><ele>1533.0</ele></trkpt><trkpt lat="46.55566170589997" lon="9.43084470893403"><ele>1539.8</ele></trkpt><trkpt lat="46.55566270552519" lon="9.430791708565142"><ele>1541.7</ele></trkpt><trkpt lat="46.5556727051896" lon="9.43074070823517"><ele>1543.4</ele></trkpt><trkpt lat="46.555682704775144" lon="9.430701707826707"><ele>1545.5</ele></trkpt><trkpt lat="46.5556837043017" lon="9.430636707360696"><ele>1547.9</ele></trkpt><trkpt lat="46.555696702171254" lon="9.430401705261607"><ele>1558.7</ele></trkpt><trkpt lat="46.555688701678484" lon="9.430362704775234"><ele>1561.2</ele></trkpt><trkpt lat="46.55568070122506" lon="9.430309704328394"><ele>1563.5</ele></trkpt><trkpt lat="46.55561070041839" lon="9.43018970353314"><ele>1567.6</ele></trkpt><trkpt lat="46.55552569840891" lon="9.429886701554436"><ele>1577.8</ele></trkpt><trkpt lat="46.55540169730804" lon="9.42976470046699"><ele>1583.4</ele></trkpt><trkpt lat="46.55541269671593" lon="9.429673699884923"><ele>1586.4</ele></trkpt><trkpt lat="46.5553956962234" lon="9.42960869939964"><ele>1588.9</ele></trkpt><trkpt lat="46.555378695790026" lon="9.429568698971973"><ele>1591.1</ele></trkpt><trkpt lat="46.55536069561301" lon="9.429554698797"><ele>1592.0</ele></trkpt><trkpt lat="46.55534369539656" lon="9.42951469858396"><ele>1593.1</ele></trkpt><trkpt lat="46.555299694944246" lon="9.429461698137432"><ele>1595.4</ele></trkpt><trkpt lat="46.55527269464914" lon="9.429407697846933"><ele>1596.9</ele></trkpt><trkpt lat="46.55524669443292" lon="9.429367697633959"><ele>1598.0</ele></trkpt><trkpt lat="46.5552386942556" lon="9.429328697459859"><ele>1598.9</ele></trkpt><trkpt lat="46.55523069388109" lon="9.429275697091173"><ele>1600.8</ele></trkpt><trkpt lat="46.55522169352633" lon="9.4292366967415"><ele>1602.6</ele></trkpt><trkpt lat="46.555178693133094" lon="9.429156696354532"><ele>1604.6</ele></trkpt><trkpt lat="46.5550916918536" lon="9.428957695094356"><ele>1611.1</ele></trkpt><trkpt lat="46.55502269088915" lon="9.428798694144783"><ele>1616.0</ele></trkpt><trkpt lat="46.55498069031825" lon="9.428666693584237"><ele>1618.9</ele></trkpt><trkpt lat="46.55496269014128" lon="9.428639693409785"><ele>1619.8</ele></trkpt><trkpt lat="46.5549366898462" lon="9.42859969311882"><ele>1621.3</ele></trkpt><trkpt lat="46.5548486886655" lon="9.428466691953885"><ele>1627.3</ele></trkpt><trkpt lat="46.55481368817358" lon="9.428412691468438"><ele>1629.8</ele></trkpt><trkpt lat="46.55477868774066" lon="9.428333691042472"><ele>1632.0</ele></trkpt><trkpt lat="46.55476268734665" lon="9.428267690654923"><ele>1634.0</ele></trkpt><trkpt lat="46.55474468703165" lon="9.428227690344432"><ele>1635.6</ele></trkpt><trkpt lat="46.55473768628235" lon="9.42812268960719"><ele>1639.4</ele></trkpt><trkpt lat="46.55472168565171" lon="9.428017688987067"><ele>1642.6</ele></trkpt><trkpt lat="46.554687685120136" lon="9.427925688464104"><ele>1645.3</ele></trkpt><trkpt lat="46.554660684785674" lon="9.427872688134691"><ele>1647.0</ele></trkpt><trkpt lat="46.55465268441121" lon="9.427819687766148"><ele>1648.9</ele></trkpt><trkpt lat="46.55463668340586" lon="9.427701686775961"><ele>1654.0</ele></trkpt><trkpt lat="46.554628683070824" lon="9.427662686445911"><ele>1655.7</ele></trkpt><trkpt lat="46.55453768147559" lon="9.427241684882771"><ele>1663.8</ele></trkpt><trkpt lat="46.55452168098276" lon="9.427071684401833"><ele>1666.3</ele></trkpt><trkpt lat="46.55452368056851" lon="9.426993683995253"><ele>1668.4</ele></trkpt><trkpt lat="46.55459868005314" lon="9.426826683494156"><ele>1671.0</ele></trkpt><trkpt lat="46.554782678035714" lon="9.426559681514043"><ele>1681.2</ele></trkpt><trkpt lat="46.554782678035714" lon="9.426559681514043"><ele>1681.2</ele></trkpt><trkpt lat="46.5550296752673" lon="9.426359678789918"><ele>1695.2</ele></trkpt><trkpt lat="46.55539167338257" lon="9.426255676938974"><ele>1704.7</ele></trkpt><trkpt lat="46.5555356723922" lon="9.426260675962736"><ele>1709.7</ele></trkpt><trkpt lat="46.55572367104556" lon="9.426293674634035"><ele>1716.5</ele></trkpt><trkpt lat="46.555814670450985" lon="9.42623167405085"><ele>1719.5</ele></trkpt><trkpt lat="46.55589666971867" lon="9.426169673331213"><ele>1723.2</ele></trkpt><trkpt lat="46.55597866908496" lon="9.426120672708572"><ele>1726.4</ele></trkpt><trkpt lat="46.55615066848769" lon="9.426048672125287"><ele>1729.4</ele></trkpt><trkpt lat="46.55627766826657" lon="9.425975671912875"><ele>1730.5</ele></trkpt><trkpt lat="46.55631466808783" lon="9.425924671739175"><ele>1731.4</ele></trkpt><trkpt lat="46.55633366798849" lon="9.425898671642585"><ele>1731.9</ele></trkpt><trkpt lat="46.55635166796818" lon="9.425886671623447"><ele>1732.0</ele></trkpt><trkpt lat="46.55636966794782" lon="9.425861671604837"><ele>1732.1</ele></trkpt><trkpt lat="46.55637966790799" lon="9.42582267156734"><ele>1732.3</ele></trkpt><trkpt lat="46.556407667828125" lon="9.425784671490682"><ele>1732.7</ele></trkpt><trkpt lat="46.556416667630515" lon="9.42574567129718"><ele>1733.7</ele></trkpt><trkpt lat="46.55642766731452" lon="9.425680670987708"><ele>1735.3</ele></trkpt><trkpt lat="46.5564366670577" lon="9.425628670736229"><ele>1736.6</ele></trkpt><trkpt lat="46.55645566662317" lon="9.425577670309146"><ele>1738.8</ele></trkpt><trkpt lat="46.55650166610881" lon="9.425513669804408"><ele>1741.4</ele></trkpt><trkpt lat="46.55652966589099" lon="9.425501669590204"><ele>1742.5</ele></trkpt><trkpt lat="46.55653866569339" lon="9.425475669396187"><ele>1743.5</ele></trkpt><trkpt lat="46.55651266529971" lon="9.425409669009017"><ele>1745.5</ele></trkpt><trkpt lat="46.556504664806845" lon="9.4253446685242"><ele>1748.0</ele></trkpt><trkpt lat="46.556514664451456" lon="9.425305668174712"><ele>1749.8</ele></trkpt><trkpt lat="46.556523664175025" lon="9.42527966790271"><ele>1751.2</ele></trkpt><trkpt lat="46.55653366376046" lon="9.425227667495259"><ele>1753.3</ele></trkpt><trkpt lat="46.556526663366064" lon="9.425162667107953"><ele>1755.3</ele></trkpt><trkpt lat="46.556509663110134" lon="9.42509666685726"><ele>1756.6</ele></trkpt><trkpt lat="46.556482662894" lon="9.425056666644577"><ele>1757.7</ele></trkpt><trkpt lat="46.556465662716974" lon="9.42501666647083"><ele>1758.6</ele></trkpt><trkpt lat="46.55645766253965" lon="9.424977666296977"><ele>1759.5</ele></trkpt><trkpt lat="46.55646666242096" lon="9.42493866618152"><ele>1760.1</ele></trkpt><trkpt lat="46.55649466224253" lon="9.42492666600633"><ele>1761.0</ele></trkpt><trkpt lat="46.55651266204468" lon="9.424887665812816"><ele>1762.0</ele></trkpt><trkpt lat="46.55651366180786" lon="9.42483566558095"><ele>1763.2</ele></trkpt><trkpt lat="46.556505661591075" lon="9.424783665368647"><ele>1764.3</ele></trkpt><trkpt lat="46.55648866147326" lon="9.424756665252875"><ele>1764.9</ele></trkpt><trkpt lat="46.556479661295924" lon="9.424717665079045"><ele>1765.8</ele></trkpt><trkpt lat="46.556480661177524" lon="9.424691664963115"><ele>1766.4</ele></trkpt><trkpt lat="46.55647266094098" lon="9.424638664731358"><ele>1767.6</ele></trkpt><trkpt lat="46.556445660744586" lon="9.424598664538197"><ele>1768.6</ele></trkpt><trkpt lat="46.55642866048872" lon="9.42457166428594"><ele>1769.9</ele></trkpt><trkpt lat="46.55634865980098" lon="9.42450366360683"><ele>1773.4</ele></trkpt><trkpt lat="46.55631365936816" lon="9.424437663180827"><ele>1775.6</ele></trkpt><trkpt lat="46.55630565923024" lon="9.424397663046047"><ele>1776.3</ele></trkpt><trkpt lat="46.556306658993456" lon="9.424345662814213"><ele>1777.5</ele></trkpt><trkpt lat="46.5562986586781" lon="9.424293662504454"><ele>1779.1</ele></trkpt><trkpt lat="46.556271658323936" lon="9.424252662155371"><ele>1780.9</ele></trkpt><trkpt lat="46.556245658028935" lon="9.424225661864208"><ele>1782.4</ele></trkpt><trkpt lat="46.55621865787202" lon="9.424198661709521"><ele>1783.2</ele></trkpt><trkpt lat="46.55620165771473" lon="9.42417266155474"><ele>1784.0</ele></trkpt><trkpt lat="46.556202657438504" lon="9.42411966128397"><ele>1785.4</ele></trkpt><trkpt lat="46.5562036571031" lon="9.424067660954673"><ele>1787.1</ele></trkpt><trkpt lat="46.55619465696532" lon="9.424041660819336"><ele>1787.8</ele></trkpt><trkpt lat="46.55617765690663" lon="9.424014660762081"><ele>1788.1</ele></trkpt><trkpt lat="46.55615165663128" lon="9.423948660492046"><ele>1789.5</ele></trkpt><trkpt lat="46.55614365641442" lon="9.423883660280342"><ele>1790.6</ele></trkpt><trkpt lat="46.55613565617786" lon="9.423804660049733"><ele>1791.8</ele></trkpt><trkpt lat="46.55612865580314" lon="9.423699659683725"><ele>1793.7</ele></trkpt><trkpt lat="46.55612165554684" lon="9.42362165943358"><ele>1795.0</ele></trkpt><trkpt lat="46.556103655271215" lon="9.423568659162973"><ele>1796.4</ele></trkpt><trkpt lat="46.55609565499528" lon="9.423516658892261"><ele>1797.8</ele></trkpt><trkpt lat="46.55607065452263" lon="9.423423658428435"><ele>1800.2</ele></trkpt><trkpt lat="46.55607265410821" lon="9.423332658022831"><ele>1802.3</ele></trkpt><trkpt lat="46.55608265379213" lon="9.423241657714659"><ele>1803.9</ele></trkpt><trkpt lat="46.55608465345666" lon="9.423163657386507"><ele>1805.6</ele></trkpt><trkpt lat="46.556085653081766" lon="9.423085657019382"><ele>1807.5</ele></trkpt><trkpt lat="46.556077652647986" lon="9.42300665659388"><ele>1809.7</ele></trkpt><trkpt lat="46.55608765231232" lon="9.4229546562646"><ele>1811.4</ele></trkpt><trkpt lat="46.55609865199622" lon="9.422876655955909"><ele>1813.0</ele></trkpt><trkpt lat="46.55609965164107" lon="9.422811655607756"><ele>1814.8</ele></trkpt><trkpt lat="46.55612865108757" lon="9.422669655067734"><ele>1817.6</ele></trkpt><trkpt lat="46.556129650850764" lon="9.422604654836558"><ele>1818.8</ele></trkpt><trkpt lat="46.55611265071317" lon="9.422551654702461"><ele>1819.5</ele></trkpt><trkpt lat="46.55612265053522" lon="9.42251265452861"><ele>1820.4</ele></trkpt><trkpt lat="46.55615865043543" lon="9.422500654431406"><ele>1820.9</ele></trkpt><trkpt lat="46.5561856503951" lon="9.422514654391644"><ele>1821.1</ele></trkpt><trkpt lat="46.55622165027555" lon="9.422516654274355"><ele>1821.7</ele></trkpt><trkpt lat="46.55624865011682" lon="9.42249165411929"><ele>1822.5</ele></trkpt><trkpt lat="46.556267650017546" lon="9.422465654022794"><ele>1823.0</ele></trkpt><trkpt lat="46.55628564985917" lon="9.422440653867788"><ele>1823.8</ele></trkpt><trkpt lat="46.55632264962117" lon="9.422402653635233"><ele>1825.0</ele></trkpt><trkpt lat="46.55633164942359" lon="9.422376653441347"><ele>1826.0</ele></trkpt><trkpt lat="46.55634164938366" lon="9.422324653404502"><ele>1826.2</ele></trkpt><trkpt lat="46.55635164912678" lon="9.422247653154308"><ele>1827.5</ele></trkpt><trkpt lat="46.55635164912678" lon="9.422247653154308"><ele>1827.5</ele></trkpt><trkpt lat="46.55637864910619" lon="9.422261653134031"><ele>1827.6</ele></trkpt><trkpt lat="46.55643264896633" lon="9.422263652997131"><ele>1828.3</ele></trkpt><trkpt lat="46.55647764874789" lon="9.42226465278236"><ele>1829.4</ele></trkpt><trkpt lat="46.55659564817192" lon="9.422229652217762"><ele>1832.3</ele></trkpt><trkpt lat="46.556649647992586" lon="9.42219265204354"><ele>1833.2</ele></trkpt><trkpt lat="46.5566866479321" lon="9.42218165198528"><ele>1833.5</ele></trkpt><trkpt lat="46.55674064783169" lon="9.422169651887959"><ele>1834.0</ele></trkpt><trkpt lat="46.55683964755219" lon="9.422147651615326"><ele>1835.4</ele></trkpt><trkpt lat="46.55687564745238" lon="9.422148651517572"><ele>1835.9</ele></trkpt><trkpt lat="46.556902647392405" lon="9.422175651457758"><ele>1836.2</ele></trkpt><trkpt lat="46.55692964733228" lon="9.42216365139961"><ele>1836.5</ele></trkpt><trkpt lat="46.55694764731187" lon="9.422151651380505"><ele>1836.6</ele></trkpt><trkpt lat="46.55697464725179" lon="9.422139651322352"><ele>1836.9</ele></trkpt><trkpt lat="46.557010647211186" lon="9.422153651282526"><ele>1837.1</ele></trkpt><trkpt lat="46.557046647190255" lon="9.422181651261585"><ele>1837.2</ele></trkpt><trkpt lat="46.557099647208226" lon="9.422183651280628"><ele>1837.1</ele></trkpt><trkpt lat="46.557153647127635" lon="9.422224651200535"><ele>1837.5</ele></trkpt><trkpt lat="46.55717964718598" lon="9.42223865125824"><ele>1837.2</ele></trkpt><trkpt lat="46.55721564726369" lon="9.422252651335365"><ele>1836.8</ele></trkpt><trkpt lat="46.55732264733906" lon="9.422295651410762"><ele>1836.4</ele></trkpt><trkpt lat="46.5573676474362" lon="9.422310651507276"><ele>1835.9</ele></trkpt><trkpt lat="46.557385647475" lon="9.4223116515461"><ele>1835.7</ele></trkpt><trkpt lat="46.557385647475" lon="9.4223116515461"><ele>1835.7</ele></trkpt><trkpt lat="46.55739564755341" lon="9.422259651626222"><ele>1835.3</ele></trkpt><trkpt lat="46.55740564755289" lon="9.422194651628931"><ele>1835.3</ele></trkpt><trkpt lat="46.557461647314014" lon="9.422079651399551"><ele>1836.5</ele></trkpt><trkpt lat="46.55748964719461" lon="9.422027651284626"><ele>1837.1</ele></trkpt><trkpt lat="46.55749964707585" lon="9.422002651168672"><ele>1837.7</ele></trkpt><trkpt lat="46.55753564707464" lon="9.422003651168385"><ele>1837.7</ele></trkpt><trkpt lat="46.557553646995046" lon="9.421965651091917"><ele>1838.1</ele></trkpt><trkpt lat="46.557590646875326" lon="9.421914650976888"><ele>1838.7</ele></trkpt><trkpt lat="46.55760864679578" lon="9.421901650899352"><ele>1839.1</ele></trkpt><trkpt lat="46.55765464661664" lon="9.421864650725198"><ele>1840.0</ele></trkpt><trkpt lat="46.557691646418064" lon="9.421826650531651"><ele>1841.0</ele></trkpt><trkpt lat="46.55770964631882" lon="9.421814650434577"><ele>1841.5</ele></trkpt><trkpt lat="46.55772764618008" lon="9.421801650298569"><ele>1842.2</ele></trkpt><trkpt lat="46.557736646100835" lon="9.421776650221613"><ele>1842.6</ele></trkpt><trkpt lat="46.55776464594207" lon="9.4217506500666"><ele>1843.4</ele></trkpt><trkpt lat="46.55779264574375" lon="9.42169964987368"><ele>1844.4</ele></trkpt><trkpt lat="46.55781964544688" lon="9.42166164958275"><ele>1845.9</ele></trkpt><trkpt lat="46.55782964520978" lon="9.421622649350462"><ele>1847.1</ele></trkpt><trkpt lat="46.55784864507101" lon="9.421597649214965"><ele>1847.8</ele></trkpt><trkpt lat="46.557893644694786" lon="9.421599648844234"><ele>1849.7</ele></trkpt><trkpt lat="46.55791164455608" lon="9.421586648708228"><ele>1850.4</ele></trkpt><trkpt lat="46.557938644377614" lon="9.421574648533138"><ele>1851.3</ele></trkpt><trkpt lat="46.55797464411997" lon="9.421576648279412"><ele>1852.6</ele></trkpt><trkpt lat="46.55798364398158" lon="9.421550648144033"><ele>1853.3</ele></trkpt><trkpt lat="46.55798464370538" lon="9.421524647872273"><ele>1854.7</ele></trkpt><trkpt lat="46.55802064348711" lon="9.4214996476587"><ele>1855.8</ele></trkpt><trkpt lat="46.558048643505835" lon="9.421474647679076"><ele>1855.7</ele></trkpt><trkpt lat="46.55807564309061" lon="9.421436647271218"><ele>1857.8</ele></trkpt><trkpt lat="46.558113642162134" lon="9.421346646358778"><ele>1862.5</ele></trkpt><trkpt lat="46.558125640839904" lon="9.4211906450596"><ele>1869.2</ele></trkpt><trkpt lat="46.558154639438165" lon="9.421034643682399"><ele>1876.3</ele></trkpt><trkpt lat="46.55818463843085" lon="9.42089264269442"><ele>1881.4</ele></trkpt><trkpt lat="46.55821363726585" lon="9.420749641550616"><ele>1887.3</ele></trkpt><trkpt lat="46.5582256361803" lon="9.42060664048493"><ele>1892.8</ele></trkpt><trkpt lat="46.55822663556862" lon="9.420528639884207"><ele>1895.9</ele></trkpt><trkpt lat="46.5582106350364" lon="9.420436639362194"><ele>1898.6</ele></trkpt><trkpt lat="46.55814163397338" lon="9.420277638317359"><ele>1904.0</ele></trkpt><trkpt lat="46.558098632909505" lon="9.420132637271765"><ele>1909.4</ele></trkpt><trkpt lat="46.55805563222035" lon="9.420013636595305"><ele>1912.9</ele></trkpt><trkpt lat="46.55803063160965" lon="9.419921635995484"><ele>1916.0</ele></trkpt><trkpt lat="46.55800463103836" lon="9.41984263543408"><ele>1918.9</ele></trkpt><trkpt lat="46.55798863024963" lon="9.41971163466059"><ele>1922.9</ele></trkpt><trkpt lat="46.55795462979701" lon="9.419631634216234"><ele>1925.2</ele></trkpt><trkpt lat="46.557892629227126" lon="9.419564633654586"><ele>1928.1</ele></trkpt><trkpt lat="46.557821628697084" lon="9.419535633130279"><ele>1930.8</ele></trkpt><trkpt lat="46.55779562816529" lon="9.419456632607899"><ele>1933.5</ele></trkpt><trkpt lat="46.557761627850596" lon="9.41933763230174"><ele>1935.1</ele></trkpt><trkpt lat="46.557746627475886" lon="9.41915463193988"><ele>1937.0</ele></trkpt><trkpt lat="46.557748626923264" lon="9.419037631399577"><ele>1939.8</ele></trkpt><trkpt lat="46.55778562680342" lon="9.418973631285295"><ele>1940.4</ele></trkpt><trkpt lat="46.557786626586264" lon="9.41892163107331"><ele>1941.5</ele></trkpt><trkpt lat="46.55778762642834" lon="9.418881630919238"><ele>1942.3</ele></trkpt><trkpt lat="46.55781462628929" lon="9.418856630783784"><ele>1943.0</ele></trkpt><trkpt lat="46.55783462603194" lon="9.418779630533832"><ele>1944.3</ele></trkpt><trkpt lat="46.55784462567627" lon="9.418675630187765"><ele>1946.1</ele></trkpt><trkpt lat="46.55783762545936" lon="9.418596629977076"><ele>1947.2</ele></trkpt><trkpt lat="46.55783862532105" lon="9.418531629843633"><ele>1947.9</ele></trkpt><trkpt lat="46.55788562522044" lon="9.41841562975114"><ele>1948.4</ele></trkpt><trkpt lat="46.557895625002985" lon="9.41835162953966"><ele>1949.5</ele></trkpt><trkpt lat="46.55789662470694" lon="9.41829862924982"><ele>1951.0</ele></trkpt><trkpt lat="46.55790662445007" lon="9.418247628998786"><ele>1952.3</ele></trkpt><trkpt lat="46.55793562399494" lon="9.418104628556987"><ele>1954.6</ele></trkpt><trkpt lat="46.557936623777834" lon="9.41806562834445"><ele>1955.7</ele></trkpt><trkpt lat="46.557956623559875" lon="9.417961628134737"><ele>1956.8</ele></trkpt><trkpt lat="46.55801162341956" lon="9.41788562800143"><ele>1957.5</ele></trkpt><trkpt lat="46.55804962333908" lon="9.417808627926739"><ele>1957.9</ele></trkpt><trkpt lat="46.55808662310091" lon="9.41774462769561"><ele>1959.1</ele></trkpt><trkpt lat="46.55811462286304" lon="9.41768062746455"><ele>1960.3</ele></trkpt><trkpt lat="46.558134622664745" lon="9.417577627274301"><ele>1961.3</ele></trkpt><trkpt lat="46.55813562244761" lon="9.417511627063016"><ele>1962.4</ele></trkpt><trkpt lat="46.558173622189415" lon="9.417369626815983"><ele>1963.7</ele></trkpt><trkpt lat="46.55819362201092" lon="9.417279626644632"><ele>1964.6</ele></trkpt><trkpt lat="46.55821162191154" lon="9.417240626548887"><ele>1965.1</ele></trkpt><trkpt lat="46.558222621832016" lon="9.41717562647386"><ele>1965.5</ele></trkpt><trkpt lat="46.55822362151612" lon="9.417071626166935"><ele>1967.1</ele></trkpt><trkpt lat="46.558234621199844" lon="9.41696762585995"><ele>1968.7</ele></trkpt><trkpt lat="46.5582646208827" lon="9.416812625555172"><ele>1970.3</ele></trkpt><trkpt lat="46.55828362092135" lon="9.41677362559578"><ele>1970.1</ele></trkpt><trkpt lat="46.558328620742124" lon="9.416736625421837"><ele>1971.0</ele></trkpt><trkpt lat="46.55831162036785" lon="9.416683625054294"><ele>1972.9</ele></trkpt><trkpt lat="46.558321620150316" lon="9.416631624842344"><ele>1974.0</ele></trkpt><trkpt lat="46.558304619815566" lon="9.416565624514366"><ele>1975.7</ele></trkpt><trkpt lat="46.558260619264686" lon="9.416499623972324"><ele>1978.5</ele></trkpt><trkpt lat="46.55821661875332" lon="9.416445623468698"><ele>1981.1</ele></trkpt><trkpt lat="46.55818161841923" lon="9.41640462313972"><ele>1982.8</ele></trkpt><trkpt lat="46.55818261824147" lon="9.416339622967412"><ele>1983.7</ele></trkpt><trkpt lat="46.55819261802397" lon="9.416274622756086"><ele>1984.8</ele></trkpt><trkpt lat="46.55818461772827" lon="9.416222622466382"><ele>1986.3</ele></trkpt><trkpt lat="46.55818561764915" lon="9.416170622390876"><ele>1986.7</ele></trkpt><trkpt lat="46.55819561755003" lon="9.416118622295821"><ele>1987.2</ele></trkpt><trkpt lat="46.55819761760877" lon="9.416001622359655"><ele>1986.9</ele></trkpt><trkpt lat="46.558225617607576" lon="9.415949622361858"><ele>1986.9</ele></trkpt><trkpt lat="46.55825361754707" lon="9.415859622307385"><ele>1987.2</ele></trkpt><trkpt lat="46.55826361736905" lon="9.415807622134428"><ele>1988.1</ele></trkpt><trkpt lat="46.55829161722989" lon="9.415782621999044"><ele>1988.8</ele></trkpt><trkpt lat="46.55831061711067" lon="9.415718621885011"><ele>1989.4</ele></trkpt><trkpt lat="46.558356616911574" lon="9.415667621692272"><ele>1990.4</ele></trkpt><trkpt lat="46.55838461675266" lon="9.415616621538618"><ele>1991.2</ele></trkpt><trkpt lat="46.55842161653407" lon="9.415526621328283"><ele>1992.3</ele></trkpt><trkpt lat="46.55844961588202" lon="9.415475620687731"><ele>1995.6</ele></trkpt><trkpt lat="46.558503615525" lon="9.415464620337273"><ele>1997.4</ele></trkpt><trkpt lat="46.558575615285605" lon="9.415453620103538"><ele>1998.6</ele></trkpt><trkpt lat="46.558657615026156" lon="9.415443619850201"><ele>1999.9</ele></trkpt><trkpt lat="46.55872961500369" lon="9.415420619831263"><ele>2000.0</ele></trkpt><trkpt lat="46.55878461490296" lon="9.415383619735199"><ele>2000.5</ele></trkpt><trkpt lat="46.5588306148024" lon="9.415319619640462"><ele>2001.0</ele></trkpt><trkpt lat="46.55884961460435" lon="9.415268619447943"><ele>2002.0</ele></trkpt><trkpt lat="46.55889561446424" lon="9.41516561931608"><ele>2002.7</ele></trkpt><trkpt lat="46.55892461446282" lon="9.415049619321282"><ele>2002.7</ele></trkpt><trkpt lat="46.55893561450166" lon="9.414971619363795"><ele>2002.5</ele></trkpt><trkpt lat="46.5589096143643" lon="9.414918619230134"><ele>2003.2</ele></trkpt><trkpt lat="46.55887461430615" lon="9.414825619176318"><ele>2003.5</ele></trkpt><trkpt lat="46.55885761420804" lon="9.414772619081546"><ele>2004.0</ele></trkpt><trkpt lat="46.55885061454318" lon="9.414655619418129"><ele>2002.3</ele></trkpt><trkpt lat="46.558852614523126" lon="9.414563619402935"><ele>2002.4</ele></trkpt><trkpt lat="46.55882761472096" lon="9.414458619602762"><ele>2001.4</ele></trkpt><trkpt lat="46.55882761481947" lon="9.414419619701949"><ele>2000.9</ele></trkpt><trkpt lat="46.55879261486002" lon="9.414366619743632"><ele>2000.7</ele></trkpt><trkpt lat="46.55878461484042" lon="9.414300619727294"><ele>2000.8</ele></trkpt><trkpt lat="46.558778614682474" lon="9.414182619577058"><ele>2001.6</ele></trkpt><trkpt lat="46.55876161434746" lon="9.414077619251048"><ele>2003.3</ele></trkpt><trkpt lat="46.558735614170814" lon="9.414050619077251"><ele>2004.2</ele></trkpt><trkpt lat="46.55872861422989" lon="9.413933619141181"><ele>2003.9</ele></trkpt><trkpt lat="46.558747614347375" lon="9.413881619260307"><ele>2003.3</ele></trkpt><trkpt lat="46.558757614386224" lon="9.413803619302824"><ele>2003.1</ele></trkpt><trkpt lat="46.558749614248214" lon="9.41373861916961"><ele>2003.8</ele></trkpt><trkpt lat="46.55871361403254" lon="9.413723618956388"><ele>2004.9</ele></trkpt><trkpt lat="46.55868961381611" lon="9.413605618747892"><ele>2006.0</ele></trkpt><trkpt lat="46.55861861368032" lon="9.413498618617128"><ele>2006.7</ele></trkpt><trkpt lat="46.558557613662614" lon="9.413405618602463"><ele>2006.8</ele></trkpt><trkpt lat="46.55849661394054" lon="9.413272618881736"><ele>2005.4</ele></trkpt><trkpt lat="46.5584616140403" lon="9.41321961898183"><ele>2004.9</ele></trkpt><trkpt lat="46.55846261431622" lon="9.413166619256888"><ele>2003.5</ele></trkpt><trkpt lat="46.55841761406146" lon="9.413152619004759"><ele>2004.8</ele></trkpt><trkpt lat="46.5584186141599" lon="9.413100619104533"><ele>2004.3</ele></trkpt><trkpt lat="46.55839361419997" lon="9.4130206191474"><ele>2004.1</ele></trkpt><trkpt lat="46.55834161418188" lon="9.412914619133273"><ele>2004.2</ele></trkpt><trkpt lat="46.558306614123715" lon="9.412822619079423"><ele>2004.5</ele></trkpt><trkpt lat="46.55827961400633" lon="9.412808618963458"><ele>2005.1</ele></trkpt><trkpt lat="46.55826261402663" lon="9.41279461898371"><ele>2005.0</ele></trkpt><trkpt lat="46.558235614106366" lon="9.41275461906366"><ele>2004.6</ele></trkpt><trkpt lat="46.558218614067535" lon="9.4127406190255"><ele>2004.8</ele></trkpt><trkpt lat="46.5582286140867" lon="9.412688619047328"><ele>2004.7</ele></trkpt><trkpt lat="46.5581926142261" lon="9.412674619184536"><ele>2004.0</ele></trkpt><trkpt lat="46.5581656143256" lon="9.412647619283346"><ele>2003.5</ele></trkpt><trkpt lat="46.55814861446418" lon="9.412620619421018"><ele>2002.8</ele></trkpt><trkpt lat="46.558157614739834" lon="9.412581619695336"><ele>2001.4</ele></trkpt><trkpt lat="46.5581496149964" lon="9.412529619950922"><ele>2000.1</ele></trkpt><trkpt lat="46.55812361513531" lon="9.412502620088654"><ele>1999.4</ele></trkpt><trkpt lat="46.55812361525358" lon="9.412476620206682"><ele>1998.8</ele></trkpt><trkpt lat="46.558115615352406" lon="9.41243662030595"><ele>1998.3</ele></trkpt><trkpt lat="46.55809861543174" lon="9.41238362038642"><ele>1997.9</ele></trkpt><trkpt lat="46.55808161551107" lon="9.412331620466842"><ele>1997.5</ele></trkpt><trkpt lat="46.55809061556983" lon="9.412305620526391"><ele>1997.2</ele></trkpt><trkpt lat="46.55806461557065" lon="9.412252620529053"><ele>1997.2</ele></trkpt><trkpt lat="46.558056615531406" lon="9.412225620491434"><ele>1997.4</ele></trkpt><trkpt lat="46.5580316153939" lon="9.412107620360835"><ele>1998.1</ele></trkpt><trkpt lat="46.5580136153353" lon="9.412080620303826"><ele>1998.4</ele></trkpt><trkpt lat="46.55800661503946" lon="9.411989620016103"><ele>1999.9</ele></trkpt><trkpt lat="46.558024615018965" lon="9.41196361999771"><ele>2000.0</ele></trkpt><trkpt lat="46.55803461501851" lon="9.411938619998809"><ele>2000.0</ele></trkpt><trkpt lat="46.55804361501808" lon="9.411899620000558"><ele>2000.0</ele></trkpt><trkpt lat="46.55803561503802" lon="9.411872620021343"><ele>1999.9</ele></trkpt><trkpt lat="46.558036614978626" lon="9.411820619965354"><ele>2000.2</ele></trkpt><trkpt lat="46.558019614900175" lon="9.411767619890089"><ele>2000.6</ele></trkpt><trkpt lat="46.55801061484124" lon="9.411728619833571"><ele>2000.9</ele></trkpt><trkpt lat="46.55798361474361" lon="9.411727619736482"><ele>2001.4</ele></trkpt><trkpt lat="46.55797661484227" lon="9.411649619837512"><ele>2000.9</ele></trkpt><trkpt lat="46.55797761494067" lon="9.411583619937918"><ele>2000.4</ele></trkpt><trkpt lat="46.55796861490152" lon="9.41157061989966"><ele>2000.6</ele></trkpt><trkpt lat="46.557969615039326" lon="9.411518620038342"><ele>1999.9</ele></trkpt><trkpt lat="46.557952614980664" lon="9.41147861998193"><ele>2000.2</ele></trkpt><trkpt lat="46.557952614941165" lon="9.411452619944212"><ele>2000.4</ele></trkpt><trkpt lat="46.55794461482307" lon="9.411426619828683"><ele>2001.0</ele></trkpt><trkpt lat="46.55796261484195" lon="9.41138761984984"><ele>2000.9</ele></trkpt><trkpt lat="46.5579726148218" lon="9.41136161983151"><ele>2001.0</ele></trkpt><trkpt lat="46.55797361468354" lon="9.411309619697668"><ele>2001.7</ele></trkpt><trkpt lat="46.55796561436806" lon="9.411244619389306"><ele>2003.3</ele></trkpt><trkpt lat="46.557983614308164" lon="9.411218619331992"><ele>2003.6</ele></trkpt><trkpt lat="46.5580206141488" lon="9.411154619178976"><ele>2004.4</ele></trkpt><trkpt lat="46.558020614050186" lon="9.41114161908226"><ele>2004.9</ele></trkpt><trkpt lat="46.55802161399088" lon="9.41111561902507"><ele>2005.2</ele></trkpt><trkpt lat="46.55802261395124" lon="9.411076618987954"><ele>2005.4</ele></trkpt><trkpt lat="46.558031614010055" lon="9.411063619046892"><ele>2005.1</ele></trkpt><trkpt lat="46.55803261393097" lon="9.411011618971452"><ele>2005.5</ele></trkpt><trkpt lat="46.558042613891004" lon="9.410960618934833"><ele>2005.7</ele></trkpt><trkpt lat="46.55802461383245" lon="9.410946618877231"><ele>2006.0</ele></trkpt><trkpt lat="46.55801661375373" lon="9.410906618801297"><ele>2006.4</ele></trkpt><trkpt lat="46.55801761377311" lon="9.410815618825014"><ele>2006.3</ele></trkpt><trkpt lat="46.558018613733545" lon="9.41078961878729"><ele>2006.5</ele></trkpt><trkpt lat="46.55801861375316" lon="9.410750618808583"><ele>2006.4</ele></trkpt><trkpt lat="46.55801061377305" lon="9.410711618829929"><ele>2006.3</ele></trkpt><trkpt lat="46.55801161385179" lon="9.410658618910261"><ele>2005.9</ele></trkpt><trkpt lat="46.557985613753914" lon="9.410605618815609"><ele>2006.4</ele></trkpt><trkpt lat="46.557986613911496" lon="9.41055361897375"><ele>2005.6</ele></trkpt><trkpt lat="46.55798661391142" lon="9.410527618974966"><ele>2005.6</ele></trkpt><trkpt lat="46.557987613970475" lon="9.410501619034568"><ele>2005.3</ele></trkpt><trkpt lat="46.55797861404966" lon="9.410475619113706"><ele>2004.9</ele></trkpt><trkpt lat="46.557987614266125" lon="9.41044961932896"><ele>2003.8</ele></trkpt><trkpt lat="46.5579796141283" lon="9.41040961919464"><ele>2004.5</ele></trkpt><trkpt lat="46.55798961432503" lon="9.410371619390979"><ele>2003.5</ele></trkpt><trkpt lat="46.557972614286086" lon="9.410331619354046"><ele>2003.7</ele></trkpt><trkpt lat="46.5579636142863" lon="9.410291619355982"><ele>2003.7</ele></trkpt><trkpt lat="46.5579556143061" lon="9.410226619378543"><ele>2003.6</ele></trkpt><trkpt lat="46.55794761434569" lon="9.410173619420002"><ele>2003.4</ele></trkpt><trkpt lat="46.5579486143653" lon="9.410147619440675"><ele>2003.3</ele></trkpt><trkpt lat="46.55795861464088" lon="9.410096619715468"><ele>2001.9</ele></trkpt><trkpt lat="46.55790561411004" lon="9.410015619194143"><ele>2004.6</ele></trkpt><trkpt lat="46.55790561409028" lon="9.41000261917529"><ele>2004.7</ele></trkpt><trkpt lat="46.557897614011644" lon="9.409976619098712"><ele>2005.1</ele></trkpt><trkpt lat="46.55790661412949" lon="9.409937619217247"><ele>2004.5</ele></trkpt><trkpt lat="46.55788961411031" lon="9.40991061919917"><ele>2004.6</ele></trkpt><trkpt lat="46.55788961420888" lon="9.4098846192977"><ele>2004.1</ele></trkpt><trkpt lat="46.557908614365815" lon="9.409846619455033"><ele>2003.3</ele></trkpt><trkpt lat="46.55791761436547" lon="9.409833619455576"><ele>2003.3</ele></trkpt><trkpt lat="46.55791861428646" lon="9.409807619378933"><ele>2003.7</ele></trkpt><trkpt lat="46.557936614364614" lon="9.409782619457816"><ele>2003.3</ele></trkpt><trkpt lat="46.55793761434467" lon="9.409730619440772"><ele>2003.4</ele></trkpt><trkpt lat="46.557964614501444" lon="9.409717619596877"><ele>2002.6</ele></trkpt><trkpt lat="46.557965614442104" lon="9.409678619540307"><ele>2002.9</ele></trkpt><trkpt lat="46.5579746145009" lon="9.409666619599186"><ele>2002.6</ele></trkpt><trkpt lat="46.55798461477644" lon="9.409614619874006"><ele>2001.2</ele></trkpt><trkpt lat="46.55799361489447" lon="9.409601619991316"><ele>2000.6</ele></trkpt><trkpt lat="46.55799361497326" lon="9.40958862006977"><ele>2000.2</ele></trkpt><trkpt lat="46.55800361507148" lon="9.409562620168222"><ele>1999.7</ele></trkpt><trkpt lat="46.558013615248505" lon="9.409524620345072"><ele>1998.8</ele></trkpt><trkpt lat="46.558013615425885" lon="9.409484620522095"><ele>1997.9</ele></trkpt><trkpt lat="46.55800561536694" lon="9.40945862046498"><ele>1998.2</ele></trkpt><trkpt lat="46.55799661520942" lon="9.40944562030996"><ele>1999.0</ele></trkpt><trkpt lat="46.557987615327995" lon="9.409418620428053"><ele>1998.4</ele></trkpt><trkpt lat="46.557997615367" lon="9.40939362046807"><ele>1998.2</ele></trkpt><trkpt lat="46.55798061532796" lon="9.409327620432343"><ele>1998.4</ele></trkpt><trkpt lat="46.55798961544589" lon="9.40930162055026"><ele>1997.8</ele></trkpt><trkpt lat="46.55800861558308" lon="9.409236620689374"><ele>1997.1</ele></trkpt><trkpt lat="46.5580186156813" lon="9.409224620787162"><ele>1996.6</ele></trkpt><trkpt lat="46.55804561585767" lon="9.409186620963876"><ele>1995.7</ele></trkpt><trkpt lat="46.55806461605402" lon="9.40913462116077"><ele>1994.7</ele></trkpt><trkpt lat="46.55808461652639" lon="9.40905762163126"><ele>1992.3</ele></trkpt><trkpt lat="46.55809461674275" lon="9.408979621848873"><ele>1991.2</ele></trkpt><trkpt lat="46.55809561690037" lon="9.408940622006364"><ele>1990.4</ele></trkpt><trkpt lat="46.5580866169598" lon="9.40890062206667"><ele>1990.1</ele></trkpt><trkpt lat="46.55809661717623" lon="9.408848622283067"><ele>1989.0</ele></trkpt><trkpt lat="46.55808861721584" lon="9.408809622323856"><ele>1988.8</ele></trkpt><trkpt lat="46.55808961727479" lon="9.40875762238464"><ele>1988.5</ele></trkpt><trkpt lat="46.55808161729464" lon="9.408704622406619"><ele>1988.4</ele></trkpt><trkpt lat="46.5580736174525" lon="9.408626622565972"><ele>1987.6</ele></trkpt><trkpt lat="46.55809161757014" lon="9.408613622683198"><ele>1987.0</ele></trkpt><trkpt lat="46.55810161788527" lon="9.408588622995639"><ele>1985.4</ele></trkpt><trkpt lat="46.558093618161486" lon="9.408522623271189"><ele>1984.0</ele></trkpt><trkpt lat="46.55810461827898" lon="9.408379623394476"><ele>1983.4</ele></trkpt><trkpt lat="46.55812361837689" lon="9.408367623492186"><ele>1982.9</ele></trkpt><trkpt lat="46.55815161869112" lon="9.408276623807527"><ele>1981.3</ele></trkpt><trkpt lat="46.55816161880901" lon="9.408224623926614"><ele>1980.7</ele></trkpt><trkpt lat="46.55816161876945" lon="9.408198623888895"><ele>1980.9</ele></trkpt><trkpt lat="46.55813561859274" lon="9.408158623715803"><ele>1981.8</ele></trkpt><trkpt lat="46.55812661849443" lon="9.408145623619182"><ele>1982.3</ele></trkpt><trkpt lat="46.5581366187109" lon="9.408106623834948"><ele>1981.2</ele></trkpt><trkpt lat="46.558128618730805" lon="9.408067623856269"><ele>1981.1</ele></trkpt><trkpt lat="46.55814661878922" lon="9.408041623915715"><ele>1980.8</ele></trkpt><trkpt lat="46.55815661886765" lon="9.408003623995226"><ele>1980.4</ele></trkpt><trkpt lat="46.55815761882798" lon="9.407950623958751"><ele>1980.6</ele></trkpt><trkpt lat="46.55816661890643" lon="9.407912624038271"><ele>1980.2</ele></trkpt><trkpt lat="46.55815861890668" lon="9.407898624038976"><ele>1980.2</ele></trkpt><trkpt lat="46.55814961886752" lon="9.407885624000725"><ele>1980.4</ele></trkpt><trkpt lat="46.55815061890675" lon="9.407820624042635"><ele>1980.2</ele></trkpt><trkpt lat="46.55816061900483" lon="9.407768624142252"><ele>1979.7</ele></trkpt><trkpt lat="46.55816061902446" lon="9.407742624162907"><ele>1979.6</ele></trkpt><trkpt lat="46.5581716193196" lon="9.40763862445949"><ele>1978.1</ele></trkpt><trkpt lat="46.558172619418094" lon="9.40761262455797"><ele>1977.6</ele></trkpt><trkpt lat="46.55816361949727" lon="9.40758562463711"><ele>1977.2</ele></trkpt><trkpt lat="46.558164619654825" lon="9.407533624795155"><ele>1976.4</ele></trkpt><trkpt lat="46.55816561995053" lon="9.407481625089405"><ele>1974.9</ele></trkpt><trkpt lat="46.55814862014816" lon="9.407415625287136"><ele>1973.9</ele></trkpt><trkpt lat="46.55815862034491" lon="9.407376625483426"><ele>1972.9</ele></trkpt><trkpt lat="46.55816762044323" lon="9.407377625580601"><ele>1972.4</ele></trkpt><trkpt lat="46.558176620561206" lon="9.407364625697873"><ele>1971.8</ele></trkpt><trkpt lat="46.55819462063947" lon="9.407365625775522"><ele>1971.4</ele></trkpt><trkpt lat="46.55822162085541" lon="9.407353625989904"><ele>1970.3</ele></trkpt><trkpt lat="46.55821362091477" lon="9.407326626049572"><ele>1970.0</ele></trkpt><trkpt lat="46.5582686214451" lon="9.407250626577989"><ele>1967.3</ele></trkpt><trkpt lat="46.558259621524215" lon="9.40722462665707"><ele>1966.9</ele></trkpt><trkpt lat="46.55826962160272" lon="9.407198626736019"><ele>1966.5</ele></trkpt><trkpt lat="46.55826062162266" lon="9.407171626756778"><ele>1966.4</ele></trkpt><trkpt lat="46.55826162164228" lon="9.40714562677742"><ele>1966.3</ele></trkpt><trkpt lat="46.55827962174014" lon="9.407120626875717"><ele>1965.8</ele></trkpt><trkpt lat="46.55828962179887" lon="9.407081626935803"><ele>1965.5</ele></trkpt><trkpt lat="46.55830762181782" lon="9.407056626956269"><ele>1965.4</ele></trkpt><trkpt lat="46.558334621797094" lon="9.407044626937168"><ele>1965.5</ele></trkpt><trkpt lat="46.558326621777645" lon="9.407030626918411"><ele>1965.6</ele></trkpt><trkpt lat="46.558317621738375" lon="9.406991626881354"><ele>1965.8</ele></trkpt><trkpt lat="46.55831862175798" lon="9.40696562690199"><ele>1965.7</ele></trkpt><trkpt lat="46.558328621658816" lon="9.406913626807018"><ele>1966.2</ele></trkpt><trkpt lat="46.55835562163818" lon="9.406914626787321"><ele>1966.3</ele></trkpt><trkpt lat="46.558356621795774" lon="9.406862626945344"><ele>1965.5</ele></trkpt><trkpt lat="46.55837462187391" lon="9.406849627023629"><ele>1965.1</ele></trkpt><trkpt lat="46.558383621913016" lon="9.406824627063623"><ele>1964.9</ele></trkpt><trkpt lat="46.55840262197132" lon="9.40677262712423"><ele>1964.6</ele></trkpt><trkpt lat="46.55838562199161" lon="9.406745627145048"><ele>1964.5</ele></trkpt><trkpt lat="46.558376622011515" lon="9.406706627166354"><ele>1964.4</ele></trkpt><trkpt lat="46.558377622109944" lon="9.406667627265408"><ele>1963.9</ele></trkpt><trkpt lat="46.55838662226737" lon="9.406641627422175"><ele>1963.1</ele></trkpt><trkpt lat="46.558378622346474" lon="9.406615627501248"><ele>1962.7</ele></trkpt><trkpt lat="46.55837962248436" lon="9.406576627639206"><ele>1962.0</ele></trkpt><trkpt lat="46.558426623014896" lon="9.406460628169453"><ele>1959.3</ele></trkpt><trkpt lat="46.55844462309313" lon="9.40644862824769"><ele>1958.9</ele></trkpt><trkpt lat="46.558461623151736" lon="9.406461628305339"><ele>1958.6</ele></trkpt><trkpt lat="46.558480623308775" lon="9.406449628461386"><ele>1957.8</ele></trkpt><trkpt lat="46.558480623387595" lon="9.406410628540986"><ele>1957.4</ele></trkpt><trkpt lat="46.55849062342659" lon="9.406397628580416"><ele>1957.2</ele></trkpt><trkpt lat="46.558499623544584" lon="9.406371628698261"><ele>1956.6</ele></trkpt><trkpt lat="46.55849962360376" lon="9.406358628757221"><ele>1956.3</ele></trkpt><trkpt lat="46.55850862370198" lon="9.40634662885497"><ele>1955.8</ele></trkpt><trkpt lat="46.55850962387935" lon="9.406307629031836"><ele>1954.9</ele></trkpt><trkpt lat="46.55851862401711" lon="9.406307629167959"><ele>1954.2</ele></trkpt><trkpt lat="46.55852862429269" lon="9.406255629442615"><ele>1952.8</ele></trkpt><trkpt lat="46.55853762435154" lon="9.406255629500915"><ele>1952.5</ele></trkpt><trkpt lat="46.55852962445032" lon="9.406216629600015"><ele>1952.0</ele></trkpt><trkpt lat="46.55854762466654" lon="9.406177629815657"><ele>1950.9</ele></trkpt><trkpt lat="46.55853162500224" lon="9.40609963015004"><ele>1949.2</ele></trkpt><trkpt lat="46.55855062561274" lon="9.406008630757109"><ele>1946.1</ele></trkpt><trkpt lat="46.55858862638034" lon="9.405905631520204"><ele>1942.2</ele></trkpt><trkpt lat="46.5586186273059" lon="9.405750632441315"><ele>1937.5</ele></trkpt><trkpt lat="46.55863662764044" lon="9.40571163277365"><ele>1935.8</ele></trkpt><trkpt lat="46.55863862809371" lon="9.405594633226338"><ele>1933.5</ele></trkpt><trkpt lat="46.55866662844762" lon="9.405543633578585"><ele>1931.7</ele></trkpt><trkpt lat="46.5587036289393" lon="9.405505634066355"><ele>1929.2</ele></trkpt><trkpt lat="46.55871362921504" lon="9.405466634340375"><ele>1927.8</ele></trkpt><trkpt lat="46.55870462939275" lon="9.405427634517268"><ele>1926.9</ele></trkpt><trkpt lat="46.558688629669255" lon="9.405348634793263"><ele>1925.5</ele></trkpt><trkpt lat="46.558681630182036" lon="9.405243635303787"><ele>1922.9</ele></trkpt><trkpt lat="46.55869063057607" lon="9.405191635695092"><ele>1920.9</ele></trkpt><trkpt lat="46.55867363085271" lon="9.405138635969916"><ele>1919.5</ele></trkpt><trkpt lat="46.558656631188434" lon="9.405073636303632"><ele>1917.8</ele></trkpt><trkpt lat="46.55864963170134" lon="9.405007636812373"><ele>1915.2</ele></trkpt><trkpt lat="46.55863263239206" lon="9.404928637496829"><ele>1911.7</ele></trkpt><trkpt lat="46.55865163294358" lon="9.40487763804361"><ele>1908.9</ele></trkpt><trkpt lat="46.558669633159894" lon="9.404864638258026"><ele>1907.8</ele></trkpt><trkpt lat="46.55867963331726" lon="9.404839638414677"><ele>1907.0</ele></trkpt><trkpt lat="46.55867063365278" lon="9.404799638747193"><ele>1905.3</ele></trkpt><trkpt lat="46.55867163398795" lon="9.404747639080165"><ele>1903.6</ele></trkpt><trkpt lat="46.55866363428402" lon="9.404708639373718"><ele>1902.1</ele></trkpt><trkpt lat="46.55865563444195" lon="9.40464263953231"><ele>1901.3</ele></trkpt><trkpt lat="46.55866563475705" lon="9.404590639845754"><ele>1899.7</ele></trkpt><trkpt lat="46.55867563513132" lon="9.404538640217552"><ele>1897.8</ele></trkpt><trkpt lat="46.55869363554481" lon="9.40450064062757"><ele>1895.7</ele></trkpt><trkpt lat="46.558712635682056" lon="9.40446164076531"><ele>1895.0</ele></trkpt><trkpt lat="46.55870463587942" lon="9.404396640962739"><ele>1894.0</ele></trkpt><trkpt lat="46.558687635939044" lon="9.40434364102355"><ele>1893.7</ele></trkpt><trkpt lat="46.55867063609732" lon="9.40429064118161"><ele>1892.9</ele></trkpt><trkpt lat="46.55866363639318" lon="9.404199641477422"><ele>1891.4</ele></trkpt><trkpt lat="46.55862763645347" lon="9.404158641537832"><ele>1891.1</ele></trkpt><trkpt lat="46.55862863669006" lon="9.404119641772938"><ele>1889.9</ele></trkpt><trkpt lat="46.558647637103476" lon="9.404055642184066"><ele>1887.8</ele></trkpt><trkpt lat="46.55869363725955" lon="9.404017642341012"><ele>1887.0</ele></trkpt><trkpt lat="46.55869463779186" lon="9.403926642870141"><ele>1884.3</ele></trkpt><trkpt lat="46.55873063800759" lon="9.403914643084354"><ele>1883.2</ele></trkpt><trkpt lat="46.55872263816554" lon="9.403875643241719"><ele>1882.4</ele></trkpt><trkpt lat="46.55872363834296" lon="9.403849643417898"><ele>1881.5</ele></trkpt><trkpt lat="46.558715638638965" lon="9.40379664371201"><ele>1880.0</ele></trkpt><trkpt lat="46.55869763875789" lon="9.4037836438294"><ele>1879.4</ele></trkpt><trkpt lat="46.55868863889624" lon="9.403756643966796"><ele>1878.7</ele></trkpt><trkpt lat="46.55868063903451" lon="9.403730644104128"><ele>1878.0</ele></trkpt><trkpt lat="46.558680639369776" lon="9.403691644436467"><ele>1876.3</ele></trkpt><trkpt lat="46.558627639785676" lon="9.403650644847051"><ele>1874.2</ele></trkpt><trkpt lat="46.55860164035846" lon="9.40358364541417"><ele>1871.3</ele></trkpt><trkpt lat="46.55857564079321" lon="9.40354364584396"><ele>1869.1</ele></trkpt><trkpt lat="46.5585676410695" lon="9.403504646117993"><ele>1867.7</ele></trkpt><trkpt lat="46.55858564122665" lon="9.40347964627454"><ele>1866.9</ele></trkpt><trkpt lat="46.55856764144425" lon="9.40346564648921"><ele>1865.8</ele></trkpt><trkpt lat="46.55857764150301" lon="9.40345264654805"><ele>1865.5</ele></trkpt><trkpt lat="46.558559641661404" lon="9.40343864670437"><ele>1864.7</ele></trkpt><trkpt lat="46.55855964168111" lon="9.403438646723819"><ele>1864.6</ele></trkpt><trkpt lat="46.55854164197753" lon="9.403412647016797"><ele>1863.1</ele></trkpt><trkpt lat="46.55845264237503" lon="9.40338264740768"><ele>1861.1</ele></trkpt><trkpt lat="46.55841664279043" lon="9.40335564781751"><ele>1859.0</ele></trkpt><trkpt lat="46.558399643165714" lon="9.403315648188869"><ele>1857.1</ele></trkpt><trkpt lat="46.5583736435018" lon="9.403275648521396"><ele>1855.4</ele></trkpt><trkpt lat="46.55834064494237" lon="9.403078649949801"><ele>1848.1</ele></trkpt><trkpt lat="46.55834164525775" lon="9.40301365026375"><ele>1846.5</ele></trkpt><trkpt lat="46.55832464571188" lon="9.402960650713426"><ele>1844.2</ele></trkpt><trkpt lat="46.558316646165665" lon="9.402908651163001"><ele>1841.9</ele></trkpt><trkpt lat="46.55829964632399" lon="9.402868651320414"><ele>1841.1</ele></trkpt><trkpt lat="46.558317646323246" lon="9.402830651321919"><ele>1841.1</ele></trkpt><trkpt lat="46.55831864632315" lon="9.402817651322467"><ele>1841.1</ele></trkpt><trkpt lat="46.558291646264884" lon="9.402803651264914"><ele>1841.4</ele></trkpt><trkpt lat="46.55831064642187" lon="9.402751651422589"><ele>1840.6</ele></trkpt><trkpt lat="46.558319646539836" lon="9.402725651540317"><ele>1840.0</ele></trkpt><trkpt lat="46.55832864663815" lon="9.402713651638004"><ele>1839.5</ele></trkpt><trkpt lat="46.558320646677764" lon="9.402686651678108"><ele>1839.3</ele></trkpt><trkpt lat="46.55832064673689" lon="9.402660651737559"><ele>1839.0</ele></trkpt><trkpt lat="46.558338646874304" lon="9.40264865187408"><ele>1838.3</ele></trkpt><trkpt lat="46.55834864709085" lon="9.402596652090146"><ele>1837.2</ele></trkpt><trkpt lat="46.558358647267944" lon="9.402570652266208"><ele>1836.3</ele></trkpt><trkpt lat="46.55834164746563" lon="9.402517652463052"><ele>1835.3</ele></trkpt><trkpt lat="46.55836864768162" lon="9.402479652678394"><ele>1834.2</ele></trkpt><trkpt lat="46.55837864787842" lon="9.402440652874454"><ele>1833.2</ele></trkpt><trkpt lat="46.55839764811434" lon="9.402402653109299"><ele>1832.0</ele></trkpt><trkpt lat="46.55839764827208" lon="9.402363653266528"><ele>1831.2</ele></trkpt><trkpt lat="46.558416648389745" lon="9.402351653383587"><ele>1830.6</ele></trkpt><trkpt lat="46.558443648684566" lon="9.402299653677305"><ele>1829.1</ele></trkpt><trkpt lat="46.55843564870457" lon="9.402286653697358"><ele>1829.0</ele></trkpt><trkpt lat="46.55842664884289" lon="9.402273653834097"><ele>1828.3</ele></trkpt><trkpt lat="46.558427649039984" lon="9.402233654030244"><ele>1827.3</ele></trkpt><trkpt lat="46.5584096493364" lon="9.402194654323711"><ele>1825.8</ele></trkpt><trkpt lat="46.5583926495144" lon="9.402154654500537"><ele>1824.9</ele></trkpt><trkpt lat="46.55835764979153" lon="9.402087654775853"><ele>1823.5</ele></trkpt><trkpt lat="46.55835864996889" lon="9.402035654953062"><ele>1822.6</ele></trkpt><trkpt lat="46.55835065018607" lon="9.40198365516922"><ele>1821.5</ele></trkpt><trkpt lat="46.55834365058048" lon="9.401878655562612"><ele>1819.5</ele></trkpt><trkpt lat="46.55834365065926" lon="9.401839655642046"><ele>1819.1</ele></trkpt><trkpt lat="46.558335650975025" lon="9.401787655955419"><ele>1817.5</ele></trkpt><trkpt lat="46.55831865105437" lon="9.401747656034999"><ele>1817.1</ele></trkpt><trkpt lat="46.55831065131097" lon="9.40170765628952"><ele>1815.8</ele></trkpt><trkpt lat="46.5582756516079" lon="9.401654656583665"><ele>1814.3</ele></trkpt><trkpt lat="46.55828465170611" lon="9.401628656681916"><ele>1813.8</ele></trkpt><trkpt lat="46.55830265182387" lon="9.40161665679897"><ele>1813.2</ele></trkpt><trkpt lat="46.55830365194211" lon="9.401590656916726"><ele>1812.6</ele></trkpt><trkpt lat="46.55828565213986" lon="9.401550657112978"><ele>1811.6</ele></trkpt><trkpt lat="46.558286652435584" lon="9.401498657406819"><ele>1810.1</ele></trkpt><trkpt lat="46.55831465273042" lon="9.40146065769989"><ele>1808.6</ele></trkpt><trkpt lat="46.558315653006424" lon="9.401421657973737"><ele>1807.2</ele></trkpt><trkpt lat="46.55831665328244" lon="9.401369658248132"><ele>1805.8</ele></trkpt><trkpt lat="46.55830765351931" lon="9.401316658483742"><ele>1804.6</ele></trkpt><trkpt lat="46.55828165379621" lon="9.401276658757805"><ele>1803.2</ele></trkpt><trkpt lat="46.55822865383725" lon="9.40120965879986"><ele>1803.0</ele></trkpt><trkpt lat="46.55819365385805" lon="9.401168658821257"><ele>1802.9</ele></trkpt><trkpt lat="46.55816665389828" lon="9.401141658861457"><ele>1802.7</ele></trkpt><trkpt lat="46.55814065405683" lon="9.4010886590194"><ele>1801.9</ele></trkpt><trkpt lat="46.558123654215066" lon="9.401035659177278"><ele>1801.1</ele></trkpt><trkpt lat="46.558064654492654" lon="9.400838659458124"><ele>1799.7</ele></trkpt><trkpt lat="46.55801265471093" lon="9.400692659678446"><ele>1798.6</ele></trkpt><trkpt lat="46.557988655066445" lon="9.400561660034043"><ele>1796.8</ele></trkpt><trkpt lat="46.55797365591455" lon="9.400352660878855"><ele>1792.5</ele></trkpt><trkpt lat="46.55794065617172" lon="9.40020766113785"><ele>1791.2</ele></trkpt><trkpt lat="46.5578976562517" lon="9.400088661220856"><ele>1790.8</ele></trkpt><trkpt lat="46.5578816564886" lon="9.399970661459164"><ele>1789.6</ele></trkpt><trkpt lat="46.55788365678398" lon="9.399814661757247"><ele>1788.1</ele></trkpt><trkpt lat="46.55787665666556" lon="9.399696661645564"><ele>1788.7</ele></trkpt><trkpt lat="46.55788065656619" lon="9.399487661557039"><ele>1789.2</ele></trkpt><trkpt lat="46.55789265697961" lon="9.399318661972206"><ele>1787.1</ele></trkpt><trkpt lat="46.55789765737322" lon="9.399044662372328"><ele>1785.1</ele></trkpt><trkpt lat="46.55790765739233" lon="9.398953662395476"><ele>1785.0</ele></trkpt><trkpt lat="46.55790965786544" lon="9.398862662865751"><ele>1782.6</ele></trkpt><trkpt lat="46.557928658180245" lon="9.398785663179815"><ele>1781.0</ele></trkpt><trkpt lat="46.55791565890981" lon="9.398523663909922"><ele>1777.3</ele></trkpt><trkpt lat="46.55794865922345" lon="9.398185664234655"><ele>1775.7</ele></trkpt><trkpt lat="46.55797765939961" lon="9.398030664415788"><ele>1774.8</ele></trkpt><trkpt lat="46.557980659675216" lon="9.397873664694345"><ele>1773.4</ele></trkpt><trkpt lat="46.55796966109473" lon="9.397443666111437"><ele>1766.2</ele></trkpt><trkpt lat="46.55796566174507" lon="9.397155666764604"><ele>1762.9</ele></trkpt><trkpt lat="46.55796066247454" lon="9.396946667492239"><ele>1759.2</ele></trkpt><trkpt lat="46.557981663854214" lon="9.396752668860348"><ele>1752.2</ele></trkpt><trkpt lat="46.55802166537124" lon="9.396505670366443"><ele>1744.5</ele></trkpt><trkpt lat="46.55807866627644" lon="9.396351671266192"><ele>1739.9</ele></trkpt><trkpt lat="46.558135667517035" lon="9.396196672496297"><ele>1733.6</ele></trkpt><trkpt lat="46.55817366820592" lon="9.396054673181872"><ele>1730.1</ele></trkpt><trkpt lat="46.55819366875738" lon="9.395964673729436"><ele>1727.3</ele></trkpt><trkpt lat="46.55819566917132" lon="9.395859674141695"><ele>1725.2</ele></trkpt><trkpt lat="46.55818967011787" lon="9.39566367508226"><ele>1720.4</ele></trkpt><trkpt lat="46.5582086704525" lon="9.395599675415015"><ele>1718.7</ele></trkpt><trkpt lat="46.558227670649025" lon="9.395547675611274"><ele>1717.7</ele></trkpt><trkpt lat="46.55824667094425" lon="9.395496675904642"><ele>1716.2</ele></trkpt><trkpt lat="46.55823867122045" lon="9.395417676179866"><ele>1714.8</ele></trkpt><trkpt lat="46.558213671615526" lon="9.395312676572807"><ele>1712.8</ele></trkpt><trkpt lat="46.558188672109274" lon="9.395220677062373"><ele>1710.3</ele></trkpt><trkpt lat="46.55818967236551" lon="9.39515567731753"><ele>1709.0</ele></trkpt><trkpt lat="46.55820867262117" lon="9.39507767757309"><ele>1707.7</ele></trkpt><trkpt lat="46.55827367305281" lon="9.394962678004676"><ele>1705.5</ele></trkpt><trkpt lat="46.55833067354382" lon="9.394794678496693"><ele>1703.0</ele></trkpt><trkpt lat="46.55837967381786" lon="9.394561678777594"><ele>1701.6</ele></trkpt><trkpt lat="46.55841667399402" lon="9.39447167895577"><ele>1700.7</ele></trkpt><trkpt lat="46.55841667399402" lon="9.39447167895577"><ele>1700.7</ele></trkpt><trkpt lat="46.558444674091675" lon="9.394420679054743"><ele>1700.2</ele></trkpt><trkpt lat="46.558454674032035" lon="9.394368678998452"><ele>1700.5</ele></trkpt><trkpt lat="46.558438673756044" lon="9.394264678730678"><ele>1701.9</ele></trkpt><trkpt lat="46.55839667330321" lon="9.394092678290926"><ele>1704.2</ele></trkpt><trkpt lat="46.558285674173746" lon="9.393723679160994"><ele>1699.8</ele></trkpt><trkpt lat="46.55826067450966" lon="9.393618679495543"><ele>1698.1</ele></trkpt><trkpt lat="46.558235675259795" lon="9.39351368023802"><ele>1694.3</ele></trkpt><trkpt lat="46.558218675773055" lon="9.393434680746298"><ele>1691.7</ele></trkpt><trkpt lat="46.55817767770712" lon="9.393210682659012"><ele>1681.9</ele></trkpt><trkpt lat="46.55817067822005" lon="9.393119683167658"><ele>1679.3</ele></trkpt><trkpt lat="46.558145678989916" lon="9.393001683929972"><ele>1675.4</ele></trkpt><trkpt lat="46.55813767964096" lon="9.392909684574606"><ele>1672.1</ele></trkpt><trkpt lat="46.5581396804495" lon="9.39281868537452"><ele>1668.0</ele></trkpt><trkpt lat="46.55812268088386" lon="9.392739685805013"><ele>1665.8</ele></trkpt><trkpt lat="46.558105681120956" lon="9.392673686040757"><ele>1664.6</ele></trkpt><trkpt lat="46.55806268124039" lon="9.39258068616116"><ele>1664.0</ele></trkpt><trkpt lat="46.55798468201168" lon="9.392382686926801"><ele>1660.1</ele></trkpt><trkpt lat="46.55785468248851" lon="9.392142687403"><ele>1657.7</ele></trkpt><trkpt lat="46.55777568312192" lon="9.392022688029622"><ele>1654.5</ele></trkpt><trkpt lat="46.55775068357608" lon="9.391891688481508"><ele>1652.2</ele></trkpt><trkpt lat="46.557760684127935" lon="9.391800689028747"><ele>1649.4</ele></trkpt><trkpt lat="46.5577896847384" lon="9.391722689633623"><ele>1646.3</ele></trkpt><trkpt lat="46.557880685800775" lon="9.391647690684685"><ele>1640.9</ele></trkpt><trkpt lat="46.55795368674538" lon="9.391585691618824"><ele>1636.1</ele></trkpt><trkpt lat="46.557982687158564" lon="9.39149569202991"><ele>1634.0</ele></trkpt><trkpt lat="46.557992687315945" lon="9.391430692187686"><ele>1633.2</ele></trkpt><trkpt lat="46.557993687355186" lon="9.39136569222898"><ele>1633.0</ele></trkpt><trkpt lat="46.55797668723725" lon="9.39132569211408"><ele>1633.6</ele></trkpt><trkpt lat="46.557959687158686" lon="9.391259692039"><ele>1634.0</ele></trkpt><trkpt lat="46.55796068739527" lon="9.391207692274016"><ele>1632.8</ele></trkpt><trkpt lat="46.557970687256706" lon="9.391142692140475"><ele>1633.5</ele></trkpt><trkpt lat="46.55798868772957" lon="9.39110369260793"><ele>1631.1</ele></trkpt><trkpt lat="46.55800768794593" lon="9.391078692822381"><ele>1630.0</ele></trkpt><trkpt lat="46.55802668816224" lon="9.391027693037818"><ele>1628.9</ele></trkpt><trkpt lat="46.55803568820135" lon="9.390988693078073"><ele>1628.7</ele></trkpt><trkpt lat="46.55806368833852" lon="9.39095069321528"><ele>1628.0</ele></trkpt><trkpt lat="46.55806368833852" lon="9.39095069321528"><ele>1628.0</ele></trkpt><trkpt lat="46.55807568847574" lon="9.390754693358552"><ele>1627.3</ele></trkpt><trkpt lat="46.55807568847574" lon="9.390754693358552"><ele>1627.3</ele></trkpt><trkpt lat="46.558086687686064" lon="9.390663692585152"><ele>1631.3</ele></trkpt><trkpt lat="46.558086687686064" lon="9.390663692585152"><ele>1631.3</ele></trkpt><trkpt lat="46.55802368743146" lon="9.390661692333161"><ele>1632.6</ele></trkpt><trkpt lat="46.55797868713683" lon="9.390634692043172"><ele>1634.1</ele></trkpt><trkpt lat="46.55793568682222" lon="9.390528691736757"><ele>1635.7</ele></trkpt><trkpt lat="46.55787368642937" lon="9.390460691351345"><ele>1637.7</ele></trkpt><trkpt lat="46.55778468611631" lon="9.390431691042298"><ele>1639.3</ele></trkpt><trkpt lat="46.55769468582315" lon="9.390441690751187"><ele>1640.8</ele></trkpt><trkpt lat="46.55761268556923" lon="9.390477690497878"><ele>1642.1</ele></trkpt><trkpt lat="46.5574396851408" lon="9.390614690066506"><ele>1644.3</ele></trkpt><trkpt lat="46.55734768508461" lon="9.390702690005455"><ele>1644.6</ele></trkpt><trkpt lat="46.5572746848503" lon="9.390791689769475"><ele>1645.8</ele></trkpt><trkpt lat="46.55721968455627" lon="9.390841689476613"><ele>1647.3</ele></trkpt><trkpt lat="46.557183684340295" lon="9.39082768926376"><ele>1648.4</ele></trkpt><trkpt lat="46.55717568414314" lon="9.390787689071148"><ele>1649.4</ele></trkpt><trkpt lat="46.557194683964866" lon="9.390723688898712"><ele>1650.3</ele></trkpt><trkpt lat="46.55722268372714" lon="9.390658688668005"><ele>1651.5</ele></trkpt><trkpt lat="46.55725068346971" lon="9.390607688417344"><ele>1652.8</ele></trkpt><trkpt lat="46.557270683133474" lon="9.39051768809056"><ele>1654.5</ele></trkpt><trkpt lat="46.55728068285677" lon="9.390413687822637"><ele>1655.9</ele></trkpt><trkpt lat="46.557317682599034" lon="9.390349687572433"><ele>1657.2</ele></trkpt><trkpt lat="46.557355682282065" lon="9.390285687263976"><ele>1658.8</ele></trkpt><trkpt lat="46.55740968200413" lon="9.39024868699322"><ele>1660.2</ele></trkpt><trkpt lat="46.557464681666964" lon="9.390184686665247"><ele>1661.9</ele></trkpt><trkpt lat="46.55765768051627" lon="9.389957685546605"><ele>1667.7</ele></trkpt><trkpt lat="46.557694680297985" lon="9.389919685334254"><ele>1668.8</ele></trkpt><trkpt lat="46.5577396800993" lon="9.389894685140774"><ele>1669.8</ele></trkpt><trkpt lat="46.557749679901555" lon="9.389843684948522"><ele>1670.8</ele></trkpt><trkpt lat="46.55774167974387" lon="9.389803684794792"><ele>1671.6</ele></trkpt><trkpt lat="46.557714679527656" lon="9.389789684581917"><ele>1672.7</ele></trkpt><trkpt lat="46.557660679194" lon="9.389800684251743"><ele>1674.4</ele></trkpt><trkpt lat="46.5575966788804" lon="9.389824683940542"><ele>1676.0</ele></trkpt><trkpt lat="46.557524678645926" lon="9.389847683707098"><ele>1677.2</ele></trkpt><trkpt lat="46.55747967841069" lon="9.3898726834734"><ele>1678.4</ele></trkpt><trkpt lat="46.557415678195675" lon="9.389883683259786"><ele>1679.5</ele></trkpt><trkpt lat="46.55734367790198" lon="9.389880682969107"><ele>1681.0</ele></trkpt><trkpt lat="46.55734367790198" lon="9.389880682969107"><ele>1681.0</ele></trkpt><trkpt lat="46.55735467782253" lon="9.389815682893904"><ele>1681.4</ele></trkpt><trkpt lat="46.557364677565545" lon="9.389711682645492"><ele>1682.7</ele></trkpt><trkpt lat="46.55734767717139" lon="9.389658682259345"><ele>1684.7</ele></trkpt><trkpt lat="46.55733067705348" lon="9.38963268214397"><ele>1685.3</ele></trkpt><trkpt lat="46.55729467695597" lon="9.389630682047196"><ele>1685.8</ele></trkpt><trkpt lat="46.55726767703563" lon="9.389603682126088"><ele>1685.4</ele></trkpt><trkpt lat="46.557241677253415" lon="9.38957668234088"><ele>1684.3</ele></trkpt><trkpt lat="46.557214677451405" lon="9.38953668253678"><ele>1683.3</ele></trkpt><trkpt lat="46.557135677137936" lon="9.38942968223081"><ele>1684.9</ele></trkpt><trkpt lat="46.55709167706032" lon="9.389388682155028"><ele>1685.3</ele></trkpt><trkpt lat="46.55704867672601" lon="9.389295681828882"><ele>1687.0</ele></trkpt><trkpt lat="46.557013676569156" lon="9.389242681675857"><ele>1687.8</ele></trkpt><trkpt lat="46.55698767666841" lon="9.389176681775684"><ele>1687.3</ele></trkpt><trkpt lat="46.55697067658992" lon="9.389123681700209"><ele>1687.7</ele></trkpt><trkpt lat="46.55695367653106" lon="9.389044681645169"><ele>1688.0</ele></trkpt><trkpt lat="46.55694567623519" lon="9.388966681357058"><ele>1689.5</ele></trkpt><trkpt lat="46.556956676136004" lon="9.38888868126298"><ele>1690.0</ele></trkpt><trkpt lat="46.5569656761751" lon="9.388849681303284"><ele>1689.8</ele></trkpt><trkpt lat="46.5570126762326" lon="9.38875968136476"><ele>1689.5</ele></trkpt><trkpt lat="46.55714267575452" lon="9.388529680907048"><ele>1691.9</ele></trkpt><trkpt lat="46.55719967486458" lon="9.388349680040177"><ele>1696.4</ele></trkpt><trkpt lat="46.55724767440888" lon="9.388168679600513"><ele>1698.7</ele></trkpt><trkpt lat="46.55729467407176" lon="9.388065679274268"><ele>1700.4</ele></trkpt><trkpt lat="46.55734067347822" lon="9.387962678695684"><ele>1703.4</ele></trkpt><trkpt lat="46.55738767306225" lon="9.387860678291773"><ele>1705.5</ele></trkpt><trkpt lat="46.55742567264654" lon="9.387770677887454"><ele>1707.6</ele></trkpt><trkpt lat="46.55746267230985" lon="9.387706677559764"><ele>1709.3</ele></trkpt><trkpt lat="46.55751867226837" lon="9.387604677524633"><ele>1709.5</ele></trkpt><trkpt lat="46.557573672700414" lon="9.387527677954383"><ele>1707.3</ele></trkpt><trkpt lat="46.55761967244236" lon="9.387464677704251"><ele>1708.6</ele></trkpt><trkpt lat="46.557720672655826" lon="9.387337677922163"><ele>1707.5</ele></trkpt><trkpt lat="46.55779367255468" lon="9.387261677827661"><ele>1708.0</ele></trkpt><trkpt lat="46.557812672337036" lon="9.387236677615018"><ele>1709.1</ele></trkpt><trkpt lat="46.557895671821186" lon="9.387121677114388"><ele>1711.7</ele></trkpt><trkpt lat="46.55797767179875" lon="9.387072677096405"><ele>1711.8</ele></trkpt><trkpt lat="46.55802267156044" lon="9.387022676865186"><ele>1713.0</ele></trkpt><trkpt lat="46.55806867148001" lon="9.386984676788762"><ele>1713.4</ele></trkpt><trkpt lat="46.558114671655964" lon="9.38693467696515"><ele>1712.5</ele></trkpt><trkpt lat="46.558142672227014" lon="9.386843677531477"><ele>1709.6</ele></trkpt><trkpt lat="46.558170672442984" lon="9.38679267774683"><ele>1708.5</ele></trkpt><trkpt lat="46.558207672283885" lon="9.386754677592826"><ele>1709.3</ele></trkpt><trkpt lat="46.55827067182812" lon="9.386757677145882"><ele>1711.6</ele></trkpt><trkpt lat="46.55835167156911" lon="9.386760676892925"><ele>1712.9</ele></trkpt><trkpt lat="46.558378671805016" lon="9.386761677125625"><ele>1711.7</ele></trkpt><trkpt lat="46.558432671665116" lon="9.386736676990408"><ele>1712.4</ele></trkpt><trkpt lat="46.55845167136854" lon="9.38671167670014"><ele>1713.9</ele></trkpt><trkpt lat="46.55848867097265" lon="9.386660676313749"><ele>1715.9</ele></trkpt><trkpt lat="46.55858767073266" lon="9.386625676081596"><ele>1717.1</ele></trkpt><trkpt lat="46.55880667068582" lon="9.38646367604784"><ele>1717.3</ele></trkpt><trkpt lat="46.55887967052552" lon="9.386400675894617"><ele>1718.1</ele></trkpt><trkpt lat="46.55894367052336" lon="9.386337675896726"><ele>1718.1</ele></trkpt><trkpt lat="46.55900767042247" lon="9.386261675802302"><ele>1718.6</ele></trkpt><trkpt lat="46.55916367025925" lon="9.386084675653109"><ele>1719.4</ele></trkpt><trkpt lat="46.559283670156375" lon="9.385945675560855"><ele>1719.9</ele></trkpt><trkpt lat="46.55945767024896" lon="9.385717675665889"><ele>1719.4</ele></trkpt><trkpt lat="46.55953167020685" lon="9.385602675631198"><ele>1719.6</ele></trkpt><trkpt lat="46.559605670401545" lon="9.385500675828865"><ele>1718.6</ele></trkpt><trkpt lat="46.559688670931365" lon="9.385386676356871"><ele>1715.9</ele></trkpt><trkpt lat="46.55984567017589" lon="9.385131675628603"><ele>1719.7</ele></trkpt><trkpt lat="46.56003966987309" lon="9.384851675347464"><ele>1721.2</ele></trkpt><trkpt lat="46.560113669377074" lon="9.384749674865937"><ele>1723.7</ele></trkpt><trkpt lat="46.56018766947313" lon="9.384634674967094"><ele>1723.2</ele></trkpt><trkpt lat="46.560261669174466" lon="9.384519674680151"><ele>1724.7</ele></trkpt><trkpt lat="46.560335668402224" lon="9.384405673927466"><ele>1728.6</ele></trkpt><trkpt lat="46.56041866778745" lon="9.38425167333159"><ele>1731.7</ele></trkpt><trkpt lat="46.560474667903755" lon="9.384149673451757"><ele>1731.1</ele></trkpt><trkpt lat="46.5605026679027" lon="9.384071673454713"><ele>1731.1</ele></trkpt><trkpt lat="46.5605136678232" lon="9.384007673379605"><ele>1731.5</ele></trkpt><trkpt lat="46.56051466758622" lon="9.383941673149414"><ele>1732.7</ele></trkpt><trkpt lat="46.56052466746736" lon="9.383890673034985"><ele>1733.3</ele></trkpt><trkpt lat="46.560543667367924" lon="9.383825672940462"><ele>1733.8</ele></trkpt><trkpt lat="46.56056266728821" lon="9.383761672865308"><ele>1734.2</ele></trkpt><trkpt lat="46.560572667169325" lon="9.38370967275092"><ele>1734.8</ele></trkpt><trkpt lat="46.56058266685302" lon="9.383605672444604"><ele>1736.4</ele></trkpt><trkpt lat="46.560602666674555" lon="9.383527672273"><ele>1737.3</ele></trkpt><trkpt lat="46.56060366667433" lon="9.383462672275625"><ele>1737.3</ele></trkpt><trkpt lat="46.560622666574915" lon="9.383397672181117"><ele>1737.8</ele></trkpt><trkpt lat="46.560632666515254" lon="9.383359672124378"><ele>1738.1</ele></trkpt><trkpt lat="46.56065966649459" lon="9.383320672106379"><ele>1738.2</ele></trkpt><trkpt lat="46.56067866641497" lon="9.383295672029657"><ele>1738.6</ele></trkpt><trkpt lat="46.560705666414016" lon="9.383257672031014"><ele>1738.6</ele></trkpt><trkpt lat="46.56071566629513" lon="9.383205671916638"><ele>1739.2</ele></trkpt><trkpt lat="46.560725666235534" lon="9.38316667185995"><ele>1739.5</ele></trkpt><trkpt lat="46.56073566617588" lon="9.383128671803213"><ele>1739.8</ele></trkpt><trkpt lat="46.56078166613471" lon="9.383038671767753"><ele>1740.0</ele></trkpt><trkpt lat="46.56078266615426" lon="9.382986671789252"><ele>1739.9</ele></trkpt><trkpt lat="46.56079166633152" lon="9.382960671964858"><ele>1739.0</ele></trkpt><trkpt lat="46.56081966668574" lon="9.382922672315438"><ele>1737.2</ele></trkpt><trkpt lat="46.56089266705821" lon="9.382872672685604"><ele>1735.3</ele></trkpt><trkpt lat="46.56092066707696" lon="9.382834672706355"><ele>1735.2</ele></trkpt><trkpt lat="46.56101266711318" lon="9.382720672749157"><ele>1735.0</ele></trkpt><trkpt lat="46.56108666728812" lon="9.382579672928973"><ele>1734.1</ele></trkpt><trkpt lat="46.561124667286514" lon="9.382450672933926"><ele>1734.1</ele></trkpt><trkpt lat="46.56112866746339" lon="9.382228673117448"><ele>1733.2</ele></trkpt><trkpt lat="46.561138667068164" lon="9.382138672733019"><ele>1735.2</ele></trkpt><trkpt lat="46.5611486669493" lon="9.382086672618657"><ele>1735.8</ele></trkpt><trkpt lat="46.561149666850405" lon="9.382021672524278"><ele>1736.3</ele></trkpt><trkpt lat="46.56114166687026" lon="9.381968672545872"><ele>1736.2</ele></trkpt><trkpt lat="46.56113366675199" lon="9.3819296724311"><ele>1736.8</ele></trkpt><trkpt lat="46.56113466651502" lon="9.38187667220045"><ele>1738.0</ele></trkpt><trkpt lat="46.561144666060706" lon="9.381838671755752"><ele>1740.3</ele></trkpt><trkpt lat="46.56113666602132" lon="9.381772671719677"><ele>1740.5</ele></trkpt><trkpt lat="46.56113666606068" lon="9.381733671760053"><ele>1740.3</ele></trkpt><trkpt lat="46.56114666600097" lon="9.381681671703895"><ele>1740.6</ele></trkpt><trkpt lat="46.56117466584203" lon="9.38163067155059"><ele>1741.4</ele></trkpt><trkpt lat="46.56119366590056" lon="9.3815926716102"><ele>1741.1</ele></trkpt><trkpt lat="46.561220666254904" lon="9.381580671959682"><ele>1739.3</ele></trkpt><trkpt lat="46.561247666707914" lon="9.381554672406713"><ele>1737.0</ele></trkpt><trkpt lat="46.56127566694373" lon="9.381529672640315"><ele>1735.8</ele></trkpt><trkpt lat="46.561293667022035" lon="9.381491672719322"><ele>1735.4</ele></trkpt><trkpt lat="46.561303667061054" lon="9.38143967276015"><ele>1735.2</ele></trkpt><trkpt lat="46.561312667317324" lon="9.381439673012263"><ele>1733.9</ele></trkpt><trkpt lat="46.56132166751445" lon="9.381466673205098"><ele>1732.9</ele></trkpt><trkpt lat="46.561329667968316" lon="9.381531673648583"><ele>1730.6</ele></trkpt><trkpt lat="46.561337668126" lon="9.38155867380263"><ele>1729.8</ele></trkpt><trkpt lat="46.561346668342814" lon="9.38155867401595"><ele>1728.7</ele></trkpt><trkpt lat="46.56136566851975" lon="9.381533674191417"><ele>1727.8</ele></trkpt><trkpt lat="46.561432668753774" lon="9.381274674434158"><ele>1726.6</ele></trkpt><trkpt lat="46.56147066869306" lon="9.381158674380377"><ele>1726.9</ele></trkpt><trkpt lat="46.56153566892747" lon="9.381030674617863"><ele>1725.7</ele></trkpt><trkpt lat="46.56155466904522" lon="9.381004674735161"><ele>1725.1</ele></trkpt><trkpt lat="46.56162966925945" lon="9.380825674955222"><ele>1724.0</ele></trkpt><trkpt lat="46.56167566971175" lon="9.380748675404128"><ele>1721.7</ele></trkpt><trkpt lat="46.561768670359626" lon="9.380556676051281"><ele>1718.4</ele></trkpt><trkpt lat="46.561787670437745" lon="9.38049167613134"><ele>1718.0</ele></trkpt><trkpt lat="46.56180767033827" lon="9.380426676036832"><ele>1718.5</ele></trkpt><trkpt lat="46.56180867023939" lon="9.38036167594244"><ele>1719.0</ele></trkpt><trkpt lat="46.56182767013995" lon="9.380297675847897"><ele>1719.5</ele></trkpt><trkpt lat="46.56184667021816" lon="9.380245675927435"><ele>1719.1</ele></trkpt><trkpt lat="46.56185667000062" lon="9.380193675716098"><ele>1720.2</ele></trkpt><trkpt lat="46.561857669724056" lon="9.38011567544769"><ele>1721.6</ele></trkpt><trkpt lat="46.561876669743015" lon="9.38005167546952"><ele>1721.5</ele></trkpt><trkpt lat="46.56188666984128" lon="9.380012675567992"><ele>1721.0</ele></trkpt><trkpt lat="46.56192367013598" lon="9.379948675861232"><ele>1719.5</ele></trkpt><trkpt lat="46.56196067058849" lon="9.37984567631118"><ele>1717.2</ele></trkpt><trkpt lat="46.56197967084433" lon="9.379793676565262"><ele>1715.9</ele></trkpt><trkpt lat="46.561989671080724" lon="9.37972967680048"><ele>1714.7</ele></trkpt><trkpt lat="46.562008671395795" lon="9.379677677112737"><ele>1713.1</ele></trkpt><trkpt lat="46.56202767202665" lon="9.37962667773525"><ele>1709.9</ele></trkpt><trkpt lat="46.562065672479136" lon="9.379523678185153"><ele>1707.6</ele></trkpt><trkpt lat="46.56207567232083" lon="9.379484678031487"><ele>1708.4</ele></trkpt><trkpt lat="46.56208467212306" lon="9.379432677839562"><ele>1709.4</ele></trkpt><trkpt lat="46.56208567204395" lon="9.379380677764047"><ele>1709.8</ele></trkpt><trkpt lat="46.56210467220113" lon="9.379341677920621"><ele>1709.0</ele></trkpt><trkpt lat="46.56218767310613" lon="9.379227678816703"><ele>1704.4</ele></trkpt><trkpt lat="46.56226167341941" lon="9.379125679130556"><ele>1702.8</ele></trkpt><trkpt lat="46.562352673692594" lon="9.379024679405472"><ele>1701.4</ele></trkpt><trkpt lat="46.562444674163125" lon="9.378910679874814"><ele>1699.0</ele></trkpt><trkpt lat="46.56249167459571" lon="9.378833680304185"><ele>1696.8</ele></trkpt><trkpt lat="46.56250167433861" lon="9.37876868005459"><ele>1698.1</ele></trkpt><trkpt lat="46.562512674259" lon="9.378651679981568"><ele>1698.5</ele></trkpt><trkpt lat="46.56252267402169" lon="9.37858767975133"><ele>1699.7</ele></trkpt><trkpt lat="46.56254067406055" lon="9.378561679791025"><ele>1699.5</ele></trkpt><trkpt lat="46.56258667423667" lon="9.378524679966718"><ele>1698.6</ele></trkpt><trkpt lat="46.562605673979256" lon="9.37844667971759"><ele>1699.9</ele></trkpt><trkpt lat="46.56259767370298" lon="9.378381679448733"><ele>1701.3</ele></trkpt><trkpt lat="46.562581673111104" lon="9.378302678870227"><ele>1704.3</ele></trkpt><trkpt lat="46.562600673130106" lon="9.378250678891556"><ele>1704.2</ele></trkpt><trkpt lat="46.562775673341086" lon="9.377983679114308"><ele>1703.1</ele></trkpt><trkpt lat="46.562812673556856" lon="9.377906679330417"><ele>1702.0</ele></trkpt><trkpt lat="46.56283267355592" lon="9.377789679334914"><ele>1702.0</ele></trkpt><trkpt lat="46.56284267353582" lon="9.377763679316494"><ele>1702.1</ele></trkpt><trkpt lat="46.562843673594784" lon="9.37767267937825"><ele>1701.8</ele></trkpt><trkpt lat="46.5628536735943" lon="9.377620679380245"><ele>1701.8</ele></trkpt><trkpt lat="46.56287267359362" lon="9.377582679381629"><ele>1701.8</ele></trkpt><trkpt lat="46.562900673592644" lon="9.377543679382994"><ele>1701.8</ele></trkpt><trkpt lat="46.56291867359198" lon="9.37750567938438"><ele>1701.8</ele></trkpt><trkpt lat="46.5629286734928" lon="9.377466679288913"><ele>1702.3</ele></trkpt><trkpt lat="46.562929673255724" lon="9.377388679059324"><ele>1703.5</ele></trkpt><trkpt lat="46.56292267325577" lon="9.377309679062497"><ele>1703.5</ele></trkpt><trkpt lat="46.562896673335324" lon="9.377230679143342"><ele>1703.1</ele></trkpt><trkpt lat="46.56289767333515" lon="9.377178679145397"><ele>1703.1</ele></trkpt><trkpt lat="46.562907673334706" lon="9.377126679147393"><ele>1703.1</ele></trkpt><trkpt lat="46.562907673334706" lon="9.377126679147393"><ele>1703.1</ele></trkpt><trkpt lat="46.56290767337413" lon="9.377100679187196"><ele>1702.9</ele></trkpt><trkpt lat="46.5628906734732" lon="9.377034679286856"><ele>1702.4</ele></trkpt><trkpt lat="46.56288267359171" lon="9.376969679405804"><ele>1701.8</ele></trkpt><trkpt lat="46.56285667375026" lon="9.37691667956317"><ele>1701.0</ele></trkpt><trkpt lat="46.56283067392862" lon="9.376850679740436"><ele>1700.1</ele></trkpt><trkpt lat="46.56280467412664" lon="9.376796679936605"><ele>1699.1</ele></trkpt><trkpt lat="46.56277867424586" lon="9.376769680054162"><ele>1698.5</ele></trkpt><trkpt lat="46.56274267436536" lon="9.376755680171264"><ele>1697.9</ele></trkpt><trkpt lat="46.562716674484534" lon="9.376715680289335"><ele>1697.3</ele></trkpt><trkpt lat="46.56268167466311" lon="9.37664868046668"><ele>1696.4</ele></trkpt><trkpt lat="46.562664674762246" lon="9.376609680565263"><ele>1695.9</ele></trkpt><trkpt lat="46.562655674821606" lon="9.37658268062454"><ele>1695.6</ele></trkpt><trkpt lat="46.56265667492017" lon="9.37653068072352"><ele>1695.1</ele></trkpt><trkpt lat="46.56266967545208" lon="9.376296681256083"><ele>1692.4</ele></trkpt><trkpt lat="46.56267167576752" lon="9.376152681571915"><ele>1690.8</ele></trkpt><trkpt lat="46.56265667620185" lon="9.375995682004659"><ele>1688.6</ele></trkpt><trkpt lat="46.56265867645813" lon="9.375891682260736"><ele>1687.3</ele></trkpt><trkpt lat="46.562668676655086" lon="9.37582668245707"><ele>1686.3</ele></trkpt><trkpt lat="46.5626706768718" lon="9.37569668267539"><ele>1685.2</ele></trkpt><trkpt lat="46.56269067722617" lon="9.375566683029277"><ele>1683.4</ele></trkpt><trkpt lat="46.56270167734404" lon="9.375475683149073"><ele>1682.8</ele></trkpt><trkpt lat="46.5627026775609" lon="9.375384683365848"><ele>1681.7</ele></trkpt><trkpt lat="46.56267667777868" lon="9.375331683581312"><ele>1680.6</ele></trkpt><trkpt lat="46.56266867793678" lon="9.375278683738502"><ele>1679.8</ele></trkpt><trkpt lat="46.56264467825295" lon="9.375134684054409"><ele>1678.2</ele></trkpt><trkpt lat="46.56264567843041" lon="9.375069684231384"><ele>1677.3</ele></trkpt><trkpt lat="46.56264667862757" lon="9.37499068442829"><ele>1676.3</ele></trkpt><trkpt lat="46.56263067890418" lon="9.3748996847033"><ele>1674.9</ele></trkpt><trkpt lat="46.56264067902218" lon="9.374847684821559"><ele>1674.3</ele></trkpt><trkpt lat="46.56264067902218" lon="9.374847684821559"><ele>1674.3</ele></trkpt><trkpt lat="46.56270267925726" lon="9.374888685052175"><ele>1673.1</ele></trkpt><trkpt lat="46.56273867939437" lon="9.374902685187086"><ele>1672.4</ele></trkpt><trkpt lat="46.562755679492646" lon="9.374929685282844"><ele>1671.9</ele></trkpt><trkpt lat="46.56279067970889" lon="9.375022685492238"><ele>1670.8</ele></trkpt><trkpt lat="46.562806679866505" lon="9.375101685644138"><ele>1670.0</ele></trkpt><trkpt lat="46.56283267984616" lon="9.375167685622033"><ele>1670.1</ele></trkpt><trkpt lat="46.56285868014155" lon="9.375220685910577"><ele>1668.6</ele></trkpt><trkpt lat="46.562885680259214" lon="9.375234686026168"><ele>1668.0</ele></trkpt><trkpt lat="46.56293068041576" lon="9.375235686180922"><ele>1667.2</ele></trkpt><trkpt lat="46.562956680513786" lon="9.375275686276128"><ele>1666.7</ele></trkpt><trkpt lat="46.562956680513786" lon="9.375275686276128"><ele>1666.7</ele></trkpt><trkpt lat="46.5631176809827" lon="9.375333686738113"><ele>1664.3</ele></trkpt><trkpt lat="46.56315368113959" lon="9.37533568689289"><ele>1663.5</ele></trkpt><trkpt lat="46.56318068129664" lon="9.375323687048256"><ele>1662.7</ele></trkpt><trkpt lat="46.56319968139475" lon="9.37531068714556"><ele>1662.2</ele></trkpt><trkpt lat="46.563217681512526" lon="9.375285687262721"><ele>1661.6</ele></trkpt><trkpt lat="46.56322768163061" lon="9.375246687380475"><ele>1661.0</ele></trkpt><trkpt lat="46.56322868176865" lon="9.375194687518158"><ele>1660.3</ele></trkpt><trkpt lat="46.56321968192671" lon="9.375141687675331"><ele>1659.5</ele></trkpt><trkpt lat="46.5632036820652" lon="9.37507668781362"><ele>1658.8</ele></trkpt><trkpt lat="46.56316868234238" lon="9.37497068808929"><ele>1657.4</ele></trkpt><trkpt lat="46.5631266826394" lon="9.374838688385381"><ele>1655.9</ele></trkpt><trkpt lat="46.56307468297625" lon="9.37469368872079"><ele>1654.2</ele></trkpt><trkpt lat="46.56300568341219" lon="9.374521689154236"><ele>1652.0</ele></trkpt><trkpt lat="46.56292868392728" lon="9.37430968966677"><ele>1649.4</ele></trkpt><trkpt lat="46.56289368412554" lon="9.37423068986383"><ele>1648.4</ele></trkpt><trkpt lat="46.56286668424474" lon="9.37420368998132"><ele>1647.8</ele></trkpt><trkpt lat="46.56276868466214" lon="9.374160690390582"><ele>1645.7</ele></trkpt><trkpt lat="46.56274268482074" lon="9.374120690547326"><ele>1644.9</ele></trkpt><trkpt lat="46.56269868503907" lon="9.374053690763345"><ele>1643.8</ele></trkpt><trkpt lat="46.56265568529671" lon="9.37394769101961"><ele>1642.5</ele></trkpt><trkpt lat="46.562629685514395" lon="9.373855691236466"><ele>1641.4</ele></trkpt><trkpt lat="46.562622685672316" lon="9.373763691395055"><ele>1640.6</ele></trkpt><trkpt lat="46.56259668579138" lon="9.373684691514512"><ele>1640.0</ele></trkpt><trkpt lat="46.56251868614865" lon="9.373538691869385"><ele>1638.2</ele></trkpt><trkpt lat="46.56248368624826" lon="9.373471691969051"><ele>1637.7</ele></trkpt><trkpt lat="46.56244968636744" lon="9.373366692089526"><ele>1637.1</ele></trkpt><trkpt lat="46.56242368650626" lon="9.373287692228347"><ele>1636.4</ele></trkpt><trkpt lat="46.56238868664527" lon="9.373220692366758"><ele>1635.7</ele></trkpt><trkpt lat="46.56235368680409" lon="9.373154692524515"><ele>1634.9</ele></trkpt><trkpt lat="46.56232968712035" lon="9.373022692839728"><ele>1633.3</ele></trkpt><trkpt lat="46.56232168729797" lon="9.372931693017634"><ele>1632.4</ele></trkpt><trkpt lat="46.56229668743666" lon="9.372825693157456"><ele>1631.7</ele></trkpt><trkpt lat="46.562298687594236" lon="9.372721693316405"><ele>1630.9</ele></trkpt><trkpt lat="46.56229068775222" lon="9.372629693474957"><ele>1630.1</ele></trkpt><trkpt lat="46.56226568791065" lon="9.37253769363362"><ele>1629.3</ele></trkpt><trkpt lat="46.56217768824847" lon="9.372391693969085"><ele>1627.6</ele></trkpt><trkpt lat="46.56212568838792" lon="9.372271694109575"><ele>1626.9</ele></trkpt><trkpt lat="46.56209168860583" lon="9.372179694326402"><ele>1625.8</ele></trkpt><trkpt lat="46.56204868880422" lon="9.372060694524917"><ele>1624.8</ele></trkpt><trkpt lat="46.56201568910098" lon="9.371915694821226"><ele>1623.3</ele></trkpt><trkpt lat="46.56198968929888" lon="9.371823695018609"><ele>1622.3</ele></trkpt><trkpt lat="46.561885689794806" lon="9.371571695513108"><ele>1619.8</ele></trkpt><trkpt lat="46.56182569009238" lon="9.371413695810032"><ele>1618.3</ele></trkpt><trkpt lat="46.561791690211535" lon="9.371307695930472"><ele>1617.7</ele></trkpt><trkpt lat="46.56176569033061" lon="9.371241696049351"><ele>1617.1</ele></trkpt><trkpt lat="46.561677690707945" lon="9.371120696422535"><ele>1615.2</ele></trkpt><trkpt lat="46.56164269082728" lon="9.371054696541462"><ele>1614.6</ele></trkpt><trkpt lat="46.56163569094564" lon="9.370949696661683"><ele>1614.0</ele></trkpt><trkpt lat="46.56163769114263" lon="9.370819696860273"><ele>1613.0</ele></trkpt><trkpt lat="46.56163969130025" lon="9.37070269701963"><ele>1612.2</ele></trkpt><trkpt lat="46.56162369143859" lon="9.370597697159258"><ele>1611.5</ele></trkpt><trkpt lat="46.56159869163654" lon="9.37050469735662"><ele>1610.5</ele></trkpt><trkpt lat="46.56153669191442" lon="9.370398697632165"><ele>1609.1</ele></trkpt><trkpt lat="46.561493692112904" lon="9.370318697829132"><ele>1608.1</ele></trkpt><trkpt lat="46.56145869221237" lon="9.370225697929671"><ele>1607.6</ele></trkpt><trkpt lat="46.56135669270814" lon="9.369909698426355"><ele>1605.1</ele></trkpt><trkpt lat="46.56131369300512" lon="9.369764698722573"><ele>1603.6</ele></trkpt><trkpt lat="46.5612876931044" lon="9.36969869882204"><ele>1603.1</ele></trkpt><trkpt lat="46.56126169318399" lon="9.36964469890169"><ele>1602.7</ele></trkpt><trkpt lat="46.56118269344262" lon="9.369524699158436"><ele>1601.4</ele></trkpt><trkpt lat="46.56109569374097" lon="9.369391699454447"><ele>1599.9</ele></trkpt><trkpt lat="46.560990694098905" lon="9.369204699810668"><ele>1598.1</ele></trkpt><trkpt lat="46.56092969429776" lon="9.369085700009135"><ele>1597.1</ele></trkpt><trkpt lat="46.560885694476454" lon="9.368992700187162"><ele>1596.2</ele></trkpt><trkpt lat="46.56078969479468" lon="9.368819700504035"><ele>1594.6</ele></trkpt><trkpt lat="46.56077269489373" lon="9.36876670060294"><ele>1594.1</ele></trkpt><trkpt lat="46.560756695012444" lon="9.368687700722171"><ele>1593.5</ele></trkpt><trkpt lat="46.56075769518979" lon="9.368583700900315"><ele>1592.6</ele></trkpt><trkpt lat="46.56075169554487" lon="9.368413701255252"><ele>1590.8</ele></trkpt><trkpt lat="46.56075469580104" lon="9.368283701511803"><ele>1589.5</ele></trkpt><trkpt lat="46.56075669605727" lon="9.368152701768393"><ele>1588.2</ele></trkpt><trkpt lat="46.560748696175686" lon="9.368061701887989"><ele>1587.6</ele></trkpt><trkpt lat="46.56072469633402" lon="9.367929702047928"><ele>1586.8</ele></trkpt><trkpt lat="46.56071669649191" lon="9.367838702206257"><ele>1586.0</ele></trkpt><trkpt lat="46.56071769662988" lon="9.367760702344677"><ele>1585.3</ele></trkpt><trkpt lat="46.56070269680764" lon="9.367629702523878"><ele>1584.4</ele></trkpt><trkpt lat="46.56066069708466" lon="9.367418702802997"><ele>1583.0</ele></trkpt><trkpt lat="46.56065369724256" lon="9.36731470296177"><ele>1582.2</ele></trkpt><trkpt lat="46.560648697696045" lon="9.367066703416281"><ele>1579.9</ele></trkpt><trkpt lat="46.560624697933264" lon="9.366921703654107"><ele>1578.7</ele></trkpt><trkpt lat="46.56059969820999" lon="9.366790703930139"><ele>1577.3</ele></trkpt><trkpt lat="46.56060169842676" lon="9.366660704147888"><ele>1576.2</ele></trkpt><trkpt lat="46.56057769866395" lon="9.366502704386157"><ele>1575.0</ele></trkpt><trkpt lat="46.56054469901971" lon="9.366305704742071"><ele>1573.2</ele></trkpt><trkpt lat="46.56054669925629" lon="9.36621470497773"><ele>1572.0</ele></trkpt><trkpt lat="46.56054869953225" lon="9.36608470525353"><ele>1570.6</ele></trkpt><trkpt lat="46.56052369971036" lon="9.365965705432268"><ele>1569.7</ele></trkpt><trkpt lat="46.56048969986899" lon="9.365847705591653"><ele>1568.9</ele></trkpt><trkpt lat="46.56045570006703" lon="9.36572870578979"><ele>1567.9</ele></trkpt><trkpt lat="46.5604307002451" lon="9.365623705968005"><ele>1567.0</ele></trkpt><trkpt lat="46.56042270042274" lon="9.36551870614611"><ele>1566.1</ele></trkpt><trkpt lat="46.560406700600616" lon="9.365413706324265"><ele>1565.2</ele></trkpt><trkpt lat="46.56038170071956" lon="9.365334706443436"><ele>1564.6</ele></trkpt><trkpt lat="46.560346700858545" lon="9.365242706582501"><ele>1563.9</ele></trkpt><trkpt lat="46.56033070103637" lon="9.365137706760638"><ele>1563.0</ele></trkpt><trkpt lat="46.56026970129446" lon="9.365017707017019"><ele>1561.7</ele></trkpt><trkpt lat="46.560252701432894" lon="9.364938707155492"><ele>1561.0</ele></trkpt><trkpt lat="46.56023670159102" lon="9.364846707313788"><ele>1560.2</ele></trkpt><trkpt lat="46.56020270176939" lon="9.364728707492489"><ele>1559.3</ele></trkpt><trkpt lat="46.56016870200688" lon="9.364583707730226"><ele>1558.1</ele></trkpt><trkpt lat="46.56014470222427" lon="9.36442670794898"><ele>1557.0</ele></trkpt><trkpt lat="46.56012170257978" lon="9.364216708305127"><ele>1555.2</ele></trkpt><trkpt lat="46.560096702836645" lon="9.364046708563047"><ele>1553.9</ele></trkpt><trkpt lat="46.56005570313345" lon="9.36384870886077"><ele>1552.4</ele></trkpt><trkpt lat="46.56001370350912" lon="9.363638709236335"><ele>1550.5</ele></trkpt><trkpt lat="46.559990703825136" lon="9.363442709553203"><ele>1548.9</ele></trkpt><trkpt lat="46.5599837040225" lon="9.363337709750573"><ele>1547.9</ele></trkpt><trkpt lat="46.55999370419963" lon="9.363246709927976"><ele>1547.0</ele></trkpt><trkpt lat="46.560004704317535" lon="9.363155710047304"><ele>1546.4</ele></trkpt><trkpt lat="46.56001470441572" lon="9.363077710146818"><ele>1545.9</ele></trkpt><trkpt lat="46.56001570451423" lon="9.36299971024638"><ele>1545.4</ele></trkpt><trkpt lat="46.560007704652435" lon="9.36293471038424"><ele>1544.7</ele></trkpt><trkpt lat="46.55999970479068" lon="9.362868710522127"><ele>1544.0</ele></trkpt><trkpt lat="46.56001070488893" lon="9.36280371062116"><ele>1543.5</ele></trkpt><trkpt lat="46.56002970506584" lon="9.362713710798458"><ele>1542.6</ele></trkpt><trkpt lat="46.560058705360696" lon="9.362570711093708"><ele>1541.1</ele></trkpt><trkpt lat="46.56005970538042" lon="9.362557711113519"><ele>1541.0</ele></trkpt><trkpt lat="46.560060705518325" lon="9.362479711251776"><ele>1540.3</ele></trkpt><trkpt lat="46.560052705636906" lon="9.362439711369367"><ele>1539.7</ele></trkpt><trkpt lat="46.56004470577518" lon="9.36237471150721"><ele>1539.0</ele></trkpt><trkpt lat="46.56000970589443" lon="9.362321711625421"><ele>1538.4</ele></trkpt><trkpt lat="46.559921706251906" lon="9.362187711979049"><ele>1536.6</ele></trkpt><trkpt lat="46.55986070650996" lon="9.362080712234796"><ele>1535.3</ele></trkpt><trkpt lat="46.55980870678747" lon="9.361948712510722"><ele>1533.9</ele></trkpt><trkpt lat="46.55979170692595" lon="9.361869712649096"><ele>1533.2</ele></trkpt><trkpt lat="46.55978370704442" lon="9.361817712767095"><ele>1532.6</ele></trkpt><trkpt lat="46.559784707103525" lon="9.36177871282653"><ele>1532.3</ele></trkpt><trkpt lat="46.55979470712292" lon="9.361739712847212"><ele>1532.2</ele></trkpt><trkpt lat="46.55979470716229" lon="9.361700712887304"><ele>1532.0</ele></trkpt><trkpt lat="46.55978670724133" lon="9.361647712966633"><ele>1531.6</ele></trkpt><trkpt lat="46.55976970736012" lon="9.361595713084682"><ele>1531.0</ele></trkpt><trkpt lat="46.55973470747936" lon="9.36152871320337"><ele>1530.4</ele></trkpt><trkpt lat="46.55972670757816" lon="9.361476713302014"><ele>1529.9</ele></trkpt><trkpt lat="46.55970070773667" lon="9.361409713459345"><ele>1529.1</ele></trkpt><trkpt lat="46.55969270781573" lon="9.361370713538175"><ele>1528.7</ele></trkpt><trkpt lat="46.55968370787514" lon="9.361344713597202"><ele>1528.4</ele></trkpt><trkpt lat="46.559703707992824" lon="9.361266713715949"><ele>1527.8</ele></trkpt><trkpt lat="46.559703708071694" lon="9.361214713795194"><ele>1527.4</ele></trkpt><trkpt lat="46.559704708130745" lon="9.361175713854623"><ele>1527.1</ele></trkpt><trkpt lat="46.559696708170364" lon="9.36113571389478"><ele>1526.9</ele></trkpt><trkpt lat="46.55965270830958" lon="9.361069714032821"><ele>1526.2</ele></trkpt><trkpt lat="46.55951170884606" lon="9.36088171456271"><ele>1523.5</ele></trkpt><trkpt lat="46.55947670900478" lon="9.360814714720073"><ele>1522.7</ele></trkpt><trkpt lat="46.559459709084074" lon="9.360762714799405"><ele>1522.3</ele></trkpt><trkpt lat="46.55947970933981" lon="9.360645715054947"><ele>1521.0</ele></trkpt><trkpt lat="46.55948170953689" lon="9.360528715252551"><ele>1520.0</ele></trkpt><trkpt lat="46.55947370957641" lon="9.360449715294077"><ele>1519.8</ele></trkpt><trkpt lat="46.55947370957641" lon="9.360449715294077"><ele>1519.8</ele></trkpt><trkpt lat="46.55948570987176" lon="9.360293715589725"><ele>1518.3</ele></trkpt><trkpt lat="46.55948570987176" lon="9.360293715589725"><ele>1518.3</ele></trkpt><trkpt lat="46.55950471008815" lon="9.360215715805191"><ele>1517.2</ele></trkpt><trkpt lat="46.55953471038306" lon="9.360086716099774"><ele>1515.7</ele></trkpt><trkpt lat="46.55959071063785" lon="9.359971716355009"><ele>1514.4</ele></trkpt><trkpt lat="46.5597007111081" lon="9.359805716824543"><ele>1512.0</ele></trkpt><trkpt lat="46.559793711499964" lon="9.359652717216312"><ele>1510.0</ele></trkpt><trkpt lat="46.559793711499964" lon="9.359652717216312"><ele>1510.0</ele></trkpt><trkpt lat="46.559848711695636" lon="9.359575717412165"><ele>1509.0</ele></trkpt><trkpt lat="46.55989571195065" lon="9.359473717666967"><ele>1507.7</ele></trkpt><trkpt lat="46.55993371222568" lon="9.359357717941654"><ele>1506.3</ele></trkpt><trkpt lat="46.55998071257933" lon="9.35920271829502"><ele>1504.5</ele></trkpt><trkpt lat="46.56002771287384" lon="9.35908671858898"><ele>1503.0</ele></trkpt><trkpt lat="46.560064713050394" lon="9.359022718765111"><ele>1502.1</ele></trkpt><trkpt lat="46.56011071320686" lon="9.358972718921352"><ele>1501.3</ele></trkpt><trkpt lat="46.560183713421814" lon="9.358909719135935"><ele>1500.2</ele></trkpt><trkpt lat="46.56025671365655" lon="9.35884671936985"><ele>1499.0</ele></trkpt><trkpt lat="46.56028471373471" lon="9.358821719447949"><ele>1498.6</ele></trkpt><trkpt lat="46.56031171383253" lon="9.35878371954584"><ele>1498.1</ele></trkpt><trkpt lat="46.56032171389139" lon="9.358731719605624"><ele>1497.8</ele></trkpt><trkpt lat="46.560331713969994" lon="9.358692719684298"><ele>1497.4</ele></trkpt><trkpt lat="46.56032271402934" lon="9.358666719743283"><ele>1497.1</ele></trkpt><trkpt lat="46.560314714128246" lon="9.358627719841406"><ele>1496.6</ele></trkpt><trkpt lat="46.56023571458407" lon="9.358493720291415"><ele>1494.3</ele></trkpt><trkpt lat="46.56019271484166" lon="9.358400720546346"><ele>1493.0</ele></trkpt><trkpt lat="46.5601847149996" lon="9.35832272070384"><ele>1492.2</ele></trkpt><trkpt lat="46.56021571543256" lon="9.35811472113641"><ele>1490.0</ele></trkpt><trkpt lat="46.56021771560996" lon="9.358010721314077"><ele>1489.1</ele></trkpt><trkpt lat="46.560200715768104" lon="9.357918721472089"><ele>1488.3</ele></trkpt><trkpt lat="46.56015771596648" lon="9.357812721669408"><ele>1487.3</ele></trkpt><trkpt lat="46.56014071612462" lon="9.357733721826966"><ele>1486.5</ele></trkpt><trkpt lat="46.56012571646023" lon="9.357563722161718"><ele>1484.8</ele></trkpt><trkpt lat="46.560109716717044" lon="9.357445722417308"><ele>1483.5</ele></trkpt><trkpt lat="46.56008471687544" lon="9.35735372257534"><ele>1482.7</ele></trkpt><trkpt lat="46.56007671697425" lon="9.357301722673876"><ele>1482.2</ele></trkpt><trkpt lat="46.56007671707282" lon="9.357261722771955"><ele>1481.7</ele></trkpt><trkpt lat="46.56007771717136" lon="9.357209722870442"><ele>1481.2</ele></trkpt><trkpt lat="46.560087717289456" lon="9.357171722987736"><ele>1480.6</ele></trkpt><trkpt lat="46.56009671740754" lon="9.357132723105066"><ele>1480.0</ele></trkpt><trkpt lat="46.56012471748571" lon="9.357107723183137"><ele>1479.6</ele></trkpt><trkpt lat="46.56014271758387" lon="9.35709472328019"><ele>1479.1</ele></trkpt><trkpt lat="46.56016971766207" lon="9.357082723357815"><ele>1478.7</ele></trkpt><trkpt lat="46.560214717739775" lon="9.357071723435304"><ele>1478.3</ele></trkpt><trkpt lat="46.560214717739775" lon="9.357071723435304"><ele>1478.3</ele></trkpt><trkpt lat="46.56023171781842" lon="9.357150723509871"><ele>1477.9</ele></trkpt><trkpt lat="46.56026571787696" lon="9.357255723564114"><ele>1477.6</ele></trkpt><trkpt lat="46.560291717955366" lon="9.357321723639075"><ele>1477.2</ele></trkpt><trkpt lat="46.56032671805334" lon="9.357414723732415"><ele>1476.7</ele></trkpt><trkpt lat="46.560361718111714" lon="9.357467723788432"><ele>1476.4</ele></trkpt><trkpt lat="46.56039671818985" lon="9.357521723863762"><ele>1476.0</ele></trkpt><trkpt lat="46.56042271824845" lon="9.357561723920277"><ele>1475.7</ele></trkpt><trkpt lat="46.560476718325965" lon="9.357589723996393"><ele>1475.3</ele></trkpt><trkpt lat="46.560511718384305" lon="9.357603724053751"><ele>1475.0</ele></trkpt><trkpt lat="46.560548718442455" lon="9.357578724112424"><ele>1474.7</ele></trkpt><trkpt lat="46.56056671848138" lon="9.357553724151863"><ele>1474.5</ele></trkpt><trkpt lat="46.56057671855996" lon="9.357501724230952"><ele>1474.1</ele></trkpt><trkpt lat="46.56058671861878" lon="9.357436724291137"><ele>1473.8</ele></trkpt><trkpt lat="46.560570718796654" lon="9.357331724468892"><ele>1472.9</ele></trkpt><trkpt lat="46.560545719014165" lon="9.35720072468625"><ele>1471.8</ele></trkpt><trkpt lat="46.56052171931045" lon="9.357003724983208"><ele>1470.3</ele></trkpt><trkpt lat="46.56050571948829" lon="9.356885725161384"><ele>1469.4</ele></trkpt><trkpt lat="46.56050771958681" lon="9.356820725260286"><ele>1468.9</ele></trkpt><trkpt lat="46.560527719803076" lon="9.35667772547778"><ele>1467.8</ele></trkpt><trkpt lat="46.56056471997959" lon="9.356587725654702"><ele>1466.9</ele></trkpt><trkpt lat="46.560666720390984" lon="9.35640872606635"><ele>1464.8</ele></trkpt><trkpt lat="46.560768720762894" lon="9.35622972643931"><ele>1462.9</ele></trkpt><trkpt lat="46.560815720939146" lon="9.356153726615673"><ele>1462.0</ele></trkpt><trkpt lat="46.56084472111578" lon="9.356036726793526"><ele>1461.1</ele></trkpt><trkpt lat="46.56084572129319" lon="9.355932726971085"><ele>1460.2</ele></trkpt><trkpt lat="46.56083872141164" lon="9.355840727090264"><ele>1459.6</ele></trkpt><trkpt lat="46.560821721530395" lon="9.35576272720902"><ele>1459.0</ele></trkpt><trkpt lat="46.56077872168927" lon="9.355682727366663"><ele>1458.2</ele></trkpt><trkpt lat="46.560698721947816" lon="9.355588727621665"><ele>1456.9</ele></trkpt><trkpt lat="46.56061972216693" lon="9.355507727837542"><ele>1455.8</ele></trkpt><trkpt lat="46.5605667223458" lon="9.355413728015034"><ele>1454.9</ele></trkpt><trkpt lat="46.56055072246453" lon="9.355335728133769"><ele>1454.3</ele></trkpt><trkpt lat="46.56054272256326" lon="9.355269728232722"><ele>1453.8</ele></trkpt><trkpt lat="46.56055272274044" lon="9.355165728410192"><ele>1452.9</ele></trkpt><trkpt lat="46.56058372305505" lon="9.354957728726403"><ele>1451.3</ele></trkpt><trkpt lat="46.560641723428034" lon="9.354712729101694"><ele>1449.4</ele></trkpt><trkpt lat="46.56068972374217" lon="9.354518729417308"><ele>1447.8</ele></trkpt><trkpt lat="46.56074772409552" lon="9.354324729771516"><ele>1446.0</ele></trkpt><trkpt lat="46.56076572417396" lon="9.354285729850064"><ele>1445.6</ele></trkpt><trkpt lat="46.56076572417396" lon="9.354285729850064"><ele>1445.6</ele></trkpt><trkpt lat="46.560803724389835" lon="9.354169730066422"><ele>1444.5</ele></trkpt><trkpt lat="46.560803724389835" lon="9.354169730066422"><ele>1444.5</ele></trkpt><trkpt lat="46.560934724958216" lon="9.353861730636684"><ele>1441.6</ele></trkpt><trkpt lat="46.5610007252325" lon="9.353720730911704"><ele>1440.2</ele></trkpt><trkpt lat="46.56109372558504" lon="9.3535407312652"><ele>1438.4</ele></trkpt><trkpt lat="46.56117672587868" lon="9.353400731559402"><ele>1436.9</ele></trkpt><trkpt lat="46.561232726074415" lon="9.35329873175582"><ele>1435.9</ele></trkpt><trkpt lat="46.56126972621149" lon="9.353221731893507"><ele>1435.2</ele></trkpt><trkpt lat="46.56128872632929" lon="9.353156732011554"><ele>1434.6</ele></trkpt><trkpt lat="46.561298726447326" lon="9.353078732130086"><ele>1434.0</ele></trkpt><trkpt lat="46.56135072711627" lon="9.352662732800866"><ele>1430.6</ele></trkpt><trkpt lat="46.56137072723407" lon="9.352585732919295"><ele>1430.0</ele></trkpt><trkpt lat="46.561397727312254" lon="9.352547732997731"><ele>1429.6</ele></trkpt><trkpt lat="46.561434727370525" lon="9.352535733055927"><ele>1429.3</ele></trkpt><trkpt lat="46.56147972738905" lon="9.352537733074946"><ele>1429.2</ele></trkpt><trkpt lat="46.56147972738905" lon="9.352537733074946"><ele>1429.2</ele></trkpt><trkpt lat="46.561506727388235" lon="9.352485733076522"><ele>1429.2</ele></trkpt><trkpt lat="46.561506727388235" lon="9.352485733076522"><ele>1429.2</ele></trkpt><trkpt lat="46.56155372734731" lon="9.352396733040548"><ele>1429.4</ele></trkpt><trkpt lat="46.56155372734731" lon="9.352396733040548"><ele>1429.4</ele></trkpt><trkpt lat="46.56156272734707" lon="9.352383733040934"><ele>1429.4</ele></trkpt><trkpt lat="46.56160872734575" lon="9.352332733042369"><ele>1429.4</ele></trkpt><trkpt lat="46.56166272732449" lon="9.352308733023545"><ele>1429.5</ele></trkpt><trkpt lat="46.56171772730334" lon="9.352297733004281"><ele>1429.6</ele></trkpt><trkpt lat="46.561788727262" lon="9.352313732964712"><ele>1429.8</ele></trkpt><trkpt lat="46.56190572721945" lon="9.35231773292529"><ele>1430.0</ele></trkpt><trkpt lat="46.56198672725678" lon="9.35232073296342"><ele>1429.8</ele></trkpt><trkpt lat="46.56207672731363" lon="9.352297733021693"><ele>1429.5</ele></trkpt><trkpt lat="46.56215872739034" lon="9.35226173309976"><ele>1429.1</ele></trkpt><trkpt lat="46.56215872739034" lon="9.35226173309976"><ele>1429.1</ele></trkpt><trkpt lat="46.562386728056474" lon="9.352621733743913"><ele>1425.7</ele></trkpt><trkpt lat="46.56257172858527" lon="9.352875734256514"><ele>1423.0</ele></trkpt><trkpt lat="46.562668728839654" lon="9.352996734503337"><ele>1421.7</ele></trkpt><trkpt lat="46.56273072895663" lon="9.353050734617227"><ele>1421.1</ele></trkpt><trkpt lat="46.56278372905404" lon="9.353078734712687"><ele>1420.6</ele></trkpt><trkpt lat="46.56284672917084" lon="9.353068734828677"><ele>1420.0</ele></trkpt><trkpt lat="46.56291072928755" lon="9.35303173494555"><ele>1419.4</ele></trkpt><trkpt lat="46.56296572938474" lon="9.352981735043558"><ele>1418.9</ele></trkpt><trkpt lat="46.56300272948235" lon="9.35290473514255"><ele>1418.4</ele></trkpt><trkpt lat="46.56300272948235" lon="9.35290473514255"><ele>1418.4</ele></trkpt><trkpt lat="46.56304072959962" lon="9.352801735261723"><ele>1417.8</ele></trkpt><trkpt lat="46.563060729737074" lon="9.352684735400775"><ele>1417.1</ele></trkpt><trkpt lat="46.56308072987453" lon="9.352567735539825"><ele>1416.4</ele></trkpt><trkpt lat="46.563099729972585" lon="9.352477735639331"><ele>1415.9</ele></trkpt><trkpt lat="46.563109730011696" lon="9.352438735679218"><ele>1415.7</ele></trkpt><trkpt lat="46.563109730011696" lon="9.352438735679218"><ele>1415.7</ele></trkpt><trkpt lat="46.56317473014803" lon="9.352323735817958"><ele>1415.0</ele></trkpt><trkpt lat="46.56326573026399" lon="9.352261735935487"><ele>1414.4</ele></trkpt><trkpt lat="46.56341173041795" lon="9.352148736093055"><ele>1413.6</ele></trkpt><trkpt lat="46.563556730532454" lon="9.35206273621108"><ele>1413.0</ele></trkpt><trkpt lat="46.56365673056932" lon="9.352027736250358"><ele>1412.8</ele></trkpt><trkpt lat="46.56365673056932" lon="9.352027736250358"><ele>1412.8</ele></trkpt><trkpt lat="46.56372773058723" lon="9.352042736268826"><ele>1412.7</ele></trkpt><trkpt lat="46.56379973062491" lon="9.352058736306578"><ele>1412.5</ele></trkpt><trkpt lat="46.563870730642904" lon="9.35211273632377"><ele>1412.4</ele></trkpt><trkpt lat="46.5639327306612" lon="9.352193736340128"><ele>1412.3</ele></trkpt><trkpt lat="46.563984730699524" lon="9.352286736375476"><ele>1412.1</ele></trkpt><trkpt lat="46.56401973071854" lon="9.352352736392467"><ele>1412.0</ele></trkpt><trkpt lat="46.56401973071854" lon="9.352352736392467"><ele>1412.0</ele></trkpt><trkpt lat="46.56412373075583" lon="9.352591736422772"><ele>1411.8</ele></trkpt><trkpt lat="46.564210730793434" lon="9.35276473645533"><ele>1411.6</ele></trkpt><trkpt lat="46.56430773085051" lon="9.352924736507594"><ele>1411.3</ele></trkpt><trkpt lat="46.564456730906336" lon="9.35313873655782"><ele>1411.0</ele></trkpt><trkpt lat="46.56471173103871" lon="9.353486736680457"><ele>1410.3</ele></trkpt><trkpt lat="46.5648437310949" lon="9.353660736732085"><ele>1410.0</ele></trkpt><trkpt lat="46.5648437310949" lon="9.353660736732085"><ele>1410.0</ele></trkpt><trkpt lat="46.564870731074365" lon="9.35363573671342"><ele>1410.1</ele></trkpt><trkpt lat="46.564933731072784" lon="9.353650736712597"><ele>1410.1</ele></trkpt><trkpt lat="46.56496073107204" lon="9.353651736712429"><ele>1410.1</ele></trkpt><trkpt lat="46.56498873095281" lon="9.353626736597082"><ele>1410.7</ele></trkpt><trkpt lat="46.565052730634946" lon="9.353524736290712"><ele>1412.3</ele></trkpt><trkpt lat="46.56509973035703" lon="9.353447736022298"><ele>1413.7</ele></trkpt><trkpt lat="46.56514573001995" lon="9.353371735695852"><ele>1415.4</ele></trkpt><trkpt lat="46.56513672988187" lon="9.353331735561872"><ele>1416.1</ele></trkpt><trkpt lat="46.565128729783275" lon="9.353292735466521"><ele>1416.6</ele></trkpt><trkpt lat="46.56513772970395" lon="9.35327973538956"><ele>1417.0</ele></trkpt><trkpt lat="46.56516572940691" lon="9.3532157351015"><ele>1418.5</ele></trkpt><trkpt lat="46.565184729248365" lon="9.35319073494755"><ele>1419.3</ele></trkpt><trkpt lat="46.56517672911025" lon="9.35315073481357"><ele>1420.0</ele></trkpt><trkpt lat="46.565158729011955" lon="9.353149734717027"><ele>1420.5</ele></trkpt><trkpt lat="46.565131728874356" lon="9.353135734582294"><ele>1421.2</ele></trkpt><trkpt lat="46.56514172869625" lon="9.353084734409915"><ele>1422.1</ele></trkpt><trkpt lat="46.5651697285176" lon="9.353006734238333"><ele>1423.0</ele></trkpt><trkpt lat="46.56518872837876" lon="9.352968734104149"><ele>1423.7</ele></trkpt><trkpt lat="46.56522472820003" lon="9.352943733930779"><ele>1424.6</ele></trkpt><trkpt lat="46.56527072782345" lon="9.352866733565738"><ele>1426.5</ele></trkpt><trkpt lat="46.565262727665555" lon="9.352814733412835"><ele>1427.3</ele></trkpt><trkpt lat="46.56520972735085" lon="9.352773733105144"><ele>1428.9</ele></trkpt><trkpt lat="46.56519172723281" lon="9.352759732989707"><ele>1429.5</ele></trkpt><trkpt lat="46.5651927270352" lon="9.352720732797666"><ele>1430.5</ele></trkpt><trkpt lat="46.56520172695585" lon="9.352681732721576"><ele>1430.9</ele></trkpt><trkpt lat="46.56522072681709" lon="9.352656732586976"><ele>1431.6</ele></trkpt><trkpt lat="46.565310726360394" lon="9.352620732143032"><ele>1433.9</ele></trkpt><trkpt lat="46.56533872632005" lon="9.352595732105048"><ele>1434.1</ele></trkpt><trkpt lat="46.56536672631926" lon="9.352544732106589"><ele>1434.1</ele></trkpt><trkpt lat="46.5653767262398" lon="9.352479732031362"><ele>1434.5</ele></trkpt><trkpt lat="46.56540472619943" lon="9.352415731994675"><ele>1434.7</ele></trkpt><trkpt lat="46.56543272611954" lon="9.352337731919786"><ele>1435.1</ele></trkpt><trkpt lat="46.565461726039565" lon="9.352234731845721"><ele>1435.5</ele></trkpt><trkpt lat="46.565461726039565" lon="9.352234731845721"><ele>1435.5</ele></trkpt><trkpt lat="46.56539972598177" lon="9.352153731790752"><ele>1435.8</ele></trkpt><trkpt lat="46.56534772590396" lon="9.352060731716795"><ele>1436.2</ele></trkpt><trkpt lat="46.56526072574786" lon="9.351888731568334"><ele>1437.0</ele></trkpt><trkpt lat="46.56515672557239" lon="9.351649731402873"><ele>1437.9</ele></trkpt><trkpt lat="46.565034725397304" lon="9.351397731237947"><ele>1438.8</ele></trkpt><trkpt lat="46.56497472528005" lon="9.351238731127586"><ele>1439.4</ele></trkpt><trkpt lat="46.56492272518241" lon="9.351106731035628"><ele>1439.9</ele></trkpt><trkpt lat="46.56487172506492" lon="9.35093473092566"><ele>1440.5</ele></trkpt><trkpt lat="46.5647877247701" lon="9.350566730648469"><ele>1442.0</ele></trkpt><trkpt lat="46.56473872449426" lon="9.350264730388236"><ele>1443.4</ele></trkpt><trkpt lat="46.56466272408094" lon="9.349975729992456"><ele>1445.5</ele></trkpt><trkpt lat="46.56461272372626" lon="9.349725729653235"><ele>1447.3</ele></trkpt><trkpt lat="46.56445472236619" lon="9.348976728345862"><ele>1454.2</ele></trkpt><trkpt lat="46.56441172207081" lon="9.348831728061134"><ele>1455.7</ele></trkpt><trkpt lat="46.564351721756104" lon="9.348672727757654"><ele>1457.3</ele></trkpt><trkpt lat="46.56423872140315" lon="9.348446727418096"><ele>1459.1</ele></trkpt><trkpt lat="46.56406472101204" lon="9.348075727045158"><ele>1461.1</ele></trkpt><trkpt lat="46.56398772069765" lon="9.347837726744498"><ele>1462.7</ele></trkpt><trkpt lat="46.56394572050096" lon="9.347692726556437"><ele>1463.7</ele></trkpt><trkpt lat="46.563912720303954" lon="9.347509726369621"><ele>1464.7</ele></trkpt><trkpt lat="46.5638977202644" lon="9.347286726338625"><ele>1464.9</ele></trkpt><trkpt lat="46.56388272024477" lon="9.347155726323836"><ele>1465.0</ele></trkpt><trkpt lat="46.56384772028496" lon="9.347050726366222"><ele>1464.8</ele></trkpt><trkpt lat="46.56381372032515" lon="9.346957726408199"><ele>1464.6</ele></trkpt><trkpt lat="46.56375372040538" lon="9.346799726491156"><ele>1464.2</ele></trkpt><trkpt lat="46.56369272048578" lon="9.346640726574154"><ele>1463.8</ele></trkpt><trkpt lat="46.56362372050701" lon="9.346494726598793"><ele>1463.7</ele></trkpt><trkpt lat="46.56352772048945" lon="9.346308726586306"><ele>1463.8</ele></trkpt><trkpt lat="46.563483720549705" lon="9.346215726647651"><ele>1463.5</ele></trkpt><trkpt lat="46.56344072059015" lon="9.346122726689668"><ele>1463.3</ele></trkpt><trkpt lat="46.563396720610875" lon="9.346042726711934"><ele>1463.2</ele></trkpt><trkpt lat="46.5633707205917" lon="9.345976726694998"><ele>1463.3</ele></trkpt><trkpt lat="46.56331172053364" lon="9.34579172664364"><ele>1463.6</ele></trkpt><trkpt lat="46.56328572031689" lon="9.34569972643443"><ele>1464.7</ele></trkpt><trkpt lat="46.56325272010019" lon="9.345528726227952"><ele>1465.8</ele></trkpt><trkpt lat="46.56322672006135" lon="9.34547572619126"><ele>1466.0</ele></trkpt><trkpt lat="46.563200720002634" lon="9.345435726134813"><ele>1466.3</ele></trkpt><trkpt lat="46.56318271994383" lon="9.345383726078737"><ele>1466.6</ele></trkpt><trkpt lat="46.56314871980632" lon="9.345303725946442"><ele>1467.3</ele></trkpt><trkpt lat="46.56312271974764" lon="9.345250725890443"><ele>1467.6</ele></trkpt><trkpt lat="46.563079719649764" lon="9.345105725799037"><ele>1468.1</ele></trkpt><trkpt lat="46.56302871941388" lon="9.344960725572488"><ele>1469.3</ele></trkpt><trkpt lat="46.562923719060784" lon="9.344734725233126"><ele>1471.1</ele></trkpt><trkpt lat="46.562862718805505" lon="9.34462872498601"><ele>1472.4</ele></trkpt><trkpt lat="46.56280971874758" lon="9.344574724930206"><ele>1472.7</ele></trkpt><trkpt lat="46.562729718690406" lon="9.344519724874585"><ele>1473.0</ele></trkpt><trkpt lat="46.56255971837891" lon="9.344460724568545"><ele>1474.6</ele></trkpt><trkpt lat="46.562371718008684" lon="9.344389724205085"><ele>1476.5</ele></trkpt><trkpt lat="46.5623097178721" lon="9.344360724071237"><ele>1477.2</ele></trkpt><trkpt lat="46.56227471773473" lon="9.344307723938062"><ele>1477.9</ele></trkpt><trkpt lat="46.56223071751846" lon="9.344201723729512"><ele>1479.0</ele></trkpt><trkpt lat="46.562180717183715" lon="9.344004723408249"><ele>1480.7</ele></trkpt><trkpt lat="46.562094716770886" lon="9.343766723011377"><ele>1482.8</ele></trkpt><trkpt lat="46.56203471645623" lon="9.343594722708662"><ele>1484.4</ele></trkpt><trkpt lat="46.56200971623945" lon="9.343463722500907"><ele>1485.5</ele></trkpt><trkpt lat="46.561959715805926" lon="9.343226722084545"><ele>1487.7</ele></trkpt><trkpt lat="46.56192671543117" lon="9.343016721725109"><ele>1489.6</ele></trkpt><trkpt lat="46.561884715195006" lon="9.3428587214991"><ele>1490.8</ele></trkpt><trkpt lat="46.56182471486062" lon="9.342673721177599"><ele>1492.5</ele></trkpt><trkpt lat="46.561782714604746" lon="9.342515720932305"><ele>1493.8</ele></trkpt><trkpt lat="46.561749714447295" lon="9.342345720783914"><ele>1494.6</ele></trkpt><trkpt lat="46.561715714368894" lon="9.342187720712355"><ele>1495.0</ele></trkpt><trkpt lat="46.56166471425141" lon="9.342002720603208"><ele>1495.6</ele></trkpt><trkpt lat="46.56159671409486" lon="9.34179172045646"><ele>1496.4</ele></trkpt><trkpt lat="46.56152771391859" lon="9.341580720290416"><ele>1497.3</ele></trkpt><trkpt lat="46.56152771391859" lon="9.341580720290416"><ele>1497.3</ele></trkpt><trkpt lat="46.561477713702324" lon="9.341383720085183"><ele>1498.4</ele></trkpt><trkpt lat="46.56140171348662" lon="9.34109371988334"><ele>1499.5</ele></trkpt><trkpt lat="46.56129871338996" lon="9.340750719799315"><ele>1500.0</ele></trkpt><trkpt lat="46.561180713491005" lon="9.340316719911566"><ele>1499.5</ele></trkpt><trkpt lat="46.56112971351167" lon="9.34011871993803"><ele>1499.4</ele></trkpt><trkpt lat="46.56112971351167" lon="9.34011871993803"><ele>1499.4</ele></trkpt><trkpt lat="46.561112713492285" lon="9.340052719921113"><ele>1499.5</ele></trkpt><trkpt lat="46.560922713259494" lon="9.339563719707574"><ele>1500.7</ele></trkpt><trkpt lat="46.560880713141906" lon="9.339431719596604"><ele>1501.3</ele></trkpt><trkpt lat="46.56084671306357" lon="9.339299719524185"><ele>1501.7</ele></trkpt><trkpt lat="46.56080371298553" lon="9.339180719451374"><ele>1502.1</ele></trkpt><trkpt lat="46.560768712946846" lon="9.33910171941572"><ele>1502.3</ele></trkpt><trkpt lat="46.56071571282962" lon="9.339021719303013"><ele>1502.9</ele></trkpt><trkpt lat="46.560627712555394" lon="9.338900719037548"><ele>1504.3</ele></trkpt><trkpt lat="46.560627712555394" lon="9.338900719037548"><ele>1504.3</ele></trkpt><trkpt lat="46.56048671210489" lon="9.338739718600115"><ele>1506.6</ele></trkpt><trkpt lat="46.560442711928246" lon="9.338672718429027"><ele>1507.5</ele></trkpt><trkpt lat="46.56032771155607" lon="9.338551718067258"><ele>1509.4</ele></trkpt><trkpt lat="46.5603107115565" lon="9.338524718068298"><ele>1509.4</ele></trkpt><trkpt lat="46.56027571167581" lon="9.33848471818567"><ele>1508.8</ele></trkpt><trkpt lat="46.56024871169621" lon="9.338444718206521"><ele>1508.7</ele></trkpt><trkpt lat="46.560213711618104" lon="9.338390718131421"><ele>1509.1</ele></trkpt><trkpt lat="46.560126711323946" lon="9.338204717848972"><ele>1510.6</ele></trkpt><trkpt lat="46.55999571085326" lon="9.33796571739499"><ele>1513.0</ele></trkpt><trkpt lat="46.55995271077525" lon="9.337872717321313"><ele>1513.4</ele></trkpt><trkpt lat="46.55990971071692" lon="9.33775371726784"><ele>1513.7</ele></trkpt><trkpt lat="46.559866710678456" lon="9.337647717233217"><ele>1513.9</ele></trkpt><trkpt lat="46.559831710600264" lon="9.337568717159005"><ele>1514.3</ele></trkpt><trkpt lat="46.559796710482665" lon="9.337514717045332"><ele>1514.9</ele></trkpt><trkpt lat="46.55974371034584" lon="9.337460716912469"><ele>1515.6</ele></trkpt><trkpt lat="46.559663710091264" lon="9.337392716664494"><ele>1516.9</ele></trkpt><trkpt lat="46.559583709876186" lon="9.337324716455104"><ele>1518.0</ele></trkpt><trkpt lat="46.559548709738905" lon="9.337271716322114"><ele>1518.7</ele></trkpt><trkpt lat="46.55951470946323" lon="9.33716571605593"><ele>1520.1</ele></trkpt><trkpt lat="46.559471709128445" lon="9.337007715733762"><ele>1521.8</ele></trkpt><trkpt lat="46.55945570899044" lon="9.33688971560297"><ele>1522.5</ele></trkpt><trkpt lat="46.559448709167995" lon="9.33675971578122"><ele>1521.6</ele></trkpt><trkpt lat="46.55942370944486" lon="9.336667716054693"><ele>1520.2</ele></trkpt><trkpt lat="46.559389709721984" lon="9.336574716328249"><ele>1518.8</ele></trkpt><trkpt lat="46.559328710078766" lon="9.336454716680063"><ele>1517.0</ele></trkpt><trkpt lat="46.55926771045529" lon="9.33633571705112"><ele>1515.1</ele></trkpt><trkpt lat="46.559187710792855" lon="9.336241717382821"><ele>1513.4</ele></trkpt><trkpt lat="46.55908171105214" lon="9.336107717638892"><ele>1512.1</ele></trkpt><trkpt lat="46.559002711054085" lon="9.336000717643085"><ele>1512.1</ele></trkpt><trkpt lat="46.559002711054085" lon="9.336000717643085"><ele>1512.1</ele></trkpt><trkpt lat="46.558967711035244" lon="9.33595971762543"><ele>1512.2</ele></trkpt><trkpt lat="46.55893271107558" lon="9.335906717666068"><ele>1512.0</ele></trkpt><trkpt lat="46.55893271107558" lon="9.335906717666068"><ele>1512.0</ele></trkpt><trkpt lat="46.558905711076314" lon="9.335892717666708"><ele>1512.0</ele></trkpt><trkpt lat="46.558905711076314" lon="9.335892717666708"><ele>1512.0</ele></trkpt><trkpt lat="46.55887871107699" lon="9.335878717667352"><ele>1512.0</ele></trkpt><trkpt lat="46.55885271111715" lon="9.335851717707024"><ele>1511.8</ele></trkpt><trkpt lat="46.55881671115763" lon="9.335849717745878"><ele>1511.6</ele></trkpt><trkpt lat="46.55872671112062" lon="9.335833717708365"><ele>1511.8</ele></trkpt><trkpt lat="46.55866471108281" lon="9.335805717671118"><ele>1512.0</ele></trkpt><trkpt lat="46.55860171106469" lon="9.335764717653618"><ele>1512.1</ele></trkpt><trkpt lat="46.558557711046085" lon="9.335710717636472"><ele>1512.2</ele></trkpt><trkpt lat="46.55852271100744" lon="9.3356447176004"><ele>1512.4</ele></trkpt><trkpt lat="46.55848871094889" lon="9.335525717546894"><ele>1512.7</ele></trkpt><trkpt lat="46.55839571091127" lon="9.335196717520375"><ele>1512.9</ele></trkpt><trkpt lat="46.55833571079411" lon="9.335024717411013"><ele>1513.5</ele></trkpt><trkpt lat="46.55826671057843" lon="9.334813717206647"><ele>1514.6</ele></trkpt><trkpt lat="46.55818971038276" lon="9.334614717021195"><ele>1515.6</ele></trkpt><trkpt lat="46.558077710029856" lon="9.334310716685357"><ele>1517.4</ele></trkpt><trkpt lat="46.558042709932025" lon="9.334257716590988"><ele>1517.9</ele></trkpt><trkpt lat="46.55799770981472" lon="9.33420371647743"><ele>1518.5</ele></trkpt><trkpt lat="46.55794470975686" lon="9.334149716421768"><ele>1518.8</ele></trkpt><trkpt lat="46.557918709796965" lon="9.334109716461901"><ele>1518.6</ele></trkpt><trkpt lat="46.55789270985681" lon="9.334056716521767"><ele>1518.3</ele></trkpt><trkpt lat="46.55789270985681" lon="9.334056716521767"><ele>1518.3</ele></trkpt><trkpt lat="46.55787670989638" lon="9.333912716565493"><ele>1518.1</ele></trkpt><trkpt lat="46.557778710016215" lon="9.333335716702043"><ele>1517.5</ele></trkpt><trkpt lat="46.55775371007593" lon="9.33322971676376"><ele>1517.2</ele></trkpt><trkpt lat="46.55772771015541" lon="9.333137716844275"><ele>1516.8</ele></trkpt><trkpt lat="46.55765871037403" lon="9.332952717063273"><ele>1515.7</ele></trkpt><trkpt lat="46.55762571057198" lon="9.332808717261335"><ele>1514.7</ele></trkpt><trkpt lat="46.557583710789785" lon="9.332584717481538"><ele>1513.6</ele></trkpt><trkpt lat="46.55757771098692" lon="9.332415717680309"><ele>1512.6</ele></trkpt><trkpt lat="46.55757971108534" lon="9.33229771778084"><ele>1512.1</ele></trkpt><trkpt lat="46.55759071116371" lon="9.332167717862452"><ele>1511.7</ele></trkpt><trkpt lat="46.557602711162964" lon="9.331985717868758"><ele>1511.7</ele></trkpt><trkpt lat="46.5575967111233" lon="9.331828717835734"><ele>1511.9</ele></trkpt><trkpt lat="46.557581710965415" lon="9.33167171768708"><ele>1512.7</ele></trkpt><trkpt lat="46.5575567108474" lon="9.331540717576138"><ele>1513.3</ele></trkpt><trkpt lat="46.557504710809084" lon="9.3314087175425"><ele>1513.5</ele></trkpt><trkpt lat="46.55743571079093" lon="9.331262717528732"><ele>1513.6</ele></trkpt><trkpt lat="46.55730471073482" lon="9.331009717480507"><ele>1513.9</ele></trkpt><trkpt lat="46.557208710737044" lon="9.330823717487572"><ele>1513.9</ele></trkpt><trkpt lat="46.55715671073811" lon="9.330678717492953"><ele>1513.9</ele></trkpt><trkpt lat="46.5570967107" lon="9.330506717460773"><ele>1514.1</ele></trkpt><trkpt lat="46.55700171054425" lon="9.33026871731545"><ele>1514.9</ele></trkpt><trkpt lat="46.55692371040783" lon="9.330096717186994"><ele>1515.6</ele></trkpt><trkpt lat="46.556870710330145" lon="9.330016717113004"><ele>1516.0</ele></trkpt><trkpt lat="46.5568267102918" lon="9.329962717076599"><ele>1516.2</ele></trkpt><trkpt lat="46.55678271025345" lon="9.329921717039738"><ele>1516.4</ele></trkpt><trkpt lat="46.55670271021607" lon="9.329853717004031"><ele>1516.6</ele></trkpt><trkpt lat="46.55670271021607" lon="9.329853717004031"><ele>1516.6</ele></trkpt><trkpt lat="46.55660471027783" lon="9.329785717064793"><ele>1516.3</ele></trkpt><trkpt lat="46.5565077104777" lon="9.329690717261427"><ele>1515.3</ele></trkpt><trkpt lat="46.556463710636635" lon="9.329610717418676"><ele>1514.5</ele></trkpt><trkpt lat="46.5564047110128" lon="9.329412717792158"><ele>1512.6</ele></trkpt><trkpt lat="46.55623471225964" lon="9.328806719028503"><ele>1506.3</ele></trkpt><trkpt lat="46.5562187124966" lon="9.328675719264426"><ele>1505.1</ele></trkpt><trkpt lat="46.55622071275284" lon="9.328571719518573"><ele>1503.8</ele></trkpt><trkpt lat="46.556231713048284" lon="9.328428719812566"><ele>1502.3</ele></trkpt><trkpt lat="46.55622471328509" lon="9.32832372004751"><ele>1501.1</ele></trkpt><trkpt lat="46.55619871344352" lon="9.328231720205023"><ele>1500.3</ele></trkpt><trkpt lat="46.55612871374117" lon="9.328098720499092"><ele>1498.8</ele></trkpt><trkpt lat="46.55603271413823" lon="9.3279527208901"><ele>1496.8</ele></trkpt><trkpt lat="46.555936714555024" lon="9.327792721300849"><ele>1494.7</ele></trkpt><trkpt lat="46.55584071497166" lon="9.327606721712478"><ele>1492.6</ele></trkpt><trkpt lat="46.555744715467185" lon="9.327381722202508"><ele>1490.1</ele></trkpt><trkpt lat="46.55565071598232" lon="9.32713072271266"><ele>1487.5</ele></trkpt><trkpt lat="46.55558071629969" lon="9.326984723026367"><ele>1485.9</ele></trkpt><trkpt lat="46.55551271671548" lon="9.326759723439098"><ele>1483.8</ele></trkpt><trkpt lat="46.555434717151385" lon="9.326548723870648"><ele>1481.6</ele></trkpt><trkpt lat="46.555410717289895" lon="9.326417724010138"><ele>1480.9</ele></trkpt><trkpt lat="46.55540271734915" lon="9.32633872407069"><ele>1480.6</ele></trkpt><trkpt lat="46.55540271734915" lon="9.32633872407069"><ele>1480.6</ele></trkpt><trkpt lat="46.55543871728891" lon="9.326339724012657"><ele>1480.9</ele></trkpt><trkpt lat="46.55546571722894" lon="9.326314723955566"><ele>1481.2</ele></trkpt><trkpt lat="46.55548471718888" lon="9.326276723918234"><ele>1481.4</ele></trkpt><trkpt lat="46.55548471716902" lon="9.326237723900302"><ele>1481.5</ele></trkpt><trkpt lat="46.55545971714985" lon="9.32615872388389"><ele>1481.6</ele></trkpt><trkpt lat="46.55542471713086" lon="9.32609172386711"><ele>1481.7</ele></trkpt><trkpt lat="46.55535471715224" lon="9.325958723891329"><ele>1481.6</ele></trkpt><trkpt lat="46.55529371719318" lon="9.325865723933385"><ele>1481.4</ele></trkpt><trkpt lat="46.55524971721397" lon="9.325811723954748"><ele>1481.3</ele></trkpt><trkpt lat="46.555054717317574" lon="9.325635724058177"><ele>1480.8</ele></trkpt><trkpt lat="46.554930717399586" lon="9.325500724140548"><ele>1480.4</ele></trkpt><trkpt lat="46.554798717481745" lon="9.325326724224297"><ele>1480.0</ele></trkpt><trkpt lat="46.55464071756442" lon="9.325086724310445"><ele>1479.6</ele></trkpt><trkpt lat="46.55451771752791" lon="9.32488672427945"><ele>1479.8</ele></trkpt><trkpt lat="46.554439717450684" lon="9.324700724209205"><ele>1480.2</ele></trkpt><trkpt lat="46.55439771737256" lon="9.324542724137807"><ele>1480.6</ele></trkpt><trkpt lat="46.55437371729387" lon="9.324359724067165"><ele>1481.0</ele></trkpt><trkpt lat="46.55437371729387" lon="9.324359724067165"><ele>1481.0</ele></trkpt><trkpt lat="46.5543657172545" lon="9.324306724030505"><ele>1481.2</ele></trkpt><trkpt lat="46.5543657172545" lon="9.324306724030505"><ele>1481.2</ele></trkpt><trkpt lat="46.55435071715584" lon="9.324123723940565"><ele>1481.7</ele></trkpt><trkpt lat="46.55433671699783" lon="9.32388872379462"><ele>1482.5</ele></trkpt><trkpt lat="46.55432171680041" lon="9.32366672360973"><ele>1483.5</ele></trkpt><trkpt lat="46.55431671662248" lon="9.32347072344316"><ele>1484.4</ele></trkpt><trkpt lat="46.55430171648435" lon="9.323287723314719"><ele>1485.1</ele></trkpt><trkpt lat="46.55429371650413" lon="9.323195723337188"><ele>1485.0</ele></trkpt><trkpt lat="46.554277716563604" lon="9.323116723397769"><ele>1484.7</ele></trkpt><trkpt lat="46.55427871668182" lon="9.32305172351555"><ele>1484.1</ele></trkpt><trkpt lat="46.55429871695729" lon="9.322934723789063"><ele>1482.7</ele></trkpt><trkpt lat="46.5543287174494" lon="9.322740724276988"><ele>1480.2</ele></trkpt><trkpt lat="46.554338717606846" lon="9.322675724433218"><ele>1479.4</ele></trkpt><trkpt lat="46.55433071758722" lon="9.322623724415784"><ele>1479.5</ele></trkpt></trkseg></trk></gpx>