<?xml version="1.0" encoding="utf-8"?><gpx version="1.1" creator="MySchweizMobil - https://map.schweizmobil.ch/" xmlns:xsi="http://www.w3.org/2001/XMLSchema-instance" xmlns="http://www.topografix.com/GPX/1/1" xsi:schemaLocation="http://www.topografix.com/GPX/1/1 http://www.topografix.com/GPX/1/1/gpx.xsd"><metadata><name>6 Alpine Passes Trail - Stage 24</name><bounds minlat="46.15464247869989" minlon="7.516414564937576" maxlat="46.181487608165504" maxlon="7.573950769677406" /></metadata><trk><name>6 Alpine Passes Trail - Stage 24</name><trkseg><trkpt lat="46.175634703547324" lon="7.573950769677406"><ele>1588.0</ele></trkpt><trkpt lat="46.17567970348802" lon="7.573898769634147"><ele>1588.3</ele></trkpt><trkpt lat="46.17581470323333" lon="7.573899769438687"><ele>1589.6</ele></trkpt><trkpt lat="46.17581470323333" lon="7.573899769438687"><ele>1589.6</ele></trkpt><trkpt lat="46.175805703272125" lon="7.5738607694701265"><ele>1589.4</ele></trkpt><trkpt lat="46.1755987028149" lon="7.573704769117127"><ele>1591.8</ele></trkpt><trkpt lat="46.1755807027768" lon="7.573665769088672"><ele>1592.0</ele></trkpt><trkpt lat="46.1755807027768" lon="7.573665769088672"><ele>1592.0</ele></trkpt><trkpt lat="46.17558070271891" lon="7.573626769045146"><ele>1592.3</ele></trkpt><trkpt lat="46.17559870262177" lon="7.573548768973005"><ele>1592.8</ele></trkpt><trkpt lat="46.17562570254371" lon="7.573497768914812"><ele>1593.2</ele></trkpt><trkpt lat="46.175661702465526" lon="7.573484768855187"><ele>1593.6</ele></trkpt><trkpt lat="46.1757067023677" lon="7.573471768780539"><ele>1594.1</ele></trkpt><trkpt lat="46.175760702231095" lon="7.573484768674923"><ele>1594.8</ele></trkpt><trkpt lat="46.17584170201664" lon="7.5735107685087675"><ele>1595.9</ele></trkpt><trkpt lat="46.17586870193868" lon="7.573510768448707"><ele>1596.3</ele></trkpt><trkpt lat="46.17589570189929" lon="7.573497768419095"><ele>1596.5</ele></trkpt><trkpt lat="46.17589570189929" lon="7.573497768419095"><ele>1596.5</ele></trkpt><trkpt lat="46.17594070184011" lon="7.573510768373457"><ele>1596.8</ele></trkpt><trkpt lat="46.175985701722944" lon="7.573459768285222"><ele>1597.4</ele></trkpt><trkpt lat="46.17606770116069" lon="7.5731877678603245"><ele>1600.3</ele></trkpt><trkpt lat="46.17613970115842" lon="7.573135767861908"><ele>1600.3</ele></trkpt><trkpt lat="46.176148701119544" lon="7.573084767833785"><ele>1600.5</ele></trkpt><trkpt lat="46.176148701119544" lon="7.573084767833785"><ele>1600.5</ele></trkpt><trkpt lat="46.17616670108027" lon="7.573032767805652"><ele>1600.7</ele></trkpt><trkpt lat="46.17616670108027" lon="7.573032767805652"><ele>1600.7</ele></trkpt><trkpt lat="46.176193700925154" lon="7.573006767686619"><ele>1601.5</ele></trkpt><trkpt lat="46.176283700478756" lon="7.57295476734351"><ele>1603.8</ele></trkpt><trkpt lat="46.17634670005242" lon="7.572916767014991"><ele>1606.0</ele></trkpt><trkpt lat="46.1763467000138" lon="7.572890766985989"><ele>1606.2</ele></trkpt><trkpt lat="46.17631069962889" lon="7.572812766689376"><ele>1608.2</ele></trkpt><trkpt lat="46.17631069941661" lon="7.572760766526486"><ele>1609.3</ele></trkpt><trkpt lat="46.17631069937798" lon="7.572721766497969"><ele>1609.5</ele></trkpt><trkpt lat="46.17631069937798" lon="7.572721766497969"><ele>1609.5</ele></trkpt><trkpt lat="46.17631069932001" lon="7.57268376645443"><ele>1609.8</ele></trkpt><trkpt lat="46.17629269905043" lon="7.572631766246682"><ele>1611.2</ele></trkpt><trkpt lat="46.17625669880063" lon="7.572579766054006"><ele>1612.5</ele></trkpt><trkpt lat="46.176256698723435" lon="7.572553765995042"><ele>1612.9</ele></trkpt><trkpt lat="46.176265698665254" lon="7.572540765950538"><ele>1613.2</ele></trkpt><trkpt lat="46.17631069847095" lon="7.572501765801958"><ele>1614.2</ele></trkpt><trkpt lat="46.17638269823716" lon="7.57241176562519"><ele>1615.4</ele></trkpt><trkpt lat="46.17645469781046" lon="7.572294765299612"><ele>1617.6</ele></trkpt><trkpt lat="46.17648269753942" lon="7.572230765092122"><ele>1619.0</ele></trkpt><trkpt lat="46.176500697133655" lon="7.572139764780825"><ele>1621.1</ele></trkpt><trkpt lat="46.17652769651521" lon="7.5719717643075795"><ele>1624.3</ele></trkpt><trkpt lat="46.17654569589705" lon="7.571803763834406"><ele>1627.5</ele></trkpt><trkpt lat="46.17655469568452" lon="7.571751763671528"><ele>1628.6</ele></trkpt><trkpt lat="46.17656369551052" lon="7.5716867635391045"><ele>1629.5</ele></trkpt><trkpt lat="46.17656369551052" lon="7.5716867635391045"><ele>1629.5</ele></trkpt><trkpt lat="46.17657269524002" lon="7.571621763331779"><ele>1630.9</ele></trkpt><trkpt lat="46.17658169518185" lon="7.571608763287283"><ele>1631.2</ele></trkpt><trkpt lat="46.1766086949881" lon="7.571570763138788"><ele>1632.2</ele></trkpt><trkpt lat="46.17666269471629" lon="7.571518762930773"><ele>1633.6</ele></trkpt><trkpt lat="46.17668969448392" lon="7.571479762752355"><ele>1634.8</ele></trkpt><trkpt lat="46.176689694348816" lon="7.571453762648481"><ele>1635.5</ele></trkpt><trkpt lat="46.1766446939835" lon="7.571350762367955"><ele>1637.4</ele></trkpt><trkpt lat="46.17664569384838" lon="7.571311762264568"><ele>1638.1</ele></trkpt><trkpt lat="46.17665469371299" lon="7.571285762160653"><ele>1638.8</ele></trkpt><trkpt lat="46.17669069355752" lon="7.57124676204212"><ele>1639.6</ele></trkpt><trkpt lat="46.176816692897624" lon="7.571130761536632"><ele>1643.0</ele></trkpt><trkpt lat="46.17684369270384" lon="7.5711047613877005"><ele>1644.0</ele></trkpt><trkpt lat="46.17683469258835" lon="7.571078761298851"><ele>1644.6</ele></trkpt><trkpt lat="46.17678969239676" lon="7.571052761150262"><ele>1645.6</ele></trkpt><trkpt lat="46.17676269218528" lon="7.571026760986607"><ele>1646.7</ele></trkpt><trkpt lat="46.176726691935585" lon="7.571000760793037"><ele>1648.0</ele></trkpt><trkpt lat="46.17669069172442" lon="7.570974760629428"><ele>1649.1</ele></trkpt><trkpt lat="46.176690691569995" lon="7.570935760511084"><ele>1649.9</ele></trkpt><trkpt lat="46.17670869141513" lon="7.570922760391665"><ele>1650.7</ele></trkpt><trkpt lat="46.176735691337086" lon="7.570897760332578"><ele>1651.1</ele></trkpt><trkpt lat="46.17681669077501" lon="7.570793759901788"><ele>1654.0</ele></trkpt><trkpt lat="46.176825690658944" lon="7.570767759812863"><ele>1654.6</ele></trkpt><trkpt lat="46.17681669042763" lon="7.57072875963466"><ele>1655.8</ele></trkpt><trkpt lat="46.17678969023547" lon="7.5706907594864585"><ele>1656.8</ele></trkpt><trkpt lat="46.176789690158266" lon="7.570664759427542"><ele>1657.2</ele></trkpt><trkpt lat="46.17680769002266" lon="7.570638759323604"><ele>1657.9</ele></trkpt><trkpt lat="46.17687068973126" lon="7.57059975910013"><ele>1659.4</ele></trkpt><trkpt lat="46.17688868963421" lon="7.570573759026153"><ele>1659.9</ele></trkpt><trkpt lat="46.176906689402095" lon="7.570534758847832"><ele>1661.1</ele></trkpt><trkpt lat="46.17696068893729" lon="7.570431758492064"><ele>1663.5</ele></trkpt><trkpt lat="46.17696068870567" lon="7.570366758314833"><ele>1664.7</ele></trkpt><trkpt lat="46.17696968851239" lon="7.570327758166514"><ele>1665.7</ele></trkpt><trkpt lat="46.177024688086085" lon="7.5702117578412205"><ele>1667.9</ele></trkpt><trkpt lat="46.177078687640545" lon="7.5701207575000025"><ele>1670.2</ele></trkpt><trkpt lat="46.17712368709877" lon="7.569991757085421"><ele>1673.0</ele></trkpt><trkpt lat="46.17716868667278" lon="7.56988875675971"><ele>1675.2</ele></trkpt><trkpt lat="46.17719568624733" lon="7.56978475643413"><ele>1677.4</ele></trkpt><trkpt lat="46.17721368611167" lon="7.569745756330727"><ele>1678.1</ele></trkpt><trkpt lat="46.17724968574395" lon="7.5696947560479915"><ele>1680.0</ele></trkpt><trkpt lat="46.17725868562785" lon="7.569668755959099"><ele>1680.6</ele></trkpt><trkpt lat="46.17727668551146" lon="7.569642755870169"><ele>1681.2</ele></trkpt><trkpt lat="46.177321685201434" lon="7.569629755630853"><ele>1682.8</ele></trkpt><trkpt lat="46.177348685161924" lon="7.569616755601277"><ele>1683.0</ele></trkpt><trkpt lat="46.177348685161924" lon="7.569616755601277"><ele>1683.0</ele></trkpt><trkpt lat="46.17735768510377" lon="7.569616755556306"><ele>1683.3</ele></trkpt><trkpt lat="46.177375684968155" lon="7.5695907554524045"><ele>1684.0</ele></trkpt><trkpt lat="46.17740268460053" lon="7.569474755172256"><ele>1685.9</ele></trkpt><trkpt lat="46.17742968429092" lon="7.5694097549350525"><ele>1687.5</ele></trkpt><trkpt lat="46.17744768398155" lon="7.5693447546979"><ele>1689.1</ele></trkpt><trkpt lat="46.17746568365292" lon="7.569280754445737"><ele>1690.8</ele></trkpt><trkpt lat="46.17748468322766" lon="7.569176754120269"><ele>1693.0</ele></trkpt><trkpt lat="46.17750268274458" lon="7.569073753749847"><ele>1695.5</ele></trkpt><trkpt lat="46.1775026823393" lon="7.568982753438958"><ele>1697.6</ele></trkpt><trkpt lat="46.17751168220392" lon="7.568956753335119"><ele>1698.3</ele></trkpt><trkpt lat="46.17752068208789" lon="7.5689567532452315"><ele>1698.9</ele></trkpt><trkpt lat="46.17752968202974" lon="7.568969753199756"><ele>1699.2</ele></trkpt><trkpt lat="46.17754768202934" lon="7.569047753196609"><ele>1699.2</ele></trkpt><trkpt lat="46.177565681970975" lon="7.569073753150582"><ele>1699.5</ele></trkpt><trkpt lat="46.17758368181622" lon="7.5691387530281515"><ele>1700.3</ele></trkpt><trkpt lat="46.177592681661665" lon="7.56918975290631"><ele>1701.1</ele></trkpt><trkpt lat="46.177609681526164" lon="7.5692157528003845"><ele>1701.8</ele></trkpt><trkpt lat="46.17764568110078" lon="7.569319752466683"><ele>1704.0</ele></trkpt><trkpt lat="46.177663680984544" lon="7.569345752375726"><ele>1704.6</ele></trkpt><trkpt lat="46.17769068081014" lon="7.5693847522392845"><ele>1705.5</ele></trkpt><trkpt lat="46.17770868071314" lon="7.569384752164325"><ele>1706.0</ele></trkpt><trkpt lat="46.17772668063539" lon="7.569397752103827"><ele>1706.4</ele></trkpt><trkpt lat="46.177735680596534" lon="7.569397752073834"><ele>1706.6</ele></trkpt><trkpt lat="46.177744680519034" lon="7.5693847520143995"><ele>1707.0</ele></trkpt><trkpt lat="46.17774468046117" lon="7.569371751969994"><ele>1707.3</ele></trkpt><trkpt lat="46.17772668032663" lon="7.569345751866278"><ele>1708.0</ele></trkpt><trkpt lat="46.177717680191826" lon="7.569319751762521"><ele>1708.7</ele></trkpt><trkpt lat="46.17771768009533" lon="7.5693067516881625"><ele>1709.2</ele></trkpt><trkpt lat="46.177717680018105" lon="7.569280751629286"><ele>1709.6</ele></trkpt><trkpt lat="46.17770867992187" lon="7.569241751555999"><ele>1710.1</ele></trkpt><trkpt lat="46.177717679882974" lon="7.56922975152648"><ele>1710.3</ele></trkpt><trkpt lat="46.1777266798055" lon="7.569229751466538"><ele>1710.7</ele></trkpt><trkpt lat="46.17774467966999" lon="7.569267751360128"><ele>1711.4</ele></trkpt><trkpt lat="46.17777167959199" lon="7.569280751299585"><ele>1711.8</ele></trkpt><trkpt lat="46.177843679223145" lon="7.569268751015193"><ele>1713.7</ele></trkpt><trkpt lat="46.177852679126346" lon="7.569242750941303"><ele>1714.2</ele></trkpt><trkpt lat="46.1778616790296" lon="7.569229750866901"><ele>1714.7</ele></trkpt><trkpt lat="46.17785267889474" lon="7.5692037507631555"><ele>1715.4</ele></trkpt><trkpt lat="46.17784367879852" lon="7.56919075068884"><ele>1715.9</ele></trkpt><trkpt lat="46.177807678587385" lon="7.569164750525324"><ele>1717.0</ele></trkpt><trkpt lat="46.17780767851017" lon="7.569138750466458"><ele>1717.4</ele></trkpt><trkpt lat="46.17781667835549" lon="7.569112750347652"><ele>1718.2</ele></trkpt><trkpt lat="46.17782567825875" lon="7.569099750273254"><ele>1718.7</ele></trkpt><trkpt lat="46.177835678239155" lon="7.5690867502587444"><ele>1718.8</ele></trkpt><trkpt lat="46.17786167814178" lon="7.569086750183749"><ele>1719.3</ele></trkpt><trkpt lat="46.17787167808361" lon="7.569073750139292"><ele>1719.6</ele></trkpt><trkpt lat="46.17788967779351" lon="7.569009749917135"><ele>1721.1</ele></trkpt><trkpt lat="46.17788067723407" lon="7.568892749487594"><ele>1724.0</ele></trkpt><trkpt lat="46.17790767690514" lon="7.568828749235458"><ele>1725.7</ele></trkpt><trkpt lat="46.177907676712046" lon="7.568763749088312"><ele>1726.7</ele></trkpt><trkpt lat="46.17788967655814" lon="7.568685748971725"><ele>1727.5</ele></trkpt><trkpt lat="46.17789867640341" lon="7.5686467488534515"><ele>1728.3</ele></trkpt><trkpt lat="46.17788967613338" lon="7.568530748648506"><ele>1729.7</ele></trkpt><trkpt lat="46.17790767595909" lon="7.568504748514699"><ele>1730.6</ele></trkpt><trkpt lat="46.177916675630776" lon="7.568452748262199"><ele>1732.3</ele></trkpt><trkpt lat="46.177907675437964" lon="7.568374748115641"><ele>1733.3</ele></trkpt><trkpt lat="46.177880675052734" lon="7.568258747820971"><ele>1735.3</ele></trkpt><trkpt lat="46.17784567499579" lon="7.5681677477798734"><ele>1735.6</ele></trkpt><trkpt lat="46.17785467460935" lon="7.568012747486606"><ele>1737.6</ele></trkpt><trkpt lat="46.17782767445564" lon="7.567895747371668"><ele>1738.4</ele></trkpt><trkpt lat="46.17781867432074" lon="7.5678437472689986"><ele>1739.1</ele></trkpt><trkpt lat="46.17778267385862" lon="7.5676887469161045"><ele>1741.5</ele></trkpt><trkpt lat="46.17775567374356" lon="7.567623746829026"><ele>1742.1</ele></trkpt><trkpt lat="46.177755673685574" lon="7.567558746786732"><ele>1742.4</ele></trkpt><trkpt lat="46.177755673685574" lon="7.567558746786732"><ele>1742.4</ele></trkpt><trkpt lat="46.177791673530145" lon="7.5675977466652204"><ele>1743.2</ele></trkpt><trkpt lat="46.17786367325791" lon="7.567688746451611"><ele>1744.6</ele></trkpt><trkpt lat="46.17798967288765" lon="7.567856746159769"><ele>1746.5</ele></trkpt><trkpt lat="46.17798967288765" lon="7.567856746159769"><ele>1746.5</ele></trkpt><trkpt lat="46.17800767282918" lon="7.5678447461152505"><ele>1746.8</ele></trkpt><trkpt lat="46.17802567279002" lon="7.567857746084694"><ele>1747.0</ele></trkpt><trkpt lat="46.178088672305854" lon="7.5679477457064666"><ele>1749.5</ele></trkpt><trkpt lat="46.17813367207304" lon="7.568012745523956"><ele>1750.7</ele></trkpt><trkpt lat="46.178160671956434" lon="7.568025745433471"><ele>1751.3</ele></trkpt><trkpt lat="46.17816967185975" lon="7.568051745357518"><ele>1751.8</ele></trkpt><trkpt lat="46.17818667170496" lon="7.568090745236079"><ele>1752.6</ele></trkpt><trkpt lat="46.178195671666074" lon="7.568103745205564"><ele>1752.8</ele></trkpt><trkpt lat="46.17823167147203" lon="7.56811674505514"><ele>1753.8</ele></trkpt><trkpt lat="46.17830367114169" lon="7.568116744800261"><ele>1755.5</ele></trkpt><trkpt lat="46.178447670288165" lon="7.5681177441407455"><ele>1759.9</ele></trkpt><trkpt lat="46.17851967009293" lon="7.5681437439896095"><ele>1760.9</ele></trkpt><trkpt lat="46.17860066958867" lon="7.568156743599409"><ele>1763.5</ele></trkpt><trkpt lat="46.17860966947259" lon="7.568130743510591"><ele>1764.1</ele></trkpt><trkpt lat="46.1785826693383" lon="7.568091743407509"><ele>1764.8</ele></trkpt><trkpt lat="46.17855566879875" lon="7.568000742992149"><ele>1767.6</ele></trkpt><trkpt lat="46.178502668202206" lon="7.56789774253251"><ele>1770.7</ele></trkpt><trkpt lat="46.178502667893355" lon="7.567832742295633"><ele>1772.3</ele></trkpt><trkpt lat="46.17850266754596" lon="7.567767742028815"><ele>1774.1</ele></trkpt><trkpt lat="46.17851166725617" lon="7.567715741806343"><ele>1775.6</ele></trkpt><trkpt lat="46.17852066719794" lon="7.567676741762981"><ele>1775.9</ele></trkpt><trkpt lat="46.17852066719794" lon="7.567676741762981"><ele>1775.9</ele></trkpt><trkpt lat="46.17852066700482" lon="7.567599741616438"><ele>1776.9</ele></trkpt><trkpt lat="46.178484665790016" lon="7.5673667406830765"><ele>1783.2</ele></trkpt><trkpt lat="46.178475665288296" lon="7.5671847403014105"><ele>1785.8</ele></trkpt><trkpt lat="46.17855666489991" lon="7.56726273999839"><ele>1787.8</ele></trkpt><trkpt lat="46.178583664802694" lon="7.567314739921257"><ele>1788.3</ele></trkpt><trkpt lat="46.1786376646273" lon="7.567353739784642"><ele>1789.2</ele></trkpt><trkpt lat="46.17867366431755" lon="7.567405739542787"><ele>1790.8</ele></trkpt><trkpt lat="46.178691664239864" lon="7.5674447394812026"><ele>1791.2</ele></trkpt><trkpt lat="46.178709664142836" lon="7.5674707394051834"><ele>1791.7</ele></trkpt><trkpt lat="46.17874566394876" lon="7.567483739254759"><ele>1792.7</ele></trkpt><trkpt lat="46.17876366381317" lon="7.567509739148802"><ele>1793.4</ele></trkpt><trkpt lat="46.17878166379337" lon="7.5675487391321195"><ele>1793.5</ele></trkpt><trkpt lat="46.178799663734964" lon="7.567586739085542"><ele>1793.8</ele></trkpt><trkpt lat="46.17883566354089" lon="7.567625738934039"><ele>1794.8</ele></trkpt><trkpt lat="46.17890766334581" lon="7.5677297387796445"><ele>1795.8</ele></trkpt><trkpt lat="46.17892466328743" lon="7.567768738733029"><ele>1796.1</ele></trkpt><trkpt lat="46.178987663034704" lon="7.567833738535391"><ele>1797.4</ele></trkpt><trkpt lat="46.17905966249209" lon="7.567859738114745"><ele>1800.2</ele></trkpt><trkpt lat="46.17908666224036" lon="7.567846737920527"><ele>1801.5</ele></trkpt><trkpt lat="46.179104662124004" lon="7.567846737830605"><ele>1802.1</ele></trkpt><trkpt lat="46.17910466202747" lon="7.567820737756833"><ele>1802.6</ele></trkpt><trkpt lat="46.17908666187364" lon="7.5677947376382395"><ele>1803.4</ele></trkpt><trkpt lat="46.17906866166193" lon="7.567742737475821"><ele>1804.5</ele></trkpt><trkpt lat="46.17904266129596" lon="7.567639737195803"><ele>1806.4</ele></trkpt><trkpt lat="46.17903366104528" lon="7.5675617370044925"><ele>1807.7</ele></trkpt><trkpt lat="46.179006660833785" lon="7.567496736842675"><ele>1808.8</ele></trkpt><trkpt lat="46.178988660486866" lon="7.567393736577612"><ele>1810.6</ele></trkpt><trkpt lat="46.17897065996628" lon="7.5672767361784175"><ele>1813.3</ele></trkpt><trkpt lat="46.178979659830816" lon="7.567237736075216"><ele>1814.0</ele></trkpt><trkpt lat="46.17902465955934" lon="7.567289735863231"><ele>1815.4</ele></trkpt><trkpt lat="46.17907865924885" lon="7.567315735622344"><ele>1817.0</ele></trkpt><trkpt lat="46.17915965876387" lon="7.567354735246043"><ele>1819.5</ele></trkpt><trkpt lat="46.17919565858901" lon="7.5673417351116745"><ele>1820.4</ele></trkpt><trkpt lat="46.17922265837582" lon="7.567315734947959"><ele>1821.5</ele></trkpt><trkpt lat="46.17917765816502" lon="7.5672897347846195"><ele>1822.6</ele></trkpt><trkpt lat="46.179141658088916" lon="7.567225734727619"><ele>1823.0</ele></trkpt><trkpt lat="46.179123657896405" lon="7.567160734580761"><ele>1824.0</ele></trkpt><trkpt lat="46.179114657375415" lon="7.56700473418322"><ele>1826.7</ele></trkpt><trkpt lat="46.17909665702852" lon="7.5669017339182245"><ele>1828.5</ele></trkpt><trkpt lat="46.17922265615624" lon="7.567005733239566"><ele>1833.0</ele></trkpt><trkpt lat="46.179231656059436" lon="7.567005733164676"><ele>1833.5</ele></trkpt><trkpt lat="46.17920465580936" lon="7.5669147329740785"><ele>1834.8</ele></trkpt><trkpt lat="46.17917765525045" lon="7.56678473254565"><ele>1837.7</ele></trkpt><trkpt lat="46.17927665486136" lon="7.5668627322424475"><ele>1839.7</ele></trkpt><trkpt lat="46.179330654647295" lon="7.566863732077465"><ele>1840.8</ele></trkpt><trkpt lat="46.17938465443321" lon="7.5668507319130835"><ele>1841.9</ele></trkpt><trkpt lat="46.17945665404467" lon="7.566785731616103"><ele>1843.9</ele></trkpt><trkpt lat="46.17944765389061" lon="7.566759731497512"><ele>1844.7</ele></trkpt><trkpt lat="46.179411653640976" lon="7.566746731303665"><ele>1846.0</ele></trkpt><trkpt lat="46.17935765325681" lon="7.566720731005688"><ele>1848.0</ele></trkpt><trkpt lat="46.17933165304544" lon="7.566681730842842"><ele>1849.1</ele></trkpt><trkpt lat="46.179322652620975" lon="7.566578730517998"><ele>1851.3</ele></trkpt><trkpt lat="46.179331652678485" lon="7.56653973056452"><ele>1851.0</ele></trkpt><trkpt lat="46.179331652678485" lon="7.56653973056452"><ele>1851.0</ele></trkpt><trkpt lat="46.179358652619776" lon="7.566565730518363"><ele>1851.3</ele></trkpt><trkpt lat="46.17940365257967" lon="7.566591730487079"><ele>1851.5</ele></trkpt><trkpt lat="46.17944865253954" lon="7.566591730456908"><ele>1851.7</ele></trkpt><trkpt lat="46.17957465230354" lon="7.566513730279976"><ele>1852.9</ele></trkpt><trkpt lat="46.17957465230354" lon="7.566513730279976"><ele>1852.9</ele></trkpt><trkpt lat="46.17956565222663" lon="7.566487730221264"><ele>1853.3</ele></trkpt><trkpt lat="46.17943065136294" lon="7.5664747295489825"><ele>1857.8</ele></trkpt><trkpt lat="46.179421651208806" lon="7.5664357294309585"><ele>1858.6</ele></trkpt><trkpt lat="46.17942165101576" lon="7.566397729282919"><ele>1859.6</ele></trkpt><trkpt lat="46.17944865072528" lon="7.566332729061063"><ele>1861.1</ele></trkpt><trkpt lat="46.179484650473135" lon="7.566306728867419"><ele>1862.4</ele></trkpt><trkpt lat="46.17951165012477" lon="7.566254728600108"><ele>1864.2</ele></trkpt><trkpt lat="46.179511649893115" lon="7.566202728422742"><ele>1865.4</ele></trkpt><trkpt lat="46.17952964977672" lon="7.566190728333368"><ele>1866.0</ele></trkpt><trkpt lat="46.179556649679355" lon="7.566203728257827"><ele>1866.5</ele></trkpt><trkpt lat="46.17959264944652" lon="7.566190728078591"><ele>1867.7</ele></trkpt><trkpt lat="46.17961964923328" lon="7.566164727914934"><ele>1868.8</ele></trkpt><trkpt lat="46.17964664909734" lon="7.5661777278094595"><ele>1869.5</ele></trkpt><trkpt lat="46.179682648922366" lon="7.5661647276751305"><ele>1870.4</ele></trkpt><trkpt lat="46.17969164882556" lon="7.566138727601373"><ele>1870.9</ele></trkpt><trkpt lat="46.179646648595536" lon="7.566112727423131"><ele>1872.1</ele></trkpt><trkpt lat="46.17962864846094" lon="7.566060727320714"><ele>1872.8</ele></trkpt><trkpt lat="46.1796286483065" lon="7.566008727203232"><ele>1873.6</ele></trkpt><trkpt lat="46.179637648113115" lon="7.565970727055168"><ele>1874.6</ele></trkpt><trkpt lat="46.179655647900084" lon="7.565905726893259"><ele>1875.7</ele></trkpt><trkpt lat="46.179682647744784" lon="7.565892726773953"><ele>1876.5</ele></trkpt><trkpt lat="46.17976364772257" lon="7.565853726760248"><ele>1876.6</ele></trkpt><trkpt lat="46.17976364772257" lon="7.565853726760248"><ele>1876.6</ele></trkpt><trkpt lat="46.17981764752761" lon="7.565776726613646"><ele>1877.6</ele></trkpt><trkpt lat="46.17983564735323" lon="7.5657377264805525"><ele>1878.5</ele></trkpt><trkpt lat="46.179835647140855" lon="7.56568572631819"><ele>1879.6</ele></trkpt><trkpt lat="46.179853646947166" lon="7.565633726170694"><ele>1880.6</ele></trkpt><trkpt lat="46.1798636462712" lon="7.56553072565133"><ele>1884.1</ele></trkpt><trkpt lat="46.17988164582659" lon="7.565413725312133"><ele>1886.4</ele></trkpt><trkpt lat="46.17990864574827" lon="7.565323725256061"><ele>1886.8</ele></trkpt><trkpt lat="46.18007064487365" lon="7.565038724594244"><ele>1891.3</ele></trkpt><trkpt lat="46.17994464426059" lon="7.565038724116056"><ele>1894.5</ele></trkpt><trkpt lat="46.179899643798976" lon="7.564999723758869"><ele>1896.9</ele></trkpt><trkpt lat="46.17985464360755" lon="7.564986723610038"><ele>1897.9</ele></trkpt><trkpt lat="46.179971642676854" lon="7.564818722898529"><ele>1902.7</ele></trkpt><trkpt lat="46.17995464011053" lon="7.564546720920508"><ele>1916.0</ele></trkpt><trkpt lat="46.18010763690112" lon="7.564158718453176"><ele>1932.6</ele></trkpt><trkpt lat="46.18012563381197" lon="7.563653716081935"><ele>1948.6</ele></trkpt><trkpt lat="46.180198632072134" lon="7.563420714745626"><ele>1957.6</ele></trkpt><trkpt lat="46.1802436296573" lon="7.562902712898988"><ele>1970.1</ele></trkpt><trkpt lat="46.18030662813005" lon="7.562682711726963"><ele>1978.0</ele></trkpt><trkpt lat="46.1803346278009" lon="7.562630711474895"><ele>1979.7</ele></trkpt><trkpt lat="46.18033462754997" lon="7.562604711281633"><ele>1981.0</ele></trkpt><trkpt lat="46.18029862757047" lon="7.562565711298581"><ele>1980.9</ele></trkpt><trkpt lat="46.180298627358084" lon="7.562513711136429"><ele>1982.0</ele></trkpt><trkpt lat="46.18030762702955" lon="7.56243671088563"><ele>1983.7</ele></trkpt><trkpt lat="46.18030762675922" lon="7.562358710679806"><ele>1985.1</ele></trkpt><trkpt lat="46.18032562625673" lon="7.562306710293206"><ele>1987.7</ele></trkpt><trkpt lat="46.18035262554165" lon="7.562268709741377"><ele>1991.4</ele></trkpt><trkpt lat="46.18037962511609" lon="7.562229709413964"><ele>1993.6</ele></trkpt><trkpt lat="46.18046062405169" lon="7.562177708593271"><ele>1999.1</ele></trkpt><trkpt lat="46.180451622874315" lon="7.561918707692964"><ele>2005.2</ele></trkpt><trkpt lat="46.18047862221706" lon="7.561853707187318"><ele>2008.6</ele></trkpt><trkpt lat="46.180514621694684" lon="7.561828706784455"><ele>2011.3</ele></trkpt><trkpt lat="46.18064962078274" lon="7.561841706080138"><ele>2016.0</ele></trkpt><trkpt lat="46.18064062059004" lon="7.561815705931842"><ele>2017.0</ele></trkpt><trkpt lat="46.18064062018464" lon="7.561750705620802"><ele>2019.1</ele></trkpt><trkpt lat="46.18063161991474" lon="7.561711705413293"><ele>2020.5</ele></trkpt><trkpt lat="46.1806136196451" lon="7.56164770520701"><ele>2021.9</ele></trkpt><trkpt lat="46.18060461954883" lon="7.561608705134112"><ele>2022.4</ele></trkpt><trkpt lat="46.18062261939376" lon="7.56159570501497"><ele>2023.2</ele></trkpt><trkpt lat="46.180649619180585" lon="7.5616217048490855"><ele>2024.3</ele></trkpt><trkpt lat="46.18067661894802" lon="7.561634704668852"><ele>2025.5</ele></trkpt><trkpt lat="46.18073961854043" lon="7.561621704355032"><ele>2027.6</ele></trkpt><trkpt lat="46.18073061828975" lon="7.5615697041631"><ele>2028.9</ele></trkpt><trkpt lat="46.18075761811508" lon="7.5615697040283445"><ele>2029.8</ele></trkpt><trkpt lat="46.18075761799925" lon="7.561543703939837"><ele>2030.4</ele></trkpt><trkpt lat="46.180731617710634" lon="7.561491703718098"><ele>2031.9</ele></trkpt><trkpt lat="46.18072261745997" lon="7.561427703526746"><ele>2033.2</ele></trkpt><trkpt lat="46.18073161701562" lon="7.56136270318579"><ele>2035.5</ele></trkpt><trkpt lat="46.180740616648485" lon="7.56131070290405"><ele>2037.4</ele></trkpt><trkpt lat="46.18075861637771" lon="7.5613107026945725"><ele>2038.8</ele></trkpt><trkpt lat="46.18078561624163" lon="7.56132370258912"><ele>2039.5</ele></trkpt><trkpt lat="46.18086661579476" lon="7.561336702244075"><ele>2041.8</ele></trkpt><trkpt lat="46.18087561567858" lon="7.561310702155521"><ele>2042.4</ele></trkpt><trkpt lat="46.18083061552581" lon="7.561259702038554"><ele>2043.2</ele></trkpt><trkpt lat="46.18081261473484" lon="7.56109070143353"><ele>2047.3</ele></trkpt><trkpt lat="46.180821614251904" lon="7.560999701063941"><ele>2049.8</ele></trkpt><trkpt lat="46.18110961163576" lon="7.560961699045272"><ele>2063.3</ele></trkpt><trkpt lat="46.181145611422025" lon="7.56093569888181"><ele>2064.4</ele></trkpt><trkpt lat="46.18128061023929" lon="7.560754697977518"><ele>2070.5</ele></trkpt><trkpt lat="46.181370609869056" lon="7.5607166976947004"><ele>2072.4</ele></trkpt><trkpt lat="46.181370609675994" lon="7.560677697547039"><ele>2073.4</ele></trkpt><trkpt lat="46.181289609505384" lon="7.560664697413555"><ele>2074.3</ele></trkpt><trkpt lat="46.1812896093509" lon="7.5606256972958015"><ele>2075.1</ele></trkpt><trkpt lat="46.18132560923377" lon="7.560625697205874"><ele>2075.7</ele></trkpt><trkpt lat="46.18137060903896" lon="7.560599697057329"><ele>2076.7</ele></trkpt><trkpt lat="46.18146960826274" lon="7.560405696467982"><ele>2080.7</ele></trkpt><trkpt lat="46.181487608165504" lon="7.5603666963949925"><ele>2081.2</ele></trkpt><trkpt lat="46.18148760795307" lon="7.560315696232975"><ele>2082.3</ele></trkpt><trkpt lat="46.18147060776061" lon="7.560263696086062"><ele>2083.3</ele></trkpt><trkpt lat="46.18144360749143" lon="7.560237695878142"><ele>2084.7</ele></trkpt><trkpt lat="46.18141660729944" lon="7.560224695729404"><ele>2085.7</ele></trkpt><trkpt lat="46.18138060716587" lon="7.56026369562306"><ele>2086.4</ele></trkpt><trkpt lat="46.181308606763444" lon="7.5602886953082695"><ele>2088.5</ele></trkpt><trkpt lat="46.18127260659112" lon="7.56027569517454"><ele>2089.4</ele></trkpt><trkpt lat="46.181254606379404" lon="7.560223695012687"><ele>2090.5</ele></trkpt><trkpt lat="46.181245606148075" lon="7.560159694836419"><ele>2091.7</ele></trkpt><trkpt lat="46.18125460599321" lon="7.560133694718006"><ele>2092.5</ele></trkpt><trkpt lat="46.181263605761224" lon="7.560094694540423"><ele>2093.7</ele></trkpt><trkpt lat="46.181254605722835" lon="7.5600426945131"><ele>2093.9</ele></trkpt><trkpt lat="46.18121860556981" lon="7.560029694394328"><ele>2094.7</ele></trkpt><trkpt lat="46.181182605416765" lon="7.560003694276189"><ele>2095.5</ele></trkpt><trkpt lat="46.18113760512893" lon="7.559951694054707"><ele>2097.0</ele></trkpt><trkpt lat="46.18109260480234" lon="7.5598486938058125"><ele>2098.7</ele></trkpt><trkpt lat="46.1811016045316" lon="7.5597576936008695"><ele>2100.1</ele></trkpt><trkpt lat="46.181119604376406" lon="7.559705693483693"><ele>2100.9</ele></trkpt><trkpt lat="46.18111960422184" lon="7.559640693367249"><ele>2101.7</ele></trkpt><trkpt lat="46.18100360391707" lon="7.559433693138821"><ele>2103.3</ele></trkpt><trkpt lat="46.18094060370707" lon="7.55935569297855"><ele>2104.4</ele></trkpt><trkpt lat="46.180841603286126" lon="7.559251692655313"><ele>2106.6</ele></trkpt><trkpt lat="46.180805603133095" lon="7.559238692536565"><ele>2107.4</ele></trkpt><trkpt lat="46.18076960298005" lon="7.559212692418451"><ele>2108.2</ele></trkpt><trkpt lat="46.18071560286618" lon="7.559147692332253"><ele>2108.8</ele></trkpt><trkpt lat="46.18067960282898" lon="7.559108692304474"><ele>2109.0</ele></trkpt><trkpt lat="46.18064360284955" lon="7.559069692321546"><ele>2108.9</ele></trkpt><trkpt lat="46.18059860281246" lon="7.558992692295681"><ele>2109.1</ele></trkpt><trkpt lat="46.180580602755214" lon="7.55895369225285"><ele>2109.4</ele></trkpt><trkpt lat="46.180580602716496" lon="7.558914692224857"><ele>2109.6</ele></trkpt><trkpt lat="46.180580602716496" lon="7.558914692224857"><ele>2109.6</ele></trkpt><trkpt lat="46.180580602600614" lon="7.558875692137073"><ele>2110.2</ele></trkpt><trkpt lat="46.1805626024662" lon="7.558836692034451"><ele>2110.9</ele></trkpt><trkpt lat="46.18054560223511" lon="7.558784691857713"><ele>2112.1</ele></trkpt><trkpt lat="46.18051860196583" lon="7.558707691652366"><ele>2113.5</ele></trkpt><trkpt lat="46.18046460173616" lon="7.55861669147777"><ele>2114.7</ele></trkpt><trkpt lat="46.18041960154483" lon="7.558564691331109"><ele>2115.7</ele></trkpt><trkpt lat="46.18041060129418" lon="7.55848669114067"><ele>2117.0</ele></trkpt><trkpt lat="46.18039260115973" lon="7.558460691037422"><ele>2117.7</ele></trkpt><trkpt lat="46.18035660094876" lon="7.558434690874487"><ele>2118.8</ele></trkpt><trkpt lat="46.18033860077575" lon="7.558408690741344"><ele>2119.7</ele></trkpt><trkpt lat="46.18030260062276" lon="7.558382690623255"><ele>2120.5</ele></trkpt><trkpt lat="46.18027560045007" lon="7.55836969048953"><ele>2121.4</ele></trkpt><trkpt lat="46.180221599815326" lon="7.558305689999737"><ele>2124.7</ele></trkpt><trkpt lat="46.18017659950829" lon="7.558291689761535"><ele>2126.3</ele></trkpt><trkpt lat="46.18019459937244" lon="7.558266689658034"><ele>2127.0</ele></trkpt><trkpt lat="46.1802485991773" lon="7.558240689509522"><ele>2128.0</ele></trkpt><trkpt lat="46.18026659907999" lon="7.558201689436605"><ele>2128.5</ele></trkpt><trkpt lat="46.18026659907999" lon="7.558201689436605"><ele>2128.5</ele></trkpt><trkpt lat="46.180374599056464" lon="7.5582016894210104"><ele>2128.6</ele></trkpt><trkpt lat="46.18041059901644" lon="7.558188689391545"><ele>2128.8</ele></trkpt><trkpt lat="46.18044659897626" lon="7.558137689363956"><ele>2129.0</ele></trkpt><trkpt lat="46.18049159891637" lon="7.558020689324627"><ele>2129.3</ele></trkpt><trkpt lat="46.18053759887539" lon="7.557813689304688"><ele>2129.5</ele></trkpt><trkpt lat="46.18053759887539" lon="7.557813689304688"><ele>2129.5</ele></trkpt><trkpt lat="46.180627598929576" lon="7.557749689352155"><ele>2129.2</ele></trkpt><trkpt lat="46.180708598945486" lon="7.55765868937111"><ele>2129.1</ele></trkpt><trkpt lat="46.180780598961725" lon="7.5575686893900755"><ele>2129.0</ele></trkpt><trkpt lat="46.180915599110264" lon="7.55736168951906"><ele>2128.2</ele></trkpt><trkpt lat="46.180915599110264" lon="7.55736168951906"><ele>2128.2</ele></trkpt><trkpt lat="46.18083459899766" lon="7.557373689429276"><ele>2128.8</ele></trkpt><trkpt lat="46.18076259882676" lon="7.557360689295842"><ele>2129.7</ele></trkpt><trkpt lat="46.18072659869306" lon="7.557321689193367"><ele>2130.4</ele></trkpt><trkpt lat="46.18069059850121" lon="7.557205689049873"><ele>2131.4</ele></trkpt><trkpt lat="46.18068159830836" lon="7.557114688904979"><ele>2132.4</ele></trkpt><trkpt lat="46.18068159830836" lon="7.557114688904979"><ele>2132.4</ele></trkpt><trkpt lat="46.18066359823156" lon="7.556997688851099"><ele>2132.8</ele></trkpt><trkpt lat="46.180654598154455" lon="7.556881688797118"><ele>2133.2</ele></trkpt><trkpt lat="46.18063759811641" lon="7.556829688769907"><ele>2133.4</ele></trkpt><trkpt lat="46.180610598040225" lon="7.556816688710937"><ele>2133.8</ele></trkpt><trkpt lat="46.180574597906585" lon="7.556816688606543"><ele>2134.5</ele></trkpt><trkpt lat="46.18052059765803" lon="7.556881688409375"><ele>2135.8</ele></trkpt><trkpt lat="46.180429597275946" lon="7.556984688105931"><ele>2137.8</ele></trkpt><trkpt lat="46.18037559708521" lon="7.557010687955522"><ele>2138.8</ele></trkpt><trkpt lat="46.18033059689408" lon="7.557036687805057"><ele>2139.8</ele></trkpt><trkpt lat="46.18018759649441" lon="7.557009687493429"><ele>2141.9</ele></trkpt><trkpt lat="46.18014259638044" lon="7.557009687404034"><ele>2142.5</ele></trkpt><trkpt lat="46.18007959619007" lon="7.557035687253675"><ele>2143.5</ele></trkpt><trkpt lat="46.180007595942186" lon="7.5570746870578915"><ele>2144.8</ele></trkpt><trkpt lat="46.179944595713174" lon="7.557100686877646"><ele>2146.0</ele></trkpt><trkpt lat="46.179881595484176" lon="7.557112686698092"><ele>2147.2</ele></trkpt><trkpt lat="46.17981859523578" lon="7.557086686505494"><ele>2148.5</ele></trkpt><trkpt lat="46.17973759481426" lon="7.557008686181102"><ele>2150.7</ele></trkpt><trkpt lat="46.17959359398989" lon="7.556827685548431"><ele>2155.0</ele></trkpt><trkpt lat="46.17950359347214" lon="7.556684685152665"><ele>2157.7</ele></trkpt><trkpt lat="46.17943159312739" lon="7.556555684890591"><ele>2159.5</ele></trkpt><trkpt lat="46.179369592705" lon="7.556399684570052"><ele>2161.7</ele></trkpt><trkpt lat="46.179369592705" lon="7.556399684570052"><ele>2161.7</ele></trkpt><trkpt lat="46.17933359268698" lon="7.556334684558586"><ele>2161.8</ele></trkpt><trkpt lat="46.17927959257322" lon="7.556282684471873"><ele>2162.4</ele></trkpt><trkpt lat="46.179225592420984" lon="7.556256684353968"><ele>2163.2</ele></trkpt><trkpt lat="46.17915359226946" lon="7.5562436842355245"><ele>2164.0</ele></trkpt><trkpt lat="46.17915359226946" lon="7.5562436842355245"><ele>2164.0</ele></trkpt><trkpt lat="46.179108591981695" lon="7.556178684014933"><ele>2165.5</ele></trkpt><trkpt lat="46.17906359175187" lon="7.556139683837865"><ele>2166.7</ele></trkpt><trkpt lat="46.17902759150247" lon="7.556126683644493"><ele>2168.0</ele></trkpt><trkpt lat="46.17897359123451" lon="7.556139683434986"><ele>2169.4</ele></trkpt><trkpt lat="46.17895559110027" lon="7.556165683329197"><ele>2170.1</ele></trkpt><trkpt lat="46.17872158987508" lon="7.556242682370459"><ele>2176.5</ele></trkpt><trkpt lat="46.17863158931939" lon="7.556294681935065"><ele>2179.4</ele></trkpt><trkpt lat="46.1786405889522" lon="7.556203681655722"><ele>2181.3</ele></trkpt><trkpt lat="46.17864058852751" lon="7.556100681332227"><ele>2183.5</ele></trkpt><trkpt lat="46.178703587501815" lon="7.55586768055179"><ele>2188.8</ele></trkpt><trkpt lat="46.17860458712007" lon="7.555905680251642"><ele>2190.8</ele></trkpt><trkpt lat="46.17848858670032" lon="7.555905679923655"><ele>2193.0</ele></trkpt><trkpt lat="46.178389586145" lon="7.555957679488327"><ele>2195.9</ele></trkpt><trkpt lat="46.17827258555177" lon="7.555982679024602"><ele>2199.0</ele></trkpt><trkpt lat="46.17828158535841" lon="7.555956678876464"><ele>2200.0</ele></trkpt><trkpt lat="46.178326585009046" lon="7.555853678612517"><ele>2201.8</ele></trkpt><trkpt lat="46.178335584101305" lon="7.555607677922859"><ele>2206.5</ele></trkpt><trkpt lat="46.17836258354035" lon="7.555452677497383"><ele>2209.4</ele></trkpt><trkpt lat="46.178290583176874" lon="7.5555036772113535"><ele>2211.3</ele></trkpt><trkpt lat="46.1781915825638" lon="7.555594676729214"><ele>2214.5</ele></trkpt><trkpt lat="46.17814658231489" lon="7.555619676533989"><ele>2215.8</ele></trkpt><trkpt lat="46.17811058208485" lon="7.55559367635627"><ele>2217.0</ele></trkpt><trkpt lat="46.1780655818937" lon="7.555567676208488"><ele>2218.0</ele></trkpt><trkpt lat="46.17804758175925" lon="7.555529676105978"><ele>2218.7</ele></trkpt><trkpt lat="46.17806558177785" lon="7.555529676120808"><ele>2218.6</ele></trkpt><trkpt lat="46.17810158158345" lon="7.5555296759711865"><ele>2219.6</ele></trkpt><trkpt lat="46.17811958138964" lon="7.555477675824357"><ele>2220.6</ele></trkpt><trkpt lat="46.17814658117615" lon="7.5554126756632085"><ele>2221.7</ele></trkpt><trkpt lat="46.17814658109889" lon="7.555373675605464"><ele>2222.1</ele></trkpt><trkpt lat="46.178155580577254" lon="7.555218675210054"><ele>2224.8</ele></trkpt><trkpt lat="46.17817458020964" lon="7.555127674930799"><ele>2226.7</ele></trkpt><trkpt lat="46.17820157995749" lon="7.555037674741085"><ele>2228.0</ele></trkpt><trkpt lat="46.17812057953657" lon="7.5550886744103"><ele>2230.2</ele></trkpt><trkpt lat="46.17799457875089" lon="7.555127673796578"><ele>2234.3</ele></trkpt><trkpt lat="46.177940578463726" lon="7.555114673573515"><ele>2235.8</ele></trkpt><trkpt lat="46.17790457831086" lon="7.555101673454901"><ele>2236.6</ele></trkpt><trkpt lat="46.17790457831086" lon="7.555101673454901"><ele>2236.6</ele></trkpt><trkpt lat="46.17789557825333" lon="7.555088673410818"><ele>2236.9</ele></trkpt><trkpt lat="46.17790457819506" lon="7.55507567336662"><ele>2237.2</ele></trkpt><trkpt lat="46.177913578156044" lon="7.555062673337362"><ele>2237.4</ele></trkpt><trkpt lat="46.17795857792271" lon="7.555049673158494"><ele>2238.6</ele></trkpt><trkpt lat="46.177976577844724" lon="7.555036673099304"><ele>2239.0</ele></trkpt><trkpt lat="46.17801257757294" lon="7.554946672894627"><ele>2240.4</ele></trkpt><trkpt lat="46.17802157749529" lon="7.554907672836846"><ele>2240.8</ele></trkpt><trkpt lat="46.17801257745702" lon="7.554894672807704"><ele>2241.0</ele></trkpt><trkpt lat="46.17800357739953" lon="7.554894672762944"><ele>2241.3</ele></trkpt><trkpt lat="46.17799457732272" lon="7.5548946727032495"><ele>2241.7</ele></trkpt><trkpt lat="46.17796757715038" lon="7.554946672566267"><ele>2242.6</ele></trkpt><trkpt lat="46.177940577055104" lon="7.554959672491067"><ele>2243.1</ele></trkpt><trkpt lat="46.177922576978624" lon="7.554946672432107"><ele>2243.5</ele></trkpt><trkpt lat="46.17788657676779" lon="7.554907672270042"><ele>2244.6</ele></trkpt><trkpt lat="46.177823576538835" lon="7.5548686720932166"><ele>2245.8</ele></trkpt><trkpt lat="46.17780557642374" lon="7.55484267200506"><ele>2246.4</ele></trkpt><trkpt lat="46.177796576250365" lon="7.554790671873391"><ele>2247.3</ele></trkpt><trkpt lat="46.17778757619284" lon="7.55477767182931"><ele>2247.6</ele></trkpt><trkpt lat="46.177778575980895" lon="7.55473867166709"><ele>2248.7</ele></trkpt><trkpt lat="46.17771557555894" lon="7.5546736713422575"><ele>2250.9</ele></trkpt><trkpt lat="46.177688575425" lon="7.554660671238546"><ele>2251.6</ele></trkpt><trkpt lat="46.177634575079935" lon="7.554621670972053"><ele>2253.4</ele></trkpt><trkpt lat="46.177589574676475" lon="7.554543670662741"><ele>2255.5</ele></trkpt><trkpt lat="46.17758057444521" lon="7.554492670486225"><ele>2256.7</ele></trkpt><trkpt lat="46.17755357427264" lon="7.554453670354012"><ele>2257.6</ele></trkpt><trkpt lat="46.1774915741209" lon="7.554465670234277"><ele>2258.4</ele></trkpt><trkpt lat="46.17743757398819" lon="7.554478670129376"><ele>2259.1</ele></trkpt><trkpt lat="46.1773835737782" lon="7.554465669966094"><ele>2260.2</ele></trkpt><trkpt lat="46.17733857366431" lon="7.554465669876758"><ele>2260.8</ele></trkpt><trkpt lat="46.17731157358826" lon="7.554439669818548"><ele>2261.2</ele></trkpt><trkpt lat="46.1772755734933" lon="7.554452669743406"><ele>2261.7</ele></trkpt><trkpt lat="46.177248573417295" lon="7.55445266968383"><ele>2262.1</ele></trkpt><trkpt lat="46.17721257328373" lon="7.554426669580867"><ele>2262.8</ele></trkpt><trkpt lat="46.17717657307281" lon="7.554361669420213"><ele>2263.9</ele></trkpt><trkpt lat="46.17712257284362" lon="7.5543486692420005"><ele>2265.1</ele></trkpt><trkpt lat="46.17710457276714" lon="7.554335669183051"><ele>2265.5</ele></trkpt><trkpt lat="46.17707757267184" lon="7.554335669108544"><ele>2266.0</ele></trkpt><trkpt lat="46.17705957259538" lon="7.554322669049592"><ele>2266.4</ele></trkpt><trkpt lat="46.1770145723271" lon="7.554283668842825"><ele>2267.8</ele></trkpt><trkpt lat="46.17697857219361" lon="7.5542836687385"><ele>2268.5</ele></trkpt><trkpt lat="46.17695157207894" lon="7.554257668650424"><ele>2269.1</ele></trkpt><trkpt lat="46.176924571906376" lon="7.554218668518227"><ele>2270.0</ele></trkpt><trkpt lat="46.176906571714056" lon="7.554153668372412"><ele>2271.0</ele></trkpt><trkpt lat="46.17688857157966" lon="7.554115668269978"><ele>2271.7</ele></trkpt><trkpt lat="46.17687957150283" lon="7.554089668211663"><ele>2272.1</ele></trkpt><trkpt lat="46.17684357135004" lon="7.554089668092407"><ele>2272.9</ele></trkpt><trkpt lat="46.17682557123497" lon="7.5540636680042805"><ele>2273.5</ele></trkpt><trkpt lat="46.17675357096789" lon="7.554037667797017"><ele>2274.9</ele></trkpt><trkpt lat="46.17667257056605" lon="7.553959667488009"><ele>2277.0</ele></trkpt><trkpt lat="46.17665457058597" lon="7.5539336675044355"><ele>2276.9</ele></trkpt><trkpt lat="46.17665457058597" lon="7.5539336675044355"><ele>2276.9</ele></trkpt><trkpt lat="46.176735570370326" lon="7.553907667341008"><ele>2278.0</ele></trkpt><trkpt lat="46.17676257029194" lon="7.553881667282469"><ele>2278.4</ele></trkpt><trkpt lat="46.17677157021438" lon="7.553855667224051"><ele>2278.8</ele></trkpt><trkpt lat="46.17677157021438" lon="7.553855667224051"><ele>2278.8</ele></trkpt><trkpt lat="46.17678057023328" lon="7.553855667238928"><ele>2278.7</ele></trkpt><trkpt lat="46.17679057009769" lon="7.55380466713702"><ele>2279.4</ele></trkpt><trkpt lat="46.17679057005908" lon="7.553791667107838"><ele>2279.6</ele></trkpt><trkpt lat="46.1767815699822" lon="7.553765667049532"><ele>2280.0</ele></trkpt><trkpt lat="46.17677256990538" lon="7.553739666991225"><ele>2280.4</ele></trkpt><trkpt lat="46.17674556981" lon="7.553713666918103"><ele>2280.9</ele></trkpt><trkpt lat="46.17667356962005" lon="7.553674666771283"><ele>2281.9</ele></trkpt><trkpt lat="46.176583569411456" lon="7.553596666611714"><ele>2283.0</ele></trkpt><trkpt lat="46.176493569144895" lon="7.553492666408724"><ele>2284.4</ele></trkpt><trkpt lat="46.176367568783405" lon="7.553362666132689"><ele>2286.3</ele></trkpt><trkpt lat="46.17625056855665" lon="7.553259665959705"><ele>2287.5</ele></trkpt><trkpt lat="46.1760895684473" lon="7.553116665878742"><ele>2288.1</ele></trkpt><trkpt lat="46.17603556841087" lon="7.5530646658519816"><ele>2288.3</ele></trkpt><trkpt lat="46.1759545683369" lon="7.552973665797608"><ele>2288.7</ele></trkpt><trkpt lat="46.17586456803181" lon="7.552869665564798"><ele>2290.3</ele></trkpt><trkpt lat="46.17572056747821" lon="7.552727665140242"><ele>2293.2</ele></trkpt><trkpt lat="46.17560356713579" lon="7.552649664876372"><ele>2295.0</ele></trkpt><trkpt lat="46.175522567004094" lon="7.552597664775147"><ele>2295.7</ele></trkpt><trkpt lat="46.17544156694956" lon="7.552571664732256"><ele>2296.0</ele></trkpt><trkpt lat="46.175378566932956" lon="7.552570664717782"><ele>2296.1</ele></trkpt><trkpt lat="46.17531656689699" lon="7.55255766468901"><ele>2296.3</ele></trkpt><trkpt lat="46.17525356676454" lon="7.552518664586976"><ele>2297.0</ele></trkpt><trkpt lat="46.17520856668925" lon="7.552492664528923"><ele>2297.4</ele></trkpt><trkpt lat="46.17514556653744" lon="7.552428664413297"><ele>2298.2</ele></trkpt><trkpt lat="46.17506456634776" lon="7.552324664270062"><ele>2299.2</ele></trkpt><trkpt lat="46.17503756623299" lon="7.552259664184123"><ele>2299.8</ele></trkpt><trkpt lat="46.174974566023195" lon="7.552129664027242"><ele>2300.9</ele></trkpt><trkpt lat="46.17490256569806" lon="7.552000663780791"><ele>2302.6</ele></trkpt><trkpt lat="46.17485756548745" lon="7.551870663623808"><ele>2303.7</ele></trkpt><trkpt lat="46.17481356514171" lon="7.55170266336436"><ele>2305.5</ele></trkpt><trkpt lat="46.17474156466224" lon="7.551546662999957"><ele>2308.0</ele></trkpt><trkpt lat="46.174687564355665" lon="7.551442662767025"><ele>2309.6</ele></trkpt><trkpt lat="46.174579563858394" lon="7.551274662388602"><ele>2312.2</ele></trkpt><trkpt lat="46.17442656363279" lon="7.55101566222438"><ele>2313.4</ele></trkpt><trkpt lat="46.174355563674084" lon="7.550911662260281"><ele>2313.2</ele></trkpt><trkpt lat="46.1742385636017" lon="7.55080766220692"><ele>2313.6</ele></trkpt><trkpt lat="46.17413056347103" lon="7.550703662108727"><ele>2314.3</ele></trkpt><trkpt lat="46.17406756331925" lon="7.550638661993217"><ele>2315.1</ele></trkpt><trkpt lat="46.17403156312779" lon="7.550561661848327"><ele>2316.1</ele></trkpt><trkpt lat="46.17400456299367" lon="7.550483661748217"><ele>2316.8</ele></trkpt><trkpt lat="46.17400456299367" lon="7.550483661748217"><ele>2316.8</ele></trkpt><trkpt lat="46.1738975626115" lon="7.550081661472051"><ele>2318.8</ele></trkpt><trkpt lat="46.17382556261375" lon="7.54979666148788"><ele>2318.8</ele></trkpt><trkpt lat="46.17382556261375" lon="7.54979666148788"><ele>2318.8</ele></trkpt><trkpt lat="46.17376256265489" lon="7.549731661521642"><ele>2318.6</ele></trkpt><trkpt lat="46.173690562715244" lon="7.549537661577333"><ele>2318.3</ele></trkpt><trkpt lat="46.17364656281301" lon="7.549343661662689"><ele>2317.8</ele></trkpt><trkpt lat="46.17360156285321" lon="7.549239661698428"><ele>2317.6</ele></trkpt><trkpt lat="46.17357456293142" lon="7.549200661760398"><ele>2317.2</ele></trkpt><trkpt lat="46.173547563086785" lon="7.549187661880654"><ele>2316.4</ele></trkpt><trkpt lat="46.17352956320322" lon="7.549161661971713"><ele>2315.8</ele></trkpt><trkpt lat="46.17350256322355" lon="7.549135661988209"><ele>2315.7</ele></trkpt><trkpt lat="46.1734485632644" lon="7.5491096620198"><ele>2315.5</ele></trkpt><trkpt lat="46.17342156326549" lon="7.549096662020674"><ele>2315.5</ele></trkpt><trkpt lat="46.17337656322881" lon="7.549096661991121"><ele>2315.7</ele></trkpt><trkpt lat="46.17335856321037" lon="7.549109661975618"><ele>2315.8</ele></trkpt><trkpt lat="46.17332256313492" lon="7.549148661914055"><ele>2316.2</ele></trkpt><trkpt lat="46.1732595631569" lon="7.549161661928686"><ele>2316.1</ele></trkpt><trkpt lat="46.17321456321672" lon="7.549173661973102"><ele>2315.8</ele></trkpt><trkpt lat="46.17316956318005" lon="7.549160661944246"><ele>2316.0</ele></trkpt><trkpt lat="46.1731335631237" lon="7.549147661900411"><ele>2316.3</ele></trkpt><trkpt lat="46.173115563085844" lon="7.549121661872078"><ele>2316.5</ele></trkpt><trkpt lat="46.173106563047575" lon="7.549096661843638"><ele>2316.7</ele></trkpt><trkpt lat="46.17308856304832" lon="7.549083661844455"><ele>2316.7</ele></trkpt><trkpt lat="46.173061563068735" lon="7.549070661860252"><ele>2316.6</ele></trkpt><trkpt lat="46.17303456310833" lon="7.549031661892371"><ele>2316.4</ele></trkpt><trkpt lat="46.17297156305313" lon="7.54901866184871"><ele>2316.7</ele></trkpt><trkpt lat="46.17291756286248" lon="7.548953661703342"><ele>2317.7</ele></trkpt><trkpt lat="46.17281856282805" lon="7.548927661675538"><ele>2317.9</ele></trkpt><trkpt lat="46.172800562809606" lon="7.548940661660029"><ele>2318.0</ele></trkpt><trkpt lat="46.17276456277269" lon="7.54897866162837"><ele>2318.2</ele></trkpt><trkpt lat="46.17274656271565" lon="7.5489916615830195"><ele>2318.5</ele></trkpt><trkpt lat="46.17271956260107" lon="7.548978661494357"><ele>2319.1</ele></trkpt><trkpt lat="46.172692562505766" lon="7.5489526614213265"><ele>2319.6</ele></trkpt><trkpt lat="46.17268356244826" lon="7.548939661377318"><ele>2319.9</ele></trkpt><trkpt lat="46.17266556239113" lon="7.548926661333368"><ele>2320.2</ele></trkpt><trkpt lat="46.17261156218132" lon="7.548913661170276"><ele>2321.3</ele></trkpt><trkpt lat="46.17251256218569" lon="7.548926661170215"><ele>2321.3</ele></trkpt><trkpt lat="46.172476562148596" lon="7.548939661139905"><ele>2321.5</ele></trkpt><trkpt lat="46.172449562053465" lon="7.548965661064065"><ele>2322.0</ele></trkpt><trkpt lat="46.17242256195822" lon="7.54896566098963"><ele>2322.5</ele></trkpt><trkpt lat="46.1723515614599" lon="7.548952660602815"><ele>2325.1</ele></trkpt><trkpt lat="46.17232456130683" lon="7.548952660483613"><ele>2325.9</ele></trkpt><trkpt lat="46.17231556124939" lon="7.548964660438254"><ele>2326.2</ele></trkpt><trkpt lat="46.17229756103815" lon="7.548990660272822"><ele>2327.3</ele></trkpt><trkpt lat="46.17227956098112" lon="7.549003660227468"><ele>2327.6</ele></trkpt><trkpt lat="46.172225560674995" lon="7.549016659988363"><ele>2329.2</ele></trkpt><trkpt lat="46.172207560598615" lon="7.5490166599287924"><ele>2329.6</ele></trkpt><trkpt lat="46.1721805604455" lon="7.549003659810289"><ele>2330.4</ele></trkpt><trkpt lat="46.172171560349454" lon="7.5489776597371465"><ele>2330.9</ele></trkpt><trkpt lat="46.1721535602345" lon="7.548951659649142"><ele>2331.5</ele></trkpt><trkpt lat="46.17213556013878" lon="7.548938659575351"><ele>2332.0</ele></trkpt><trkpt lat="46.172099560043975" lon="7.548951659500272"><ele>2332.5</ele></trkpt><trkpt lat="46.17207256000659" lon="7.548951659470602"><ele>2332.7</ele></trkpt><trkpt lat="46.17204555991126" lon="7.548912659398284"><ele>2333.2</ele></trkpt><trkpt lat="46.172045559795514" lon="7.548899659309459"><ele>2333.8</ele></trkpt><trkpt lat="46.17202755969985" lon="7.548873659236377"><ele>2334.3</ele></trkpt><trkpt lat="46.17200055958518" lon="7.548834659149137"><ele>2334.9</ele></trkpt><trkpt lat="46.171964559335926" lon="7.548757658959575"><ele>2336.2</ele></trkpt><trkpt lat="46.17194655922094" lon="7.548744658870867"><ele>2336.8</ele></trkpt><trkpt lat="46.171919559067845" lon="7.548744658751672"><ele>2337.6</ele></trkpt><trkpt lat="46.171883558838" lon="7.548718658574265"><ele>2338.8</ele></trkpt><trkpt lat="46.1718565586077" lon="7.5486796583975035"><ele>2340.0</ele></trkpt><trkpt lat="46.17182055839712" lon="7.548666658234315"><ele>2341.1</ele></trkpt><trkpt lat="46.17179355826337" lon="7.548666658130042"><ele>2341.8</ele></trkpt><trkpt lat="46.171775558167695" lon="7.548653658056262"><ele>2342.3</ele></trkpt><trkpt lat="46.17168555799802" lon="7.548627657923974"><ele>2343.2</ele></trkpt><trkpt lat="46.171595557616165" lon="7.548575657628978"><ele>2345.2</ele></trkpt><trkpt lat="46.17153255748385" lon="7.548562657525655"><ele>2345.9</ele></trkpt><trkpt lat="46.1714875573894" lon="7.548548657452106"><ele>2346.4</ele></trkpt><trkpt lat="46.17140655725793" lon="7.548522657349607"><ele>2347.1</ele></trkpt><trkpt lat="46.17133455710662" lon="7.548470657233553"><ele>2347.9</ele></trkpt><trkpt lat="46.17128155685811" lon="7.548393657044137"><ele>2349.2</ele></trkpt><trkpt lat="46.171209556822504" lon="7.548328657018321"><ele>2349.4</ele></trkpt><trkpt lat="46.171146556767184" lon="7.54825065697823"><ele>2349.7</ele></trkpt><trkpt lat="46.17106555665479" lon="7.548159656894214"><ele>2350.3</ele></trkpt><trkpt lat="46.17102955657912" lon="7.548133656836193"><ele>2350.7</ele></trkpt><trkpt lat="46.17098455631073" lon="7.547965656636799"><ele>2352.1</ele></trkpt><trkpt lat="46.170957556176575" lon="7.547848656538942"><ele>2352.8</ele></trkpt><trkpt lat="46.170894555870426" lon="7.547680656309848"><ele>2354.4</ele></trkpt><trkpt lat="46.17087755579386" lon="7.547602656254557"><ele>2354.8</ele></trkpt><trkpt lat="46.170850555679166" lon="7.547550656168071"><ele>2355.4</ele></trkpt><trkpt lat="46.17082355558387" lon="7.547511656095795"><ele>2355.9</ele></trkpt><trkpt lat="46.17081455550699" lon="7.5474606560389725"><ele>2356.3</ele></trkpt><trkpt lat="46.170751555143006" lon="7.547304655764497"><ele>2358.2</ele></trkpt><trkpt lat="46.170733555047235" lon="7.54725265569288"><ele>2358.7</ele></trkpt><trkpt lat="46.17069755493292" lon="7.5471616556086065"><ele>2359.3</ele></trkpt><trkpt lat="46.17064355495449" lon="7.547123655625963"><ele>2359.2</ele></trkpt><trkpt lat="46.17058055476419" lon="7.5470586554807735"><ele>2360.2</ele></trkpt><trkpt lat="46.170544554669355" lon="7.547045655407138"><ele>2360.7</ele></trkpt><trkpt lat="46.17049955467122" lon="7.547006655409572"><ele>2360.7</ele></trkpt><trkpt lat="46.170427554442874" lon="7.5469546552339"><ele>2361.9</ele></trkpt><trkpt lat="46.17036455421423" lon="7.5469286550567425"><ele>2363.1</ele></trkpt><trkpt lat="46.17034655409929" lon="7.54690265496879"><ele>2363.7</ele></trkpt><trkpt lat="46.170356554040865" lon="7.546850654926833"><ele>2364.0</ele></trkpt><trkpt lat="46.17034755394465" lon="7.546785654855885"><ele>2364.5</ele></trkpt><trkpt lat="46.17032955384892" lon="7.546733654784284"><ele>2365.0</ele></trkpt><trkpt lat="46.17030255361864" lon="7.546682654608274"><ele>2366.2</ele></trkpt><trkpt lat="46.170203552870774" lon="7.546552654034368"><ele>2370.1</ele></trkpt><trkpt lat="46.17014055271917" lon="7.546500653918325"><ele>2370.9</ele></trkpt><trkpt lat="46.17009555274033" lon="7.5464746539349745"><ele>2370.8</ele></trkpt><trkpt lat="46.17001455262798" lon="7.546383653851034"><ele>2371.4</ele></trkpt><trkpt lat="46.16998755260977" lon="7.546331653839163"><ele>2371.5</ele></trkpt><trkpt lat="46.16996055253374" lon="7.546305653781117"><ele>2371.9</ele></trkpt><trkpt lat="46.16994255245729" lon="7.546254653724385"><ele>2372.3</ele></trkpt><trkpt lat="46.16983455190274" lon="7.546176653296879"><ele>2375.2</ele></trkpt><trkpt lat="46.169798551711615" lon="7.546176653147971"><ele>2376.2</ele></trkpt><trkpt lat="46.16978055167378" lon="7.546150653119699"><ele>2376.4</ele></trkpt><trkpt lat="46.169762551597444" lon="7.546137653060878"><ele>2376.8</ele></trkpt><trkpt lat="46.16973655157926" lon="7.546124653046854"><ele>2376.9</ele></trkpt><trkpt lat="46.16967355154346" lon="7.546124653017443"><ele>2377.1</ele></trkpt><trkpt lat="46.16955655139412" lon="7.54602065290465"><ele>2377.9</ele></trkpt><trkpt lat="46.16949355126187" lon="7.5460076528013875"><ele>2378.6</ele></trkpt><trkpt lat="46.16938555090029" lon="7.5459556525216165"><ele>2380.5</ele></trkpt><trkpt lat="46.16933155007338" lon="7.545812651888609"><ele>2384.8</ele></trkpt><trkpt lat="46.169313549476264" lon="7.545683651433569"><ele>2387.9</ele></trkpt><trkpt lat="46.16929554914904" lon="7.545553651187387"><ele>2389.6</ele></trkpt><trkpt lat="46.169322548858474" lon="7.5454896509670695"><ele>2391.1</ele></trkpt><trkpt lat="46.16935854858669" lon="7.545359650765287"><ele>2392.5</ele></trkpt><trkpt lat="46.169394548469306" lon="7.545320650677742"><ele>2393.1</ele></trkpt><trkpt lat="46.1694125483334" lon="7.545269650576076"><ele>2393.8</ele></trkpt><trkpt lat="46.169413548333196" lon="7.545191650580412"><ele>2393.8</ele></trkpt><trkpt lat="46.16947654804087" lon="7.545062650363495"><ele>2395.3</ele></trkpt><trkpt lat="46.16949454803986" lon="7.544984650367722"><ele>2395.3</ele></trkpt><trkpt lat="46.16949454811682" lon="7.544945650429539"><ele>2394.9</ele></trkpt><trkpt lat="46.16950354828974" lon="7.544880650567304"><ele>2394.0</ele></trkpt><trkpt lat="46.16947654840638" lon="7.544803650661236"><ele>2393.4</ele></trkpt><trkpt lat="46.16946754829091" lon="7.544725650576172"><ele>2394.0</ele></trkpt><trkpt lat="46.1694405483305" lon="7.54467365060907"><ele>2393.8</ele></trkpt><trkpt lat="46.16939554837103" lon="7.544660650639915"><ele>2393.6</ele></trkpt><trkpt lat="46.169341548335005" lon="7.544725650606833"><ele>2393.8</ele></trkpt><trkpt lat="46.16928754831827" lon="7.5447766505894425"><ele>2393.9</ele></trkpt><trkpt lat="46.16922454834045" lon="7.544815650602603"><ele>2393.8</ele></trkpt><trkpt lat="46.169134548575826" lon="7.544841650780691"><ele>2392.6</ele></trkpt><trkpt lat="46.16908954869339" lon="7.544815650871902"><ele>2392.0</ele></trkpt><trkpt lat="46.168981548254855" lon="7.544815650529667"><ele>2394.3</ele></trkpt><trkpt lat="46.16892754819944" lon="7.544827650484628"><ele>2394.6</ele></trkpt><trkpt lat="46.16887354816318" lon="7.5447886504573365"><ele>2394.8</ele></trkpt><trkpt lat="46.168747548033764" lon="7.544762650355249"><ele>2395.5</ele></trkpt><trkpt lat="46.16866654788304" lon="7.544723650238676"><ele>2396.3</ele></trkpt><trkpt lat="46.16859454788616" lon="7.544697650240607"><ele>2396.3</ele></trkpt><trkpt lat="46.16847754781439" lon="7.54476265017812"><ele>2396.7</ele></trkpt><trkpt lat="46.16841454770167" lon="7.544788650087626"><ele>2397.3</ele></trkpt><trkpt lat="46.16835154755033" lon="7.544813649967367"><ele>2398.1</ele></trkpt><trkpt lat="46.16826154728468" lon="7.544865649756312"><ele>2399.5</ele></trkpt><trkpt lat="46.16815354715487" lon="7.544981649646184"><ele>2400.2</ele></trkpt><trkpt lat="46.16801854675653" lon="7.54511164932669"><ele>2402.3</ele></trkpt><trkpt lat="46.16792854656815" lon="7.54522764917169"><ele>2403.3</ele></trkpt><trkpt lat="46.1678475463793" lon="7.545330649017354"><ele>2404.3</ele></trkpt><trkpt lat="46.16782954638029" lon="7.545395649013841"><ele>2404.3</ele></trkpt><trkpt lat="46.16778454617037" lon="7.5454346488479285"><ele>2405.4</ele></trkpt><trkpt lat="46.16767654584806" lon="7.5456026485857395"><ele>2407.1</ele></trkpt><trkpt lat="46.167631545676834" lon="7.545679648447516"><ele>2408.0</ele></trkpt><trkpt lat="46.167550545256724" lon="7.545757648115609"><ele>2410.2</ele></trkpt><trkpt lat="46.16754154521871" lon="7.545822648082199"><ele>2410.4</ele></trkpt><trkpt lat="46.16746954501015" lon="7.545886647915046"><ele>2411.5</ele></trkpt><trkpt lat="46.16737954468685" lon="7.546003647655561"><ele>2413.2</ele></trkpt><trkpt lat="46.167298544401646" lon="7.54608064742808"><ele>2414.7</ele></trkpt><trkpt lat="46.167235544404726" lon="7.546158647424123"><ele>2414.7</ele></trkpt><trkpt lat="46.16713654412031" lon="7.546248647196028"><ele>2416.2</ele></trkpt><trkpt lat="46.16710054419918" lon="7.546300647253"><ele>2415.8</ele></trkpt><trkpt lat="46.16700154399177" lon="7.546364647086015"><ele>2416.9</ele></trkpt><trkpt lat="46.16694754395578" lon="7.546403647054358"><ele>2417.1</ele></trkpt><trkpt lat="46.1668935438235" lon="7.546481646945939"><ele>2417.8</ele></trkpt><trkpt lat="46.166848543652364" lon="7.546571646806948"><ele>2418.7</ele></trkpt><trkpt lat="46.16680254353895" lon="7.546623646714844"><ele>2419.3</ele></trkpt><trkpt lat="46.166784543482166" lon="7.546688646666564"><ele>2419.6</ele></trkpt><trkpt lat="46.16678454355943" lon="7.54675264672262"><ele>2419.2</ele></trkpt><trkpt lat="46.16676654357959" lon="7.546791646735465"><ele>2419.1</ele></trkpt><trkpt lat="46.1667395435232" lon="7.546856646687241"><ele>2419.4</ele></trkpt><trkpt lat="46.166712543505334" lon="7.546921646668851"><ele>2419.5</ele></trkpt><trkpt lat="46.1667035434866" lon="7.546972646651124"><ele>2419.6</ele></trkpt><trkpt lat="46.16666754350778" lon="7.54707664666043"><ele>2419.5</ele></trkpt><trkpt lat="46.16665854350835" lon="7.547128646657565"><ele>2419.5</ele></trkpt><trkpt lat="46.166649543566706" lon="7.547179646699502"><ele>2419.2</ele></trkpt><trkpt lat="46.16666754368173" lon="7.547244646785218"><ele>2418.6</ele></trkpt><trkpt lat="46.16664054345183" lon="7.547296646603484"><ele>2419.8</ele></trkpt><trkpt lat="46.166640543336385" lon="7.547348646511054"><ele>2420.4</ele></trkpt><trkpt lat="46.16664054345214" lon="7.547412646596953"><ele>2419.8</ele></trkpt><trkpt lat="46.166631543279486" lon="7.54752964645618"><ele>2420.7</ele></trkpt><trkpt lat="46.16656854262736" lon="7.547606645945091"><ele>2424.1</ele></trkpt><trkpt lat="46.16655054233929" lon="7.547671645717792"><ele>2425.6</ele></trkpt><trkpt lat="46.16655054228173" lon="7.547736645669371"><ele>2425.9</ele></trkpt><trkpt lat="46.16653254208991" lon="7.547775645518118"><ele>2426.9</ele></trkpt><trkpt lat="46.166531542128695" lon="7.547839645544347"><ele>2426.7</ele></trkpt><trkpt lat="46.166504541706146" lon="7.547904645212673"><ele>2428.9</ele></trkpt><trkpt lat="46.16649554153326" lon="7.547943645076272"><ele>2429.8</ele></trkpt><trkpt lat="46.16650454149438" lon="7.547969645044904"><ele>2430.0</ele></trkpt><trkpt lat="46.16649554141783" lon="7.548021644982356"><ele>2430.4</ele></trkpt><trkpt lat="46.16651354132088" lon="7.5480856449040274"><ele>2430.9</ele></trkpt><trkpt lat="46.166531541204634" lon="7.548137644811456"><ele>2431.5</ele></trkpt><trkpt lat="46.1665315408773" lon="7.548228644552696"><ele>2433.2</ele></trkpt><trkpt lat="46.1665135406663" lon="7.548280644385774"><ele>2434.3</ele></trkpt><trkpt lat="46.1664955404553" lon="7.5483316442189"><ele>2435.4</ele></trkpt><trkpt lat="46.166468540225544" lon="7.5484226440349005"><ele>2436.6</ele></trkpt><trkpt lat="46.166459540052685" lon="7.548474643897745"><ele>2437.5</ele></trkpt><trkpt lat="46.16646853989853" lon="7.5486036437710196"><ele>2438.3</ele></trkpt><trkpt lat="46.16648653951266" lon="7.548720643465869"><ele>2440.3</ele></trkpt><trkpt lat="46.16651353928053" lon="7.548836643280065"><ele>2441.5</ele></trkpt><trkpt lat="46.166521539164684" lon="7.548875643188274"><ele>2442.1</ele></trkpt><trkpt lat="46.166548538990355" lon="7.548992643047165"><ele>2443.0</ele></trkpt><trkpt lat="46.16654853879792" lon="7.549069642893585"><ele>2444.0</ele></trkpt><trkpt lat="46.166557538566614" lon="7.5491866427078245"><ele>2445.2</ele></trkpt><trkpt lat="46.16657553850809" lon="7.549225642660721"><ele>2445.5</ele></trkpt><trkpt lat="46.166566538161895" lon="7.549290642388509"><ele>2447.3</ele></trkpt><trkpt lat="46.166566538084986" lon="7.5493546423251825"><ele>2447.7</ele></trkpt><trkpt lat="46.166557538143444" lon="7.549445642364824"><ele>2447.4</ele></trkpt><trkpt lat="46.16653053791358" lon="7.549484642183736"><ele>2448.6</ele></trkpt><trkpt lat="46.16653053768264" lon="7.549587641998808"><ele>2449.8</ele></trkpt><trkpt lat="46.16651253727928" lon="7.5497566416759385"><ele>2451.9</ele></trkpt><trkpt lat="46.16648553706877" lon="7.549820641508327"><ele>2453.0</ele></trkpt><trkpt lat="46.16646753685781" lon="7.5498856413406"><ele>2454.1</ele></trkpt><trkpt lat="46.166458536800405" lon="7.549885641295895"><ele>2454.4</ele></trkpt><trkpt lat="46.16640453655239" lon="7.549898641101532"><ele>2455.7</ele></trkpt><trkpt lat="46.16637753636094" lon="7.549898640952496"><ele>2456.7</ele></trkpt><trkpt lat="46.16634153616966" lon="7.549820640807983"><ele>2457.7</ele></trkpt><trkpt lat="46.16629653607527" lon="7.549794640735167"><ele>2458.2</ele></trkpt><trkpt lat="46.16626053596127" lon="7.549781640646627"><ele>2458.8</ele></trkpt><trkpt lat="46.16620653555889" lon="7.549729640336615"><ele>2460.9</ele></trkpt><trkpt lat="46.16612553544686" lon="7.549677640250619"><ele>2461.5</ele></trkpt><trkpt lat="46.166107535216284" lon="7.5496256400746615"><ele>2462.7</ele></trkpt><trkpt lat="46.166053535199396" lon="7.549599640061604"><ele>2462.8</ele></trkpt><trkpt lat="46.16603553494959" lon="7.549547639870733"><ele>2464.1</ele></trkpt><trkpt lat="46.166008534931535" lon="7.54953463985674"><ele>2464.2</ele></trkpt><trkpt lat="46.16597253487526" lon="7.549508639813715"><ele>2464.5</ele></trkpt><trkpt lat="46.16589153443538" lon="7.5493666394792385"><ele>2466.8</ele></trkpt><trkpt lat="46.16586453424374" lon="7.549301639333947"><ele>2467.8</ele></trkpt><trkpt lat="46.165864534012314" lon="7.549236639158636"><ele>2469.0</ele></trkpt><trkpt lat="46.165837534129196" lon="7.549236639248344"><ele>2468.4</ele></trkpt><trkpt lat="46.165810534188154" lon="7.549223639294037"><ele>2468.1</ele></trkpt><trkpt lat="46.16573053392192" lon="7.549171639088687"><ele>2469.5</ele></trkpt><trkpt lat="46.1657215337874" lon="7.549145638985804"><ele>2470.2</ele></trkpt><trkpt lat="46.165676533558084" lon="7.549107638809261"><ele>2471.4</ele></trkpt><trkpt lat="46.16566753330789" lon="7.549055638618352"><ele>2472.7</ele></trkpt><trkpt lat="46.165667533153666" lon="7.549029638500491"><ele>2473.5</ele></trkpt><trkpt lat="46.165676532864126" lon="7.548990638278876"><ele>2475.0</ele></trkpt><trkpt lat="46.16564053263443" lon="7.548951638102333"><ele>2476.2</ele></trkpt><trkpt lat="46.1656135325585" lon="7.548925638044338"><ele>2476.6</ele></trkpt><trkpt lat="46.16558653242478" lon="7.548886637942339"><ele>2477.3</ele></trkpt><trkpt lat="46.165586532174096" lon="7.548834637751386"><ele>2478.6</ele></trkpt><trkpt lat="46.16555953198259" lon="7.548796637604574"><ele>2479.6</ele></trkpt><trkpt lat="46.16554153173277" lon="7.54874463741375"><ele>2480.9</ele></trkpt><trkpt lat="46.16552353138665" lon="7.548692637148336"><ele>2482.7</ele></trkpt><trkpt lat="46.16552353100104" lon="7.548614636854465"><ele>2484.7</ele></trkpt><trkpt lat="46.16555953071044" lon="7.548627636629683"><ele>2486.2</ele></trkpt><trkpt lat="46.16560453045783" lon="7.548627636435428"><ele>2487.5</ele></trkpt><trkpt lat="46.16560453038074" lon="7.548614636376507"><ele>2487.9</ele></trkpt><trkpt lat="46.16555953019004" lon="7.548563636230581"><ele>2488.9</ele></trkpt><trkpt lat="46.165559529958614" lon="7.548511636054569"><ele>2490.1</ele></trkpt><trkpt lat="46.16554152982448" lon="7.54847263595253"><ele>2490.8</ele></trkpt><trkpt lat="46.16550552951749" lon="7.548342635721627"><ele>2492.4</ele></trkpt><trkpt lat="46.16550652926675" lon="7.548278635531396"><ele>2493.7</ele></trkpt><trkpt lat="46.16550652918964" lon="7.548252635473237"><ele>2494.1</ele></trkpt><trkpt lat="46.165488529074715" lon="7.548200635386875"><ele>2494.7</ele></trkpt><trkpt lat="46.16548852857334" lon="7.548070635006568"><ele>2497.3</ele></trkpt><trkpt lat="46.16550652818697" lon="7.548006634711818"><ele>2499.3</ele></trkpt><trkpt lat="46.16549752797526" lon="7.547941634551575"><ele>2500.4</ele></trkpt><trkpt lat="46.16547952774473" lon="7.547889634375721"><ele>2501.6</ele></trkpt><trkpt lat="46.165452527437296" lon="7.547773634144"><ele>2503.2</ele></trkpt><trkpt lat="46.165425527322896" lon="7.547734634056961"><ele>2503.8</ele></trkpt><trkpt lat="46.16541652713047" lon="7.5476956339101315"><ele>2504.8</ele></trkpt><trkpt lat="46.165380527054985" lon="7.547656633852989"><ele>2505.2</ele></trkpt><trkpt lat="46.1653535270561" lon="7.5476176338554515"><ele>2505.2</ele></trkpt><trkpt lat="46.165326527076544" lon="7.547591633872071"><ele>2505.1</ele></trkpt><trkpt lat="46.165272526905525" lon="7.547552633740474"><ele>2506.0</ele></trkpt><trkpt lat="46.16523652677215" lon="7.54748763364011"><ele>2506.7</ele></trkpt><trkpt lat="46.165156526467314" lon="7.547409633406569"><ele>2508.3</ele></trkpt><trkpt lat="46.16506652664486" lon="7.547383633542953"><ele>2507.4</ele></trkpt><trkpt lat="46.16504852652989" lon="7.547332633456564"><ele>2508.0</ele></trkpt><trkpt lat="46.165021526820134" lon="7.547319633681242"><ele>2506.5</ele></trkpt><trkpt lat="46.165012526550605" lon="7.547254633476281"><ele>2507.9</ele></trkpt><trkpt lat="46.16502152664642" lon="7.547215633553073"><ele>2507.4</ele></trkpt><trkpt lat="46.16502152701218" lon="7.547111633842526"><ele>2505.5</ele></trkpt><trkpt lat="46.1649765271487" lon="7.546982633954763"><ele>2504.8</ele></trkpt><trkpt lat="46.16497652701361" lon="7.546891633855666"><ele>2505.5</ele></trkpt><trkpt lat="46.16494052697653" lon="7.546826633829882"><ele>2505.7</ele></trkpt><trkpt lat="46.164931526880444" lon="7.546775633758348"><ele>2506.2</ele></trkpt><trkpt lat="46.164931526764704" lon="7.546723633671896"><ele>2506.8</ele></trkpt><trkpt lat="46.164949526609576" lon="7.546684633554736"><ele>2507.6</ele></trkpt><trkpt lat="46.164958526474194" lon="7.546632633453312"><ele>2508.3</ele></trkpt><trkpt lat="46.16494952637811" lon="7.546593633381085"><ele>2508.8</ele></trkpt><trkpt lat="46.16495852608853" lon="7.546529633161054"><ele>2510.3</ele></trkpt><trkpt lat="46.164968525779564" lon="7.546464632926167"><ele>2511.9</ele></trkpt><trkpt lat="46.164959525548625" lon="7.5463996327510685"><ele>2513.1</ele></trkpt><trkpt lat="46.164950525240585" lon="7.546334632516327"><ele>2514.7</ele></trkpt><trkpt lat="46.16492352506828" lon="7.546283632385288"><ele>2515.6</ele></trkpt><trkpt lat="46.16492352472129" lon="7.546218632120662"><ele>2517.4</ele></trkpt><trkpt lat="46.16490552425947" lon="7.546127631768223"><ele>2519.8</ele></trkpt><trkpt lat="46.16485152401139" lon="7.5460886315770255"><ele>2521.1</ele></trkpt><trkpt lat="46.164815523858906" lon="7.5460756314587405"><ele>2521.9</ele></trkpt><trkpt lat="46.16477052397652" lon="7.546049631550059"><ele>2521.3</ele></trkpt><trkpt lat="46.164725523997774" lon="7.546010631567576"><ele>2521.2</ele></trkpt><trkpt lat="46.16469852399888" lon="7.545959631570757"><ele>2521.2</ele></trkpt><trkpt lat="46.16468952405685" lon="7.545894631619371"><ele>2520.9</ele></trkpt><trkpt lat="46.16469852397898" lon="7.545751631568053"><ele>2521.3</ele></trkpt><trkpt lat="46.164689523902126" lon="7.545687631512225"><ele>2521.7</ele></trkpt><trkpt lat="46.164654523325396" lon="7.5455576310727706"><ele>2524.7</ele></trkpt><trkpt lat="46.16458252323229" lon="7.545518631001011"><ele>2525.2</ele></trkpt><trkpt lat="46.164510522850186" lon="7.545453630707123"><ele>2527.2</ele></trkpt><trkpt lat="46.164465522678704" lon="7.545401630576303"><ele>2528.1</ele></trkpt><trkpt lat="46.164402522469565" lon="7.545337630416499"><ele>2529.2</ele></trkpt><trkpt lat="46.164348522298475" lon="7.545259630287277"><ele>2530.1</ele></trkpt><trkpt lat="46.164321522106825" lon="7.545181630142956"><ele>2531.1</ele></trkpt><trkpt lat="46.16423152187986" lon="7.54518162996467"><ele>2532.3</ele></trkpt><trkpt lat="46.164168521767245" lon="7.545181629875654"><ele>2532.9</ele></trkpt><trkpt lat="46.16409652150098" lon="7.54521962966518"><ele>2534.3</ele></trkpt><trkpt lat="46.16404252131087" lon="7.545219629516458"><ele>2535.3</ele></trkpt><trkpt lat="46.16398852125567" lon="7.545232629471344"><ele>2535.6</ele></trkpt><trkpt lat="46.16393452104626" lon="7.545219629308481"><ele>2536.7</ele></trkpt><trkpt lat="46.16389852100942" lon="7.545232629278144"><ele>2536.9</ele></trkpt><trkpt lat="46.16387152104923" lon="7.545232629308155"><ele>2536.7</ele></trkpt><trkpt lat="46.163853520838124" lon="7.545219629145039"><ele>2537.8</ele></trkpt><trkpt lat="46.16381752064715" lon="7.545206628996964"><ele>2538.8</ele></trkpt><trkpt lat="46.16377252057218" lon="7.54519362893841"><ele>2539.2</ele></trkpt><trkpt lat="46.16373652034262" lon="7.545167628761284"><ele>2540.4</ele></trkpt><trkpt lat="46.16369152034473" lon="7.545167628761603"><ele>2540.4</ele></trkpt><trkpt lat="46.16365552026929" lon="7.545141628703754"><ele>2540.8</ele></trkpt><trkpt lat="46.163628520000756" lon="7.545115628496747"><ele>2542.2</ele></trkpt><trkpt lat="46.1635755196563" lon="7.545050628232595"><ele>2544.0</ele></trkpt><trkpt lat="46.16353951960024" lon="7.545050628188123"><ele>2544.3</ele></trkpt><trkpt lat="46.16351251952438" lon="7.545037628129447"><ele>2544.7</ele></trkpt><trkpt lat="46.163485519313575" lon="7.544985627968716"><ele>2545.8</ele></trkpt><trkpt lat="46.163431519084824" lon="7.544933627793267"><ele>2547.0</ele></trkpt><trkpt lat="46.163386518894185" lon="7.544894627646809"><ele>2548.0</ele></trkpt><trkpt lat="46.16335051887653" lon="7.5448686276337"><ele>2548.1</ele></trkpt><trkpt lat="46.16332351868506" lon="7.544817627487827"><ele>2549.1</ele></trkpt><trkpt lat="46.163278518513714" lon="7.544791627355509"><ele>2550.0</ele></trkpt><trkpt lat="46.1632155184589" lon="7.544790627311289"><ele>2550.3</ele></trkpt><trkpt lat="46.16316151811463" lon="7.544764627044859"><ele>2552.1</ele></trkpt><trkpt lat="46.16313451792315" lon="7.544739626897449"><ele>2553.1</ele></trkpt><trkpt lat="46.163089517559165" lon="7.544687626617598"><ele>2555.0</ele></trkpt><trkpt lat="46.163017517234955" lon="7.5446356263677625"><ele>2556.7</ele></trkpt><trkpt lat="46.16298151687053" lon="7.544596626087085"><ele>2558.6</ele></trkpt><trkpt lat="46.16291851652665" lon="7.54455762582151"><ele>2560.4</ele></trkpt><trkpt lat="46.16282851624183" lon="7.544505625601634"><ele>2561.9</ele></trkpt><trkpt lat="46.162721515957834" lon="7.544453625381879"><ele>2563.4</ele></trkpt><trkpt lat="46.16264051565333" lon="7.54441462514626"><ele>2565.0</ele></trkpt><trkpt lat="46.16254151484868" lon="7.5442976245278475"><ele>2569.2</ele></trkpt><trkpt lat="46.16246051413952" lon="7.544181623983807"><ele>2572.9</ele></trkpt><trkpt lat="46.162397513795455" lon="7.544090623721385"><ele>2574.7</ele></trkpt><trkpt lat="46.16236151337315" lon="7.543999623399151"><ele>2576.9</ele></trkpt><trkpt lat="46.16233451320099" lon="7.543960623267529"><ele>2577.8</ele></trkpt><trkpt lat="46.162253512857866" lon="7.543882623004482"><ele>2579.6</ele></trkpt><trkpt lat="46.162199512513546" lon="7.543805622741183"><ele>2581.4</ele></trkpt><trkpt lat="46.162163512168306" lon="7.543727622477827"><ele>2583.2</ele></trkpt><trkpt lat="46.16211951209324" lon="7.54368862242087"><ele>2583.6</ele></trkpt><trkpt lat="46.16210151193985" lon="7.543636622304879"><ele>2584.4</ele></trkpt><trkpt lat="46.16209251170897" lon="7.543584622129207"><ele>2585.6</ele></trkpt><trkpt lat="46.162056511363765" lon="7.543507621865807"><ele>2587.4</ele></trkpt><trkpt lat="46.162038510998435" lon="7.543416621588224"><ele>2589.3</ele></trkpt><trkpt lat="46.16199351084618" lon="7.543312621475583"><ele>2590.1</ele></trkpt><trkpt lat="46.16200251040255" lon="7.5432616211357875"><ele>2592.4</ele></trkpt><trkpt lat="46.16200251013269" lon="7.543196620931048"><ele>2593.8</ele></trkpt><trkpt lat="46.16199350984403" lon="7.543131620711478"><ele>2595.3</ele></trkpt><trkpt lat="46.161975509960385" lon="7.5431186208018195"><ele>2594.7</ele></trkpt><trkpt lat="46.161948509846056" lon="7.543092620714159"><ele>2595.3</ele></trkpt><trkpt lat="46.161921509654604" lon="7.543053620567669"><ele>2596.3</ele></trkpt><trkpt lat="46.16189450959814" lon="7.543053620523149"><ele>2596.6</ele></trkpt><trkpt lat="46.161876509772384" lon="7.543079620655845"><ele>2595.7</ele></trkpt><trkpt lat="46.16181350956354" lon="7.5430666204931445"><ele>2596.8</ele></trkpt><trkpt lat="46.16176850946943" lon="7.5430796204181565"><ele>2597.3</ele></trkpt><trkpt lat="46.16175050933541" lon="7.543053620315532"><ele>2598.0</ele></trkpt><trkpt lat="46.16166950905032" lon="7.543040620093342"><ele>2599.5</ele></trkpt><trkpt lat="46.16162450882123" lon="7.542988619917974"><ele>2600.7</ele></trkpt><trkpt lat="46.161526508363345" lon="7.5428716195680785"><ele>2603.1</ele></trkpt><trkpt lat="46.161454507865706" lon="7.542755619188151"><ele>2605.7</ele></trkpt><trkpt lat="46.161463507422084" lon="7.54269061884926"><ele>2608.0</ele></trkpt><trkpt lat="46.16142750752002" lon="7.542664618925617"><ele>2607.5</ele></trkpt><trkpt lat="46.16140950721249" lon="7.542586618692038"><ele>2609.1</ele></trkpt><trkpt lat="46.161391506789336" lon="7.5424836183705715"><ele>2611.3</ele></trkpt><trkpt lat="46.16134650657943" lon="7.542405618211716"><ele>2612.4</ele></trkpt><trkpt lat="46.161337506290714" lon="7.542327617992997"><ele>2613.9</ele></trkpt><trkpt lat="46.16122050554444" lon="7.542068617428455"><ele>2617.8</ele></trkpt><trkpt lat="46.161167504949425" lon="7.541900616977154"><ele>2620.9</ele></trkpt><trkpt lat="46.161131504719904" lon="7.541848616801779"><ele>2622.1</ele></trkpt><trkpt lat="46.16109550452892" lon="7.541809616655414"><ele>2623.1</ele></trkpt><trkpt lat="46.161086504182556" lon="7.541770616389649"><ele>2624.9</ele></trkpt><trkpt lat="46.16105050374105" lon="7.541679616052767"><ele>2627.2</ele></trkpt><trkpt lat="46.16097850366731" lon="7.541614615997668"><ele>2627.6</ele></trkpt><trkpt lat="46.16096050335977" lon="7.541524615764907"><ele>2629.2</ele></trkpt><trkpt lat="46.16096050285875" lon="7.541433615383084"><ele>2631.8</ele></trkpt><trkpt lat="46.16091550237913" lon="7.541330615017238"><ele>2634.3</ele></trkpt><trkpt lat="46.16086150195791" lon="7.541265614693837"><ele>2636.5</ele></trkpt><trkpt lat="46.1608075012285" lon="7.541200614132053"><ele>2640.3</ele></trkpt><trkpt lat="46.16072749978755" lon="7.541057613024023"><ele>2647.8</ele></trkpt><trkpt lat="46.16068249963567" lon="7.541044612905968"><ele>2648.6</ele></trkpt><trkpt lat="46.16067349944343" lon="7.541018612758654"><ele>2649.6</ele></trkpt><trkpt lat="46.16070049930731" lon="7.541018612654163"><ele>2650.3</ele></trkpt><trkpt lat="46.1607274989977" lon="7.540980612417933"><ele>2651.9</ele></trkpt><trkpt lat="46.160745498900546" lon="7.540980612343306"><ele>2652.4</ele></trkpt><trkpt lat="46.16078149882183" lon="7.541006612281842"><ele>2652.8</ele></trkpt><trkpt lat="46.16081749851184" lon="7.540993612044005"><ele>2654.4</ele></trkpt><trkpt lat="46.16080849826185" lon="7.540967611851992"><ele>2655.7</ele></trkpt><trkpt lat="46.16079049791596" lon="7.540928611586366"><ele>2657.5</ele></trkpt><trkpt lat="46.16072749759158" lon="7.540889611335973"><ele>2659.2</ele></trkpt><trkpt lat="46.160700497149776" lon="7.540837610996736"><ele>2661.5</ele></trkpt><trkpt lat="46.160673496688766" lon="7.54078561064261"><ele>2663.9</ele></trkpt><trkpt lat="46.160610496325866" lon="7.540759610361628"><ele>2665.8</ele></trkpt><trkpt lat="46.16048449554277" lon="7.540850609746082"><ele>2669.9</ele></trkpt><trkpt lat="46.1604664956015" lon="7.5408636097901"><ele>2669.6</ele></trkpt><trkpt lat="46.16048449538866" lon="7.540824609628515"><ele>2670.7</ele></trkpt><trkpt lat="46.16050249515657" lon="7.540798609451225"><ele>2671.9</ele></trkpt><trkpt lat="46.16052049444285" lon="7.540707608905539"><ele>2675.6</ele></trkpt><trkpt lat="46.16048449378949" lon="7.540591608406524"><ele>2679.0</ele></trkpt><trkpt lat="46.16041249390835" lon="7.540513608501311"><ele>2678.4</ele></trkpt><trkpt lat="46.16032249412417" lon="7.540358608675515"><ele>2677.3</ele></trkpt><trkpt lat="46.16027849416452" lon="7.540254608712123"><ele>2677.1</ele></trkpt><trkpt lat="46.1602064942641" lon="7.540176608792009"><ele>2676.6</ele></trkpt><trkpt lat="46.160188494361" lon="7.540098608871487"><ele>2676.1</ele></trkpt><trkpt lat="46.16009849440376" lon="7.540021608906745"><ele>2675.9</ele></trkpt><trkpt lat="46.16002649454204" lon="7.539995609013176"><ele>2675.2</ele></trkpt><trkpt lat="46.1599364945081" lon="7.540033608981681"><ele>2675.4</ele></trkpt><trkpt lat="46.15986449451167" lon="7.540046608981403"><ele>2675.4</ele></trkpt><trkpt lat="46.15982849466764" lon="7.5400726090992185"><ele>2674.6</ele></trkpt><trkpt lat="46.15980149470748" lon="7.540072609129211"><ele>2674.4</ele></trkpt><trkpt lat="46.159711494769475" lon="7.540007609178619"><ele>2674.1</ele></trkpt><trkpt lat="46.159639494965425" lon="7.539942609332155"><ele>2673.1</ele></trkpt><trkpt lat="46.15960349540977" lon="7.539838609681494"><ele>2670.8</ele></trkpt><trkpt lat="46.15951349560653" lon="7.539761609835907"><ele>2669.8</ele></trkpt><trkpt lat="46.15945049589813" lon="7.539657610066267"><ele>2668.3</ele></trkpt><trkpt lat="46.159415496111166" lon="7.539501610240065"><ele>2667.2</ele></trkpt><trkpt lat="46.15938849618929" lon="7.539424610304628"><ele>2666.8</ele></trkpt><trkpt lat="46.159361496363495" lon="7.5392946104469525"><ele>2665.9</ele></trkpt><trkpt lat="46.159352496344134" lon="7.539126610442557"><ele>2666.0</ele></trkpt><trkpt lat="46.15936149638186" lon="7.539022610478741"><ele>2665.8</ele></trkpt><trkpt lat="46.15945149626126" lon="7.538828610400763"><ele>2666.4</ele></trkpt><trkpt lat="46.159460496318346" lon="7.53875161045016"><ele>2666.1</ele></trkpt><trkpt lat="46.15949649625852" lon="7.53867361041006"><ele>2666.4</ele></trkpt><trkpt lat="46.159488496142636" lon="7.538440610335246"><ele>2667.0</ele></trkpt><trkpt lat="46.1594794961813" lon="7.538349610370747"><ele>2666.8</ele></trkpt><trkpt lat="46.15951549613977" lon="7.537974610363998"><ele>2667.0</ele></trkpt><trkpt lat="46.159488496198456" lon="7.537832610417691"><ele>2666.7</ele></trkpt><trkpt lat="46.1594974960434" lon="7.537663610309004"><ele>2667.5</ele></trkpt><trkpt lat="46.159488495947066" lon="7.537521610243444"><ele>2668.0</ele></trkpt><trkpt lat="46.15941749602686" lon="7.537288610318013"><ele>2667.6</ele></trkpt><trkpt lat="46.15937249612461" lon="7.537055610407272"><ele>2667.1</ele></trkpt><trkpt lat="46.1593634962209" lon="7.536925610489858"><ele>2666.6</ele></trkpt><trkpt lat="46.1593634962209" lon="7.536925610489858"><ele>2666.6</ele></trkpt><trkpt lat="46.15936349602806" lon="7.536835610346565"><ele>2667.6</ele></trkpt><trkpt lat="46.15935449606674" lon="7.5367576103812555"><ele>2667.4</ele></trkpt><trkpt lat="46.159363495892784" lon="7.536692610251235"><ele>2668.3</ele></trkpt><trkpt lat="46.15936349568068" lon="7.536602610093066"><ele>2669.4</ele></trkpt><trkpt lat="46.159336495585315" lon="7.536472610026915"><ele>2669.9</ele></trkpt><trkpt lat="46.159309495470666" lon="7.536330609946622"><ele>2670.5</ele></trkpt><trkpt lat="46.159292495586804" lon="7.536252610040927"><ele>2669.9</ele></trkpt><trkpt lat="46.15928349545214" lon="7.536161609942446"><ele>2670.6</ele></trkpt><trkpt lat="46.15922949549306" lon="7.5360976099766015"><ele>2670.4</ele></trkpt><trkpt lat="46.159211495455246" lon="7.536032609951003"><ele>2670.6</ele></trkpt><trkpt lat="46.15921149535875" lon="7.535954609881428"><ele>2671.1</ele></trkpt><trkpt lat="46.159193495397965" lon="7.535902609914568"><ele>2670.9</ele></trkpt><trkpt lat="46.159139495149354" lon="7.535604609740004"><ele>2672.2</ele></trkpt><trkpt lat="46.15910349501581" lon="7.535449609645727"><ele>2672.9</ele></trkpt><trkpt lat="46.15905849478655" lon="7.535320609475477"><ele>2674.1</ele></trkpt><trkpt lat="46.15903249457577" lon="7.535229609317609"><ele>2675.2</ele></trkpt><trkpt lat="46.15902349446048" lon="7.535164609232425"><ele>2675.8</ele></trkpt><trkpt lat="46.1590054944417" lon="7.535048609224907"><ele>2675.9</ele></trkpt><trkpt lat="46.15897849444279" lon="7.534970609229969"><ele>2675.9</ele></trkpt><trkpt lat="46.15896949430815" lon="7.534879609131522"><ele>2676.6</ele></trkpt><trkpt lat="46.15896049432739" lon="7.53473760915533"><ele>2676.5</ele></trkpt><trkpt lat="46.15896049423064" lon="7.534607609089025"><ele>2677.0</ele></trkpt><trkpt lat="46.15895149430765" lon="7.5344526091582855"><ele>2676.6</ele></trkpt><trkpt lat="46.15896949415237" lon="7.534349609045519"><ele>2677.4</ele></trkpt><trkpt lat="46.15898749422806" lon="7.534206609113835"><ele>2677.0</ele></trkpt><trkpt lat="46.158970494208845" lon="7.533973609113612"><ele>2677.1</ele></trkpt><trkpt lat="46.15895249407466" lon="7.533882609015253"><ele>2677.8</ele></trkpt><trkpt lat="46.158943494132686" lon="7.533818609063955"><ele>2677.5</ele></trkpt><trkpt lat="46.15895249407413" lon="7.533714609025733"><ele>2677.8</ele></trkpt><trkpt lat="46.158961493996344" lon="7.53362460897176"><ele>2678.2</ele></trkpt><trkpt lat="46.15896149399607" lon="7.533533608977437"><ele>2678.2</ele></trkpt><trkpt lat="46.15896149401511" lon="7.533468608996377"><ele>2678.1</ele></trkpt><trkpt lat="46.158988494071096" lon="7.5333396090488645"><ele>2677.8</ele></trkpt><trkpt lat="46.15898849407095" lon="7.533287609052108"><ele>2677.8</ele></trkpt><trkpt lat="46.15897949407105" lon="7.533171609059414"><ele>2677.8</ele></trkpt><trkpt lat="46.15898849405126" lon="7.53314560904609"><ele>2677.9</ele></trkpt><trkpt lat="46.158997494089164" lon="7.533106609078215"><ele>2677.7</ele></trkpt><trkpt lat="46.15900649412711" lon="7.533080609109525"><ele>2677.5</ele></trkpt><trkpt lat="46.15901549416496" lon="7.533002609144084"><ele>2677.3</ele></trkpt><trkpt lat="46.15902449422222" lon="7.5329766091902775"><ele>2677.0</ele></trkpt><trkpt lat="46.15902449424133" lon="7.532938609207529"><ele>2676.9</ele></trkpt><trkpt lat="46.159007494184294" lon="7.532912609164639"><ele>2677.2</ele></trkpt><trkpt lat="46.15896249393596" lon="7.532834608976417"><ele>2678.5</ele></trkpt><trkpt lat="46.158935493860106" lon="7.532782608920346"><ele>2678.9</ele></trkpt><trkpt lat="46.15890849376499" lon="7.532730608849401"><ele>2679.4</ele></trkpt><trkpt lat="46.158899493669054" lon="7.532691608777507"><ele>2679.9</ele></trkpt><trkpt lat="46.158890493650155" lon="7.53266660876426"><ele>2680.0</ele></trkpt><trkpt lat="46.15888149361202" lon="7.532640608736192"><ele>2680.2</ele></trkpt><trkpt lat="46.158881493496324" lon="7.5325886086501725"><ele>2680.8</ele></trkpt><trkpt lat="46.1588724934196" lon="7.532549608593161"><ele>2681.2</ele></trkpt><trkpt lat="46.158854493400945" lon="7.532458608584104"><ele>2681.3</ele></trkpt><trkpt lat="46.158854493362334" lon="7.532432608555974"><ele>2681.5</ele></trkpt><trkpt lat="46.15886349326553" lon="7.532394608483891"><ele>2682.0</ele></trkpt><trkpt lat="46.15885449322736" lon="7.532368608455829"><ele>2682.2</ele></trkpt><trkpt lat="46.158845493208425" lon="7.532329608443458"><ele>2682.3</ele></trkpt><trkpt lat="46.15883649318949" lon="7.5323036084302695"><ele>2682.4</ele></trkpt><trkpt lat="46.15882749322826" lon="7.5322516084633415"><ele>2682.2</ele></trkpt><trkpt lat="46.15882749318964" lon="7.532199608436838"><ele>2682.4</ele></trkpt><trkpt lat="46.1588274931895" lon="7.532161608439213"><ele>2682.4</ele></trkpt><trkpt lat="46.15883649316961" lon="7.532109608427521"><ele>2682.5</ele></trkpt><trkpt lat="46.1588364930732" lon="7.53207060835557"><ele>2683.0</ele></trkpt><trkpt lat="46.158836493034556" lon="7.532031608328255"><ele>2683.2</ele></trkpt><trkpt lat="46.15882749297715" lon="7.532005608285317"><ele>2683.5</ele></trkpt><trkpt lat="46.158818492919714" lon="7.531966608243194"><ele>2683.8</ele></trkpt><trkpt lat="46.15880949293938" lon="7.531940608259765"><ele>2683.7</ele></trkpt><trkpt lat="46.15881849288082" lon="7.5318506082206955"><ele>2684.0</ele></trkpt><trkpt lat="46.15881949286136" lon="7.5317986082090655"><ele>2684.1</ele></trkpt><trkpt lat="46.15881049274581" lon="7.53165660812876"><ele>2684.7</ele></trkpt><trkpt lat="46.15880149276544" lon="7.531630608145324"><ele>2684.6</ele></trkpt><trkpt lat="46.15879249278506" lon="7.531604608161892"><ele>2684.5</ele></trkpt><trkpt lat="46.15879249282342" lon="7.531565608194086"><ele>2684.3</ele></trkpt><trkpt lat="46.15878349288151" lon="7.531513608242032"><ele>2684.0</ele></trkpt><trkpt lat="46.15878349288133" lon="7.531461608245283"><ele>2684.0</ele></trkpt><trkpt lat="46.158792492899956" lon="7.53141060826328"><ele>2683.9</ele></trkpt><trkpt lat="46.15880149286093" lon="7.531397608234279"><ele>2684.1</ele></trkpt><trkpt lat="46.158801492803065" lon="7.531371608191275"><ele>2684.4</ele></trkpt><trkpt lat="46.15880149276449" lon="7.531345608163152"><ele>2684.6</ele></trkpt><trkpt lat="46.15880149270661" lon="7.531319608120156"><ele>2684.9</ele></trkpt><trkpt lat="46.158810492609845" lon="7.531293608047341"><ele>2685.4</ele></trkpt><trkpt lat="46.15878349259155" lon="7.531190608039113"><ele>2685.5</ele></trkpt><trkpt lat="46.15878349257226" lon="7.531164608025863"><ele>2685.6</ele></trkpt><trkpt lat="46.15877449257258" lon="7.531125608028373"><ele>2685.6</ele></trkpt><trkpt lat="46.15877449255322" lon="7.531099608015123"><ele>2685.7</ele></trkpt><trkpt lat="46.158774492514596" lon="7.531073607987003"><ele>2685.9</ele></trkpt><trkpt lat="46.15873849259313" lon="7.530982608052463"><ele>2685.5</ele></trkpt><trkpt lat="46.15873849249666" lon="7.53090560798291"><ele>2686.0</ele></trkpt><trkpt lat="46.158738492457836" lon="7.5308276079580425"><ele>2686.2</ele></trkpt><trkpt lat="46.158738492303534" lon="7.530749607843936"><ele>2687.0</ele></trkpt><trkpt lat="46.1587384922842" lon="7.530723607830691"><ele>2687.1</ele></trkpt><trkpt lat="46.15873849228406" lon="7.530685607833071"><ele>2687.1</ele></trkpt><trkpt lat="46.15873049228425" lon="7.530607607838015"><ele>2687.1</ele></trkpt><trkpt lat="46.1587034921891" lon="7.530542607767919"><ele>2687.6</ele></trkpt><trkpt lat="46.158685492055135" lon="7.5305296076647545"><ele>2688.3</ele></trkpt><trkpt lat="46.15867649194001" lon="7.530516607576399"><ele>2688.9</ele></trkpt><trkpt lat="46.15865849190234" lon="7.5305036075475975"><ele>2689.1</ele></trkpt><trkpt lat="46.158631491749595" lon="7.530490607429634"><ele>2689.9</ele></trkpt><trkpt lat="46.158613491711996" lon="7.5304906074000195"><ele>2690.1</ele></trkpt><trkpt lat="46.158604491673934" lon="7.53049060737034"><ele>2690.3</ele></trkpt><trkpt lat="46.15857749157893" lon="7.530477607296994"><ele>2690.8</ele></trkpt><trkpt lat="46.158559491579894" lon="7.530477607297127"><ele>2690.8</ele></trkpt><trkpt lat="46.158541491599976" lon="7.5304646073129495"><ele>2690.7</ele></trkpt><trkpt lat="46.15852349162014" lon="7.530464607327955"><ele>2690.6</ele></trkpt><trkpt lat="46.158496491659925" lon="7.530451607358717"><ele>2690.4</ele></trkpt><trkpt lat="46.15846949168052" lon="7.53045160737379"><ele>2690.3</ele></trkpt><trkpt lat="46.15844249173964" lon="7.530451607418608"><ele>2690.0</ele></trkpt><trkpt lat="46.158397491818945" lon="7.5304646074776205"><ele>2689.6</ele></trkpt><trkpt lat="46.158379491800574" lon="7.530464607462884"><ele>2689.7</ele></trkpt><trkpt lat="46.1583614917629" lon="7.530451607434085"><ele>2689.9</ele></trkpt><trkpt lat="46.15834349174453" lon="7.53043860742016"><ele>2690.0</ele></trkpt><trkpt lat="46.158325491726146" lon="7.530438607405423"><ele>2690.1</ele></trkpt><trkpt lat="46.15830749180416" lon="7.530464607463421"><ele>2689.7</ele></trkpt><trkpt lat="46.15828949184363" lon="7.530477607492486"><ele>2689.5</ele></trkpt><trkpt lat="46.15827149186379" lon="7.53047760750749"><ele>2689.4</ele></trkpt><trkpt lat="46.15825349188398" lon="7.530490607521682"><ele>2689.3</ele></trkpt><trkpt lat="46.15823549190415" lon="7.530503607535873"><ele>2689.2</ele></trkpt><trkpt lat="46.15821749194361" lon="7.530515607565001"><ele>2689.0</ele></trkpt><trkpt lat="46.15820849188632" lon="7.530528607519636"><ele>2689.3</ele></trkpt><trkpt lat="46.15819049188729" lon="7.530541607518956"><ele>2689.3</ele></trkpt><trkpt lat="46.15815449194692" lon="7.5305676075622126"><ele>2689.0</ele></trkpt><trkpt lat="46.15814549194739" lon="7.530580607561467"><ele>2689.0</ele></trkpt><trkpt lat="46.15810049191106" lon="7.530554607533681"><ele>2689.2</ele></trkpt><trkpt lat="46.158082491911934" lon="7.5305546075338174"><ele>2689.2</ele></trkpt><trkpt lat="46.15805549195176" lon="7.530554607563762"><ele>2689.0</ele></trkpt><trkpt lat="46.158028492010935" lon="7.530567607607768"><ele>2688.7</ele></trkpt><trkpt lat="46.15800149205082" lon="7.5305806076369"><ele>2688.5</ele></trkpt><trkpt lat="46.15798349203248" lon="7.53058060762216"><ele>2688.6</ele></trkpt><trkpt lat="46.15796549199487" lon="7.530580607592551"><ele>2688.8</ele></trkpt><trkpt lat="46.15795649193749" lon="7.530554607549627"><ele>2689.1</ele></trkpt><trkpt lat="46.157938491880614" lon="7.530541607505957"><ele>2689.4</ele></trkpt><trkpt lat="46.157929491842566" lon="7.530554607475464"><ele>2689.6</ele></trkpt><trkpt lat="46.15790249176691" lon="7.5305676074153585"><ele>2690.0</ele></trkpt><trkpt lat="46.15788449169077" lon="7.5305676073560015"><ele>2690.4</ele></trkpt><trkpt lat="46.157857491615154" lon="7.530580607295894"><ele>2690.8</ele></trkpt><trkpt lat="46.15783049163575" lon="7.5305676073117835"><ele>2690.7</ele></trkpt><trkpt lat="46.15779449169527" lon="7.530554607357485"><ele>2690.4</ele></trkpt><trkpt lat="46.157767491754306" lon="7.53054160740312"><ele>2690.1</ele></trkpt><trkpt lat="46.15771349191084" lon="7.530489607525767"><ele>2689.3</ele></trkpt><trkpt lat="46.15765949185564" lon="7.53045060748399"><ele>2689.6</ele></trkpt><trkpt lat="46.157632491741396" lon="7.530424607396589"><ele>2690.2</ele></trkpt><trkpt lat="46.157605491781155" lon="7.530398607428162"><ele>2690.0</ele></trkpt><trkpt lat="46.157542491938116" lon="7.530333607551683"><ele>2689.2</ele></trkpt><trkpt lat="46.157488491902086" lon="7.530268607526418"><ele>2689.4</ele></trkpt><trkpt lat="46.157470491960694" lon="7.530255607571977"><ele>2689.1</ele></trkpt><trkpt lat="46.15745249196148" lon="7.530216607574557"><ele>2689.1</ele></trkpt><trkpt lat="46.15742549205909" lon="7.5302166076491135"><ele>2688.6</ele></trkpt><trkpt lat="46.15739049206075" lon="7.530203607650192"><ele>2688.6</ele></trkpt><trkpt lat="46.15735449213958" lon="7.530203607709949"><ele>2688.2</ele></trkpt><trkpt lat="46.157327492102326" lon="7.530177607682035"><ele>2688.4</ele></trkpt><trkpt lat="46.15730949204544" lon="7.530164607638365"><ele>2688.7</ele></trkpt><trkpt lat="46.157291492007715" lon="7.530139607610323"><ele>2688.9</ele></trkpt><trkpt lat="46.15727349195084" lon="7.530126607566655"><ele>2689.2</ele></trkpt><trkpt lat="46.157237491952614" lon="7.530126607566924"><ele>2689.2</ele></trkpt><trkpt lat="46.15721949189571" lon="7.5301136075232575"><ele>2689.5</ele></trkpt><trkpt lat="46.157210491780546" lon="7.530087607435723"><ele>2690.1</ele></trkpt><trkpt lat="46.157165491744145" lon="7.530035607409575"><ele>2690.3</ele></trkpt><trkpt lat="46.157147491725695" lon="7.53000960739647"><ele>2690.4</ele></trkpt><trkpt lat="46.15712949170719" lon="7.529970607384175"><ele>2690.5</ele></trkpt><trkpt lat="46.15711149172726" lon="7.529931607401627"><ele>2690.4</ele></trkpt><trkpt lat="46.157084491747604" lon="7.529853607421587"><ele>2690.3</ele></trkpt><trkpt lat="46.15705749180664" lon="7.529840607467215"><ele>2690.0</ele></trkpt><trkpt lat="46.15703049178868" lon="7.529814607454177"><ele>2690.1</ele></trkpt><trkpt lat="46.15700349163588" lon="7.529789607336976"><ele>2690.9</ele></trkpt><trkpt lat="46.15697649150238" lon="7.529763607234714"><ele>2691.6</ele></trkpt><trkpt lat="46.15695849144542" lon="7.529737607191863"><ele>2691.9</ele></trkpt><trkpt lat="46.156940491369305" lon="7.529724607133331"><ele>2692.3</ele></trkpt><trkpt lat="46.15692249129312" lon="7.5297116070747965"><ele>2692.7</ele></trkpt><trkpt lat="46.156904491043576" lon="7.529659606884879"><ele>2694.0</ele></trkpt><trkpt lat="46.1568684908334" lon="7.529607606724835"><ele>2695.1</ele></trkpt><trkpt lat="46.15685949081454" lon="7.529581606711664"><ele>2695.2</ele></trkpt><trkpt lat="46.15684149077684" lon="7.529555606683694"><ele>2695.4</ele></trkpt><trkpt lat="46.15682349075842" lon="7.529529606670589"><ele>2695.5</ele></trkpt><trkpt lat="46.15680549072062" lon="7.529478606644186"><ele>2695.7</ele></trkpt><trkpt lat="46.156787490682916" lon="7.529439606617034"><ele>2695.9</ele></trkpt><trkpt lat="46.15676949064524" lon="7.529426606588241"><ele>2696.1</ele></trkpt><trkpt lat="46.156742490550286" lon="7.529413606514908"><ele>2696.6</ele></trkpt><trkpt lat="46.15671549039756" lon="7.52938760639779"><ele>2697.4</ele></trkpt><trkpt lat="46.15669849030206" lon="7.529374606324382"><ele>2697.9</ele></trkpt><trkpt lat="46.15668949020617" lon="7.529348606251736"><ele>2698.4</ele></trkpt><trkpt lat="46.15668049009105" lon="7.5293226061642216"><ele>2699.0</ele></trkpt><trkpt lat="46.15667149003357" lon="7.529283606122128"><ele>2699.3</ele></trkpt><trkpt lat="46.15663548995825" lon="7.529231606066193"><ele>2699.7</ele></trkpt><trkpt lat="46.156608489882515" lon="7.529205606008552"><ele>2700.1</ele></trkpt><trkpt lat="46.156554489653956" lon="7.529141605834552"><ele>2701.3</ele></trkpt><trkpt lat="46.15651848954017" lon="7.529115605747242"><ele>2701.9</ele></trkpt><trkpt lat="46.156464489292404" lon="7.529050605558443"><ele>2703.2</ele></trkpt><trkpt lat="46.15642848904375" lon="7.528998605368691"><ele>2704.5</ele></trkpt><trkpt lat="46.15641048887119" lon="7.528946605238287"><ele>2705.4</ele></trkpt><trkpt lat="46.15638348871832" lon="7.52889460512282"><ele>2706.2</ele></trkpt><trkpt lat="46.15634748854662" lon="7.528804604994951"><ele>2707.1</ele></trkpt><trkpt lat="46.15632948854718" lon="7.528700605001643"><ele>2707.1</ele></trkpt><trkpt lat="46.15632948852773" lon="7.528648604990056"><ele>2707.2</ele></trkpt><trkpt lat="46.15630248847114" lon="7.528584604949693"><ele>2707.5</ele></trkpt><trkpt lat="46.15629348841366" lon="7.528532604908439"><ele>2707.8</ele></trkpt><trkpt lat="46.15625748833813" lon="7.528428604855802"><ele>2708.2</ele></trkpt><trkpt lat="46.156257488338014" lon="7.528402604857442"><ele>2708.2</ele></trkpt><trkpt lat="46.156240488281014" lon="7.528363604815432"><ele>2708.5</ele></trkpt><trkpt lat="46.156213488320695" lon="7.5283256048477645"><ele>2708.3</ele></trkpt><trkpt lat="46.1561954882831" lon="7.528312604818985"><ele>2708.5</ele></trkpt><trkpt lat="46.15606948801993" lon="7.52832460461103"><ele>2709.9</ele></trkpt><trkpt lat="46.15598848785069" lon="7.528311604478657"><ele>2710.8</ele></trkpt><trkpt lat="46.15593448762243" lon="7.528311604300657"><ele>2712.0</ele></trkpt><trkpt lat="46.15588948737444" lon="7.528311604107724"><ele>2713.3</ele></trkpt><trkpt lat="46.15587148729826" lon="7.528298604049215"><ele>2713.7</ele></trkpt><trkpt lat="46.15582648708875" lon="7.528298603886017"><ele>2714.8</ele></trkpt><trkpt lat="46.155790486955674" lon="7.528246603785506"><ele>2715.5</ele></trkpt><trkpt lat="46.15574548676527" lon="7.528194603640473"><ele>2716.5</ele></trkpt><trkpt lat="46.15571848676653" lon="7.528181603641496"><ele>2716.5</ele></trkpt><trkpt lat="46.15564648634675" lon="7.5281946033141525"><ele>2718.7</ele></trkpt><trkpt lat="46.1556014862142" lon="7.528181603211246"><ele>2719.4</ele></trkpt><trkpt lat="46.15559248598351" lon="7.528142603035388"><ele>2720.6</ele></trkpt><trkpt lat="46.15555648521457" lon="7.527909602455797"><ele>2724.6</ele></trkpt><trkpt lat="46.15552948504243" lon="7.527832602327096"><ele>2725.5</ele></trkpt><trkpt lat="46.15548448454373" lon="7.527676601950846"><ele>2728.1</ele></trkpt><trkpt lat="46.15546748421692" lon="7.527573601704819"><ele>2729.8</ele></trkpt><trkpt lat="46.15544948406374" lon="7.527534601588517"><ele>2730.6</ele></trkpt><trkpt lat="46.15544948398633" lon="7.527417601536502"><ele>2731.0</ele></trkpt><trkpt lat="46.15544048365896" lon="7.5272366012954"><ele>2732.7</ele></trkpt><trkpt lat="46.155440483581756" lon="7.527184601239255"><ele>2733.1</ele></trkpt><trkpt lat="46.155467483368156" lon="7.527029601085426"><ele>2734.2</ele></trkpt><trkpt lat="46.15546748334884" lon="7.527016601071387"><ele>2734.3</ele></trkpt><trkpt lat="46.1554494833496" lon="7.526964601074839"><ele>2734.3</ele></trkpt><trkpt lat="46.15542248335065" lon="7.52687360108084"><ele>2734.3</ele></trkpt><trkpt lat="46.15541348329314" lon="7.526796601041229"><ele>2734.6</ele></trkpt><trkpt lat="46.15543148309931" lon="7.526679600899921"><ele>2735.6</ele></trkpt><trkpt lat="46.155413482752984" lon="7.526459600646559"><ele>2737.4</ele></trkpt><trkpt lat="46.15539548271523" lon="7.526407600620289"><ele>2737.6</ele></trkpt><trkpt lat="46.155396482599436" lon="7.526330600536026"><ele>2738.2</ele></trkpt><trkpt lat="46.1553694825235" lon="7.526239600482586"><ele>2738.6</ele></trkpt><trkpt lat="46.1553694823884" lon="7.526136600385134"><ele>2739.3</ele></trkpt><trkpt lat="46.15533348192781" lon="7.526006600037036"><ele>2741.7</ele></trkpt><trkpt lat="46.155315481909284" lon="7.525954600025631"><ele>2741.8</ele></trkpt><trkpt lat="46.15528848189132" lon="7.525928600012636"><ele>2741.9</ele></trkpt><trkpt lat="46.15524348181641" lon="7.525876599956859"><ele>2742.3</ele></trkpt><trkpt lat="46.15518948162633" lon="7.525773599815242"><ele>2743.3</ele></trkpt><trkpt lat="46.15516248151195" lon="7.52569559973127"><ele>2743.9</ele></trkpt><trkpt lat="46.15510848137954" lon="7.525579599635079"><ele>2744.6</ele></trkpt><trkpt lat="46.15508148122657" lon="7.525475599523058"><ele>2745.4</ele></trkpt><trkpt lat="46.155063481111746" lon="7.52538459943986"><ele>2746.0</ele></trkpt><trkpt lat="46.1550284810554" lon="7.52528159940214"><ele>2746.3</ele></trkpt><trkpt lat="46.15499248103748" lon="7.5251385993967075"><ele>2746.4</ele></trkpt><trkpt lat="46.1549564809236" lon="7.525073599311989"><ele>2747.0</ele></trkpt><trkpt lat="46.1549114808486" lon="7.524970599259489"><ele>2747.4</ele></trkpt><trkpt lat="46.1548844808113" lon="7.524918599233306"><ele>2747.6</ele></trkpt><trkpt lat="46.15478548046875" lon="7.524594598987367"><ele>2749.4</ele></trkpt><trkpt lat="46.154731480297386" lon="7.524335598870663"><ele>2750.3</ele></trkpt><trkpt lat="46.15471448025878" lon="7.524038598860121"><ele>2750.5</ele></trkpt><trkpt lat="46.15472348027716" lon="7.523921598882408"><ele>2750.4</ele></trkpt><trkpt lat="46.15475048021759" lon="7.523792598845906"><ele>2750.7</ele></trkpt><trkpt lat="46.15475948025549" lon="7.523740598878884"><ele>2750.5</ele></trkpt><trkpt lat="46.15472348016068" lon="7.523623598812381"><ele>2751.0</ele></trkpt><trkpt lat="46.15472348016068" lon="7.523623598812381"><ele>2751.0</ele></trkpt><trkpt lat="46.15470548000719" lon="7.523494598701947"><ele>2751.8</ele></trkpt><trkpt lat="46.154660479257814" lon="7.52320959814125"><ele>2755.7</ele></trkpt><trkpt lat="46.15464247869989" lon="7.523028597722253"><ele>2758.6</ele></trkpt><trkpt lat="46.15466147821704" lon="7.52282159736408"><ele>2761.1</ele></trkpt><trkpt lat="46.15469747767557" lon="7.52262759696041"><ele>2763.9</ele></trkpt><trkpt lat="46.154724476999746" lon="7.522420596453704"><ele>2767.4</ele></trkpt><trkpt lat="46.154760476554664" lon="7.522264596121898"><ele>2769.7</ele></trkpt><trkpt lat="46.15480547618617" lon="7.5221225958485345"><ele>2771.6</ele></trkpt><trkpt lat="46.15483247574148" lon="7.521954595517603"><ele>2773.9</ele></trkpt><trkpt lat="46.15497647534837" lon="7.521747595232868"><ele>2775.9</ele></trkpt><trkpt lat="46.155066475035326" lon="7.521605595003759"><ele>2777.5</ele></trkpt><trkpt lat="46.155147474684355" lon="7.521527594740884"><ele>2779.3</ele></trkpt><trkpt lat="46.155183474663055" lon="7.521475594729123"><ele>2779.4</ele></trkpt><trkpt lat="46.15524647433171" lon="7.521217594492914"><ele>2781.1</ele></trkpt><trkpt lat="46.15529147427127" lon="7.521113594454762"><ele>2781.4</ele></trkpt><trkpt lat="46.15529147427127" lon="7.521113594454762"><ele>2781.4</ele></trkpt><trkpt lat="46.155382474092924" lon="7.520984594328788"><ele>2782.3</ele></trkpt><trkpt lat="46.155427474071054" lon="7.520893594319496"><ele>2782.4</ele></trkpt><trkpt lat="46.15545447401169" lon="7.5208295942788945"><ele>2782.7</ele></trkpt><trkpt lat="46.15560747352134" lon="7.520479593929224"><ele>2785.2</ele></trkpt><trkpt lat="46.155652473383654" lon="7.5202985938367"><ele>2785.9</ele></trkpt><trkpt lat="46.15567947328544" lon="7.520130593773172"><ele>2786.4</ele></trkpt><trkpt lat="46.15574247299274" lon="7.519936593562587"><ele>2787.9</ele></trkpt><trkpt lat="46.15574247299274" lon="7.519936593562587"><ele>2787.9</ele></trkpt><trkpt lat="46.15583247281477" lon="7.519910593429959"><ele>2788.8</ele></trkpt><trkpt lat="46.15589547267676" lon="7.51991059332555"><ele>2789.5</ele></trkpt><trkpt lat="46.156021472150314" lon="7.519884592925413"><ele>2792.2</ele></trkpt><trkpt lat="46.15606647191686" lon="7.519846592749379"><ele>2793.4</ele></trkpt><trkpt lat="46.156165471565146" lon="7.519820592483071"><ele>2795.2</ele></trkpt><trkpt lat="46.156318471422296" lon="7.519794592379664"><ele>2795.9</ele></trkpt><trkpt lat="46.15637247140012" lon="7.519743592367723"><ele>2796.0</ele></trkpt><trkpt lat="46.15642647147419" lon="7.519691592430084"><ele>2795.6</ele></trkpt><trkpt lat="46.156507471450624" lon="7.519665592416304"><ele>2795.7</ele></trkpt><trkpt lat="46.156570470966024" lon="7.51965259204551"><ele>2798.2</ele></trkpt><trkpt lat="46.15661547050179" lon="7.519704591685457"><ele>2800.6</ele></trkpt><trkpt lat="46.156651470268855" lon="7.519691591507874"><ele>2801.8</ele></trkpt><trkpt lat="46.15670546993871" lon="7.519678591255916"><ele>2803.5</ele></trkpt><trkpt lat="46.156840469469685" lon="7.519704590896856"><ele>2805.9</ele></trkpt><trkpt lat="46.15698446909638" lon="7.51969259061445"><ele>2807.8</ele></trkpt><trkpt lat="46.15705646882309" lon="7.519692590406043"><ele>2809.2</ele></trkpt><trkpt lat="46.15711046874318" lon="7.519679590347089"><ele>2809.6</ele></trkpt><trkpt lat="46.15714646874133" lon="7.51967959034681"><ele>2809.6</ele></trkpt><trkpt lat="46.157182468701066" lon="7.5197055903151355"><ele>2809.8</ele></trkpt><trkpt lat="46.15724446852486" lon="7.519809590174218"><ele>2810.7</ele></trkpt><trkpt lat="46.15728046854241" lon="7.519860590185442"><ele>2810.6</ele></trkpt><trkpt lat="46.15732546840543" lon="7.51988659007946"><ele>2811.3</ele></trkpt><trkpt lat="46.15736146811499" lon="7.519964589851364"><ele>2812.8</ele></trkpt><trkpt lat="46.157397467478155" lon="7.520081589353448"><ele>2816.1</ele></trkpt><trkpt lat="46.15743346682205" lon="7.520197588840728"><ele>2819.5</ele></trkpt><trkpt lat="46.15749646637597" lon="7.520223588497029"><ele>2821.8</ele></trkpt><trkpt lat="46.157595465774264" lon="7.520314588029982"><ele>2824.9</ele></trkpt><trkpt lat="46.15764046552166" lon="7.520340587834897"><ele>2826.2</ele></trkpt><trkpt lat="46.1577754650141" lon="7.520366587446081"><ele>2828.8</ele></trkpt><trkpt lat="46.1578384647605" lon="7.520379587251704"><ele>2830.1</ele></trkpt><trkpt lat="46.15785646464414" lon="7.52040558716076"><ele>2830.7</ele></trkpt><trkpt lat="46.15787446450861" lon="7.5204705870523885"><ele>2831.4</ele></trkpt><trkpt lat="46.15790146435346" lon="7.520547586928303"><ele>2832.2</ele></trkpt><trkpt lat="46.15794646415872" lon="7.52059958677603"><ele>2833.2</ele></trkpt><trkpt lat="46.15797346406095" lon="7.520586586702436"><ele>2833.7</ele></trkpt><trkpt lat="46.15802746390409" lon="7.520599586582364"><ele>2834.5</ele></trkpt><trkpt lat="46.15804446388417" lon="7.520651586563945"><ele>2834.6</ele></trkpt><trkpt lat="46.158080463728346" lon="7.520677586443156"><ele>2835.4</ele></trkpt><trkpt lat="46.15817046345413" lon="7.520703586232846"><ele>2836.8</ele></trkpt><trkpt lat="46.15820646333677" lon="7.520716586142613"><ele>2837.4</ele></trkpt><trkpt lat="46.15825146321898" lon="7.5207555860505835"><ele>2838.0</ele></trkpt><trkpt lat="46.15827846314059" lon="7.52076858599011"><ele>2838.4</ele></trkpt><trkpt lat="46.15833246304148" lon="7.520768585915442"><ele>2838.9</ele></trkpt><trkpt lat="46.15839546280705" lon="7.520755585737623"><ele>2840.1</ele></trkpt><trkpt lat="46.15847646259081" lon="7.5207175855761665"><ele>2841.2</ele></trkpt><trkpt lat="46.15855746247082" lon="7.520652585490745"><ele>2841.8</ele></trkpt><trkpt lat="46.158620462467226" lon="7.520587585494559"><ele>2841.8</ele></trkpt><trkpt lat="46.158719462192245" lon="7.5205235852901415"><ele>2843.2</ele></trkpt><trkpt lat="46.1588364617234" lon="7.520381584942281"><ele>2845.6</ele></trkpt><trkpt lat="46.15887246150963" lon="7.520355584780393"><ele>2846.7</ele></trkpt><trkpt lat="46.158935461101585" lon="7.5202645844741305"><ele>2848.8</ele></trkpt><trkpt lat="46.159007460442645" lon="7.5201485839764475"><ele>2852.2</ele></trkpt><trkpt lat="46.15904346009385" lon="7.5200575837149595"><ele>2854.0</ele></trkpt><trkpt lat="46.15908845984076" lon="7.51995458352845"><ele>2855.3</ele></trkpt><trkpt lat="46.15912445958817" lon="7.519850583342077"><ele>2856.6</ele></trkpt><trkpt lat="46.159143459490544" lon="7.519760583273689"><ele>2857.1</ele></trkpt><trkpt lat="46.1591794595651" lon="7.519604583343191"><ele>2856.7</ele></trkpt><trkpt lat="46.15920645985217" lon="7.519501583572533"><ele>2855.2</ele></trkpt><trkpt lat="46.159242459984846" lon="7.519436583680505"><ele>2854.5</ele></trkpt><trkpt lat="46.159260460041395" lon="7.519358583730093"><ele>2854.2</ele></trkpt><trkpt lat="46.15926946007903" lon="7.519242583767435"><ele>2854.0</ele></trkpt><trkpt lat="46.15929645982686" lon="7.519126583581951"><ele>2855.3</ele></trkpt><trkpt lat="46.159350459226566" lon="7.518996583129987"><ele>2858.4</ele></trkpt><trkpt lat="46.15936845897499" lon="7.518918582942061"><ele>2859.7</ele></trkpt><trkpt lat="46.15936845870504" lon="7.518815582741104"><ele>2861.1</ele></trkpt><trkpt lat="46.15935045855171" lon="7.518750582626828"><ele>2861.9</ele></trkpt><trkpt lat="46.159350458436" lon="7.518711582540366"><ele>2862.5</ele></trkpt><trkpt lat="46.1593864582608" lon="7.51871158240648"><ele>2863.4</ele></trkpt><trkpt lat="46.159512457464906" lon="7.518815581789902"><ele>2867.5</ele></trkpt><trkpt lat="46.159566457230945" lon="7.5188155816113404"><ele>2868.7</ele></trkpt><trkpt lat="46.159602457094365" lon="7.5188675815036605"><ele>2869.4</ele></trkpt><trkpt lat="46.159701456665786" lon="7.518958581170197"><ele>2871.6</ele></trkpt><trkpt lat="46.15977345614213" lon="7.519010580765323"><ele>2874.3</ele></trkpt><trkpt lat="46.159791456025815" lon="7.519049580673495"><ele>2874.9</ele></trkpt><trkpt lat="46.15983645596589" lon="7.5191265806234355"><ele>2875.2</ele></trkpt><trkpt lat="46.1598814556171" lon="7.519204580350625"><ele>2877.0</ele></trkpt><trkpt lat="46.16006945464454" lon="7.519308579599856"><ele>2882.0</ele></trkpt><trkpt lat="46.16014145469864" lon="7.519360579640324"><ele>2881.7</ele></trkpt><trkpt lat="46.16017745477386" lon="7.5193995796968"><ele>2881.3</ele></trkpt><trkpt lat="46.160267454904094" lon="7.519451579796515"><ele>2880.6</ele></trkpt><trkpt lat="46.16030345503697" lon="7.519451579900155"><ele>2879.9</ele></trkpt><trkpt lat="46.16038445503253" lon="7.51941257990213"><ele>2879.9</ele></trkpt><trkpt lat="46.16043845504873" lon="7.51937357991917"><ele>2879.8</ele></trkpt><trkpt lat="46.16046545506644" lon="7.519334579936421"><ele>2879.7</ele></trkpt><trkpt lat="46.16047445541222" lon="7.519218580211367"><ele>2877.9</ele></trkpt><trkpt lat="46.16051045602611" lon="7.519075580695742"><ele>2874.7</ele></trkpt><trkpt lat="46.1605554569476" lon="7.518907581419219"><ele>2869.9</ele></trkpt><trkpt lat="46.16055645717842" lon="7.5188435816016375"><ele>2868.7</ele></trkpt><trkpt lat="46.160601457291484" lon="7.518817581692093"><ele>2868.1</ele></trkpt><trkpt lat="46.160628457520886" lon="7.518739581875233"><ele>2866.9</ele></trkpt><trkpt lat="46.16063745775134" lon="7.5186875820567804"><ele>2865.7</ele></trkpt><trkpt lat="46.16066445790383" lon="7.518649582177861"><ele>2864.9</ele></trkpt><trkpt lat="46.16070945836349" lon="7.518597582537253"><ele>2862.5</ele></trkpt><trkpt lat="46.160718458805725" lon="7.518506582884675"><ele>2860.2</ele></trkpt><trkpt lat="46.1607724592454" lon="7.518390583233402"><ele>2857.9</ele></trkpt><trkpt lat="46.16080845945527" lon="7.518351583399"><ele>2856.8</ele></trkpt><trkpt lat="46.160835459646385" lon="7.518338583548097"><ele>2855.8</ele></trkpt><trkpt lat="46.16086245985677" lon="7.518325583712033"><ele>2854.7</ele></trkpt><trkpt lat="46.16086246033798" lon="7.518235584089123"><ele>2852.2</ele></trkpt><trkpt lat="46.16088046049099" lon="7.518196584210324"><ele>2851.4</ele></trkpt><trkpt lat="46.16088046058717" lon="7.5181705842862705"><ele>2850.9</ele></trkpt><trkpt lat="46.16088046066406" lon="7.518131584348239"><ele>2850.5</ele></trkpt><trkpt lat="46.16088046070254" lon="7.518105584379657"><ele>2850.3</ele></trkpt><trkpt lat="46.16089846085547" lon="7.51805358450172"><ele>2849.5</ele></trkpt><trkpt lat="46.16091646093147" lon="7.518027584562677"><ele>2849.1</ele></trkpt><trkpt lat="46.160925461008006" lon="7.518015584622779"><ele>2848.7</ele></trkpt><trkpt lat="46.160943461083974" lon="7.517989584683734"><ele>2848.3</ele></trkpt><trkpt lat="46.16094346116096" lon="7.5179635847448365"><ele>2847.9</ele></trkpt><trkpt lat="46.16095246123738" lon="7.517924584806731"><ele>2847.5</ele></trkpt><trkpt lat="46.16095246139123" lon="7.517859584929789"><ele>2846.7</ele></trkpt><trkpt lat="46.16095246144894" lon="7.517833584976042"><ele>2846.4</ele></trkpt><trkpt lat="46.160988461523864" lon="7.517769585039383"><ele>2846.0</ele></trkpt><trkpt lat="46.16101546148366" lon="7.5176915850146635"><ele>2846.2</ele></trkpt><trkpt lat="46.161033461482624" lon="7.517665585016248"><ele>2846.2</ele></trkpt><trkpt lat="46.16106046146178" lon="7.517626585003782"><ele>2846.3</ele></trkpt><trkpt lat="46.1611234614198" lon="7.517575584976991"><ele>2846.5</ele></trkpt><trkpt lat="46.16115046141834" lon="7.51756258497764"><ele>2846.5</ele></trkpt><trkpt lat="46.16117746139759" lon="7.517562584962586"><ele>2846.6</ele></trkpt><trkpt lat="46.16119546133888" lon="7.5175625849179175"><ele>2846.9</ele></trkpt><trkpt lat="46.161231461240774" lon="7.517588584841697"><ele>2847.4</ele></trkpt><trkpt lat="46.16124946118204" lon="7.517588584797031"><ele>2847.7</ele></trkpt><trkpt lat="46.16127646114212" lon="7.5175885847671315"><ele>2847.9</ele></trkpt><trkpt lat="46.16130346112139" lon="7.517588584752077"><ele>2848.0</ele></trkpt><trkpt lat="46.1613214610627" lon="7.517601584706548"><ele>2848.3</ele></trkpt><trkpt lat="46.16133946100393" lon="7.517588584662737"><ele>2848.6</ele></trkpt><trkpt lat="46.16134846094562" lon="7.517575584619005"><ele>2848.9</ele></trkpt><trkpt lat="46.161384460866735" lon="7.517588584558492"><ele>2849.3</ele></trkpt><trkpt lat="46.16140246080797" lon="7.517588584513823"><ele>2849.6</ele></trkpt><trkpt lat="46.16143846069054" lon="7.517588584424485"><ele>2850.2</ele></trkpt><trkpt lat="46.16144746067075" lon="7.5175885844095705"><ele>2850.3</ele></trkpt><trkpt lat="46.161465460592865" lon="7.517614584348331"><ele>2850.7</ele></trkpt><trkpt lat="46.16147446053464" lon="7.517627584302868"><ele>2851.0</ele></trkpt><trkpt lat="46.161492460456735" lon="7.517653584241626"><ele>2851.4</ele></trkpt><trkpt lat="46.1615104603788" lon="7.517666584181255"><ele>2851.8</ele></trkpt><trkpt lat="46.161546460222915" lon="7.517705584059632"><ele>2852.6</ele></trkpt><trkpt lat="46.16156446012573" lon="7.517718583984415"><ele>2853.1</ele></trkpt><trkpt lat="46.16159145995103" lon="7.517744583848885"><ele>2854.0</ele></trkpt><trkpt lat="46.161618459872614" lon="7.517770583787568"><ele>2854.4</ele></trkpt><trkpt lat="46.161636459717634" lon="7.51778358366782"><ele>2855.2</ele></trkpt><trkpt lat="46.161663459562156" lon="7.517796583547997"><ele>2856.0</ele></trkpt><trkpt lat="46.16168145944577" lon="7.5178345834562625"><ele>2856.6</ele></trkpt><trkpt lat="46.16170845930953" lon="7.517847583351287"><ele>2857.3</ele></trkpt><trkpt lat="46.16172645919311" lon="7.517873583260352"><ele>2857.9</ele></trkpt><trkpt lat="46.161762459037526" lon="7.517990583133522"><ele>2858.7</ele></trkpt><trkpt lat="46.16177945899821" lon="7.518029583101101"><ele>2858.9</ele></trkpt><trkpt lat="46.16179745899738" lon="7.518068583098356"><ele>2858.9</ele></trkpt><trkpt lat="46.16181545893878" lon="7.518106583051149"><ele>2859.2</ele></trkpt><trkpt lat="46.161824458880645" lon="7.518132583004813"><ele>2859.5</ele></trkpt><trkpt lat="46.16183345882247" lon="7.518158582958475"><ele>2859.8</ele></trkpt><trkpt lat="46.16187845860831" lon="7.518197582792238"><ele>2860.9</ele></trkpt><trkpt lat="46.16191445835622" lon="7.518249582595509"><ele>2862.2</ele></trkpt><trkpt lat="46.161932458239676" lon="7.518262582505436"><ele>2862.8</ele></trkpt><trkpt lat="46.16193245814348" lon="7.518288582429477"><ele>2863.3</ele></trkpt><trkpt lat="46.16194145808527" lon="7.518301582384007"><ele>2863.6</ele></trkpt><trkpt lat="46.161950458046306" lon="7.518314582353377"><ele>2863.8</ele></trkpt><trkpt lat="46.16196845791046" lon="7.518301582250193"><ele>2864.5</ele></trkpt><trkpt lat="46.16199545775498" lon="7.51831458213036"><ele>2865.3</ele></trkpt><trkpt lat="46.162022457541674" lon="7.518327581965989"><ele>2866.4</ele></trkpt><trkpt lat="46.16203145742572" lon="7.518340581875987"><ele>2867.0</ele></trkpt><trkpt lat="46.16204945728984" lon="7.518327581772803"><ele>2867.7</ele></trkpt><trkpt lat="46.162076457115" lon="7.518314581639861"><ele>2868.6</ele></trkpt><trkpt lat="46.162112456727925" lon="7.51832758134182"><ele>2870.6</ele></trkpt><trkpt lat="46.162130456592074" lon="7.518314581238642"><ele>2871.3</ele></trkpt><trkpt lat="46.16214845649493" lon="7.518353581161661"><ele>2871.8</ele></trkpt><trkpt lat="46.16216645643622" lon="7.518366581116116"><ele>2872.1</ele></trkpt><trkpt lat="46.16218445633898" lon="7.518379581040878"><ele>2872.6</ele></trkpt><trkpt lat="46.16220245618401" lon="7.518405580920239"><ele>2873.4</ele></trkpt><trkpt lat="46.1622114560293" lon="7.518366580804029"><ele>2874.2</ele></trkpt><trkpt lat="46.16222045579757" lon="7.518327580628442"><ele>2875.4</ele></trkpt><trkpt lat="46.162220455720416" lon="7.518314580569937"><ele>2875.8</ele></trkpt><trkpt lat="46.162238455584635" lon="7.5183145804658835"><ele>2876.5</ele></trkpt><trkpt lat="46.162265455429115" lon="7.518314580346918"><ele>2877.3</ele></trkpt><trkpt lat="46.16230145508064" lon="7.518366580075941"><ele>2879.1</ele></trkpt><trkpt lat="46.16230145508064" lon="7.518366580075941"><ele>2879.1</ele></trkpt><trkpt lat="46.16234645463515" lon="7.518353579735038"><ele>2881.4</ele></trkpt><trkpt lat="46.162382454267195" lon="7.51835357945271"><ele>2883.3</ele></trkpt><trkpt lat="46.1623914541704" lon="7.518340579379294"><ele>2883.8</ele></trkpt><trkpt lat="46.162400454034966" lon="7.518314579277059"><ele>2884.5</ele></trkpt><trkpt lat="46.16240945388036" lon="7.518302579159043"><ele>2885.3</ele></trkpt><trkpt lat="46.16244545353166" lon="7.518302578891562"><ele>2887.1</ele></trkpt><trkpt lat="46.162463453395866" lon="7.518302578787507"><ele>2887.8</ele></trkpt><trkpt lat="46.162463453203166" lon="7.518276578640817"><ele>2888.8</ele></trkpt><trkpt lat="46.16245445310722" lon="7.518250578568425"><ele>2889.3</ele></trkpt><trkpt lat="46.16244545303061" lon="7.518237578509993"><ele>2889.7</ele></trkpt><trkpt lat="46.16244545295347" lon="7.5182115784523695"><ele>2890.1</ele></trkpt><trkpt lat="46.16244545270293" lon="7.518172578262031"><ele>2891.4</ele></trkpt><trkpt lat="46.162454452567594" lon="7.518172578158051"><ele>2892.1</ele></trkpt><trkpt lat="46.16246345243218" lon="7.518159578054948"><ele>2892.8</ele></trkpt><trkpt lat="46.162490452238174" lon="7.518159577906298"><ele>2893.8</ele></trkpt><trkpt lat="46.1624994521799" lon="7.518172577860813"><ele>2894.1</ele></trkpt><trkpt lat="46.162508452102315" lon="7.518159577802245"><ele>2894.5</ele></trkpt><trkpt lat="46.16250845198666" lon="7.518133577714938"><ele>2895.1</ele></trkpt><trkpt lat="46.16249945191005" lon="7.518120577656515"><ele>2895.5</ele></trkpt><trkpt lat="46.16249945185219" lon="7.518107577612859"><ele>2895.8</ele></trkpt><trkpt lat="46.162508451716796" lon="7.5180825775105715"><ele>2896.5</ele></trkpt><trkpt lat="46.162508451581836" lon="7.518056577408424"><ele>2897.2</ele></trkpt><trkpt lat="46.16250845136984" lon="7.518030577246901"><ele>2898.3</ele></trkpt><trkpt lat="46.162499451370294" lon="7.5180175772478535"><ele>2898.3</ele></trkpt><trkpt lat="46.162499451254625" lon="7.517991577160551"><ele>2898.9</ele></trkpt><trkpt lat="46.162499451100416" lon="7.517965577043566"><ele>2899.7</ele></trkpt><trkpt lat="46.16249045092741" lon="7.517926576912683"><ele>2900.6</ele></trkpt><trkpt lat="46.16248145079296" lon="7.517900576810612"><ele>2901.3</ele></trkpt><trkpt lat="46.162472450600696" lon="7.517874576664014"><ele>2902.3</ele></trkpt><trkpt lat="46.162463450427715" lon="7.517836576533071"><ele>2903.2</ele></trkpt><trkpt lat="46.16249045013735" lon="7.517849576309327"><ele>2904.7</ele></trkpt><trkpt lat="46.16248144988725" lon="7.517810576119089"><ele>2906.0</ele></trkpt><trkpt lat="46.16248144979084" lon="7.517784576046633"><ele>2906.5</ele></trkpt><trkpt lat="46.16247244965641" lon="7.517758575944572"><ele>2907.2</ele></trkpt><trkpt lat="46.16246344954126" lon="7.517745575856465"><ele>2907.8</ele></trkpt><trkpt lat="46.162463449213675" lon="7.5177065756067885"><ele>2909.5</ele></trkpt><trkpt lat="46.162463449040246" lon="7.517693575474086"><ele>2910.4</ele></trkpt><trkpt lat="46.16245444892507" lon="7.517667575386867"><ele>2911.0</ele></trkpt><trkpt lat="46.16245444882866" lon="7.517641575314421"><ele>2911.5</ele></trkpt><trkpt lat="46.1624544487515" lon="7.517615575256819"><ele>2911.9</ele></trkpt><trkpt lat="46.16247244859641" lon="7.51760357513875"><ele>2912.7</ele></trkpt><trkpt lat="46.162490448325684" lon="7.517590574931693"><ele>2914.1</ele></trkpt><trkpt lat="46.16250844801646" lon="7.517577574694954"><ele>2915.7</ele></trkpt><trkpt lat="46.16252644782282" lon="7.517564574547274"><ele>2916.7</ele></trkpt><trkpt lat="46.16253544764899" lon="7.517577574412735"><ele>2917.6</ele></trkpt><trkpt lat="46.1625534474748" lon="7.517616574276351"><ele>2918.5</ele></trkpt><trkpt lat="46.162571447223485" lon="7.517642574081485"><ele>2919.8</ele></trkpt><trkpt lat="46.16258044706894" lon="7.517654573961854"><ele>2920.6</ele></trkpt><trkpt lat="46.16259844677876" lon="7.517590573743434"><ele>2922.1</ele></trkpt><trkpt lat="46.16260744664341" lon="7.517577573640352"><ele>2922.8</ele></trkpt><trkpt lat="46.16261644646963" lon="7.517603573504925"><ele>2923.7</ele></trkpt><trkpt lat="46.162625446372964" lon="7.517629573428865"><ele>2924.2</ele></trkpt><trkpt lat="46.16263444625679" lon="7.517616573340624"><ele>2924.8</ele></trkpt><trkpt lat="46.16266144585069" lon="7.517577573031379"><ele>2926.9</ele></trkpt><trkpt lat="46.16267044565752" lon="7.5175645728837726"><ele>2927.9</ele></trkpt><trkpt lat="46.16267944532933" lon="7.517499572635825"><ele>2929.6</ele></trkpt><trkpt lat="46.1627064452123" lon="7.517512572545664"><ele>2930.2</ele></trkpt><trkpt lat="46.16271544509632" lon="7.517525572455649"><ele>2930.8</ele></trkpt><trkpt lat="46.16272444498025" lon="7.517538572365632"><ele>2931.4</ele></trkpt><trkpt lat="46.16274244486372" lon="7.517538572276435"><ele>2932.0</ele></trkpt><trkpt lat="46.16275144476696" lon="7.517551572201262"><ele>2932.5</ele></trkpt><trkpt lat="46.16276944463116" lon="7.517564572096329"><ele>2933.2</ele></trkpt><trkpt lat="46.1628054443017" lon="7.517551571844612"><ele>2934.9</ele></trkpt><trkpt lat="46.16282344412734" lon="7.517551571710882"><ele>2935.8</ele></trkpt><trkpt lat="46.16287744375855" lon="7.51760357142488"><ele>2937.7</ele></trkpt><trkpt lat="46.162895443622745" lon="7.5176165713199445"><ele>2938.4</ele></trkpt><trkpt lat="46.16291344348702" lon="7.517629571215011"><ele>2939.1</ele></trkpt><trkpt lat="46.16293144337047" lon="7.517629571125809"><ele>2939.7</ele></trkpt><trkpt lat="46.16294944323456" lon="7.5176035710235505"><ele>2940.4</ele></trkpt><trkpt lat="46.162985442904926" lon="7.517551570774509"><ele>2942.1</ele></trkpt><trkpt lat="46.16302144242116" lon="7.517500570406665"><ele>2944.6</ele></trkpt><trkpt lat="46.16307544193628" lon="7.517422570040535"><ele>2947.1</ele></trkpt><trkpt lat="46.16312044149053" lon="7.5173575697032735"><ele>2949.4</ele></trkpt><trkpt lat="46.16314744123841" lon="7.517293569514519"><ele>2950.7</ele></trkpt><trkpt lat="46.16318344094729" lon="7.517241569295184"><ele>2952.2</ele></trkpt><trkpt lat="46.16321044073382" lon="7.517215569133498"><ele>2953.3</ele></trkpt><trkpt lat="46.16322844057879" lon="7.517241569012829"><ele>2954.1</ele></trkpt><trkpt lat="46.16324644046227" lon="7.517241568923633"><ele>2954.7</ele></trkpt><trkpt lat="46.16327344034528" lon="7.517254568833467"><ele>2955.3</ele></trkpt><trkpt lat="46.163291440132184" lon="7.517228568671856"><ele>2956.4</ele></trkpt><trkpt lat="46.16331843999581" lon="7.517202568569537"><ele>2957.1</ele></trkpt><trkpt lat="46.163345439859405" lon="7.517177568467154"><ele>2957.8</ele></trkpt><trkpt lat="46.163372439780794" lon="7.51716456840847"><ele>2958.2</ele></trkpt><trkpt lat="46.1634084396247" lon="7.517151568290341"><ele>2959.0</ele></trkpt><trkpt lat="46.16342643954659" lon="7.51715156823083"><ele>2959.4</ele></trkpt><trkpt lat="46.1634804393509" lon="7.517125568083772"><ele>2960.4</ele></trkpt><trkpt lat="46.16349843925359" lon="7.517125568009417"><ele>2960.9</ele></trkpt><trkpt lat="46.16352543917504" lon="7.517125567949833"><ele>2961.3</ele></trkpt><trkpt lat="46.163552439038746" lon="7.517138567844823"><ele>2962.0</ele></trkpt><trkpt lat="46.16358843886343" lon="7.517138567710955"><ele>2962.9</ele></trkpt><trkpt lat="46.16360643866965" lon="7.517112567564193"><ele>2963.9</ele></trkpt><trkpt lat="46.16363343849469" lon="7.517086567432199"><ele>2964.8</ele></trkpt><trkpt lat="46.163669438203605" lon="7.517048567211921"><ele>2966.3</ele></trkpt><trkpt lat="46.16369643800944" lon="7.517035567064187"><ele>2967.3</ele></trkpt><trkpt lat="46.163759437716934" lon="7.517022566841955"><ele>2968.8</ele></trkpt><trkpt lat="46.163759437716934" lon="7.517022566841955"><ele>2968.8</ele></trkpt><trkpt lat="46.16384043730802" lon="7.517048566527824"><ele>2970.9</ele></trkpt><trkpt lat="46.16385843722988" lon="7.517035566469214"><ele>2971.3</ele></trkpt><trkpt lat="46.16386743703636" lon="7.516931566327943"><ele>2972.3</ele></trkpt><trkpt lat="46.16387643684309" lon="7.516880566182998"><ele>2973.3</ele></trkpt><trkpt lat="46.16391243647462" lon="7.5167765659079535"><ele>2975.2</ele></trkpt><trkpt lat="46.1639394361261" lon="7.516698565646022"><ele>2977.0</ele></trkpt><trkpt lat="46.16396643581626" lon="7.51667356541009"><ele>2978.6</ele></trkpt><trkpt lat="46.16401143552455" lon="7.516608565191641"><ele>2980.1</ele></trkpt><trkpt lat="46.164038435407434" lon="7.516595565103279"><ele>2980.7</ele></trkpt><trkpt lat="46.16404743534903" lon="7.516569565060494"><ele>2981.0</ele></trkpt><trkpt lat="46.16405643523262" lon="7.516478564977716"><ele>2981.6</ele></trkpt><trkpt lat="46.164065435174074" lon="7.516414564937576"><ele>2981.9</ele></trkpt></trkseg></trk></gpx>