<?xml version="1.0" encoding="utf-8"?><gpx version="1.1" creator="MySchweizMobil - https://map.schweizmobil.ch/" xmlns:xsi="http://www.w3.org/2001/XMLSchema-instance" xmlns="http://www.topografix.com/GPX/1/1" xsi:schemaLocation="http://www.topografix.com/GPX/1/1 http://www.topografix.com/GPX/1/1/gpx.xsd"><metadata><name>6 Alpine Passes Trail - Stage 25</name><bounds minlat="46.11288474641955" minlon="7.482196748545966" maxlat="46.164065435174074" maxlon="7.52076858599011" /></metadata><trk><name>6 Alpine Passes Trail - Stage 25</name><trkseg><trkpt lat="46.164065435174074" lon="7.516414564937576"><ele>2981.9</ele></trkpt><trkpt lat="46.16405643523262" lon="7.516478564977716"><ele>2981.6</ele></trkpt><trkpt lat="46.16404743534903" lon="7.516569565060494"><ele>2981.0</ele></trkpt><trkpt lat="46.164038435407434" lon="7.516595565103279"><ele>2980.7</ele></trkpt><trkpt lat="46.16401143552455" lon="7.516608565191641"><ele>2980.1</ele></trkpt><trkpt lat="46.16396643581626" lon="7.51667356541009"><ele>2978.6</ele></trkpt><trkpt lat="46.1639394361261" lon="7.516698565646022"><ele>2977.0</ele></trkpt><trkpt lat="46.16391243647462" lon="7.5167765659079535"><ele>2975.2</ele></trkpt><trkpt lat="46.16387643684309" lon="7.516880566182998"><ele>2973.3</ele></trkpt><trkpt lat="46.16386743703636" lon="7.516931566327943"><ele>2972.3</ele></trkpt><trkpt lat="46.16385843722988" lon="7.517035566469214"><ele>2971.3</ele></trkpt><trkpt lat="46.16384043730802" lon="7.517048566527824"><ele>2970.9</ele></trkpt><trkpt lat="46.163759437716934" lon="7.517022566841955"><ele>2968.8</ele></trkpt><trkpt lat="46.163759437716934" lon="7.517022566841955"><ele>2968.8</ele></trkpt><trkpt lat="46.16369643800944" lon="7.517035567064187"><ele>2967.3</ele></trkpt><trkpt lat="46.163669438203605" lon="7.517048567211921"><ele>2966.3</ele></trkpt><trkpt lat="46.16363343849469" lon="7.517086567432199"><ele>2964.8</ele></trkpt><trkpt lat="46.16360643866965" lon="7.517112567564193"><ele>2963.9</ele></trkpt><trkpt lat="46.16358843886343" lon="7.517138567710955"><ele>2962.9</ele></trkpt><trkpt lat="46.163552439038746" lon="7.517138567844823"><ele>2962.0</ele></trkpt><trkpt lat="46.16352543917504" lon="7.517125567949833"><ele>2961.3</ele></trkpt><trkpt lat="46.16349843925359" lon="7.517125568009417"><ele>2960.9</ele></trkpt><trkpt lat="46.1634804393509" lon="7.517125568083772"><ele>2960.4</ele></trkpt><trkpt lat="46.16342643954659" lon="7.51715156823083"><ele>2959.4</ele></trkpt><trkpt lat="46.1634084396247" lon="7.517151568290341"><ele>2959.0</ele></trkpt><trkpt lat="46.163372439780794" lon="7.51716456840847"><ele>2958.2</ele></trkpt><trkpt lat="46.163345439859405" lon="7.517177568467154"><ele>2957.8</ele></trkpt><trkpt lat="46.16331843999581" lon="7.517202568569537"><ele>2957.1</ele></trkpt><trkpt lat="46.163291440132184" lon="7.517228568671856"><ele>2956.4</ele></trkpt><trkpt lat="46.16327344034528" lon="7.517254568833467"><ele>2955.3</ele></trkpt><trkpt lat="46.16324644046227" lon="7.517241568923633"><ele>2954.7</ele></trkpt><trkpt lat="46.16322844057879" lon="7.517241569012829"><ele>2954.1</ele></trkpt><trkpt lat="46.16321044073382" lon="7.517215569133498"><ele>2953.3</ele></trkpt><trkpt lat="46.16318344094729" lon="7.517241569295184"><ele>2952.2</ele></trkpt><trkpt lat="46.16314744123841" lon="7.517293569514519"><ele>2950.7</ele></trkpt><trkpt lat="46.16312044149053" lon="7.5173575697032735"><ele>2949.4</ele></trkpt><trkpt lat="46.16307544193628" lon="7.517422570040535"><ele>2947.1</ele></trkpt><trkpt lat="46.16302144242116" lon="7.517500570406665"><ele>2944.6</ele></trkpt><trkpt lat="46.162985442904926" lon="7.517551570774509"><ele>2942.1</ele></trkpt><trkpt lat="46.16294944323456" lon="7.5176035710235505"><ele>2940.4</ele></trkpt><trkpt lat="46.16293144337047" lon="7.517629571125809"><ele>2939.7</ele></trkpt><trkpt lat="46.16291344348702" lon="7.517629571215011"><ele>2939.1</ele></trkpt><trkpt lat="46.162895443622745" lon="7.5176165713199445"><ele>2938.4</ele></trkpt><trkpt lat="46.16287744375855" lon="7.51760357142488"><ele>2937.7</ele></trkpt><trkpt lat="46.16282344412734" lon="7.517551571710882"><ele>2935.8</ele></trkpt><trkpt lat="46.1628054443017" lon="7.517551571844612"><ele>2934.9</ele></trkpt><trkpt lat="46.16276944463116" lon="7.517564572096329"><ele>2933.2</ele></trkpt><trkpt lat="46.16275144476696" lon="7.517551572201262"><ele>2932.5</ele></trkpt><trkpt lat="46.16274244486372" lon="7.517538572276435"><ele>2932.0</ele></trkpt><trkpt lat="46.16272444498025" lon="7.517538572365632"><ele>2931.4</ele></trkpt><trkpt lat="46.16271544509632" lon="7.517525572455649"><ele>2930.8</ele></trkpt><trkpt lat="46.1627064452123" lon="7.517512572545664"><ele>2930.2</ele></trkpt><trkpt lat="46.16267944532933" lon="7.517499572635825"><ele>2929.6</ele></trkpt><trkpt lat="46.16267044565752" lon="7.5175645728837726"><ele>2927.9</ele></trkpt><trkpt lat="46.16266144585069" lon="7.517577573031379"><ele>2926.9</ele></trkpt><trkpt lat="46.16263444625679" lon="7.517616573340624"><ele>2924.8</ele></trkpt><trkpt lat="46.162625446372964" lon="7.517629573428865"><ele>2924.2</ele></trkpt><trkpt lat="46.16261644646963" lon="7.517603573504925"><ele>2923.7</ele></trkpt><trkpt lat="46.16260744664341" lon="7.517577573640352"><ele>2922.8</ele></trkpt><trkpt lat="46.16259844677876" lon="7.517590573743434"><ele>2922.1</ele></trkpt><trkpt lat="46.16258044706894" lon="7.517654573961854"><ele>2920.6</ele></trkpt><trkpt lat="46.162571447223485" lon="7.517642574081485"><ele>2919.8</ele></trkpt><trkpt lat="46.1625534474748" lon="7.517616574276351"><ele>2918.5</ele></trkpt><trkpt lat="46.16253544764899" lon="7.517577574412735"><ele>2917.6</ele></trkpt><trkpt lat="46.16252644782282" lon="7.517564574547274"><ele>2916.7</ele></trkpt><trkpt lat="46.16250844801646" lon="7.517577574694954"><ele>2915.7</ele></trkpt><trkpt lat="46.162490448325684" lon="7.517590574931693"><ele>2914.1</ele></trkpt><trkpt lat="46.16247244859641" lon="7.51760357513875"><ele>2912.7</ele></trkpt><trkpt lat="46.1624544487515" lon="7.517615575256819"><ele>2911.9</ele></trkpt><trkpt lat="46.16245444882866" lon="7.517641575314421"><ele>2911.5</ele></trkpt><trkpt lat="46.16245444892507" lon="7.517667575386867"><ele>2911.0</ele></trkpt><trkpt lat="46.162463449040246" lon="7.517693575474086"><ele>2910.4</ele></trkpt><trkpt lat="46.162463449213675" lon="7.5177065756067885"><ele>2909.5</ele></trkpt><trkpt lat="46.16246344954126" lon="7.517745575856465"><ele>2907.8</ele></trkpt><trkpt lat="46.16247244965641" lon="7.517758575944572"><ele>2907.2</ele></trkpt><trkpt lat="46.16248144979084" lon="7.517784576046633"><ele>2906.5</ele></trkpt><trkpt lat="46.16248144988725" lon="7.517810576119089"><ele>2906.0</ele></trkpt><trkpt lat="46.16249045013735" lon="7.517849576309327"><ele>2904.7</ele></trkpt><trkpt lat="46.162463450427715" lon="7.517836576533071"><ele>2903.2</ele></trkpt><trkpt lat="46.162472450600696" lon="7.517874576664014"><ele>2902.3</ele></trkpt><trkpt lat="46.16248145079296" lon="7.517900576810612"><ele>2901.3</ele></trkpt><trkpt lat="46.16249045092741" lon="7.517926576912683"><ele>2900.6</ele></trkpt><trkpt lat="46.162499451100416" lon="7.517965577043566"><ele>2899.7</ele></trkpt><trkpt lat="46.162499451254625" lon="7.517991577160551"><ele>2898.9</ele></trkpt><trkpt lat="46.162499451370294" lon="7.5180175772478535"><ele>2898.3</ele></trkpt><trkpt lat="46.16250845136984" lon="7.518030577246901"><ele>2898.3</ele></trkpt><trkpt lat="46.162508451581836" lon="7.518056577408424"><ele>2897.2</ele></trkpt><trkpt lat="46.162508451716796" lon="7.5180825775105715"><ele>2896.5</ele></trkpt><trkpt lat="46.16249945185219" lon="7.518107577612859"><ele>2895.8</ele></trkpt><trkpt lat="46.16249945191005" lon="7.518120577656515"><ele>2895.5</ele></trkpt><trkpt lat="46.16250845198666" lon="7.518133577714938"><ele>2895.1</ele></trkpt><trkpt lat="46.162508452102315" lon="7.518159577802245"><ele>2894.5</ele></trkpt><trkpt lat="46.1624994521799" lon="7.518172577860813"><ele>2894.1</ele></trkpt><trkpt lat="46.162490452238174" lon="7.518159577906298"><ele>2893.8</ele></trkpt><trkpt lat="46.16246345243218" lon="7.518159578054948"><ele>2892.8</ele></trkpt><trkpt lat="46.162454452567594" lon="7.518172578158051"><ele>2892.1</ele></trkpt><trkpt lat="46.16244545270293" lon="7.518172578262031"><ele>2891.4</ele></trkpt><trkpt lat="46.16244545295347" lon="7.5182115784523695"><ele>2890.1</ele></trkpt><trkpt lat="46.16244545303061" lon="7.518237578509993"><ele>2889.7</ele></trkpt><trkpt lat="46.16245445310722" lon="7.518250578568425"><ele>2889.3</ele></trkpt><trkpt lat="46.162463453203166" lon="7.518276578640817"><ele>2888.8</ele></trkpt><trkpt lat="46.162463453395866" lon="7.518302578787507"><ele>2887.8</ele></trkpt><trkpt lat="46.16244545353166" lon="7.518302578891562"><ele>2887.1</ele></trkpt><trkpt lat="46.16240945388036" lon="7.518302579159043"><ele>2885.3</ele></trkpt><trkpt lat="46.162400454034966" lon="7.518314579277059"><ele>2884.5</ele></trkpt><trkpt lat="46.1623914541704" lon="7.518340579379294"><ele>2883.8</ele></trkpt><trkpt lat="46.162382454267195" lon="7.51835357945271"><ele>2883.3</ele></trkpt><trkpt lat="46.16234645463515" lon="7.518353579735038"><ele>2881.4</ele></trkpt><trkpt lat="46.16230145508064" lon="7.518366580075941"><ele>2879.1</ele></trkpt><trkpt lat="46.16230145508064" lon="7.518366580075941"><ele>2879.1</ele></trkpt><trkpt lat="46.162265455429115" lon="7.518314580346918"><ele>2877.3</ele></trkpt><trkpt lat="46.162238455584635" lon="7.5183145804658835"><ele>2876.5</ele></trkpt><trkpt lat="46.162220455720416" lon="7.518314580569937"><ele>2875.8</ele></trkpt><trkpt lat="46.16222045579757" lon="7.518327580628442"><ele>2875.4</ele></trkpt><trkpt lat="46.1622114560293" lon="7.518366580804029"><ele>2874.2</ele></trkpt><trkpt lat="46.16220245618401" lon="7.518405580920239"><ele>2873.4</ele></trkpt><trkpt lat="46.16218445633898" lon="7.518379581040878"><ele>2872.6</ele></trkpt><trkpt lat="46.16216645643622" lon="7.518366581116116"><ele>2872.1</ele></trkpt><trkpt lat="46.16214845649493" lon="7.518353581161661"><ele>2871.8</ele></trkpt><trkpt lat="46.162130456592074" lon="7.518314581238642"><ele>2871.3</ele></trkpt><trkpt lat="46.162112456727925" lon="7.51832758134182"><ele>2870.6</ele></trkpt><trkpt lat="46.162076457115" lon="7.518314581639861"><ele>2868.6</ele></trkpt><trkpt lat="46.16204945728984" lon="7.518327581772803"><ele>2867.7</ele></trkpt><trkpt lat="46.16203145742572" lon="7.518340581875987"><ele>2867.0</ele></trkpt><trkpt lat="46.162022457541674" lon="7.518327581965989"><ele>2866.4</ele></trkpt><trkpt lat="46.16199545775498" lon="7.51831458213036"><ele>2865.3</ele></trkpt><trkpt lat="46.16196845791046" lon="7.518301582250193"><ele>2864.5</ele></trkpt><trkpt lat="46.161950458046306" lon="7.518314582353377"><ele>2863.8</ele></trkpt><trkpt lat="46.16194145808527" lon="7.518301582384007"><ele>2863.6</ele></trkpt><trkpt lat="46.16193245814348" lon="7.518288582429477"><ele>2863.3</ele></trkpt><trkpt lat="46.161932458239676" lon="7.518262582505436"><ele>2862.8</ele></trkpt><trkpt lat="46.16191445835622" lon="7.518249582595509"><ele>2862.2</ele></trkpt><trkpt lat="46.16187845860831" lon="7.518197582792238"><ele>2860.9</ele></trkpt><trkpt lat="46.16183345882247" lon="7.518158582958475"><ele>2859.8</ele></trkpt><trkpt lat="46.161824458880645" lon="7.518132583004813"><ele>2859.5</ele></trkpt><trkpt lat="46.16181545893878" lon="7.518106583051149"><ele>2859.2</ele></trkpt><trkpt lat="46.16179745899738" lon="7.518068583098356"><ele>2858.9</ele></trkpt><trkpt lat="46.16177945899821" lon="7.518029583101101"><ele>2858.9</ele></trkpt><trkpt lat="46.161762459037526" lon="7.517990583133522"><ele>2858.7</ele></trkpt><trkpt lat="46.16172645919311" lon="7.517873583260352"><ele>2857.9</ele></trkpt><trkpt lat="46.16170845930953" lon="7.517847583351287"><ele>2857.3</ele></trkpt><trkpt lat="46.16168145944577" lon="7.5178345834562625"><ele>2856.6</ele></trkpt><trkpt lat="46.161663459562156" lon="7.517796583547997"><ele>2856.0</ele></trkpt><trkpt lat="46.161636459717634" lon="7.51778358366782"><ele>2855.2</ele></trkpt><trkpt lat="46.161618459872614" lon="7.517770583787568"><ele>2854.4</ele></trkpt><trkpt lat="46.16159145995103" lon="7.517744583848885"><ele>2854.0</ele></trkpt><trkpt lat="46.16156446012573" lon="7.517718583984415"><ele>2853.1</ele></trkpt><trkpt lat="46.161546460222915" lon="7.517705584059632"><ele>2852.6</ele></trkpt><trkpt lat="46.1615104603788" lon="7.517666584181255"><ele>2851.8</ele></trkpt><trkpt lat="46.161492460456735" lon="7.517653584241626"><ele>2851.4</ele></trkpt><trkpt lat="46.16147446053464" lon="7.517627584302868"><ele>2851.0</ele></trkpt><trkpt lat="46.161465460592865" lon="7.517614584348331"><ele>2850.7</ele></trkpt><trkpt lat="46.16144746067075" lon="7.5175885844095705"><ele>2850.3</ele></trkpt><trkpt lat="46.16143846069054" lon="7.517588584424485"><ele>2850.2</ele></trkpt><trkpt lat="46.16140246080797" lon="7.517588584513823"><ele>2849.6</ele></trkpt><trkpt lat="46.161384460866735" lon="7.517588584558492"><ele>2849.3</ele></trkpt><trkpt lat="46.16134846094562" lon="7.517575584619005"><ele>2848.9</ele></trkpt><trkpt lat="46.16133946100393" lon="7.517588584662737"><ele>2848.6</ele></trkpt><trkpt lat="46.1613214610627" lon="7.517601584706548"><ele>2848.3</ele></trkpt><trkpt lat="46.16130346112139" lon="7.517588584752077"><ele>2848.0</ele></trkpt><trkpt lat="46.16127646114212" lon="7.5175885847671315"><ele>2847.9</ele></trkpt><trkpt lat="46.16124946118204" lon="7.517588584797031"><ele>2847.7</ele></trkpt><trkpt lat="46.161231461240774" lon="7.517588584841697"><ele>2847.4</ele></trkpt><trkpt lat="46.16119546133888" lon="7.5175625849179175"><ele>2846.9</ele></trkpt><trkpt lat="46.16117746139759" lon="7.517562584962586"><ele>2846.6</ele></trkpt><trkpt lat="46.16115046141834" lon="7.51756258497764"><ele>2846.5</ele></trkpt><trkpt lat="46.1611234614198" lon="7.517575584976991"><ele>2846.5</ele></trkpt><trkpt lat="46.16106046146178" lon="7.517626585003782"><ele>2846.3</ele></trkpt><trkpt lat="46.161033461482624" lon="7.517665585016248"><ele>2846.2</ele></trkpt><trkpt lat="46.16101546148366" lon="7.5176915850146635"><ele>2846.2</ele></trkpt><trkpt lat="46.160988461523864" lon="7.517769585039383"><ele>2846.0</ele></trkpt><trkpt lat="46.16095246144894" lon="7.517833584976042"><ele>2846.4</ele></trkpt><trkpt lat="46.16095246139123" lon="7.517859584929789"><ele>2846.7</ele></trkpt><trkpt lat="46.16095246123738" lon="7.517924584806731"><ele>2847.5</ele></trkpt><trkpt lat="46.16094346116096" lon="7.5179635847448365"><ele>2847.9</ele></trkpt><trkpt lat="46.160943461083974" lon="7.517989584683734"><ele>2848.3</ele></trkpt><trkpt lat="46.160925461008006" lon="7.518015584622779"><ele>2848.7</ele></trkpt><trkpt lat="46.16091646093147" lon="7.518027584562677"><ele>2849.1</ele></trkpt><trkpt lat="46.16089846085547" lon="7.51805358450172"><ele>2849.5</ele></trkpt><trkpt lat="46.16088046070254" lon="7.518105584379657"><ele>2850.3</ele></trkpt><trkpt lat="46.16088046066406" lon="7.518131584348239"><ele>2850.5</ele></trkpt><trkpt lat="46.16088046058717" lon="7.5181705842862705"><ele>2850.9</ele></trkpt><trkpt lat="46.16088046049099" lon="7.518196584210324"><ele>2851.4</ele></trkpt><trkpt lat="46.16086246033798" lon="7.518235584089123"><ele>2852.2</ele></trkpt><trkpt lat="46.16086245985677" lon="7.518325583712033"><ele>2854.7</ele></trkpt><trkpt lat="46.160835459646385" lon="7.518338583548097"><ele>2855.8</ele></trkpt><trkpt lat="46.16080845945527" lon="7.518351583399"><ele>2856.8</ele></trkpt><trkpt lat="46.1607724592454" lon="7.518390583233402"><ele>2857.9</ele></trkpt><trkpt lat="46.160718458805725" lon="7.518506582884675"><ele>2860.2</ele></trkpt><trkpt lat="46.16070945836349" lon="7.518597582537253"><ele>2862.5</ele></trkpt><trkpt lat="46.16066445790383" lon="7.518649582177861"><ele>2864.9</ele></trkpt><trkpt lat="46.16063745775134" lon="7.5186875820567804"><ele>2865.7</ele></trkpt><trkpt lat="46.160628457520886" lon="7.518739581875233"><ele>2866.9</ele></trkpt><trkpt lat="46.160601457291484" lon="7.518817581692093"><ele>2868.1</ele></trkpt><trkpt lat="46.16055645717842" lon="7.5188435816016375"><ele>2868.7</ele></trkpt><trkpt lat="46.1605554569476" lon="7.518907581419219"><ele>2869.9</ele></trkpt><trkpt lat="46.16051045602611" lon="7.519075580695742"><ele>2874.7</ele></trkpt><trkpt lat="46.16047445541222" lon="7.519218580211367"><ele>2877.9</ele></trkpt><trkpt lat="46.16046545506644" lon="7.519334579936421"><ele>2879.7</ele></trkpt><trkpt lat="46.16043845504873" lon="7.51937357991917"><ele>2879.8</ele></trkpt><trkpt lat="46.16038445503253" lon="7.51941257990213"><ele>2879.9</ele></trkpt><trkpt lat="46.16030345503697" lon="7.519451579900155"><ele>2879.9</ele></trkpt><trkpt lat="46.160267454904094" lon="7.519451579796515"><ele>2880.6</ele></trkpt><trkpt lat="46.16017745477386" lon="7.5193995796968"><ele>2881.3</ele></trkpt><trkpt lat="46.16014145469864" lon="7.519360579640324"><ele>2881.7</ele></trkpt><trkpt lat="46.16006945464454" lon="7.519308579599856"><ele>2882.0</ele></trkpt><trkpt lat="46.1598814556171" lon="7.519204580350625"><ele>2877.0</ele></trkpt><trkpt lat="46.15983645596589" lon="7.5191265806234355"><ele>2875.2</ele></trkpt><trkpt lat="46.159791456025815" lon="7.519049580673495"><ele>2874.9</ele></trkpt><trkpt lat="46.15977345614213" lon="7.519010580765323"><ele>2874.3</ele></trkpt><trkpt lat="46.159701456665786" lon="7.518958581170197"><ele>2871.6</ele></trkpt><trkpt lat="46.159602457094365" lon="7.5188675815036605"><ele>2869.4</ele></trkpt><trkpt lat="46.159566457230945" lon="7.5188155816113404"><ele>2868.7</ele></trkpt><trkpt lat="46.159512457464906" lon="7.518815581789902"><ele>2867.5</ele></trkpt><trkpt lat="46.1593864582608" lon="7.51871158240648"><ele>2863.4</ele></trkpt><trkpt lat="46.159350458436" lon="7.518711582540366"><ele>2862.5</ele></trkpt><trkpt lat="46.15935045855171" lon="7.518750582626828"><ele>2861.9</ele></trkpt><trkpt lat="46.15936845870504" lon="7.518815582741104"><ele>2861.1</ele></trkpt><trkpt lat="46.15936845897499" lon="7.518918582942061"><ele>2859.7</ele></trkpt><trkpt lat="46.159350459226566" lon="7.518996583129987"><ele>2858.4</ele></trkpt><trkpt lat="46.15929645982686" lon="7.519126583581951"><ele>2855.3</ele></trkpt><trkpt lat="46.15926946007903" lon="7.519242583767435"><ele>2854.0</ele></trkpt><trkpt lat="46.159260460041395" lon="7.519358583730093"><ele>2854.2</ele></trkpt><trkpt lat="46.159242459984846" lon="7.519436583680505"><ele>2854.5</ele></trkpt><trkpt lat="46.15920645985217" lon="7.519501583572533"><ele>2855.2</ele></trkpt><trkpt lat="46.1591794595651" lon="7.519604583343191"><ele>2856.7</ele></trkpt><trkpt lat="46.159143459490544" lon="7.519760583273689"><ele>2857.1</ele></trkpt><trkpt lat="46.15912445958817" lon="7.519850583342077"><ele>2856.6</ele></trkpt><trkpt lat="46.15908845984076" lon="7.51995458352845"><ele>2855.3</ele></trkpt><trkpt lat="46.15904346009385" lon="7.5200575837149595"><ele>2854.0</ele></trkpt><trkpt lat="46.159007460442645" lon="7.5201485839764475"><ele>2852.2</ele></trkpt><trkpt lat="46.158935461101585" lon="7.5202645844741305"><ele>2848.8</ele></trkpt><trkpt lat="46.15887246150963" lon="7.520355584780393"><ele>2846.7</ele></trkpt><trkpt lat="46.1588364617234" lon="7.520381584942281"><ele>2845.6</ele></trkpt><trkpt lat="46.158719462192245" lon="7.5205235852901415"><ele>2843.2</ele></trkpt><trkpt lat="46.158620462467226" lon="7.520587585494559"><ele>2841.8</ele></trkpt><trkpt lat="46.15855746247082" lon="7.520652585490745"><ele>2841.8</ele></trkpt><trkpt lat="46.15847646259081" lon="7.5207175855761665"><ele>2841.2</ele></trkpt><trkpt lat="46.15839546280705" lon="7.520755585737623"><ele>2840.1</ele></trkpt><trkpt lat="46.15833246304148" lon="7.520768585915442"><ele>2838.9</ele></trkpt><trkpt lat="46.15827846314059" lon="7.52076858599011"><ele>2838.4</ele></trkpt><trkpt lat="46.15825146321898" lon="7.5207555860505835"><ele>2838.0</ele></trkpt><trkpt lat="46.15820646333677" lon="7.520716586142613"><ele>2837.4</ele></trkpt><trkpt lat="46.15817046345413" lon="7.520703586232846"><ele>2836.8</ele></trkpt><trkpt lat="46.158080463728346" lon="7.520677586443156"><ele>2835.4</ele></trkpt><trkpt lat="46.15804446388417" lon="7.520651586563945"><ele>2834.6</ele></trkpt><trkpt lat="46.15802746390409" lon="7.520599586582364"><ele>2834.5</ele></trkpt><trkpt lat="46.15797346406095" lon="7.520586586702436"><ele>2833.7</ele></trkpt><trkpt lat="46.15794646415872" lon="7.52059958677603"><ele>2833.2</ele></trkpt><trkpt lat="46.15790146435346" lon="7.520547586928303"><ele>2832.2</ele></trkpt><trkpt lat="46.15787446450861" lon="7.5204705870523885"><ele>2831.4</ele></trkpt><trkpt lat="46.15785646464414" lon="7.52040558716076"><ele>2830.7</ele></trkpt><trkpt lat="46.1578384647605" lon="7.520379587251704"><ele>2830.1</ele></trkpt><trkpt lat="46.1577754650141" lon="7.520366587446081"><ele>2828.8</ele></trkpt><trkpt lat="46.15764046552166" lon="7.520340587834897"><ele>2826.2</ele></trkpt><trkpt lat="46.157595465774264" lon="7.520314588029982"><ele>2824.9</ele></trkpt><trkpt lat="46.15749646637597" lon="7.520223588497029"><ele>2821.8</ele></trkpt><trkpt lat="46.15743346682205" lon="7.520197588840728"><ele>2819.5</ele></trkpt><trkpt lat="46.157397467478155" lon="7.520081589353448"><ele>2816.1</ele></trkpt><trkpt lat="46.15736146811499" lon="7.519964589851364"><ele>2812.8</ele></trkpt><trkpt lat="46.15732546840543" lon="7.51988659007946"><ele>2811.3</ele></trkpt><trkpt lat="46.15728046854241" lon="7.519860590185442"><ele>2810.6</ele></trkpt><trkpt lat="46.15724446852486" lon="7.519809590174218"><ele>2810.7</ele></trkpt><trkpt lat="46.157182468701066" lon="7.5197055903151355"><ele>2809.8</ele></trkpt><trkpt lat="46.15714646874133" lon="7.51967959034681"><ele>2809.6</ele></trkpt><trkpt lat="46.15711046874318" lon="7.519679590347089"><ele>2809.6</ele></trkpt><trkpt lat="46.15705646882309" lon="7.519692590406043"><ele>2809.2</ele></trkpt><trkpt lat="46.15698446909638" lon="7.51969259061445"><ele>2807.8</ele></trkpt><trkpt lat="46.156840469469685" lon="7.519704590896856"><ele>2805.9</ele></trkpt><trkpt lat="46.15670546993871" lon="7.519678591255916"><ele>2803.5</ele></trkpt><trkpt lat="46.156651470268855" lon="7.519691591507874"><ele>2801.8</ele></trkpt><trkpt lat="46.15661547050179" lon="7.519704591685457"><ele>2800.6</ele></trkpt><trkpt lat="46.156570470966024" lon="7.51965259204551"><ele>2798.2</ele></trkpt><trkpt lat="46.156507471450624" lon="7.519665592416304"><ele>2795.7</ele></trkpt><trkpt lat="46.15642647147419" lon="7.519691592430084"><ele>2795.6</ele></trkpt><trkpt lat="46.15637247140012" lon="7.519743592367723"><ele>2796.0</ele></trkpt><trkpt lat="46.156318471422296" lon="7.519794592379664"><ele>2795.9</ele></trkpt><trkpt lat="46.156165471565146" lon="7.519820592483071"><ele>2795.2</ele></trkpt><trkpt lat="46.15606647191686" lon="7.519846592749379"><ele>2793.4</ele></trkpt><trkpt lat="46.156021472150314" lon="7.519884592925413"><ele>2792.2</ele></trkpt><trkpt lat="46.15589547267676" lon="7.51991059332555"><ele>2789.5</ele></trkpt><trkpt lat="46.15583247281477" lon="7.519910593429959"><ele>2788.8</ele></trkpt><trkpt lat="46.15574247299274" lon="7.519936593562587"><ele>2787.9</ele></trkpt><trkpt lat="46.15574247299274" lon="7.519936593562587"><ele>2787.9</ele></trkpt><trkpt lat="46.15576047310707" lon="7.519858593656593"><ele>2787.3</ele></trkpt><trkpt lat="46.15576047333783" lon="7.519781593839757"><ele>2786.1</ele></trkpt><trkpt lat="46.15574247368493" lon="7.519690594113035"><ele>2784.3</ele></trkpt><trkpt lat="46.15566147468955" lon="7.519509594897387"><ele>2779.1</ele></trkpt><trkpt lat="46.15558147530939" lon="7.519405595379795"><ele>2775.9</ele></trkpt><trkpt lat="46.15550047614082" lon="7.51926259602801"><ele>2771.6</ele></trkpt><trkpt lat="46.15542847660619" lon="7.519159596391488"><ele>2769.2</ele></trkpt><trkpt lat="46.15537447707086" lon="7.519120596750694"><ele>2766.8</ele></trkpt><trkpt lat="46.15525747826966" lon="7.5189135976852866"><ele>2760.6</ele></trkpt><trkpt lat="46.15516747913992" lon="7.518731598365658"><ele>2756.1</ele></trkpt><trkpt lat="46.1551134796621" lon="7.518640598772693"><ele>2753.4</ele></trkpt><trkpt lat="46.155050480069306" lon="7.518550599090663"><ele>2751.3</ele></trkpt><trkpt lat="46.154979480804045" lon="7.5184465996619085"><ele>2747.5</ele></trkpt><trkpt lat="46.15491648205785" lon="7.518252600639588"><ele>2741.0</ele></trkpt><trkpt lat="46.1548624828301" lon="7.518109601242829"><ele>2737.0</ele></trkpt><trkpt lat="46.15481748310167" lon="7.518045601455041"><ele>2735.6</ele></trkpt><trkpt lat="46.1547904836033" lon="7.517967601846113"><ele>2733.0</ele></trkpt><trkpt lat="46.15475448393211" lon="7.517889602103665"><ele>2731.3</ele></trkpt><trkpt lat="46.15471848395298" lon="7.517837602122089"><ele>2731.2</ele></trkpt><trkpt lat="46.15470048410774" lon="7.517786602244202"><ele>2730.4</ele></trkpt><trkpt lat="46.1546014843817" lon="7.5176306024626545"><ele>2729.0</ele></trkpt><trkpt lat="46.154592484670744" lon="7.517578602688647"><ele>2727.5</ele></trkpt><trkpt lat="46.15452948498146" lon="7.517449602934774"><ele>2725.9</ele></trkpt><trkpt lat="46.15452048525122" lon="7.517384603146735"><ele>2724.5</ele></trkpt><trkpt lat="46.15450348534808" lon="7.517319603225195"><ele>2724.0</ele></trkpt><trkpt lat="46.154494486079464" lon="7.517151603799854"><ele>2720.2</ele></trkpt><trkpt lat="46.15444948660102" lon="7.517009604209867"><ele>2717.5</ele></trkpt><trkpt lat="46.15444048760167" lon="7.516788604995569"><ele>2712.3</ele></trkpt><trkpt lat="46.154449488428476" lon="7.516646605642556"><ele>2708.0</ele></trkpt><trkpt lat="46.15455748915453" lon="7.516633606206447"><ele>2704.2</ele></trkpt><trkpt lat="46.15461148940211" lon="7.51663360639895"><ele>2702.9</ele></trkpt><trkpt lat="46.15464748945809" lon="7.5166596064415625"><ele>2702.6</ele></trkpt><trkpt lat="46.15472848985837" lon="7.516672606751762"><ele>2700.5</ele></trkpt><trkpt lat="46.15482749025789" lon="7.516737607058563"><ele>2698.4</ele></trkpt><trkpt lat="46.15489049069743" lon="7.516724607400213"><ele>2696.1</ele></trkpt><trkpt lat="46.15494449113729" lon="7.516660607745133"><ele>2693.8</ele></trkpt><trkpt lat="46.15498049134726" lon="7.51667360790728"><ele>2692.7</ele></trkpt><trkpt lat="46.15507949201601" lon="7.516634608428364"><ele>2689.2</ele></trkpt><trkpt lat="46.155196492664736" lon="7.516660608930403"><ele>2685.8</ele></trkpt><trkpt lat="46.15520549295292" lon="7.516608609156174"><ele>2684.3</ele></trkpt><trkpt lat="46.15525949354676" lon="7.516518609621413"><ele>2681.2</ele></trkpt><trkpt lat="46.15532249452496" lon="7.516376610386591"><ele>2676.1</ele></trkpt><trkpt lat="46.15538549538789" lon="7.516285611059536"><ele>2671.6</ele></trkpt><trkpt lat="46.15540349577182" lon="7.516233611359406"><ele>2669.6</ele></trkpt><trkpt lat="46.15540349604122" lon="7.516181611570375"><ele>2668.2</ele></trkpt><trkpt lat="46.15535849660148" lon="7.516104612005798"><ele>2665.3</ele></trkpt><trkpt lat="46.15532249706507" lon="7.516039612366215"><ele>2662.9</ele></trkpt><trkpt lat="46.15526849752975" lon="7.516026612723526"><ele>2660.5</ele></trkpt><trkpt lat="46.15526849776055" lon="7.515974612904806"><ele>2659.3</ele></trkpt><trkpt lat="46.155250497992384" lon="7.5159486130846"><ele>2658.1</ele></trkpt><trkpt lat="46.155241498454636" lon="7.515884613444731"><ele>2655.7</ele></trkpt><trkpt lat="46.15520549922605" lon="7.515754614046528"><ele>2651.7</ele></trkpt><trkpt lat="46.15518749988115" lon="7.515638614558288"><ele>2648.3</ele></trkpt><trkpt lat="46.15516950017064" lon="7.515599614783378"><ele>2646.8</ele></trkpt><trkpt lat="46.15514250059526" lon="7.515521615114793"><ele>2644.6</ele></trkpt><trkpt lat="46.15506250115693" lon="7.515353615555982"><ele>2641.7</ele></trkpt><trkpt lat="46.15508950169432" lon="7.515275615975999"><ele>2638.9</ele></trkpt><trkpt lat="46.15505350213868" lon="7.515197616322285"><ele>2636.6</ele></trkpt><trkpt lat="46.15500850239091" lon="7.515132616519467"><ele>2635.3</ele></trkpt><trkpt lat="46.15495450325937" lon="7.514977617196974"><ele>2630.8</ele></trkpt><trkpt lat="46.154936503683516" lon="7.514899617528259"><ele>2628.6</ele></trkpt><trkpt lat="46.1549005043779" lon="7.514783618069686"><ele>2625.0</ele></trkpt><trkpt lat="46.15486450507224" lon="7.51464061861274"><ele>2621.4</ele></trkpt><trkpt lat="46.15484650549634" lon="7.514537618945516"><ele>2619.2</ele></trkpt><trkpt lat="46.154819505747646" lon="7.514459619143311"><ele>2617.9</ele></trkpt><trkpt lat="46.15481950584378" lon="7.514420619219866"><ele>2617.4</ele></trkpt><trkpt lat="46.15491850637764" lon="7.514291619642363"><ele>2614.6</ele></trkpt><trkpt lat="46.15493650649215" lon="7.514265619732817"><ele>2614.0</ele></trkpt><trkpt lat="46.15492750668489" lon="7.51420061988518"><ele>2613.0</ele></trkpt><trkpt lat="46.15489250712922" lon="7.514149620229705"><ele>2610.7</ele></trkpt><trkpt lat="46.154883507322104" lon="7.514123620379686"><ele>2609.7</ele></trkpt><trkpt lat="46.15493750783906" lon="7.514058620783754"><ele>2607.0</ele></trkpt><trkpt lat="46.15497350816438" lon="7.513993621039603"><ele>2605.3</ele></trkpt><trkpt lat="46.15495550839611" lon="7.513941621220886"><ele>2604.1</ele></trkpt><trkpt lat="46.15489250891865" lon="7.513851621627287"><ele>2601.4</ele></trkpt><trkpt lat="46.15485650922833" lon="7.513825621866446"><ele>2599.8</ele></trkpt><trkpt lat="46.154811509499936" lon="7.513812622075219"><ele>2598.4</ele></trkpt><trkpt lat="46.15479350982797" lon="7.513773622329864"><ele>2596.7</ele></trkpt><trkpt lat="46.154865510613426" lon="7.513657622944497"><ele>2592.6</ele></trkpt><trkpt lat="46.15491051089997" lon="7.513618623169016"><ele>2591.1</ele></trkpt><trkpt lat="46.15491951101492" lon="7.513579623260298"><ele>2590.5</ele></trkpt><trkpt lat="46.155027511683315" lon="7.513501623783359"><ele>2587.0</ele></trkpt><trkpt lat="46.15503651191374" lon="7.513463623963567"><ele>2585.8</ele></trkpt><trkpt lat="46.154982512435865" lon="7.513385624369113"><ele>2583.1</ele></trkpt><trkpt lat="46.15491951284309" lon="7.513346624683375"><ele>2581.0</ele></trkpt><trkpt lat="46.15491051317059" lon="7.5132946249387045"><ele>2579.3</ele></trkpt><trkpt lat="46.154820513906216" lon="7.51321662550763"><ele>2575.5</ele></trkpt><trkpt lat="46.1547485143908" lon="7.513190625880488"><ele>2573.0</ele></trkpt><trkpt lat="46.15468551495189" lon="7.513113626315655"><ele>2570.1</ele></trkpt><trkpt lat="46.15464951529992" lon="7.513061626585981"><ele>2568.3</ele></trkpt><trkpt lat="46.154631515878044" lon="7.512957627037258"><ele>2565.3</ele></trkpt><trkpt lat="46.15456951665071" lon="7.512854627637076"><ele>2561.3</ele></trkpt><trkpt lat="46.15456051709366" lon="7.512776627982893"><ele>2559.0</ele></trkpt><trkpt lat="46.1545875172656" lon="7.512763628116947"><ele>2558.1</ele></trkpt><trkpt lat="46.15460551759182" lon="7.51269862837281"><ele>2556.4</ele></trkpt><trkpt lat="46.154623518168115" lon="7.5125826288244895"><ele>2553.4</ele></trkpt><trkpt lat="46.1545875185162" lon="7.5125306290947735"><ele>2551.6</ele></trkpt><trkpt lat="46.15457851880527" lon="7.5124916293196025"><ele>2550.1</ele></trkpt><trkpt lat="46.15444351981239" lon="7.512400630097097"><ele>2544.9</ele></trkpt><trkpt lat="46.15439851996861" lon="7.51241363021528"><ele>2544.1</ele></trkpt><trkpt lat="46.154407520295145" lon="7.5123236304726495"><ele>2542.4</ele></trkpt><trkpt lat="46.15442552058287" lon="7.512245630699577"><ele>2540.9</ele></trkpt><trkpt lat="46.15438952085381" lon="7.512167630912048"><ele>2539.5</ele></trkpt><trkpt lat="46.154362521143625" lon="7.512103631138456"><ele>2538.0</ele></trkpt><trkpt lat="46.15434452158687" lon="7.511986631486553"><ele>2535.7</ele></trkpt><trkpt lat="46.154308521780884" lon="7.51192163163893"><ele>2534.7</ele></trkpt><trkpt lat="46.154272522128686" lon="7.5117926319137"><ele>2532.9</ele></trkpt><trkpt lat="46.15425452245642" lon="7.511675632172799"><ele>2531.2</ele></trkpt><trkpt lat="46.15415652321101" lon="7.511416632767011"><ele>2527.3</ele></trkpt><trkpt lat="46.154111523520854" lon="7.511313633010618"><ele>2525.7</ele></trkpt><trkpt lat="46.154057523907895" lon="7.51117063331593"><ele>2523.7</ele></trkpt><trkpt lat="46.15403052423603" lon="7.511041633575745"><ele>2522.0</ele></trkpt><trkpt lat="46.15400352462181" lon="7.510872633882373"><ele>2520.0</ele></trkpt><trkpt lat="46.153940525259124" lon="7.510575634389469"><ele>2516.7</ele></trkpt><trkpt lat="46.15386852562769" lon="7.510393634682304"><ele>2514.8</ele></trkpt><trkpt lat="46.153806526015" lon="7.5102126349898155"><ele>2512.8</ele></trkpt><trkpt lat="46.15377052626652" lon="7.510070635191082"><ele>2511.5</ele></trkpt><trkpt lat="46.15370752659616" lon="7.509901635453401"><ele>2509.8</ele></trkpt><trkpt lat="46.15368952682771" lon="7.509798635637422"><ele>2508.6</ele></trkpt><trkpt lat="46.15361752719621" lon="7.509603635930943"><ele>2506.7</ele></trkpt><trkpt lat="46.153590527254785" lon="7.50947463598312"><ele>2506.4</ele></trkpt><trkpt lat="46.15357252750549" lon="7.50934563618346"><ele>2505.1</ele></trkpt><trkpt lat="46.15352752777673" lon="7.509228636398101"><ele>2503.7</ele></trkpt><trkpt lat="46.15350052800877" lon="7.509150636580696"><ele>2502.5</ele></trkpt><trkpt lat="46.1534465282998" lon="7.509073636807877"><ele>2501.0</ele></trkpt><trkpt lat="46.15340252853237" lon="7.508930636994357"><ele>2499.8</ele></trkpt><trkpt lat="46.15334852888059" lon="7.508684637275817"><ele>2498.0</ele></trkpt><trkpt lat="46.153339528977" lon="7.508606637354516"><ele>2497.5</ele></trkpt><trkpt lat="46.15331252913186" lon="7.508464637481516"><ele>2496.7</ele></trkpt><trkpt lat="46.153276529364184" lon="7.508347637666401"><ele>2495.5</ele></trkpt><trkpt lat="46.153267529710774" lon="7.508231637939952"><ele>2493.7</ele></trkpt><trkpt lat="46.153258529980306" lon="7.508127638153524"><ele>2492.3</ele></trkpt><trkpt lat="46.15325853024959" lon="7.508063638364706"><ele>2490.9</ele></trkpt><trkpt lat="46.15328553028676" lon="7.508011638397173"><ele>2490.7</ele></trkpt><trkpt lat="46.15331253024676" lon="7.507933638371867"><ele>2490.9</ele></trkpt><trkpt lat="46.15331253018884" lon="7.507869638331121"><ele>2491.2</ele></trkpt><trkpt lat="46.15331253026556" lon="7.507778638395672"><ele>2490.8</ele></trkpt><trkpt lat="46.153303530285044" lon="7.507726638413565"><ele>2490.7</ele></trkpt><trkpt lat="46.15331253028436" lon="7.507649638417963"><ele>2490.7</ele></trkpt><trkpt lat="46.15328553043937" lon="7.50755863854197"><ele>2489.9</ele></trkpt><trkpt lat="46.15325953078655" lon="7.507377638819351"><ele>2488.1</ele></trkpt><trkpt lat="46.153196531193146" lon="7.5072086391407336"><ele>2486.0</ele></trkpt><trkpt lat="46.153133531599956" lon="7.507092639459034"><ele>2483.9</ele></trkpt><trkpt lat="46.153115531793055" lon="7.507027639611081"><ele>2482.9</ele></trkpt><trkpt lat="46.153115531889185" lon="7.50696263968892"><ele>2482.4</ele></trkpt><trkpt lat="46.153088532140444" lon="7.506898639885417"><ele>2481.1</ele></trkpt><trkpt lat="46.15308853237121" lon="7.506820640067717"><ele>2479.9</ele></trkpt><trkpt lat="46.15309753269781" lon="7.5067426403240285"><ele>2478.2</ele></trkpt><trkpt lat="46.15309753300557" lon="7.506665640565526"><ele>2476.6</ele></trkpt><trkpt lat="46.1530885333136" lon="7.506548640809381"><ele>2475.0</ele></trkpt><trkpt lat="46.153097533640036" lon="7.506419641068609"><ele>2473.3</ele></trkpt><trkpt lat="46.153097533716924" lon="7.506367641130863"><ele>2472.9</ele></trkpt><trkpt lat="46.153079533813745" lon="7.50628964120955"><ele>2472.4</ele></trkpt><trkpt lat="46.1530525339111" lon="7.506250641286052"><ele>2471.9</ele></trkpt><trkpt lat="46.15303453400813" lon="7.5062246413617455"><ele>2471.4</ele></trkpt><trkpt lat="46.15300753420155" lon="7.506134641515252"><ele>2470.4</ele></trkpt><trkpt lat="46.15297253458766" lon="7.5059656418214935"><ele>2468.4</ele></trkpt><trkpt lat="46.15293653491622" lon="7.5058496420802365"><ele>2466.7</ele></trkpt><trkpt lat="46.152891535264395" lon="7.505732642353906"><ele>2464.9</ele></trkpt><trkpt lat="46.15289153549514" lon="7.505655642536087"><ele>2463.7</ele></trkpt><trkpt lat="46.152909535782676" lon="7.505525642765615"><ele>2462.2</ele></trkpt><trkpt lat="46.15290953595573" lon="7.505448642903343"><ele>2461.3</ele></trkpt><trkpt lat="46.15292753618567" lon="7.505370643085442"><ele>2460.1</ele></trkpt><trkpt lat="46.15288253680309" lon="7.505163643571593"><ele>2456.9</ele></trkpt><trkpt lat="46.15289153693722" lon="7.505098643678936"><ele>2456.2</ele></trkpt><trkpt lat="46.15289153724495" lon="7.505008643921069"><ele>2454.6</ele></trkpt><trkpt lat="46.15289153762944" lon="7.504839644226957"><ele>2452.6</ele></trkpt><trkpt lat="46.15292753787778" lon="7.504749644424395"><ele>2451.3</ele></trkpt><trkpt lat="46.15293653806977" lon="7.504710644574671"><ele>2450.3</ele></trkpt><trkpt lat="46.152936538223656" lon="7.504671644695388"><ele>2449.5</ele></trkpt><trkpt lat="46.15295453837671" lon="7.50463264481598"><ele>2448.7</ele></trkpt><trkpt lat="46.15298153849092" lon="7.504606644906143"><ele>2448.1</ele></trkpt><trkpt lat="46.1530265387581" lon="7.504516645118319"><ele>2446.7</ele></trkpt><trkpt lat="46.15305353883376" lon="7.50446464518034"><ele>2446.3</ele></trkpt><trkpt lat="46.1530625389679" lon="7.504399645287654"><ele>2445.6</ele></trkpt><trkpt lat="46.15308953908208" lon="7.504361645378497"><ele>2445.0</ele></trkpt><trkpt lat="46.153098539216316" lon="7.504335645483592"><ele>2444.3</ele></trkpt><trkpt lat="46.15317053952088" lon="7.504270645723766"><ele>2442.7</ele></trkpt><trkpt lat="46.15318853977017" lon="7.504218645919132"><ele>2441.4</ele></trkpt><trkpt lat="46.15323353990281" lon="7.50419264602398"><ele>2440.7</ele></trkpt><trkpt lat="46.153269540074426" lon="7.504180646157711"><ele>2439.8</ele></trkpt><trkpt lat="46.1533415404368" lon="7.504141646440837"><ele>2437.9</ele></trkpt><trkpt lat="46.15337754074313" lon="7.504115646679031"><ele>2436.3</ele></trkpt><trkpt lat="46.15340454093424" lon="7.504063646829897"><ele>2435.3</ele></trkpt><trkpt lat="46.153404541068895" lon="7.504024646935777"><ele>2434.6</ele></trkpt><trkpt lat="46.15338654118515" lon="7.504011647025492"><ele>2434.0</ele></trkpt><trkpt lat="46.153377541262536" lon="7.504011647084795"><ele>2433.6</ele></trkpt><trkpt lat="46.153360541398044" lon="7.503998647189311"><ele>2432.9</ele></trkpt><trkpt lat="46.15336054153274" lon="7.503973647294398"><ele>2432.2</ele></trkpt><trkpt lat="46.15336954170547" lon="7.503934647429835"><ele>2431.3</ele></trkpt><trkpt lat="46.15339654187746" lon="7.50390864756441"><ele>2430.4</ele></trkpt><trkpt lat="46.15340554203091" lon="7.503869647685031"><ele>2429.6</ele></trkpt><trkpt lat="46.15340554224263" lon="7.503830647850139"><ele>2428.5</ele></trkpt><trkpt lat="46.15341454239606" lon="7.503791647970757"><ele>2427.7</ele></trkpt><trkpt lat="46.15343254252994" lon="7.503766648075715"><ele>2427.0</ele></trkpt><trkpt lat="46.15343254266463" lon="7.503727648181585"><ele>2426.3</ele></trkpt><trkpt lat="46.153468543009154" lon="7.503610648454509"><ele>2424.5</ele></trkpt><trkpt lat="46.153477543104906" lon="7.503584648529959"><ele>2424.0</ele></trkpt><trkpt lat="46.15348654327756" lon="7.503520648666786"><ele>2423.1</ele></trkpt><trkpt lat="46.153486543335234" lon="7.503481648713412"><ele>2422.8</ele></trkpt><trkpt lat="46.15347754341258" lon="7.503455648774175"><ele>2422.4</ele></trkpt><trkpt lat="46.15346854358609" lon="7.503390648911173"><ele>2421.5</ele></trkpt><trkpt lat="46.15345954362483" lon="7.503338648943778"><ele>2421.3</ele></trkpt><trkpt lat="46.15345954381709" lon="7.503274649095463"><ele>2420.3</ele></trkpt><trkpt lat="46.153468543874325" lon="7.503235649142025"><ele>2420.0</ele></trkpt><trkpt lat="46.15345954404783" lon="7.503170649279014"><ele>2419.1</ele></trkpt><trkpt lat="46.15345954420177" lon="7.503144649398943"><ele>2418.3</ele></trkpt><trkpt lat="46.15345954439407" lon="7.50306764955135"><ele>2417.3</ele></trkpt><trkpt lat="46.15345954452869" lon="7.503028649657198"><ele>2416.6</ele></trkpt><trkpt lat="46.15346854462443" lon="7.502989649733367"><ele>2416.1</ele></trkpt><trkpt lat="46.153477544700934" lon="7.502950649794731"><ele>2415.7</ele></trkpt><trkpt lat="46.1534955447193" lon="7.502911649811607"><ele>2415.6</ele></trkpt><trkpt lat="46.15348654479657" lon="7.502873649873034"><ele>2415.2</ele></trkpt><trkpt lat="46.15348654496968" lon="7.502834650008489"><ele>2414.3</ele></trkpt><trkpt lat="46.15345054520212" lon="7.502769650190063"><ele>2413.1</ele></trkpt><trkpt lat="46.15345054524054" lon="7.502743650221136"><ele>2412.9</ele></trkpt><trkpt lat="46.153459545297736" lon="7.502691650268417"><ele>2412.6</ele></trkpt><trkpt lat="46.15348654539256" lon="7.502601650347319"><ele>2412.1</ele></trkpt><trkpt lat="46.153513545564095" lon="7.502420650490549"><ele>2411.2</ele></trkpt><trkpt lat="46.15353154558239" lon="7.502368650508152"><ele>2411.1</ele></trkpt><trkpt lat="46.15353154569768" lon="7.50229065060136"><ele>2410.5</ele></trkpt><trkpt lat="46.15352254592878" lon="7.502199650784194"><ele>2409.3</ele></trkpt><trkpt lat="46.153531546005155" lon="7.502096650849127"><ele>2408.9</ele></trkpt><trkpt lat="46.153568546061024" lon="7.502018650897666"><ele>2408.6</ele></trkpt><trkpt lat="46.15358654613689" lon="7.501902650963262"><ele>2408.2</ele></trkpt><trkpt lat="46.15364954628735" lon="7.501656651095056"><ele>2407.4</ele></trkpt><trkpt lat="46.153685546400986" lon="7.501552651189466"><ele>2406.8</ele></trkpt><trkpt lat="46.153703546495855" lon="7.501345651274949"><ele>2406.3</ele></trkpt><trkpt lat="46.153703546553416" lon="7.501281651322945"><ele>2406.0</ele></trkpt><trkpt lat="46.1537395465129" lon="7.5011386513010985"><ele>2406.2</ele></trkpt><trkpt lat="46.15373954662817" lon="7.501048651394951"><ele>2405.6</ele></trkpt><trkpt lat="46.15382054675887" lon="7.50088065150743"><ele>2404.9</ele></trkpt><trkpt lat="46.15382954685458" lon="7.50084165158357"><ele>2404.4</ele></trkpt><trkpt lat="46.15385654694949" lon="7.500789651660306"><ele>2403.9</ele></trkpt><trkpt lat="46.15387454704475" lon="7.500724651737838"><ele>2403.4</ele></trkpt><trkpt lat="46.15389254721676" lon="7.500556651880322"><ele>2402.5</ele></trkpt><trkpt lat="46.15389254742809" lon="7.500414652051075"><ele>2401.4</ele></trkpt><trkpt lat="46.15391054752326" lon="7.500297652131495"><ele>2400.9</ele></trkpt><trkpt lat="46.15392854759913" lon="7.500181652197054"><ele>2400.5</ele></trkpt><trkpt lat="46.15392854782981" lon="7.500064652381199"><ele>2399.3</ele></trkpt><trkpt lat="46.15397354794294" lon="7.499922652477624"><ele>2398.7</ele></trkpt><trkpt lat="46.153973548000515" lon="7.499870652524927"><ele>2398.4</ele></trkpt><trkpt lat="46.15396554807776" lon="7.499818652587082"><ele>2398.0</ele></trkpt><trkpt lat="46.1540015480952" lon="7.499754652605212"><ele>2397.9</ele></trkpt><trkpt lat="46.15401954817123" lon="7.4996766526686445"><ele>2397.5</ele></trkpt><trkpt lat="46.154037548304956" lon="7.499598652776471"><ele>2396.8</ele></trkpt><trkpt lat="46.1540375484203" lon="7.499547652868109"><ele>2396.2</ele></trkpt><trkpt lat="46.15406454841897" lon="7.49949565287083"><ele>2396.2</ele></trkpt><trkpt lat="46.15405554851558" lon="7.499469652946338"><ele>2395.7</ele></trkpt><trkpt lat="46.15407354864939" lon="7.499404653053435"><ele>2395.0</ele></trkpt><trkpt lat="46.15410054868656" lon="7.499365653085029"><ele>2394.8</ele></trkpt><trkpt lat="46.15412754878151" lon="7.49932765316096"><ele>2394.3</ele></trkpt><trkpt lat="46.15419054874009" lon="7.499288653133116"><ele>2394.5</ele></trkpt><trkpt lat="46.15420854875845" lon="7.4992496531499695"><ele>2394.4</ele></trkpt><trkpt lat="46.15419954879722" lon="7.499197653182519"><ele>2394.2</ele></trkpt><trkpt lat="46.1541725489138" lon="7.499158653273663"><ele>2393.6</ele></trkpt><trkpt lat="46.15414554891484" lon="7.49910765327668"><ele>2393.6</ele></trkpt><trkpt lat="46.15413654878032" lon="7.499042653176768"><ele>2394.3</ele></trkpt><trkpt lat="46.15413654879934" lon="7.498964653195909"><ele>2394.2</ele></trkpt><trkpt lat="46.15414554872182" lon="7.4989256531388255"><ele>2394.6</ele></trkpt><trkpt lat="46.15415454885599" lon="7.498861653245915"><ele>2393.9</ele></trkpt><trkpt lat="46.154172548835724" lon="7.498783653235341"><ele>2394.0</ele></trkpt><trkpt lat="46.15418154923886" lon="7.498511653561167"><ele>2391.9</ele></trkpt><trkpt lat="46.154181549642615" lon="7.498317653882693"><ele>2389.8</ele></trkpt><trkpt lat="46.154217549755934" lon="7.498110653982733"><ele>2389.2</ele></trkpt><trkpt lat="46.154217549851985" lon="7.498032654061048"><ele>2388.7</ele></trkpt><trkpt lat="46.15422654983212" lon="7.49795565405047"><ele>2388.8</ele></trkpt><trkpt lat="46.15425354988825" lon="7.497799654103344"><ele>2388.5</ele></trkpt><trkpt lat="46.15423555004285" lon="7.497722654226103"><ele>2387.7</ele></trkpt><trkpt lat="46.154245550176704" lon="7.497553654338986"><ele>2387.0</ele></trkpt><trkpt lat="46.15429055019381" lon="7.497502654356315"><ele>2386.9</ele></trkpt><trkpt lat="46.15432655032688" lon="7.4974636544618045"><ele>2386.2</ele></trkpt><trkpt lat="46.154335550364806" lon="7.497398654494939"><ele>2386.0</ele></trkpt><trkpt lat="46.15431755051929" lon="7.497269654620571"><ele>2385.2</ele></trkpt><trkpt lat="46.15433555072984" lon="7.497139654790396"><ele>2384.1</ele></trkpt><trkpt lat="46.154326550922505" lon="7.497036654944105"><ele>2383.1</ele></trkpt><trkpt lat="46.15434455124852" lon="7.496855655205508"><ele>2381.4</ele></trkpt><trkpt lat="46.154353551459685" lon="7.496764655373213"><ele>2380.3</ele></trkpt><trkpt lat="46.15438955176549" lon="7.496531655622557"><ele>2378.7</ele></trkpt><trkpt lat="46.15440755186081" lon="7.496479655699273"><ele>2378.2</ele></trkpt><trkpt lat="46.15444355203219" lon="7.496376655837863"><ele>2377.3</ele></trkpt><trkpt lat="46.15444355220521" lon="7.496272655976745"><ele>2376.4</ele></trkpt><trkpt lat="46.15444355220521" lon="7.496272655976745"><ele>2376.4</ele></trkpt><trkpt lat="46.15443455228252" lon="7.496233656038125"><ele>2376.0</ele></trkpt><trkpt lat="46.154425552359875" lon="7.496220656098072"><ele>2375.6</ele></trkpt><trkpt lat="46.154389552476935" lon="7.496194656188496"><ele>2375.0</ele></trkpt><trkpt lat="46.1543445525943" lon="7.496156656279643"><ele>2374.4</ele></trkpt><trkpt lat="46.1543265526913" lon="7.496130656355153"><ele>2373.9</ele></trkpt><trkpt lat="46.154326552825815" lon="7.496026656464436"><ele>2373.2</ele></trkpt><trkpt lat="46.154326552825815" lon="7.496026656464436"><ele>2373.2</ele></trkpt><trkpt lat="46.15433555299826" lon="7.495884656605331"><ele>2372.3</ele></trkpt><trkpt lat="46.15432655322944" lon="7.495793656787901"><ele>2371.1</ele></trkpt><trkpt lat="46.15433555340202" lon="7.495677656927354"><ele>2370.2</ele></trkpt><trkpt lat="46.15432755345986" lon="7.495586656976795"><ele>2369.9</ele></trkpt><trkpt lat="46.1542645536351" lon="7.4953016571260145"><ele>2369.0</ele></trkpt><trkpt lat="46.15424655365478" lon="7.495185657147311"><ele>2368.9</ele></trkpt><trkpt lat="46.154255553692686" lon="7.495094657181841"><ele>2368.7</ele></trkpt><trkpt lat="46.154273553672354" lon="7.494991657172605"><ele>2368.8</ele></trkpt><trkpt lat="46.15430055355539" lon="7.49491365708799"><ele>2369.4</ele></trkpt><trkpt lat="46.15430055355539" lon="7.49491365708799"><ele>2369.4</ele></trkpt><trkpt lat="46.15426455363383" lon="7.494848657150964"><ele>2369.0</ele></trkpt><trkpt lat="46.15424655373068" lon="7.494770657229322"><ele>2368.5</ele></trkpt><trkpt lat="46.15420155515635" lon="7.494395658344554"><ele>2361.1</ele></trkpt><trkpt lat="46.15417455579247" lon="7.494227658841936"><ele>2357.8</ele></trkpt><trkpt lat="46.15417455640794" lon="7.493994659327886"><ele>2354.6</ele></trkpt><trkpt lat="46.154210556752666" lon="7.493903659598788"><ele>2352.8</ele></trkpt><trkpt lat="46.15424655686644" lon="7.493838659690828"><ele>2352.2</ele></trkpt><trkpt lat="46.15427355715383" lon="7.493748659917369"><ele>2350.7</ele></trkpt><trkpt lat="46.15433655736261" lon="7.493644660085288"><ele>2349.6</ele></trkpt><trkpt lat="46.15434555738135" lon="7.493606660102094"><ele>2349.5</ele></trkpt><trkpt lat="46.15430155790295" lon="7.493528660505854"><ele>2346.8</ele></trkpt><trkpt lat="46.154328558094164" lon="7.493476660656372"><ele>2345.8</ele></trkpt><trkpt lat="46.15434655830493" lon="7.493398660823149"><ele>2344.7</ele></trkpt><trkpt lat="46.15441855899443" lon="7.493191661366224"><ele>2341.1</ele></trkpt><trkpt lat="46.15445455941623" lon="7.493127661694742"><ele>2338.9</ele></trkpt><trkpt lat="46.15451755983689" lon="7.493023662025255"><ele>2336.7</ele></trkpt><trkpt lat="46.15451755983689" lon="7.493023662025255"><ele>2336.7</ele></trkpt><trkpt lat="46.154400560073086" lon="7.493075662200604"><ele>2335.5</ele></trkpt><trkpt lat="46.154301560231595" lon="7.493127662316698"><ele>2334.7</ele></trkpt><trkpt lat="46.15422056037003" lon="7.493191662417243"><ele>2334.0</ele></trkpt><trkpt lat="46.15404056076321" lon="7.493308662707763"><ele>2332.0</ele></trkpt><trkpt lat="46.15389656105845" lon="7.493385662926299"><ele>2330.5</ele></trkpt><trkpt lat="46.15374356141189" lon="7.493488663187848"><ele>2328.7</ele></trkpt><trkpt lat="46.153626561628904" lon="7.493553663347726"><ele>2327.6</ele></trkpt><trkpt lat="46.15349156186605" lon="7.493657663520403"><ele>2326.4</ele></trkpt><trkpt lat="46.153320562143186" lon="7.493760663722941"><ele>2325.0</ele></trkpt><trkpt lat="46.15326656226119" lon="7.493812663809198"><ele>2324.4</ele></trkpt><trkpt lat="46.15321256243706" lon="7.49390266393776"><ele>2323.5</ele></trkpt><trkpt lat="46.15316756261257" lon="7.494019664064812"><ele>2322.6</ele></trkpt><trkpt lat="46.153149562806206" lon="7.494148664205837"><ele>2321.6</ele></trkpt><trkpt lat="46.15314956294123" lon="7.494239664304439"><ele>2320.9</ele></trkpt><trkpt lat="46.15316756317193" lon="7.494407664472714"><ele>2319.7</ele></trkpt><trkpt lat="46.15316756328776" lon="7.494510664555891"><ele>2319.1</ele></trkpt><trkpt lat="46.15315856340394" lon="7.494614664639075"><ele>2318.5</ele></trkpt><trkpt lat="46.15312256355987" lon="7.494743664750665"><ele>2317.7</ele></trkpt><trkpt lat="46.153058563928965" lon="7.494950665020918"><ele>2315.8</ele></trkpt><trkpt lat="46.153022564142674" lon="7.495093665176134"><ele>2314.7</ele></trkpt><trkpt lat="46.15298656441425" lon="7.495274665373687"><ele>2313.3</ele></trkpt><trkpt lat="46.152959564608224" lon="7.495378665516171"><ele>2312.3</ele></trkpt><trkpt lat="46.15292356474476" lon="7.495468665615095"><ele>2311.6</ele></trkpt><trkpt lat="46.152860564901744" lon="7.495572665728236"><ele>2310.8</ele></trkpt><trkpt lat="46.15272556525463" lon="7.495791665983575"><ele>2309.0</ele></trkpt><trkpt lat="46.15267156539191" lon="7.495869666083274"><ele>2308.3</ele></trkpt><trkpt lat="46.15261756558713" lon="7.495998666224618"><ele>2307.3</ele></trkpt><trkpt lat="46.152572565723936" lon="7.496063666324959"><ele>2306.6</ele></trkpt><trkpt lat="46.15251856582262" lon="7.496102666397172"><ele>2306.1</ele></trkpt><trkpt lat="46.15246456592125" lon="7.496128666470079"><ele>2305.6</ele></trkpt><trkpt lat="46.152419566000304" lon="7.496167666527445"><ele>2305.2</ele></trkpt><trkpt lat="46.15238356609827" lon="7.496231666598208"><ele>2304.7</ele></trkpt><trkpt lat="46.15237456621435" lon="7.496309666682842"><ele>2304.1</ele></trkpt><trkpt lat="46.15235656638877" lon="7.4964516668084835"><ele>2303.2</ele></trkpt><trkpt lat="46.152338566563195" lon="7.4966076669333885"><ele>2302.3</ele></trkpt><trkpt lat="46.15226656708717" lon="7.497021667311135"><ele>2299.6</ele></trkpt><trkpt lat="46.15222156747492" lon="7.497318667591441"><ele>2297.6</ele></trkpt><trkpt lat="46.15215756819128" lon="7.497823668112332"><ele>2293.9</ele></trkpt><trkpt lat="46.152130568346706" lon="7.497927668225328"><ele>2293.1</ele></trkpt><trkpt lat="46.15209456848321" lon="7.498004668325028"><ele>2292.4</ele></trkpt><trkpt lat="46.15202256867904" lon="7.49810866846791"><ele>2291.4</ele></trkpt><trkpt lat="46.15198656877703" lon="7.498185668538019"><ele>2290.9</ele></trkpt><trkpt lat="46.15195956891305" lon="7.498237668639002"><ele>2290.2</ele></trkpt><trkpt lat="46.15192356899164" lon="7.498263668697034"><ele>2289.8</ele></trkpt><trkpt lat="46.151887569070084" lon="7.498237668757829"><ele>2289.4</ele></trkpt><trkpt lat="46.15187856920503" lon="7.498172668864919"><ele>2288.7</ele></trkpt><trkpt lat="46.1519055693768" lon="7.498056669004082"><ele>2287.8</ele></trkpt><trkpt lat="46.15196956960469" lon="7.497888669190156"><ele>2286.6</ele></trkpt><trkpt lat="46.15196956960469" lon="7.497888669190156"><ele>2286.6</ele></trkpt><trkpt lat="46.15194256960578" lon="7.497875669191014"><ele>2286.6</ele></trkpt><trkpt lat="46.151870569897596" lon="7.497887669412768"><ele>2285.1</ele></trkpt><trkpt lat="46.15182557018836" lon="7.497926669632923"><ele>2283.6</ele></trkpt><trkpt lat="46.1517805704406" lon="7.497965669823486"><ele>2282.3</ele></trkpt><trkpt lat="46.15174457055759" lon="7.497965669912488"><ele>2281.7</ele></trkpt><trkpt lat="46.15165457086934" lon="7.497939670151165"><ele>2280.1</ele></trkpt><trkpt lat="46.15161857098638" lon="7.497952670239483"><ele>2279.5</ele></trkpt><trkpt lat="46.15155557112393" lon="7.49801767034001"><ele>2278.8</ele></trkpt><trkpt lat="46.15153757108635" lon="7.49806867030783"><ele>2279.0</ele></trkpt><trkpt lat="46.15151057118383" lon="7.498094670380606"><ele>2278.5</ele></trkpt><trkpt lat="46.15146557128197" lon="7.498107670454184"><ele>2278.0</ele></trkpt><trkpt lat="46.15142057136084" lon="7.49809467051434"><ele>2277.6</ele></trkpt><trkpt lat="46.15139357151582" lon="7.4980426706356305"><ele>2276.8</ele></trkpt><trkpt lat="46.151330571383546" lon="7.497977670535892"><ele>2277.5</ele></trkpt><trkpt lat="46.1513035711536" lon="7.497926670361215"><ele>2278.7</ele></trkpt><trkpt lat="46.15126757096237" lon="7.497835670218299"><ele>2279.7</ele></trkpt><trkpt lat="46.15115057002364" lon="7.497667669502974"><ele>2284.6</ele></trkpt><trkpt lat="46.1510875696605" lon="7.497628669224338"><ele>2286.5</ele></trkpt><trkpt lat="46.15105156950804" lon="7.497641669105513"><ele>2287.3</ele></trkpt><trkpt lat="46.15098856916406" lon="7.497563668843751"><ele>2289.1</ele></trkpt><trkpt lat="46.15097956918349" lon="7.497511668861367"><ele>2289.0</ele></trkpt><trkpt lat="46.15092556887773" lon="7.497459668627763"><ele>2290.6</ele></trkpt><trkpt lat="46.15083556897768" lon="7.497433668703688"><ele>2290.1</ele></trkpt><trkpt lat="46.15076356926953" lon="7.4974466689253685"><ele>2288.6</ele></trkpt><trkpt lat="46.1507185695409" lon="7.497459669132088"><ele>2287.2</ele></trkpt><trkpt lat="46.150682569600185" lon="7.497472669176007"><ele>2286.9</ele></trkpt><trkpt lat="46.15066456960093" lon="7.497472669176121"><ele>2286.9</ele></trkpt><trkpt lat="46.15063756956357" lon="7.497459669147393"><ele>2287.1</ele></trkpt><trkpt lat="46.150619569410296" lon="7.497433669030535"><ele>2287.9</ele></trkpt><trkpt lat="46.150583569219194" lon="7.4973816688855806"><ele>2288.9</ele></trkpt><trkpt lat="46.15054856923975" lon="7.497316668904051"><ele>2288.8</ele></trkpt><trkpt lat="46.15051256920267" lon="7.497278668876713"><ele>2289.0</ele></trkpt><trkpt lat="46.15046756922373" lon="7.497252668893172"><ele>2288.9</ele></trkpt><trkpt lat="46.15043156937924" lon="7.497252669011753"><ele>2288.1</ele></trkpt><trkpt lat="46.150404569476734" lon="7.497303669083185"><ele>2287.6</ele></trkpt><trkpt lat="46.150323570000026" lon="7.497368669479684"><ele>2284.9</ele></trkpt><trkpt lat="46.150170570623" lon="7.4975886699424015"><ele>2281.7</ele></trkpt><trkpt lat="46.15014357060491" lon="7.4976146699264"><ele>2281.8</ele></trkpt><trkpt lat="46.15011657064452" lon="7.497588669957538"><ele>2281.6</ele></trkpt><trkpt lat="46.15003557049361" lon="7.497458669846583"><ele>2282.4</ele></trkpt><trkpt lat="46.14996357001537" lon="7.4974196694792505"><ele>2284.9</ele></trkpt><trkpt lat="46.14992756995901" lon="7.497355669438495"><ele>2285.2</ele></trkpt><trkpt lat="46.14983756978926" lon="7.497238669312133"><ele>2286.1</ele></trkpt><trkpt lat="46.14979256982944" lon="7.497160669346143"><ele>2285.9</ele></trkpt><trkpt lat="46.14969356956391" lon="7.49707066914444"><ele>2287.3</ele></trkpt><trkpt lat="46.14958556966428" lon="7.496914669227379"><ele>2286.8</ele></trkpt><trkpt lat="46.14954056958916" lon="7.496888669169874"><ele>2287.2</ele></trkpt><trkpt lat="46.14946856953424" lon="7.496811669130038"><ele>2287.5</ele></trkpt><trkpt lat="46.149423569382115" lon="7.496785669013366"><ele>2288.3</ele></trkpt><trkpt lat="46.149333569424066" lon="7.496655669050432"><ele>2288.1</ele></trkpt><trkpt lat="46.14927156915713" lon="7.496616668845806"><ele>2289.5</ele></trkpt><trkpt lat="46.14924456925437" lon="7.4965646689227015"><ele>2289.0</ele></trkpt><trkpt lat="46.14919056923718" lon="7.496487668912345"><ele>2289.1</ele></trkpt><trkpt lat="46.149100569452386" lon="7.49638366908115"><ele>2288.0</ele></trkpt><trkpt lat="46.149064569723166" lon="7.49631866929191"><ele>2286.6</ele></trkpt><trkpt lat="46.149001569918106" lon="7.496254669443621"><ele>2285.6</ele></trkpt><trkpt lat="46.1489295703251" lon="7.496189669758137"><ele>2283.5</ele></trkpt><trkpt lat="46.148839570617476" lon="7.496150669982638"><ele>2282.0</ele></trkpt><trkpt lat="46.14876757102441" lon="7.496072670297831"><ele>2279.9</ele></trkpt><trkpt lat="46.14866857125935" lon="7.496007670479383"><ele>2278.7</ele></trkpt><trkpt lat="46.14862357158819" lon="7.495930670735175"><ele>2277.0</ele></trkpt><trkpt lat="46.14852457178457" lon="7.495865670887138"><ele>2276.0</ele></trkpt><trkpt lat="46.148479572171155" lon="7.495787671187344"><ele>2274.0</ele></trkpt><trkpt lat="46.1484525722492" lon="7.495748671248734"><ele>2273.6</ele></trkpt><trkpt lat="46.14830057258224" lon="7.495580671509977"><ele>2271.9</ele></trkpt><trkpt lat="46.14822857283498" lon="7.495411671711608"><ele>2270.6</ele></trkpt><trkpt lat="46.14816557268344" lon="7.495334671597748"><ele>2271.4</ele></trkpt><trkpt lat="46.148120572839034" lon="7.495243671721144"><ele>2270.6</ele></trkpt><trkpt lat="46.14804857293792" lon="7.495114671802337"><ele>2270.1</ele></trkpt><trkpt lat="46.14800357311281" lon="7.4950366719398245"><ele>2269.2</ele></trkpt><trkpt lat="46.147976573440836" lon="7.4949586721955015"><ele>2267.5</ele></trkpt><trkpt lat="46.14794957346112" lon="7.494919672212512"><ele>2267.4</ele></trkpt><trkpt lat="46.14789557344403" lon="7.494880672200112"><ele>2267.5</ele></trkpt><trkpt lat="46.14784157363854" lon="7.494829672351012"><ele>2266.5</ele></trkpt><trkpt lat="46.147769573718314" lon="7.494738672415404"><ele>2266.1</ele></trkpt><trkpt lat="46.14771557397058" lon="7.494673672611395"><ele>2264.8</ele></trkpt><trkpt lat="46.14765257420393" lon="7.494608672792652"><ele>2263.6</ele></trkpt><trkpt lat="46.14758957455272" lon="7.494531673063258"><ele>2261.8</ele></trkpt><trkpt lat="46.147562574592165" lon="7.4944796730957295"><ele>2261.6</ele></trkpt><trkpt lat="46.147553574573" lon="7.494362673087147"><ele>2261.7</ele></trkpt><trkpt lat="46.14752757451616" lon="7.494285673046993"><ele>2262.0</ele></trkpt><trkpt lat="46.14752757465064" lon="7.494207673154593"><ele>2261.3</ele></trkpt><trkpt lat="46.14750057457462" lon="7.494142673099033"><ele>2261.7</ele></trkpt><trkpt lat="46.14750057503573" lon="7.493884673467429"><ele>2259.3</ele></trkpt><trkpt lat="46.14749157532434" lon="7.493728673697442"><ele>2257.8</ele></trkpt><trkpt lat="46.1475005756891" lon="7.493560673987099"><ele>2255.9</ele></trkpt><trkpt lat="46.147500575881175" lon="7.493431674141698"><ele>2254.9</ele></trkpt><trkpt lat="46.147500575900224" lon="7.4933536741605655"><ele>2254.8</ele></trkpt><trkpt lat="46.14750057582278" lon="7.493185674110227"><ele>2255.2</ele></trkpt><trkpt lat="46.14748257590013" lon="7.4930426741769605"><ele>2254.8</ele></trkpt><trkpt lat="46.147491575841634" lon="7.492913674139313"><ele>2255.1</ele></trkpt><trkpt lat="46.147437576016614" lon="7.492745674281489"><ele>2254.2</ele></trkpt><trkpt lat="46.14741057644072" lon="7.492615674613672"><ele>2252.0</ele></trkpt><trkpt lat="46.14736557692337" lon="7.492499674989569"><ele>2249.5</ele></trkpt><trkpt lat="46.14725857775466" lon="7.4923046756360225"><ele>2245.2</ele></trkpt><trkpt lat="46.14715957833572" lon="7.492175676086795"><ele>2242.2</ele></trkpt><trkpt lat="46.147114578452936" lon="7.492136676177792"><ele>2241.6</ele></trkpt><trkpt lat="46.146934578536964" lon="7.491993676245472"><ele>2241.2</ele></trkpt><trkpt lat="46.146799578638344" lon="7.491838676328277"><ele>2240.7</ele></trkpt><trkpt lat="46.14675457848621" lon="7.491812676211666"><ele>2241.5</ele></trkpt><trkpt lat="46.146709578468645" lon="7.491734676201224"><ele>2241.6</ele></trkpt><trkpt lat="46.146655578509154" lon="7.491657676235128"><ele>2241.4</ele></trkpt><trkpt lat="46.14660157854975" lon="7.491618676267045"><ele>2241.2</ele></trkpt><trkpt lat="46.146538578590786" lon="7.491592676298349"><ele>2241.0</ele></trkpt><trkpt lat="46.14646657878618" lon="7.491592676446593"><ele>2240.0</ele></trkpt><trkpt lat="46.14635857890596" lon="7.491540676538641"><ele>2239.4</ele></trkpt><trkpt lat="46.146259578967786" lon="7.491540676583593"><ele>2239.1</ele></trkpt><trkpt lat="46.146188579278345" lon="7.491488676823205"><ele>2237.5</ele></trkpt><trkpt lat="46.14601757940088" lon="7.491475676913613"><ele>2236.9</ele></trkpt><trkpt lat="46.145909579674615" lon="7.491436677123216"><ele>2235.5</ele></trkpt><trkpt lat="46.145855579792205" lon="7.491423677212901"><ele>2234.9</ele></trkpt><trkpt lat="46.14580157981374" lon="7.491423677228013"><ele>2234.8</ele></trkpt><trkpt lat="46.145630580032616" lon="7.491513677386969"><ele>2233.7</ele></trkpt><trkpt lat="46.14555858018951" lon="7.491513677505646"><ele>2232.9</ele></trkpt><trkpt lat="46.14550458028797" lon="7.491526677579204"><ele>2232.4</ele></trkpt><trkpt lat="46.145441580444434" lon="7.4915006776991735"><ele>2231.6</ele></trkpt><trkpt lat="46.14532458054509" lon="7.4913846777798"><ele>2231.1</ele></trkpt><trkpt lat="46.14527058077802" lon="7.491319677960843"><ele>2229.9</ele></trkpt><trkpt lat="46.14521658083788" lon="7.49128067800753"><ele>2229.6</ele></trkpt><trkpt lat="46.14515358105187" lon="7.491189678175189"><ele>2228.5</ele></trkpt><trkpt lat="46.145135581302455" lon="7.4910996783720725"><ele>2227.2</ele></trkpt><trkpt lat="46.145135581859655" lon="7.490840678814013"><ele>2224.3</ele></trkpt><trkpt lat="46.14511758201381" lon="7.4906466789423565"><ele>2223.5</ele></trkpt><trkpt lat="46.14509958207201" lon="7.49054267899217"><ele>2223.2</ele></trkpt><trkpt lat="46.14509158220684" lon="7.490477679099009"><ele>2222.5</ele></trkpt><trkpt lat="46.145073582284326" lon="7.490400679162199"><ele>2222.1</ele></trkpt><trkpt lat="46.14496558263441" lon="7.490167679440846"><ele>2220.3</ele></trkpt><trkpt lat="46.14492958284734" lon="7.490102679606951"><ele>2219.2</ele></trkpt><trkpt lat="46.14491158304022" lon="7.490024679758836"><ele>2218.2</ele></trkpt><trkpt lat="46.144884583079744" lon="7.489973679791178"><ele>2218.0</ele></trkpt><trkpt lat="46.1448575831384" lon="7.489921679838346"><ele>2217.7</ele></trkpt><trkpt lat="46.144794583583185" lon="7.4898306801832435"><ele>2215.4</ele></trkpt><trkpt lat="46.14457858482245" lon="7.489532681145449"><ele>2209.0</ele></trkpt><trkpt lat="46.14447958549943" lon="7.489403681669759"><ele>2205.5</ele></trkpt><trkpt lat="46.14445258561579" lon="7.489325681762563"><ele>2204.9</ele></trkpt><trkpt lat="46.14443458575099" lon="7.48924768187008"><ele>2204.2</ele></trkpt><trkpt lat="46.14444358613515" lon="7.489170682169435"><ele>2202.2</ele></trkpt><trkpt lat="46.144390586406246" lon="7.489027682383891"><ele>2200.8</ele></trkpt><trkpt lat="46.144363586464976" lon="7.488988682430367"><ele>2200.5</ele></trkpt><trkpt lat="46.14434558673489" lon="7.4889376826399"><ele>2199.1</ele></trkpt><trkpt lat="46.14434558698484" lon="7.488885682834604"><ele>2197.8</ele></trkpt><trkpt lat="46.14437258738745" lon="7.488781683149966"><ele>2195.7</ele></trkpt><trkpt lat="46.14440858773203" lon="7.488691683420239"><ele>2193.9</ele></trkpt><trkpt lat="46.144435587942375" lon="7.488639683585215"><ele>2192.8</ele></trkpt><trkpt lat="46.144471588133214" lon="7.488600683734705"><ele>2191.8</ele></trkpt><trkpt lat="46.14451658840056" lon="7.488536683944499"><ele>2190.4</ele></trkpt><trkpt lat="46.14453458843825" lon="7.488497683975913"><ele>2190.2</ele></trkpt><trkpt lat="46.1445345884188" lon="7.488432683964446"><ele>2190.3</ele></trkpt><trkpt lat="46.14452558876534" lon="7.488380684233036"><ele>2188.5</ele></trkpt><trkpt lat="46.14449858949704" lon="7.488225684802382"><ele>2184.7</ele></trkpt><trkpt lat="46.14446258990218" lon="7.488109685118671"><ele>2182.6</ele></trkpt><trkpt lat="46.14442659061501" lon="7.487940685673966"><ele>2178.9</ele></trkpt><trkpt lat="46.144381591750864" lon="7.487591686563305"><ele>2173.0</ele></trkpt><trkpt lat="46.14435459230943" lon="7.48743568699965"><ele>2170.1</ele></trkpt><trkpt lat="46.144336592867724" lon="7.487293687435212"><ele>2167.2</ele></trkpt><trkpt lat="46.144318593310565" lon="7.487151687782144"><ele>2164.9</ele></trkpt><trkpt lat="46.14430059348425" lon="7.487086687918435"><ele>2164.0</ele></trkpt><trkpt lat="46.144282593830944" lon="7.48696968819025"><ele>2162.2</ele></trkpt><trkpt lat="46.14426459427383" lon="7.486853688535842"><ele>2159.9</ele></trkpt><trkpt lat="46.144247594832144" lon="7.486749688969427"><ele>2157.0</ele></trkpt><trkpt lat="46.144175595719574" lon="7.48659468965692"><ele>2152.4</ele></trkpt><trkpt lat="46.14415759631642" lon="7.4865166901187115"><ele>2149.3</ele></trkpt><trkpt lat="46.144157596566345" lon="7.486452690313875"><ele>2148.0</ele></trkpt><trkpt lat="46.14417559670002" lon="7.4863486904223215"><ele>2147.3</ele></trkpt><trkpt lat="46.14419359710304" lon="7.486245690737446"><ele>2145.2</ele></trkpt><trkpt lat="46.144202597333184" lon="7.486115690921057"><ele>2144.0</ele></trkpt><trkpt lat="46.14421159694773" lon="7.485960690633392"><ele>2146.0</ele></trkpt><trkpt lat="46.144220596773806" lon="7.485792690508808"><ele>2146.9</ele></trkpt><trkpt lat="46.144193597005255" lon="7.485623690694567"><ele>2145.7</ele></trkpt><trkpt lat="46.14416659700601" lon="7.485494690701152"><ele>2145.7</ele></trkpt><trkpt lat="46.144139596929726" lon="7.485339690649965"><ele>2146.1</ele></trkpt><trkpt lat="46.14411259718066" lon="7.48524869084659"><ele>2144.8</ele></trkpt><trkpt lat="46.14405859754804" lon="7.4851456911325585"><ele>2142.9</ele></trkpt><trkpt lat="46.14403159781832" lon="7.485106691341352"><ele>2141.5</ele></trkpt><trkpt lat="46.143995598165986" lon="7.48508069160861"><ele>2139.7</ele></trkpt><trkpt lat="46.14395959880222" lon="7.4850676920966785"><ele>2136.4</ele></trkpt><trkpt lat="46.14391459928485" lon="7.4850416924673295"><ele>2133.9</ele></trkpt><trkpt lat="46.14378060138662" lon="7.484911694083783"><ele>2123.0</ele></trkpt><trkpt lat="46.14370860242811" lon="7.48486069488395"><ele>2117.6</ele></trkpt><trkpt lat="46.14364560281522" lon="7.484821695181502"><ele>2115.6</ele></trkpt><trkpt lat="46.14357360335662" lon="7.484795695596573"><ele>2112.8</ele></trkpt><trkpt lat="46.14353760337719" lon="7.484769695612818"><ele>2112.7</ele></trkpt><trkpt lat="46.143510603493596" lon="7.48474369570283"><ele>2112.1</ele></trkpt><trkpt lat="46.143483603860034" lon="7.484691695986033"><ele>2110.2</ele></trkpt><trkpt lat="46.14345660447647" lon="7.484613696462418"><ele>2107.0</ele></trkpt><trkpt lat="46.14342960491974" lon="7.484523696806516"><ele>2104.7</ele></trkpt><trkpt lat="46.143411605305" lon="7.484458697105043"><ele>2102.7</ele></trkpt><trkpt lat="46.14341160582425" lon="7.484393697506799"><ele>2100.0</ele></trkpt><trkpt lat="46.143420606208494" lon="7.484342697804474"><ele>2098.0</ele></trkpt><trkpt lat="46.14343860657315" lon="7.484277698088011"><ele>2096.1</ele></trkpt><trkpt lat="46.14349260735956" lon="7.484186698697362"><ele>2092.0</ele></trkpt><trkpt lat="46.143555608010985" lon="7.484109699202631"><ele>2088.6</ele></trkpt><trkpt lat="46.14361860864323" lon="7.484044699692552"><ele>2085.3</ele></trkpt><trkpt lat="46.14364560885366" lon="7.48400569985666"><ele>2084.2</ele></trkpt><trkpt lat="46.14364560919984" lon="7.483954700124829"><ele>2082.4</ele></trkpt><trkpt lat="46.14363660954635" lon="7.483915700392469"><ele>2080.6</ele></trkpt><trkpt lat="46.14360060987469" lon="7.483889700644874"><ele>2078.9</ele></trkpt><trkpt lat="46.14354660987672" lon="7.48387670064581"><ele>2078.9</ele></trkpt><trkpt lat="46.14345661016863" lon="7.4838377008696275"><ele>2077.4</ele></trkpt><trkpt lat="46.14336661007586" lon="7.483798700798214"><ele>2077.9</ele></trkpt><trkpt lat="46.14328561034816" lon="7.483759701007215"><ele>2076.5</ele></trkpt><trkpt lat="46.1432496105419" lon="7.483746701155656"><ele>2075.5</ele></trkpt><trkpt lat="46.14321361083179" lon="7.4837337013779015"><ele>2074.0</ele></trkpt><trkpt lat="46.14318661115974" lon="7.483694701630867"><ele>2072.3</ele></trkpt><trkpt lat="46.14308761283669" lon="7.483539702923035"><ele>2063.6</ele></trkpt><trkpt lat="46.14300661420535" lon="7.483448703975825"><ele>2056.5</ele></trkpt><trkpt lat="46.142908615440014" lon="7.48338470492408"><ele>2050.1</ele></trkpt><trkpt lat="46.142773616772324" lon="7.483332705945757"><ele>2043.2</ele></trkpt><trkpt lat="46.14262961804696" lon="7.4832027069268605"><ele>2036.6</ele></trkpt><trkpt lat="46.142557618588114" lon="7.4831377073436025"><ele>2033.8</ele></trkpt><trkpt lat="46.14247661943724" lon="7.483034707998319"><ele>2029.4</ele></trkpt><trkpt lat="46.14234162084626" lon="7.482930709081373"><ele>2022.1</ele></trkpt><trkpt lat="46.14226062215707" lon="7.482839710089686"><ele>2015.3</ele></trkpt><trkpt lat="46.14219762375575" lon="7.482749711319203"><ele>2007.0</ele></trkpt><trkpt lat="46.14214362448854" lon="7.482697711882744"><ele>2003.2</ele></trkpt><trkpt lat="46.141990624801736" lon="7.482606712123946"><ele>2001.6</ele></trkpt><trkpt lat="46.14187362559459" lon="7.4825547127320915"><ele>1997.5</ele></trkpt><trkpt lat="46.1417836269827" lon="7.482529713796322"><ele>1990.3</ele></trkpt><trkpt lat="46.14172062735048" lon="7.482541714076519"><ele>1988.4</ele></trkpt><trkpt lat="46.14167562685219" lon="7.482606713690066"><ele>1991.0</ele></trkpt><trkpt lat="46.14161262673929" lon="7.482684713598263"><ele>1991.6</ele></trkpt><trkpt lat="46.14154062720372" lon="7.482761713949311"><ele>1989.2</ele></trkpt><trkpt lat="46.141513627262505" lon="7.4827877139925425"><ele>1988.9</ele></trkpt><trkpt lat="46.141478627283014" lon="7.482787714007492"><ele>1988.8</ele></trkpt><trkpt lat="46.14136162742184" lon="7.482748714113245"><ele>1988.1</ele></trkpt><trkpt lat="46.141307627442984" lon="7.482722714129495"><ele>1988.0</ele></trkpt><trkpt lat="46.14123562761867" lon="7.482683714264514"><ele>1987.1</ele></trkpt><trkpt lat="46.14116362773667" lon="7.482670714354056"><ele>1986.5</ele></trkpt><trkpt lat="46.14107362793231" lon="7.4826707145021345"><ele>1985.5</ele></trkpt><trkpt lat="46.14101962799195" lon="7.482657714547305"><ele>1985.2</ele></trkpt><trkpt lat="46.14097462814741" lon="7.482631714666812"><ele>1984.4</ele></trkpt><trkpt lat="46.14090262828457" lon="7.482593714772258"><ele>1983.7</ele></trkpt><trkpt lat="46.14085762847852" lon="7.482580714920681"><ele>1982.7</ele></trkpt><trkpt lat="46.14075862859756" lon="7.4825797150098206"><ele>1982.1</ele></trkpt><trkpt lat="46.14073162859852" lon="7.482567715010522"><ele>1982.1</ele></trkpt><trkpt lat="46.14069562879209" lon="7.482541715159488"><ele>1981.1</ele></trkpt><trkpt lat="46.14065062904371" lon="7.482515715352781"><ele>1979.8</ele></trkpt><trkpt lat="46.14056962948897" lon="7.482515715692655"><ele>1977.5</ele></trkpt><trkpt lat="46.14053362945188" lon="7.482528715662741"><ele>1977.7</ele></trkpt><trkpt lat="46.14050662935671" lon="7.4825407155885495"><ele>1978.2</ele></trkpt><trkpt lat="46.140479629492376" lon="7.482553715691408"><ele>1977.5</ele></trkpt><trkpt lat="46.14044362970525" lon="7.482553715853942"><ele>1976.4</ele></trkpt><trkpt lat="46.140416629783175" lon="7.4825537159131175"><ele>1976.0</ele></trkpt><trkpt lat="46.14037162984247" lon="7.482553715957639"><ele>1975.7</ele></trkpt><trkpt lat="46.14026363017335" lon="7.482540716209705"><ele>1974.0</ele></trkpt><trkpt lat="46.14020963017535" lon="7.48255371620941"><ele>1974.0</ele></trkpt><trkpt lat="46.140155630215766" lon="7.482553716239217"><ele>1973.8</ele></trkpt><trkpt lat="46.140128630370576" lon="7.482540716358023"><ele>1973.0</ele></trkpt><trkpt lat="46.140092630506516" lon="7.482540716461526"><ele>1972.3</ele></trkpt><trkpt lat="46.140056630642476" lon="7.482553716564432"><ele>1971.6</ele></trkpt><trkpt lat="46.140011630644096" lon="7.482540716565274"><ele>1971.6</ele></trkpt><trkpt lat="46.13997563077996" lon="7.482527716669363"><ele>1970.9</ele></trkpt><trkpt lat="46.13988563111017" lon="7.482527716920735"><ele>1969.2</ele></trkpt><trkpt lat="46.13983163130449" lon="7.482553717067422"><ele>1968.2</ele></trkpt><trkpt lat="46.13979563155585" lon="7.482579717258283"><ele>1966.9</ele></trkpt><trkpt lat="46.1397506316923" lon="7.482643717358923"><ele>1966.2</ele></trkpt><trkpt lat="46.139723631712634" lon="7.482708717370872"><ele>1966.1</ele></trkpt><trkpt lat="46.1397236318666" lon="7.48276071748657"><ele>1965.3</ele></trkpt><trkpt lat="46.13973263188562" lon="7.482812717498915"><ele>1965.2</ele></trkpt><trkpt lat="46.13975963200012" lon="7.482850717585587"><ele>1964.6</ele></trkpt><trkpt lat="46.13977763207651" lon="7.482902717642159"><ele>1964.2</ele></trkpt><trkpt lat="46.139786632249375" lon="7.482954717772573"><ele>1963.3</ele></trkpt><trkpt lat="46.13979563251838" lon="7.4830067179767825"><ele>1961.9</ele></trkpt><trkpt lat="46.139768632634905" lon="7.4830587180631225"><ele>1961.3</ele></trkpt><trkpt lat="46.13975063269338" lon="7.483109718105184"><ele>1961.0</ele></trkpt><trkpt lat="46.13973263275181" lon="7.483148718147787"><ele>1960.7</ele></trkpt><trkpt lat="46.13971463286792" lon="7.483200718234081"><ele>1960.1</ele></trkpt><trkpt lat="46.13966963292744" lon="7.483264718275703"><ele>1959.8</ele></trkpt><trkpt lat="46.139642632966904" lon="7.483290718304188"><ele>1959.6</ele></trkpt><trkpt lat="46.139624633006036" lon="7.483290718333803"><ele>1959.4</ele></trkpt><trkpt lat="46.139588633199665" lon="7.483303718481005"><ele>1958.4</ele></trkpt><trkpt lat="46.139561633469896" lon="7.483303718687785"><ele>1957.0</ele></trkpt><trkpt lat="46.139498633875945" lon="7.4832907189986635"><ele>1954.9</ele></trkpt><trkpt lat="46.13943563393597" lon="7.483316719042106"><ele>1954.6</ele></trkpt><trkpt lat="46.13938163407259" lon="7.48334271914454"><ele>1953.9</ele></trkpt><trkpt lat="46.1393366345358" lon="7.483355719498425"><ele>1951.5</ele></trkpt><trkpt lat="46.13924663519282" lon="7.483368720000149"><ele>1948.1</ele></trkpt><trkpt lat="46.13917463579152" lon="7.4833687204580865"><ele>1945.0</ele></trkpt><trkpt lat="46.139093636025216" lon="7.48335572063622"><ele>1943.8</ele></trkpt><trkpt lat="46.13898663614435" lon="7.483329720726523"><ele>1943.2</ele></trkpt><trkpt lat="46.13891463672365" lon="7.483264721172613"><ele>1940.2</ele></trkpt><trkpt lat="46.138860637398516" lon="7.483212721691809"><ele>1936.7</ele></trkpt><trkpt lat="46.13877063792085" lon="7.483173722092532"><ele>1934.0</ele></trkpt><trkpt lat="46.13870763825" lon="7.483173722343777"><ele>1932.3</ele></trkpt><trkpt lat="46.138662638578424" lon="7.483160722595503"><ele>1930.6</ele></trkpt><trkpt lat="46.1386176388684" lon="7.483121722818868"><ele>1929.1</ele></trkpt><trkpt lat="46.13844663933573" lon="7.483031723178003"><ele>1926.7</ele></trkpt><trkpt lat="46.13841063958693" lon="7.4830057233712175"><ele>1925.4</ele></trkpt><trkpt lat="46.13839263964527" lon="7.483018723415013"><ele>1925.1</ele></trkpt><trkpt lat="46.13836563972316" lon="7.483018723474192"><ele>1924.7</ele></trkpt><trkpt lat="46.13832063976318" lon="7.483005723504526"><ele>1924.5</ele></trkpt><trkpt lat="46.138266639765014" lon="7.482979723505975"><ele>1924.5</ele></trkpt><trkpt lat="46.138221640112754" lon="7.482979723771868"><ele>1922.7</ele></trkpt><trkpt lat="46.138158640672515" lon="7.4829407242019315"><ele>1919.8</ele></trkpt><trkpt lat="46.13809564104006" lon="7.482927724483252"><ele>1917.9</ele></trkpt><trkpt lat="46.13805964148355" lon="7.482914724823464"><ele>1915.6</ele></trkpt><trkpt lat="46.13797864181331" lon="7.482927725074207"><ele>1913.9</ele></trkpt><trkpt lat="46.13787064162492" lon="7.482965724925515"><ele>1914.9</ele></trkpt><trkpt lat="46.137726642264646" lon="7.483017725411009"><ele>1911.6</ele></trkpt><trkpt lat="46.13763664238317" lon="7.483017725500035"><ele>1911.0</ele></trkpt><trkpt lat="46.137555642616746" lon="7.483017725677566"><ele>1909.8</ele></trkpt><trkpt lat="46.13736664316172" lon="7.483004726092375"><ele>1907.0</ele></trkpt><trkpt lat="46.1372766434918" lon="7.483017726343172"><ele>1905.3</ele></trkpt><trkpt lat="46.13708864355622" lon="7.483094726385053"><ele>1905.0</ele></trkpt><trkpt lat="46.13687264412147" lon="7.483146726811903"><ele>1902.1</ele></trkpt><trkpt lat="46.13651264496103" lon="7.483262727443329"><ele>1897.8</ele></trkpt><trkpt lat="46.13621564620203" lon="7.483352728385517"><ele>1891.4</ele></trkpt><trkpt lat="46.135693648777384" lon="7.483520730343899"><ele>1878.1</ele></trkpt><trkpt lat="46.13565764897087" lon="7.483533730491113"><ele>1877.1</ele></trkpt><trkpt lat="46.13561264908778" lon="7.483559730578775"><ele>1876.5</ele></trkpt><trkpt lat="46.13555864932042" lon="7.483598730754477"><ele>1875.3</ele></trkpt><trkpt lat="46.13549564924577" lon="7.483611730695207"><ele>1875.7</ele></trkpt><trkpt lat="46.13536064903901" lon="7.483610730533598"><ele>1876.8</ele></trkpt><trkpt lat="46.13531564896371" lon="7.483636730473668"><ele>1877.2</ele></trkpt><trkpt lat="46.135171649583796" lon="7.48363673094672"><ele>1874.0</ele></trkpt><trkpt lat="46.13493764932301" lon="7.483727730737363"><ele>1875.4</ele></trkpt><trkpt lat="46.13479364919354" lon="7.483791730632019"><ele>1876.1</ele></trkpt><trkpt lat="46.134631649084184" lon="7.483946730537581"><ele>1876.7</ele></trkpt><trkpt lat="46.134523648972916" lon="7.484101730442856"><ele>1877.3</ele></trkpt><trkpt lat="46.13450564895438" lon="7.484114730427625"><ele>1877.4</ele></trkpt><trkpt lat="46.134496648858665" lon="7.484179730351048"><ele>1877.9</ele></trkpt><trkpt lat="46.13447864874409" lon="7.484244730259753"><ele>1878.5</ele></trkpt><trkpt lat="46.13446964864842" lon="7.4842837301843055"><ele>1879.0</ele></trkpt><trkpt lat="46.134442648534154" lon="7.484334730093665"><ele>1879.6</ele></trkpt><trkpt lat="46.13443364859221" lon="7.484373730136302"><ele>1879.3</ele></trkpt><trkpt lat="46.13440664872788" lon="7.48447773023525"><ele>1878.6</ele></trkpt><trkpt lat="46.13437064892164" lon="7.484580730378579"><ele>1877.6</ele></trkpt><trkpt lat="46.1343346490767" lon="7.484619730495167"><ele>1876.8</ele></trkpt><trkpt lat="46.13425364917575" lon="7.484671730567139"><ele>1876.3</ele></trkpt><trkpt lat="46.134217649234664" lon="7.484683730611092"><ele>1876.0</ele></trkpt><trkpt lat="46.134154649429036" lon="7.4846707307596"><ele>1875.0</ele></trkpt><trkpt lat="46.13408264935462" lon="7.484657730701493"><ele>1875.4</ele></trkpt><trkpt lat="46.133858649246946" lon="7.4846187306157805"><ele>1876.0</ele></trkpt><trkpt lat="46.13379564930675" lon="7.484618730660393"><ele>1875.7</ele></trkpt><trkpt lat="46.1337596493465" lon="7.484631730689541"><ele>1875.5</ele></trkpt><trkpt lat="46.13371464950179" lon="7.484631730807866"><ele>1874.7</ele></trkpt><trkpt lat="46.133660649715175" lon="7.484657730969398"><ele>1873.6</ele></trkpt><trkpt lat="46.13359765000562" lon="7.484657731191146"><ele>1872.1</ele></trkpt><trkpt lat="46.1334806503365" lon="7.4847097314404545"><ele>1870.4</ele></trkpt><trkpt lat="46.13335465070618" lon="7.484773731718815"><ele>1868.5</ele></trkpt><trkpt lat="46.133156651270504" lon="7.484864732144005"><ele>1865.6</ele></trkpt><trkpt lat="46.133156651270504" lon="7.484864732144005"><ele>1865.6</ele></trkpt><trkpt lat="46.13310265182951" lon="7.484773732576298"><ele>1862.7</ele></trkpt><trkpt lat="46.133057652234555" lon="7.484721732888758"><ele>1860.6</ele></trkpt><trkpt lat="46.133003652563005" lon="7.484682733141658"><ele>1858.9</ele></trkpt><trkpt lat="46.13296765279487" lon="7.484669733319543"><ele>1857.7</ele></trkpt><trkpt lat="46.13286865324025" lon="7.484643733660677"><ele>1855.4</ele></trkpt><trkpt lat="46.13284165337563" lon="7.484631733764663"><ele>1854.7</ele></trkpt><trkpt lat="46.13281465364557" lon="7.484592733973129"><ele>1853.3</ele></trkpt><trkpt lat="46.13277865399262" lon="7.484540734241241"><ele>1851.5</ele></trkpt><trkpt lat="46.13275165422404" lon="7.484514734419625"><ele>1850.3</ele></trkpt><trkpt lat="46.13266165491882" lon="7.484436734954813"><ele>1846.7</ele></trkpt><trkpt lat="46.13264365509237" lon="7.484423735088305"><ele>1845.8</ele></trkpt><trkpt lat="46.13260765543939" lon="7.4843597353569145"><ele>1844.0</ele></trkpt><trkpt lat="46.132553655844674" lon="7.484307735669375"><ele>1841.9</ele></trkpt><trkpt lat="46.13245465659728" lon="7.484203736249959"><ele>1838.0</ele></trkpt><trkpt lat="46.13242765673269" lon="7.484177736354521"><ele>1837.3</ele></trkpt><trkpt lat="46.132409656906184" lon="7.484138736489113"><ele>1836.4</ele></trkpt><trkpt lat="46.13238265706075" lon="7.484087736609493"><ele>1835.6</ele></trkpt><trkpt lat="46.13236565727261" lon="7.4840487367735875"><ele>1834.5</ele></trkpt><trkpt lat="46.13231165756253" lon="7.483970736998567"><ele>1833.0</ele></trkpt><trkpt lat="46.13228465769791" lon="7.483931737103675"><ele>1832.3</ele></trkpt><trkpt lat="46.13227565775578" lon="7.4839057371491"><ele>1832.0</ele></trkpt><trkpt lat="46.13226665781367" lon="7.483867737195035"><ele>1831.7</ele></trkpt><trkpt lat="46.13226665794803" lon="7.483789737301647"><ele>1831.0</ele></trkpt><trkpt lat="46.13225765808276" lon="7.483750737406653"><ele>1830.3</ele></trkpt><trkpt lat="46.132248658159895" lon="7.483737737466286"><ele>1829.9</ele></trkpt><trkpt lat="46.13222165835296" lon="7.483711737615116"><ele>1828.9</ele></trkpt><trkpt lat="46.132185658719195" lon="7.48366073789787"><ele>1827.0</ele></trkpt><trkpt lat="46.13214965900854" lon="7.483608738121633"><ele>1825.5</ele></trkpt><trkpt lat="46.13210465937511" lon="7.483569738403924"><ele>1823.6</ele></trkpt><trkpt lat="46.13205965974169" lon="7.483543738685661"><ele>1821.7</ele></trkpt><trkpt lat="46.13202365995429" lon="7.483543738848185"><ele>1820.6</ele></trkpt><trkpt lat="46.1320056601087" lon="7.483569738965256"><ele>1819.8</ele></trkpt><trkpt lat="46.13196066045616" lon="7.483608739229502"><ele>1818.0</ele></trkpt><trkpt lat="46.13192466076496" lon="7.483659739463684"><ele>1816.4</ele></trkpt><trkpt lat="46.1319066608617" lon="7.483685739536481"><ele>1815.9</ele></trkpt><trkpt lat="46.13188866095848" lon="7.483724739608729"><ele>1815.4</ele></trkpt><trkpt lat="46.13184366119082" lon="7.483828739781705"><ele>1814.2</ele></trkpt><trkpt lat="46.131816661345525" lon="7.483879739897782"><ele>1813.4</ele></trkpt><trkpt lat="46.13178066167358" lon="7.483918740147241"><ele>1811.7</ele></trkpt><trkpt lat="46.13178066167358" lon="7.483918740147241"><ele>1811.7</ele></trkpt><trkpt lat="46.13177166171218" lon="7.483892740177894"><ele>1811.5</ele></trkpt><trkpt lat="46.13175366180879" lon="7.483853740253409"><ele>1811.0</ele></trkpt><trkpt lat="46.13173566192471" lon="7.483853740342059"><ele>1810.4</ele></trkpt><trkpt lat="46.1317086620601" lon="7.483840740446053"><ele>1809.7</ele></trkpt><trkpt lat="46.131690662195176" lon="7.483827740550003"><ele>1809.0</ele></trkpt><trkpt lat="46.131681662253115" lon="7.483814740594868"><ele>1808.7</ele></trkpt><trkpt lat="46.13167266233023" lon="7.483789740654998"><ele>1808.3</ele></trkpt><trkpt lat="46.13165466240765" lon="7.483776740714666"><ele>1807.9</ele></trkpt><trkpt lat="46.131645662523276" lon="7.4837767408032665"><ele>1807.3</ele></trkpt><trkpt lat="46.131618662658646" lon="7.483776740906719"><ele>1806.6</ele></trkpt><trkpt lat="46.131600662774595" lon="7.483776740995363"><ele>1806.0</ele></trkpt><trkpt lat="46.131582662890445" lon="7.483763741084552"><ele>1805.4</ele></trkpt><trkpt lat="46.13157366296764" lon="7.4837637411436315"><ele>1805.0</ele></trkpt><trkpt lat="46.13157366300605" lon="7.483776741172608"><ele>1804.8</ele></trkpt><trkpt lat="46.13157366329443" lon="7.483853741390788"><ele>1803.3</ele></trkpt><trkpt lat="46.13156466342934" lon="7.483879741493067"><ele>1802.6</ele></trkpt><trkpt lat="46.13156466346781" lon="7.483892741522044"><ele>1802.4</ele></trkpt><trkpt lat="46.13155566350653" lon="7.483892741551606"><ele>1802.2</ele></trkpt><trkpt lat="46.131483664066046" lon="7.483814741983235"><ele>1799.3</ele></trkpt><trkpt lat="46.13146566418191" lon="7.483775742073498"><ele>1798.7</ele></trkpt><trkpt lat="46.131447664297724" lon="7.48375074216318"><ele>1798.1</ele></trkpt><trkpt lat="46.13142966439432" lon="7.483724742238148"><ele>1797.6</ele></trkpt><trkpt lat="46.13141166451016" lon="7.483698742327867"><ele>1797.0</ele></trkpt><trkpt lat="46.13132166545462" lon="7.4836467430536615"><ele>1792.1</ele></trkpt><trkpt lat="46.13128566574404" lon="7.483646743275222"><ele>1790.6</ele></trkpt><trkpt lat="46.13128566574404" lon="7.483646743275222"><ele>1790.6</ele></trkpt><trkpt lat="46.131267665821504" lon="7.483646743334349"><ele>1790.2</ele></trkpt><trkpt lat="46.13126766585999" lon="7.483659743363328"><ele>1790.0</ele></trkpt><trkpt lat="46.13126766587921" lon="7.483672743377549"><ele>1789.9</ele></trkpt><trkpt lat="46.13125866591791" lon="7.483672743407113"><ele>1789.7</ele></trkpt><trkpt lat="46.13125866595635" lon="7.483672743436626"><ele>1789.5</ele></trkpt><trkpt lat="46.13124066601463" lon="7.483672743480995"><ele>1789.2</ele></trkpt><trkpt lat="46.13124066607224" lon="7.483659743525809"><ele>1788.9</ele></trkpt><trkpt lat="46.13121366657243" lon="7.483516743915571"><ele>1786.3</ele></trkpt><trkpt lat="46.131204666707156" lon="7.483478744020495"><ele>1785.6</ele></trkpt><trkpt lat="46.13118666684218" lon="7.4834527441249605"><ele>1784.9</ele></trkpt><trkpt lat="46.131168667015714" lon="7.48343974425841"><ele>1784.0</ele></trkpt><trkpt lat="46.13114166718947" lon="7.483413744392444"><ele>1783.1</ele></trkpt><trkpt lat="46.131114667401604" lon="7.48334874455759"><ele>1782.0</ele></trkpt><trkpt lat="46.1310966675558" lon="7.483296744677885"><ele>1781.2</ele></trkpt><trkpt lat="46.131078667652424" lon="7.483258744753323"><ele>1780.7</ele></trkpt><trkpt lat="46.13107866767161" lon="7.4832457447686185"><ele>1780.6</ele></trkpt><trkpt lat="46.13107866770996" lon="7.483219744799203"><ele>1780.4</ele></trkpt><trkpt lat="46.131069667787116" lon="7.483206744858812"><ele>1780.0</ele></trkpt><trkpt lat="46.13106066788354" lon="7.4832067449326445"><ele>1779.5</ele></trkpt><trkpt lat="46.13106166801793" lon="7.48319374503648"><ele>1778.8</ele></trkpt><trkpt lat="46.131061668094745" lon="7.483167745096576"><ele>1778.4</ele></trkpt><trkpt lat="46.13106166815235" lon="7.483154745141385"><ele>1778.1</ele></trkpt><trkpt lat="46.131052668248685" lon="7.483141745215751"><ele>1777.6</ele></trkpt><trkpt lat="46.131043668383484" lon="7.483128745319629"><ele>1776.9</ele></trkpt><trkpt lat="46.131025668576186" lon="7.483102745468363"><ele>1775.9</ele></trkpt><trkpt lat="46.13098966882703" lon="7.483051745662479"><ele>1774.6</ele></trkpt><trkpt lat="46.130989668903915" lon="7.483038745722039"><ele>1774.2</ele></trkpt><trkpt lat="46.130980668923435" lon="7.483038745736842"><ele>1774.1</ele></trkpt><trkpt lat="46.13097166898136" lon="7.483050745780668"><ele>1773.8</ele></trkpt><trkpt lat="46.130971669077454" lon="7.483063745853921"><ele>1773.3</ele></trkpt><trkpt lat="46.13096266911623" lon="7.483063745883482"><ele>1773.1</ele></trkpt><trkpt lat="46.13095366921256" lon="7.483050745957845"><ele>1772.6</ele></trkpt><trkpt lat="46.130944669270455" lon="7.48303874600265"><ele>1772.3</ele></trkpt><trkpt lat="46.13093566932843" lon="7.483038746046968"><ele>1772.0</ele></trkpt><trkpt lat="46.130926669386305" lon="7.483038746091284"><ele>1771.7</ele></trkpt><trkpt lat="46.13091766944428" lon="7.483025746136131"><ele>1771.4</ele></trkpt><trkpt lat="46.13091766948268" lon="7.483025746165646"><ele>1771.2</ele></trkpt><trkpt lat="46.130926669559194" lon="7.482999746225696"><ele>1770.8</ele></trkpt><trkpt lat="46.130926669616834" lon="7.4829867462705"><ele>1770.5</ele></trkpt><trkpt lat="46.13091766969392" lon="7.482973746330105"><ele>1770.1</ele></trkpt><trkpt lat="46.13090866973269" lon="7.482973746359663"><ele>1769.9</ele></trkpt><trkpt lat="46.130899669771395" lon="7.482973746389224"><ele>1769.7</ele></trkpt><trkpt lat="46.13089966986752" lon="7.482999746461946"><ele>1769.2</ele></trkpt><trkpt lat="46.13089066990625" lon="7.482999746491506"><ele>1769.0</ele></trkpt><trkpt lat="46.13089066994469" lon="7.482999746521017"><ele>1768.8</ele></trkpt><trkpt lat="46.130881669944976" lon="7.482999746521063"><ele>1768.8</ele></trkpt><trkpt lat="46.130863670060805" lon="7.482973746610757"><ele>1768.2</ele></trkpt><trkpt lat="46.13085467009953" lon="7.482973746640315"><ele>1768.0</ele></trkpt><trkpt lat="46.13084567017672" lon="7.482986746698859"><ele>1767.6</ele></trkpt><trkpt lat="46.13082767031192" lon="7.483024746800697"><ele>1766.9</ele></trkpt><trkpt lat="46.13081867035064" lon="7.483037746829727"><ele>1766.7</ele></trkpt><trkpt lat="46.130809670408546" lon="7.483037746874042"><ele>1766.4</ele></trkpt><trkpt lat="46.13080067050491" lon="7.483024746948406"><ele>1765.9</ele></trkpt><trkpt lat="46.13079167056279" lon="7.483012746993211"><ele>1765.6</ele></trkpt><trkpt lat="46.13079167058201" lon="7.482999747008497"><ele>1765.5</ele></trkpt><trkpt lat="46.13079167067799" lon="7.482947747084401"><ele>1765.0</ele></trkpt><trkpt lat="46.1308276709455" lon="7.482779747297665"><ele>1763.6</ele></trkpt><trkpt lat="46.130818671099476" lon="7.482727747417878"><ele>1762.8</ele></trkpt><trkpt lat="46.13082767129114" lon="7.4826627475680425"><ele>1761.8</ele></trkpt><trkpt lat="46.13085467140537" lon="7.48258574765958"><ele>1761.2</ele></trkpt><trkpt lat="46.13086367153945" lon="7.482520747765471"><ele>1760.5</ele></trkpt><trkpt lat="46.13086367163549" lon="7.4824687478413665"><ele>1760.0</ele></trkpt><trkpt lat="46.130872671807964" lon="7.482403747976765"><ele>1759.1</ele></trkpt><trkpt lat="46.13087267207685" lon="7.48233974818594"><ele>1757.7</ele></trkpt><trkpt lat="46.13087267226886" lon="7.482274748336135"><ele>1756.7</ele></trkpt><trkpt lat="46.13085467253832" lon="7.482196748545966"><ele>1755.3</ele></trkpt><trkpt lat="46.13085467253832" lon="7.482196748545966"><ele>1755.3</ele></trkpt><trkpt lat="46.13082767253922" lon="7.482209748545567"><ele>1755.3</ele></trkpt><trkpt lat="46.13079167254042" lon="7.482235748544691"><ele>1755.3</ele></trkpt><trkpt lat="46.13076467256062" lon="7.482274748557999"><ele>1755.2</ele></trkpt><trkpt lat="46.13064767306453" lon="7.4825337489317425"><ele>1752.6</ele></trkpt><trkpt lat="46.130566673413355" lon="7.482701749190962"><ele>1750.8</ele></trkpt><trkpt lat="46.130503673723105" lon="7.482843749421638"><ele>1749.2</ele></trkpt><trkpt lat="46.13042267412958" lon="7.483037749724106"><ele>1747.1</ele></trkpt><trkpt lat="46.13036867430451" lon="7.483154749852472"><ele>1746.2</ele></trkpt><trkpt lat="46.13032367442141" lon="7.483244749937617"><ele>1745.6</ele></trkpt><trkpt lat="46.13027867453834" lon="7.483335750022716"><ele>1745.0</ele></trkpt><trkpt lat="46.13015267473492" lon="7.483503750164147"><ele>1744.0</ele></trkpt><trkpt lat="46.13015267473492" lon="7.483503750164147"><ele>1744.0</ele></trkpt><trkpt lat="46.130107674851686" lon="7.483554750250866"><ele>1743.4</ele></trkpt><trkpt lat="46.13007167494902" lon="7.483606750322741"><ele>1742.9</ele></trkpt><trkpt lat="46.12991867524251" lon="7.483774750538111"><ele>1741.4</ele></trkpt><trkpt lat="46.12988267530138" lon="7.483826750580474"><ele>1741.1</ele></trkpt><trkpt lat="46.129846675360334" lon="7.48389175062232"><ele>1740.8</ele></trkpt><trkpt lat="46.129846675360334" lon="7.48389175062232"><ele>1740.8</ele></trkpt><trkpt lat="46.12979267580388" lon="7.4838527509636075"><ele>1738.5</ele></trkpt><trkpt lat="46.12977467599655" lon="7.483826751112326"><ele>1737.5</ele></trkpt><trkpt lat="46.12974767622793" lon="7.48381375129009"><ele>1736.3</ele></trkpt><trkpt lat="46.12972967638224" lon="7.483826751407727"><ele>1735.5</ele></trkpt><trkpt lat="46.12970267649845" lon="7.483852751495376"><ele>1734.9</ele></trkpt><trkpt lat="46.129702676594555" lon="7.483865751568646"><ele>1734.4</ele></trkpt><trkpt lat="46.129693676710204" lon="7.483903751655728"><ele>1733.8</ele></trkpt><trkpt lat="46.1296846769027" lon="7.483955751801284"><ele>1732.8</ele></trkpt><trkpt lat="46.12963067723112" lon="7.483994752050898"><ele>1731.1</ele></trkpt><trkpt lat="46.12962167732748" lon="7.48399475212474"><ele>1730.6</ele></trkpt><trkpt lat="46.129576677559385" lon="7.483968752303105"><ele>1729.4</ele></trkpt><trkpt lat="46.12954967781" lon="7.483942752496146"><ele>1728.1</ele></trkpt><trkpt lat="46.12953167792586" lon="7.48394275258479"><ele>1727.5</ele></trkpt><trkpt lat="46.12947767850416" lon="7.484033753024213"><ele>1724.5</ele></trkpt><trkpt lat="46.12945967877386" lon="7.484110753227871"><ele>1723.1</ele></trkpt><trkpt lat="46.12942367908257" lon="7.484201753460586"><ele>1721.5</ele></trkpt><trkpt lat="46.129396679294935" lon="7.484265753620536"><ele>1720.4</ele></trkpt><trkpt lat="46.12937867948774" lon="7.484330753765642"><ele>1719.4</ele></trkpt><trkpt lat="46.12936967954568" lon="7.484330753809968"><ele>1719.1</ele></trkpt><trkpt lat="46.12933367958523" lon="7.48434375383915"><ele>1718.9</ele></trkpt><trkpt lat="46.12933367958523" lon="7.48434375383915"><ele>1718.9</ele></trkpt><trkpt lat="46.129333679681174" lon="7.4842787539155236"><ele>1718.4</ele></trkpt><trkpt lat="46.129333679681174" lon="7.4842787539155236"><ele>1718.4</ele></trkpt><trkpt lat="46.12931567964341" lon="7.484304753885061"><ele>1718.6</ele></trkpt><trkpt lat="46.129288679759696" lon="7.484408753969632"><ele>1718.0</ele></trkpt><trkpt lat="46.129225680107844" lon="7.484563754229484"><ele>1716.2</ele></trkpt><trkpt lat="46.12918068047452" lon="7.484679754505567"><ele>1714.3</ele></trkpt><trkpt lat="46.12908168113121" lon="7.484860755000777"><ele>1710.9</ele></trkpt><trkpt lat="46.12900968153716" lon="7.484964755307012"><ele>1708.8</ele></trkpt><trkpt lat="46.12896468176922" lon="7.485015755482357"><ele>1707.6</ele></trkpt><trkpt lat="46.12888368207927" lon="7.485067755716891"><ele>1706.0</ele></trkpt><trkpt lat="46.12882068231185" lon="7.485119755892289"><ele>1704.8</ele></trkpt><trkpt lat="46.12875768256374" lon="7.48517175608245"><ele>1703.5</ele></trkpt><trkpt lat="46.12866768287407" lon="7.485248756316052"><ele>1701.9</ele></trkpt><trkpt lat="46.1286316829906" lon="7.485300756402757"><ele>1701.3</ele></trkpt><trkpt lat="46.128577683165204" lon="7.485339756534344"><ele>1700.4</ele></trkpt><trkpt lat="46.12850568337893" lon="7.485403756694568"><ele>1699.3</ele></trkpt><trkpt lat="46.12843368345815" lon="7.4854687567514135"><ele>1698.9</ele></trkpt><trkpt lat="46.12843368345815" lon="7.4854687567514135"><ele>1698.9</ele></trkpt><trkpt lat="46.128379683498395" lon="7.4855207567791595"><ele>1698.7</ele></trkpt><trkpt lat="46.12834368349952" lon="7.485545756778349"><ele>1698.7</ele></trkpt><trkpt lat="46.12829868352018" lon="7.485545756793326"><ele>1698.6</ele></trkpt><trkpt lat="46.12826268365571" lon="7.4855327568973475"><ele>1697.9</ele></trkpt><trkpt lat="46.128244683733165" lon="7.485545756955974"><ele>1697.5</ele></trkpt><trkpt lat="46.12822668390656" lon="7.485519757089942"><ele>1696.6</ele></trkpt><trkpt lat="46.128208684041645" lon="7.485532757192859"><ele>1695.9</ele></trkpt><trkpt lat="46.128208684041645" lon="7.485532757192859"><ele>1695.9</ele></trkpt><trkpt lat="46.12818168421533" lon="7.4855197573263625"><ele>1695.0</ele></trkpt><trkpt lat="46.128172684330856" lon="7.48550675741549"><ele>1694.4</ele></trkpt><trkpt lat="46.12816368444636" lon="7.485481757505086"><ele>1693.8</ele></trkpt><trkpt lat="46.128145684581334" lon="7.485455757609527"><ele>1693.1</ele></trkpt><trkpt lat="46.12813668471603" lon="7.485429757713924"><ele>1692.4</ele></trkpt><trkpt lat="46.128136684888865" lon="7.485390757848305"><ele>1691.5</ele></trkpt><trkpt lat="46.12812768504278" lon="7.485364757967462"><ele>1690.7</ele></trkpt><trkpt lat="46.12810968517778" lon="7.485338758071899"><ele>1690.0</ele></trkpt><trkpt lat="46.1280916853896" lon="7.485312758235382"><ele>1688.9</ele></trkpt><trkpt lat="46.128055685640376" lon="7.485273758428977"><ele>1687.6</ele></trkpt><trkpt lat="46.1280376858522" lon="7.48524875859242"><ele>1686.5</ele></trkpt><trkpt lat="46.12802868598684" lon="7.485209758697316"><ele>1685.8</ele></trkpt><trkpt lat="46.12802868612125" lon="7.485183758801662"><ele>1685.1</ele></trkpt><trkpt lat="46.12802868621731" lon="7.485170758875976"><ele>1684.6</ele></trkpt><trkpt lat="46.128010686333084" lon="7.485170758964634"><ele>1684.0</ele></trkpt><trkpt lat="46.12800168642949" lon="7.4851707590384855"><ele>1683.5</ele></trkpt><trkpt lat="46.12797468652649" lon="7.485235759109904"><ele>1683.0</ele></trkpt><trkpt lat="46.12794768662335" lon="7.485235759183838"><ele>1682.5</ele></trkpt><trkpt lat="46.12792968681605" lon="7.485260759330578"><ele>1681.5</ele></trkpt><trkpt lat="46.12789368710541" lon="7.485312759550164"><ele>1680.0</ele></trkpt><trkpt lat="46.12788468725954" lon="7.485377759665792"><ele>1679.2</ele></trkpt><trkpt lat="46.12788468743253" lon="7.485429759796646"><ele>1678.3</ele></trkpt><trkpt lat="46.127875687682646" lon="7.485493759986127"><ele>1677.0</ele></trkpt><trkpt lat="46.12785768791382" lon="7.485545760161359"><ele>1675.8</ele></trkpt><trkpt lat="46.12785768814459" lon="7.485661760334037"><ele>1674.6</ele></trkpt><trkpt lat="46.12783068831848" lon="7.48575276046352"><ele>1673.7</ele></trkpt><trkpt lat="46.12779468839661" lon="7.485855760518773"><ele>1673.3</ele></trkpt><trkpt lat="46.12778568851226" lon="7.485894760605893"><ele>1672.7</ele></trkpt><trkpt lat="46.127740688609755" lon="7.485933760678419"><ele>1672.2</ele></trkpt><trkpt lat="46.127722688687165" lon="7.485972760736054"><ele>1671.8</ele></trkpt><trkpt lat="46.12771368874515" lon="7.486011760778884"><ele>1671.5</ele></trkpt><trkpt lat="46.127695688822634" lon="7.486036760837062"><ele>1671.1</ele></trkpt><trkpt lat="46.12767768895769" lon="7.486049760939995"><ele>1670.4</ele></trkpt><trkpt lat="46.12757868972911" lon="7.486075761530021"><ele>1666.4</ele></trkpt><trkpt lat="46.12756068984495" lon="7.486062761619192"><ele>1665.8</ele></trkpt><trkpt lat="46.12756068984495" lon="7.486062761619192"><ele>1665.8</ele></trkpt><trkpt lat="46.12751568998082" lon="7.486101761721251"><ele>1665.1</ele></trkpt><trkpt lat="46.12741669023368" lon="7.486140761912153"><ele>1663.8</ele></trkpt><trkpt lat="46.12726369054579" lon="7.4861787621476354"><ele>1662.2</ele></trkpt><trkpt lat="46.12708369089712" lon="7.486230762412241"><ele>1660.4</ele></trkpt><trkpt lat="46.127011691033836" lon="7.486256762514932"><ele>1659.7</ele></trkpt><trkpt lat="46.12692169122882" lon="7.486333762660049"><ele>1658.7</ele></trkpt><trkpt lat="46.12683169140457" lon="7.486398762790866"><ele>1657.8</ele></trkpt><trkpt lat="46.126714691600476" lon="7.48651476293463"><ele>1656.8</ele></trkpt><trkpt lat="46.126516691875885" lon="7.486773763132377"><ele>1655.4</ele></trkpt><trkpt lat="46.12645369195482" lon="7.486863763188299"><ele>1655.0</ele></trkpt><trkpt lat="46.12639969201425" lon="7.486967763228879"><ele>1654.7</ele></trkpt><trkpt lat="46.12632769209355" lon="7.487096763283363"><ele>1654.3</ele></trkpt><trkpt lat="46.12622869223147" lon="7.4873297633783045"><ele>1653.6</ele></trkpt><trkpt lat="46.12620169227075" lon="7.487381763405983"><ele>1653.4</ele></trkpt><trkpt lat="46.126174692310016" lon="7.487407763434652"><ele>1653.2</ele></trkpt><trkpt lat="46.12613869234959" lon="7.487432763463401"><ele>1653.0</ele></trkpt><trkpt lat="46.12610269238917" lon="7.487445763492605"><ele>1652.8</ele></trkpt><trkpt lat="46.12605769244816" lon="7.487445763537114"><ele>1652.5</ele></trkpt><trkpt lat="46.1260126925263" lon="7.487432763596884"><ele>1652.1</ele></trkpt><trkpt lat="46.12595869262399" lon="7.487432763670968"><ele>1651.6</ele></trkpt><trkpt lat="46.12590469270247" lon="7.487432763730286"><ele>1651.2</ele></trkpt><trkpt lat="46.12585069283859" lon="7.487445763833409"><ele>1650.5</ele></trkpt><trkpt lat="46.125697693169776" lon="7.487484764083671"><ele>1648.8</ele></trkpt><trkpt lat="46.12564369328672" lon="7.487523764171042"><ele>1648.2</ele></trkpt><trkpt lat="46.1255896934421" lon="7.487574764287494"><ele>1647.4</ele></trkpt><trkpt lat="46.12552669357855" lon="7.487639764388695"><ele>1646.7</ele></trkpt><trkpt lat="46.12546369379191" lon="7.4877297645480105"><ele>1645.6</ele></trkpt><trkpt lat="46.125400694005286" lon="7.487820764707296"><ele>1644.5</ele></trkpt><trkpt lat="46.12525669437482" lon="7.487988764982191"><ele>1642.6</ele></trkpt><trkpt lat="46.12525669437482" lon="7.487988764982191"><ele>1642.6</ele></trkpt><trkpt lat="46.12514869470482" lon="7.488104765229362"><ele>1640.9</ele></trkpt><trkpt lat="46.125013695150955" lon="7.488285765562828"><ele>1638.6</ele></trkpt><trkpt lat="46.124914695499875" lon="7.488427765823763"><ele>1636.8</ele></trkpt><trkpt lat="46.124851695732396" lon="7.488518765997853"><ele>1635.6</ele></trkpt><trkpt lat="46.124815695848774" lon="7.48858376608419"><ele>1635.0</ele></trkpt><trkpt lat="46.124788695964966" lon="7.488660766170026"><ele>1634.4</ele></trkpt><trkpt lat="46.12476169604271" lon="7.488725766226786"><ele>1634.0</ele></trkpt><trkpt lat="46.12474369608174" lon="7.4887517662554295"><ele>1633.8</ele></trkpt><trkpt lat="46.12471669610183" lon="7.488764766269833"><ele>1633.7</ele></trkpt><trkpt lat="46.12468969614102" lon="7.4887647662994965"><ele>1633.5</ele></trkpt><trkpt lat="46.12466269618014" lon="7.488738766330139"><ele>1633.3</ele></trkpt><trkpt lat="46.124644696238235" lon="7.488699766375992"><ele>1633.0</ele></trkpt><trkpt lat="46.12463569627684" lon="7.488660766407041"><ele>1632.8</ele></trkpt><trkpt lat="46.1246446963533" lon="7.488595766468523"><ele>1632.4</ele></trkpt><trkpt lat="46.124662696487015" lon="7.488518766574721"><ele>1631.7</ele></trkpt><trkpt lat="46.12468969658211" lon="7.488466766650401"><ele>1631.2</ele></trkpt><trkpt lat="46.12472569667703" lon="7.4884407667250565"><ele>1630.7</ele></trkpt><trkpt lat="46.1247706967908" lon="7.488389766815383"><ele>1630.1</ele></trkpt><trkpt lat="46.12480669684729" lon="7.4883637668605"><ele>1629.8</ele></trkpt><trkpt lat="46.1248246969043" lon="7.488324766906187"><ele>1629.5</ele></trkpt><trkpt lat="46.12486069697991" lon="7.488272766967051"><ele>1629.1</ele></trkpt><trkpt lat="46.12487969705599" lon="7.488220767027987"><ele>1628.7</ele></trkpt><trkpt lat="46.12487969709442" lon="7.4881827670589525"><ele>1628.5</ele></trkpt><trkpt lat="46.12487069711382" lon="7.48815676707474"><ele>1628.4</ele></trkpt><trkpt lat="46.12485269715274" lon="7.488130767105334"><ele>1628.2</ele></trkpt><trkpt lat="46.12483469719161" lon="7.488117767135439"><ele>1628.0</ele></trkpt><trkpt lat="46.12479869725039" lon="7.488117767179908"><ele>1627.7</ele></trkpt><trkpt lat="46.12477169728959" lon="7.488130767209078"><ele>1627.5</ele></trkpt><trkpt lat="46.12473569736756" lon="7.488169767266856"><ele>1627.1</ele></trkpt><trkpt lat="46.12471769740649" lon="7.488181767296027"><ele>1626.9</ele></trkpt><trkpt lat="46.12471769740649" lon="7.488181767296027"><ele>1626.9</ele></trkpt><trkpt lat="46.12468169748454" lon="7.488246767352832"><ele>1626.5</ele></trkpt><trkpt lat="46.124618697697905" lon="7.488363767511192"><ele>1625.4</ele></trkpt><trkpt lat="46.124555697930475" lon="7.488492767683886"><ele>1624.2</ele></trkpt><trkpt lat="46.12451069816247" lon="7.488608767856987"><ele>1623.0</ele></trkpt><trkpt lat="46.12449269825914" lon="7.488673767928486"><ele>1622.5</ele></trkpt><trkpt lat="46.12449269825914" lon="7.488673767928486"><ele>1622.5</ele></trkpt><trkpt lat="46.12448269835553" lon="7.48872576800044"><ele>1622.0</ele></trkpt><trkpt lat="46.12448269843243" lon="7.488763768058098"><ele>1621.6</ele></trkpt><trkpt lat="46.12449169848983" lon="7.488802768100911"><ele>1621.3</ele></trkpt><trkpt lat="46.124518698604355" lon="7.488867768186986"><ele>1620.7</ele></trkpt><trkpt lat="46.12455469873788" lon="7.488945768287303"><ele>1620.0</ele></trkpt><trkpt lat="46.12458169887162" lon="7.489022768387699"><ele>1619.3</ele></trkpt><trkpt lat="46.12460869904383" lon="7.489100768517608"><ele>1618.4</ele></trkpt><trkpt lat="46.12468969963754" lon="7.489527768959262"><ele>1615.3</ele></trkpt><trkpt lat="46.12472569994409" lon="7.489721769188242"><ele>1613.7</ele></trkpt><trkpt lat="46.12477970049999" lon="7.490044769604415"><ele>1610.8</ele></trkpt><trkpt lat="46.124806700787545" lon="7.490213769819632"><ele>1609.3</ele></trkpt><trkpt lat="46.12483370092138" lon="7.490303769919592"><ele>1608.6</ele></trkpt><trkpt lat="46.1248607010936" lon="7.490394770049067"><ele>1607.7</ele></trkpt><trkpt lat="46.124895701284785" lon="7.490497770192839"><ele>1606.7</ele></trkpt><trkpt lat="46.124904701380636" lon="7.490549770264745"><ele>1606.2</ele></trkpt><trkpt lat="46.124904701457545" lon="7.490601770321924"><ele>1605.8</ele></trkpt><trkpt lat="46.12490470149603" lon="7.490640770350032"><ele>1605.6</ele></trkpt><trkpt lat="46.124886701535026" lon="7.490678770378255"><ele>1605.4</ele></trkpt><trkpt lat="46.124868701574" lon="7.490704770406924"><ele>1605.2</ele></trkpt><trkpt lat="46.12484170163247" lon="7.490717770450892"><ele>1604.9</ele></trkpt><trkpt lat="46.124805701710294" lon="7.490704770510631"><ele>1604.5</ele></trkpt><trkpt lat="46.12477870178786" lon="7.490665770571292"><ele>1604.1</ele></trkpt><trkpt lat="46.12474370194242" lon="7.490588770692488"><ele>1603.3</ele></trkpt><trkpt lat="46.12469870217392" lon="7.490458770874777"><ele>1602.1</ele></trkpt><trkpt lat="46.12464470240569" lon="7.490329771057061"><ele>1600.9</ele></trkpt><trkpt lat="46.12459970259884" lon="7.490225771208826"><ele>1599.9</ele></trkpt><trkpt lat="46.12452770286958" lon="7.490083771421202"><ele>1598.5</ele></trkpt><trkpt lat="46.12444670315974" lon="7.489915771649337"><ele>1597.0</ele></trkpt><trkpt lat="46.1243927033339" lon="7.489798771786832"><ele>1596.1</ele></trkpt><trkpt lat="46.12433870360407" lon="7.489643771999573"><ele>1594.7</ele></trkpt><trkpt lat="46.124284703931764" lon="7.4894627722575775"><ele>1593.0</ele></trkpt><trkpt lat="46.1242487040863" lon="7.489358772379721"><ele>1592.2</ele></trkpt><trkpt lat="46.1242487040863" lon="7.489358772379721"><ele>1592.2</ele></trkpt><trkpt lat="46.12422170420219" lon="7.489294772470817"><ele>1591.6</ele></trkpt><trkpt lat="46.12419470431807" lon="7.489229772561941"><ele>1591.0</ele></trkpt><trkpt lat="46.1241587044534" lon="7.489177772667403"><ele>1590.3</ele></trkpt><trkpt lat="46.12412270455044" lon="7.489138772742845"><ele>1589.8</ele></trkpt><trkpt lat="46.12406070468655" lon="7.489074772848856"><ele>1589.1</ele></trkpt><trkpt lat="46.12400670484163" lon="7.489022772969162"><ele>1588.3</ele></trkpt><trkpt lat="46.12397070493863" lon="7.488970773045076"><ele>1587.8</ele></trkpt><trkpt lat="46.123934705054765" lon="7.488905773136229"><ele>1587.2</ele></trkpt><trkpt lat="46.123934705054765" lon="7.488905773136229"><ele>1587.2</ele></trkpt><trkpt lat="46.123925705035916" lon="7.488944773120077"><ele>1587.3</ele></trkpt><trkpt lat="46.12391670509379" lon="7.488957773163953"><ele>1587.0</ele></trkpt><trkpt lat="46.12392570528564" lon="7.489009773309719"><ele>1586.0</ele></trkpt><trkpt lat="46.123943705707745" lon="7.48909977363131"><ele>1583.8</ele></trkpt><trkpt lat="46.123952705880356" lon="7.4891257737632575"><ele>1582.9</ele></trkpt><trkpt lat="46.123943705976686" lon="7.489138773836684"><ele>1582.4</ele></trkpt><trkpt lat="46.123925706092436" lon="7.489151773924913"><ele>1581.8</ele></trkpt><trkpt lat="46.123907706169696" lon="7.48912577398502"><ele>1581.4</ele></trkpt><trkpt lat="46.123871706324316" lon="7.489086774104765"><ele>1580.6</ele></trkpt><trkpt lat="46.123862706401326" lon="7.489060774164831"><ele>1580.2</ele></trkpt><trkpt lat="46.12384470655542" lon="7.489022774284459"><ele>1579.4</ele></trkpt><trkpt lat="46.12383570661327" lon="7.48902277432881"><ele>1579.1</ele></trkpt><trkpt lat="46.12382670667118" lon="7.489022774373163"><ele>1578.8</ele></trkpt><trkpt lat="46.12382670672881" lon="7.489047774416567"><ele>1578.5</ele></trkpt><trkpt lat="46.12381770680591" lon="7.489073774474743"><ele>1578.1</ele></trkpt><trkpt lat="46.12382670692094" lon="7.489112774561913"><ele>1577.5</ele></trkpt><trkpt lat="46.12383570705518" lon="7.4891517746638545"><ele>1576.8</ele></trkpt><trkpt lat="46.12384470715097" lon="7.489177774736727"><ele>1576.3</ele></trkpt><trkpt lat="46.12384470720861" lon="7.489190774780568"><ele>1576.0</ele></trkpt><trkpt lat="46.12384470726623" lon="7.48919077482488"><ele>1575.7</ele></trkpt><trkpt lat="46.12383570732411" lon="7.489203774868762"><ele>1575.4</ele></trkpt><trkpt lat="46.12381770740143" lon="7.489203774927925"><ele>1575.0</ele></trkpt><trkpt lat="46.12379970747873" lon="7.48919077498756"><ele>1574.6</ele></trkpt><trkpt lat="46.123772707729096" lon="7.489138775181584"><ele>1573.3</ele></trkpt><trkpt lat="46.12375470784471" lon="7.4890997752717015"><ele>1572.7</ele></trkpt><trkpt lat="46.12374570796014" lon="7.489073775361304"><ele>1572.1</ele></trkpt><trkpt lat="46.12373670801796" lon="7.489034775407066"><ele>1571.8</ele></trkpt><trkpt lat="46.12372770809499" lon="7.489021775466658"><ele>1571.4</ele></trkpt><trkpt lat="46.123718708210475" lon="7.489009775555757"><ele>1570.8</ele></trkpt><trkpt lat="46.12371870830647" lon="7.489009775629608"><ele>1570.3</ele></trkpt><trkpt lat="46.123709708383544" lon="7.4890097756887295"><ele>1569.9</ele></trkpt><trkpt lat="46.123700708479895" lon="7.489034775761718"><ele>1569.4</ele></trkpt><trkpt lat="46.12370070859512" lon="7.4890607758494045"><ele>1568.8</ele></trkpt><trkpt lat="46.123691708729815" lon="7.489073775952369"><ele>1568.1</ele></trkpt><trkpt lat="46.1236827089222" lon="7.48912577609824"><ele>1567.1</ele></trkpt><trkpt lat="46.12368270913349" lon="7.489164776259315"><ele>1566.0</ele></trkpt><trkpt lat="46.1236917094022" lon="7.489241776463301"><ele>1564.6</ele></trkpt><trkpt lat="46.12369170949824" lon="7.489254776536688"><ele>1564.1</ele></trkpt><trkpt lat="46.12368270955613" lon="7.489267776580574"><ele>1563.8</ele></trkpt><trkpt lat="46.123673709614025" lon="7.48928077662446"><ele>1563.5</ele></trkpt><trkpt lat="46.1236557096721" lon="7.489267776669321"><ele>1563.2</ele></trkpt><trkpt lat="46.12364670972998" lon="7.489254776714139"><ele>1562.9</ele></trkpt><trkpt lat="46.12364670978756" lon="7.489241776758922"><ele>1562.6</ele></trkpt><trkpt lat="46.123637709903" lon="7.489228776848052"><ele>1562.0</ele></trkpt><trkpt lat="46.1236017101536" lon="7.489190777041597"><ele>1560.7</ele></trkpt><trkpt lat="46.123592710269" lon="7.489151777131663"><ele>1560.1</ele></trkpt><trkpt lat="46.1235747103655" lon="7.489138777206062"><ele>1559.6</ele></trkpt><trkpt lat="46.12354771055832" lon="7.489138777353889"><ele>1558.6</ele></trkpt><trkpt lat="46.12353871061614" lon="7.489125777398704"><ele>1558.3</ele></trkpt><trkpt lat="46.12353871071215" lon="7.489112777473025"><ele>1557.8</ele></trkpt><trkpt lat="46.12352971078912" lon="7.4890867775330765"><ele>1557.4</ele></trkpt><trkpt lat="46.12352071088544" lon="7.48908677760697"><ele>1556.9</ele></trkpt><trkpt lat="46.123511710962504" lon="7.489112777665163"><ele>1556.5</ele></trkpt><trkpt lat="46.12350271123171" lon="7.489164777870134"><ele>1555.1</ele></trkpt><trkpt lat="46.12350271142386" lon="7.4892287780155575"><ele>1554.1</ele></trkpt><trkpt lat="46.12350271159674" lon="7.489280778146638"><ele>1553.2</ele></trkpt><trkpt lat="46.12351171169254" lon="7.4892937782199915"><ele>1552.7</ele></trkpt><trkpt lat="46.12353871196066" lon="7.489345778424816"><ele>1551.3</ele></trkpt><trkpt lat="46.123538712037536" lon="7.489371778482975"><ele>1550.9</ele></trkpt><trkpt lat="46.12353871222965" lon="7.489422778628874"><ele>1549.9</ele></trkpt><trkpt lat="46.123556712786254" lon="7.489565779052086"><ele>1547.0</ele></trkpt><trkpt lat="46.123574712958636" lon="7.489604779183568"><ele>1546.1</ele></trkpt><trkpt lat="46.12359271313101" lon="7.489655779314627"><ele>1545.2</ele></trkpt><trkpt lat="46.12360971347639" lon="7.489759779576763"><ele>1543.4</ele></trkpt><trkpt lat="46.123618713591405" lon="7.489798779663976"><ele>1542.8</ele></trkpt><trkpt lat="46.123618713687485" lon="7.489823779736946"><ele>1542.3</ele></trkpt><trkpt lat="46.12362771389856" lon="7.489888779897105"><ele>1541.2</ele></trkpt><trkpt lat="46.123636714148105" lon="7.489979780085894"><ele>1539.9</ele></trkpt><trkpt lat="46.12362771439808" lon="7.490018780276601"><ele>1538.6</ele></trkpt><trkpt lat="46.12362771466699" lon="7.490082780481163"><ele>1537.2</ele></trkpt><trkpt lat="46.12362771470543" lon="7.49009578051025"><ele>1537.0</ele></trkpt><trkpt lat="46.12361871472491" lon="7.490108780524602"><ele>1536.9</ele></trkpt><trkpt lat="46.12361871472491" lon="7.490108780524602"><ele>1536.9</ele></trkpt><trkpt lat="46.123699715164776" lon="7.490380780854446"><ele>1534.6</ele></trkpt><trkpt lat="46.12370871526058" lon="7.490432780926443"><ele>1534.1</ele></trkpt><trkpt lat="46.123699715337715" lon="7.4904707809842375"><ele>1533.7</ele></trkpt><trkpt lat="46.123690715395625" lon="7.490509781027223"><ele>1533.4</ele></trkpt><trkpt lat="46.123690715395625" lon="7.490509781027223"><ele>1533.4</ele></trkpt><trkpt lat="46.123663715415695" lon="7.490561781040281"><ele>1533.3</ele></trkpt><trkpt lat="46.123645715416224" lon="7.490574781039902"><ele>1533.3</ele></trkpt><trkpt lat="46.123645715416224" lon="7.490574781039902"><ele>1533.3</ele></trkpt><trkpt lat="46.12362771545515" lon="7.490574781069525"><ele>1533.1</ele></trkpt><trkpt lat="46.12359171553301" lon="7.4905877811283235"><ele>1532.7</ele></trkpt><trkpt lat="46.123429715864" lon="7.490600781379724"><ele>1531.0</ele></trkpt><trkpt lat="46.12336671598103" lon="7.49062578146776"><ele>1530.4</ele></trkpt><trkpt lat="46.12330371607888" lon="7.4906517815409925"><ele>1529.9</ele></trkpt><trkpt lat="46.123249716195645" lon="7.490677781628953"><ele>1529.3</ele></trkpt><trkpt lat="46.12319571627395" lon="7.490677781688285"><ele>1528.9</ele></trkpt><trkpt lat="46.12302471652842" lon="7.490690781880631"><ele>1527.6</ele></trkpt><trkpt lat="46.12292571666562" lon="7.490703781984021"><ele>1526.9</ele></trkpt><trkpt lat="46.1228177168031" lon="7.490728782087028"><ele>1526.2</ele></trkpt><trkpt lat="46.122754716900886" lon="7.490741782160712"><ele>1525.7</ele></trkpt><trkpt lat="46.12269171696025" lon="7.490728782205762"><ele>1525.4</ele></trkpt><trkpt lat="46.122647717018985" lon="7.490689782251642"><ele>1525.1</ele></trkpt><trkpt lat="46.12254871709844" lon="7.490612782313862"><ele>1524.7</ele></trkpt><trkpt lat="46.122503717157244" lon="7.49057378235974"><ele>1524.4</ele></trkpt><trkpt lat="46.1224677171966" lon="7.490560782389899"><ele>1524.2</ele></trkpt><trkpt lat="46.122431717216834" lon="7.490560782404829"><ele>1524.1</ele></trkpt><trkpt lat="46.12238671727574" lon="7.4905737824488865"><ele>1523.8</ele></trkpt><trkpt lat="46.12230571739323" lon="7.490598782537003"><ele>1523.2</ele></trkpt><trkpt lat="46.122143717589914" lon="7.490689782682252"><ele>1522.2</ele></trkpt><trkpt lat="46.12201771780473" lon="7.490740782843527"><ele>1521.1</ele></trkpt><trkpt lat="46.121900718019226" lon="7.4907797830051805"><ele>1520.0</ele></trkpt><trkpt lat="46.121783718272106" lon="7.4907927831972945"><ele>1518.7</ele></trkpt><trkpt lat="46.12169371846666" lon="7.490818783344518"><ele>1517.7</ele></trkpt><trkpt lat="46.1215947187191" lon="7.4908697835352305"><ele>1516.4</ele></trkpt><trkpt lat="46.121468719010714" lon="7.49096078375422"><ele>1514.9</ele></trkpt><trkpt lat="46.121342719360015" lon="7.491063784017117"><ele>1513.1</ele></trkpt><trkpt lat="46.12115371984551" lon="7.491244784381017"><ele>1510.6</ele></trkpt><trkpt lat="46.12095572036959" lon="7.491412784774969"><ele>1507.9</ele></trkpt><trkpt lat="46.12066772106909" lon="7.4916327853005145"><ele>1504.3</ele></trkpt><trkpt lat="46.12059572124395" lon="7.491696785431592"><ele>1503.4</ele></trkpt><trkpt lat="46.12052372139952" lon="7.49172278554921"><ele>1502.6</ele></trkpt><trkpt lat="46.120370721730126" lon="7.4917487858001595"><ele>1500.9</ele></trkpt><trkpt lat="46.12031672186604" lon="7.4917747859029244"><ele>1500.2</ele></trkpt><trkpt lat="46.12024472202163" lon="7.491800786020547"><ele>1499.4</ele></trkpt><trkpt lat="46.12024472202163" lon="7.491800786020547"><ele>1499.4</ele></trkpt><trkpt lat="46.12019072215754" lon="7.491825786123348"><ele>1498.7</ele></trkpt><trkpt lat="46.12015472223534" lon="7.491851786181712"><ele>1498.3</ele></trkpt><trkpt lat="46.12010972239028" lon="7.49191678629788"><ele>1497.5</ele></trkpt><trkpt lat="46.120055722564686" lon="7.492006786428002"><ele>1496.6</ele></trkpt><trkpt lat="46.119920723106404" lon="7.492317786831659"><ele>1493.8</ele></trkpt><trkpt lat="46.11986672329998" lon="7.4924207869761315"><ele>1492.8</ele></trkpt><trkpt lat="46.11980372349385" lon="7.492511787121054"><ele>1491.8</ele></trkpt><trkpt lat="46.1197497236106" lon="7.492562787208204"><ele>1491.2</ele></trkpt><trkpt lat="46.11965972380507" lon="7.49260178735503"><ele>1490.2</ele></trkpt><trkpt lat="46.11939872440744" lon="7.492730787809845"><ele>1487.1</ele></trkpt><trkpt lat="46.11939872440744" lon="7.492730787809845"><ele>1487.1</ele></trkpt><trkpt lat="46.119398724426574" lon="7.492691787825956"><ele>1487.0</ele></trkpt><trkpt lat="46.11941672446444" lon="7.492653787856733"><ele>1486.8</ele></trkpt><trkpt lat="46.119425724483314" lon="7.492640787871917"><ele>1486.7</ele></trkpt><trkpt lat="46.11945272463608" lon="7.492601787991362"><ele>1485.9</ele></trkpt><trkpt lat="46.119461724789346" lon="7.492575788110439"><ele>1485.1</ele></trkpt><trkpt lat="46.1194617250964" lon="7.492549788347776"><ele>1483.5</ele></trkpt><trkpt lat="46.11945272530771" lon="7.492510788511704"><ele>1482.4</ele></trkpt><trkpt lat="46.11944372538477" lon="7.4925107885708515"><ele>1482.0</ele></trkpt><trkpt lat="46.119416725462294" lon="7.492510788630077"><ele>1481.6</ele></trkpt><trkpt lat="46.11938072554003" lon="7.492523788688897"><ele>1481.2</ele></trkpt><trkpt lat="46.1193447257138" lon="7.492536788821606"><ele>1480.3</ele></trkpt><trkpt lat="46.11924572598528" lon="7.4925757890275895"><ele>1478.9</ele></trkpt><trkpt lat="46.11921872608199" lon="7.49258878910115"><ele>1478.4</ele></trkpt><trkpt lat="46.11913772627616" lon="7.492601789248826"><ele>1477.4</ele></trkpt><trkpt lat="46.11910172639231" lon="7.492600789337683"><ele>1476.8</ele></trkpt><trkpt lat="46.11902972664374" lon="7.492575789530948"><ele>1475.5</ele></trkpt><trkpt lat="46.11896672679897" lon="7.492562789649868"><ele>1474.7</ele></trkpt><trkpt lat="46.11891372697315" lon="7.492561789783129"><ele>1473.8</ele></trkpt><trkpt lat="46.11887772703174" lon="7.492574789827169"><ele>1473.5</ele></trkpt><trkpt lat="46.11882372726358" lon="7.4926137900034115"><ele>1472.3</ele></trkpt><trkpt lat="46.118787727322186" lon="7.4926397900470185"><ele>1472.0</ele></trkpt><trkpt lat="46.11876072739968" lon="7.492639790106247"><ele>1471.6</ele></trkpt><trkpt lat="46.118616727883406" lon="7.4926397904762965"><ele>1469.1</ele></trkpt><trkpt lat="46.11857172796135" lon="7.492639790535596"><ele>1468.7</ele></trkpt><trkpt lat="46.11851772805886" lon="7.492665790608832"><ele>1468.2</ele></trkpt><trkpt lat="46.11844572825286" lon="7.492716790755198"><ele>1467.2</ele></trkpt><trkpt lat="46.11840072842677" lon="7.492729790887952"><ele>1466.3</ele></trkpt><trkpt lat="46.11834672848579" lon="7.492729790932507"><ele>1466.0</ele></trkpt><trkpt lat="46.11824772862277" lon="7.492703791037236"><ele>1465.3</ele></trkpt><trkpt lat="46.11819372875854" lon="7.492703791140908"><ele>1464.6</ele></trkpt><trkpt lat="46.1181487289133" lon="7.492703791259319"><ele>1463.8</ele></trkpt><trkpt lat="46.11809472885723" lon="7.492716791214774"><ele>1464.1</ele></trkpt><trkpt lat="46.11802272889761" lon="7.492755791243314"><ele>1463.9</ele></trkpt><trkpt lat="46.11796872895671" lon="7.492793791286595"><ele>1463.6</ele></trkpt><trkpt lat="46.11792372901555" lon="7.492845791329367"><ele>1463.3</ele></trkpt><trkpt lat="46.1178337292485" lon="7.4930007915018795"><ele>1462.1</ele></trkpt><trkpt lat="46.11778872938412" lon="7.493039791604209"><ele>1461.4</ele></trkpt><trkpt lat="46.11774372955807" lon="7.493052791736969"><ele>1460.5</ele></trkpt><trkpt lat="46.117698729655245" lon="7.493039791811486"><ele>1460.0</ele></trkpt><trkpt lat="46.11759073011873" lon="7.493026792167062"><ele>1457.6</ele></trkpt><trkpt lat="46.11759073011873" lon="7.493026792167062"><ele>1457.6</ele></trkpt><trkpt lat="46.11755473013883" lon="7.493026792181988"><ele>1457.5</ele></trkpt><trkpt lat="46.11752773025473" lon="7.493039792270335"><ele>1456.9</ele></trkpt><trkpt lat="46.11750073031307" lon="7.493065792313915"><ele>1456.6</ele></trkpt><trkpt lat="46.11750073031307" lon="7.493065792313915"><ele>1456.6</ele></trkpt><trkpt lat="46.11743773052603" lon="7.4931687924733"><ele>1455.5</ele></trkpt><trkpt lat="46.11740173066144" lon="7.4932337925747365"><ele>1454.8</ele></trkpt><trkpt lat="46.117347730778135" lon="7.4932977926614965"><ele>1454.2</ele></trkpt><trkpt lat="46.117320730874916" lon="7.49334979273377"><ele>1453.7</ele></trkpt><trkpt lat="46.117284730933605" lon="7.4934527927748205"><ele>1453.4</ele></trkpt><trkpt lat="46.117167730994616" lon="7.49364679281317"><ele>1453.1</ele></trkpt><trkpt lat="46.11713173113" lon="7.4936987929150485"><ele>1452.4</ele></trkpt><trkpt lat="46.11707773128502" lon="7.493737793032215"><ele>1451.6</ele></trkpt><trkpt lat="46.11700573151729" lon="7.493776793208576"><ele>1450.4</ele></trkpt><trkpt lat="46.11689773192324" lon="7.493853793516848"><ele>1448.3</ele></trkpt><trkpt lat="46.11680773223276" lon="7.493892793752419"><ele>1446.7</ele></trkpt><trkpt lat="46.11672673242683" lon="7.4939187938996925"><ele>1445.7</ele></trkpt><trkpt lat="46.11669073267729" lon="7.493930794091593"><ele>1444.4</ele></trkpt><trkpt lat="46.11657373314102" lon="7.493969794445517"><ele>1442.0</ele></trkpt><trkpt lat="46.11651973333434" lon="7.493995794592687"><ele>1441.0</ele></trkpt><trkpt lat="46.11646573335504" lon="7.494021794606832"><ele>1440.9</ele></trkpt><trkpt lat="46.11642073358652" lon="7.494047794783524"><ele>1439.7</ele></trkpt><trkpt lat="46.116366733760636" lon="7.494047794916774"><ele>1438.8</ele></trkpt><trkpt lat="46.11631273406904" lon="7.494021795154349"><ele>1437.2</ele></trkpt><trkpt lat="46.11620473468584" lon="7.493969795629485"><ele>1434.0</ele></trkpt><trkpt lat="46.116132735013885" lon="7.493943795881907"><ele>1432.3</ele></trkpt><trkpt lat="46.11609673507237" lon="7.493956795925969"><ele>1432.0</ele></trkpt><trkpt lat="46.11607873516886" lon="7.493969795999517"><ele>1431.5</ele></trkpt><trkpt lat="46.11605173528478" lon="7.494007796087067"><ele>1430.9</ele></trkpt><trkpt lat="46.11603373540042" lon="7.494059796174122"><ele>1430.3</ele></trkpt><trkpt lat="46.11600673557396" lon="7.4941377963047"><ele>1429.4</ele></trkpt><trkpt lat="46.11598873568965" lon="7.494188796391789"><ele>1428.8</ele></trkpt><trkpt lat="46.11596173582479" lon="7.494227796494094"><ele>1428.1</ele></trkpt><trkpt lat="46.115934735921414" lon="7.494240796567682"><ele>1427.6</ele></trkpt><trkpt lat="46.1158987360183" lon="7.494240796641731"><ele>1427.1</ele></trkpt><trkpt lat="46.1158717360574" lon="7.494240796671404"><ele>1426.9</ele></trkpt><trkpt lat="46.11584473619239" lon="7.494227796775409"><ele>1426.2</ele></trkpt><trkpt lat="46.11580873640433" lon="7.494188796939427"><ele>1425.1</ele></trkpt><trkpt lat="46.1157547367319" lon="7.494149797192195"><ele>1423.4</ele></trkpt><trkpt lat="46.115727736905185" lon="7.494098797327002"><ele>1422.5</ele></trkpt><trkpt lat="46.11569173705964" lon="7.494085797445821"><ele>1421.7</ele></trkpt><trkpt lat="46.115646737233384" lon="7.4940467975803"><ele>1420.8</ele></trkpt><trkpt lat="46.115565737715066" lon="7.493968797952683"><ele>1418.3</ele></trkpt><trkpt lat="46.11552173792727" lon="7.49394279811629"><ele>1417.2</ele></trkpt><trkpt lat="46.115476738197" lon="7.493929798323823"><ele>1415.8</ele></trkpt><trkpt lat="46.11542273852458" lon="7.493916798575735"><ele>1414.1</ele></trkpt><trkpt lat="46.11528773914204" lon="7.493890799050092"><ele>1410.9</ele></trkpt><trkpt lat="46.11524273933507" lon="7.493890799198076"><ele>1409.9</ele></trkpt><trkpt lat="46.115224739393135" lon="7.493890799242492"><ele>1409.6</ele></trkpt><trkpt lat="46.115224739393135" lon="7.493890799242492"><ele>1409.6</ele></trkpt><trkpt lat="46.115206739451104" lon="7.4938777992873264"><ele>1409.3</ele></trkpt><trkpt lat="46.115188739547506" lon="7.493864799361719"><ele>1408.8</ele></trkpt><trkpt lat="46.115116739837134" lon="7.493864799583712"><ele>1407.3</ele></trkpt><trkpt lat="46.11506274004956" lon="7.4938387997473495"><ele>1406.2</ele></trkpt><trkpt lat="46.11495474051276" lon="7.493799800103759"><ele>1403.8</ele></trkpt><trkpt lat="46.11491874068635" lon="7.493786800237342"><ele>1402.9</ele></trkpt><trkpt lat="46.11490974074409" lon="7.493773800282139"><ele>1402.6</ele></trkpt><trkpt lat="46.11490974080164" lon="7.493748800327283"><ele>1402.3</ele></trkpt><trkpt lat="46.11490974091665" lon="7.493696800417631"><ele>1401.7</ele></trkpt><trkpt lat="46.11491874106986" lon="7.493644800537508"><ele>1400.9</ele></trkpt><trkpt lat="46.114918741108156" lon="7.493618800567902"><ele>1400.7</ele></trkpt><trkpt lat="46.11490974112754" lon="7.493592800583551"><ele>1400.6</ele></trkpt><trkpt lat="46.114882741089865" lon="7.493566800554933"><ele>1400.8</ele></trkpt><trkpt lat="46.114882741089865" lon="7.493566800554933"><ele>1400.8</ele></trkpt><trkpt lat="46.114855741090636" lon="7.49365780055212"><ele>1400.8</ele></trkpt><trkpt lat="46.11481974109173" lon="7.493760800548956"><ele>1400.8</ele></trkpt><trkpt lat="46.11481974109173" lon="7.493760800548956"><ele>1400.8</ele></trkpt><trkpt lat="46.11476574116983" lon="7.493722800609505"><ele>1400.4</ele></trkpt><trkpt lat="46.11458574213365" lon="7.493657801351303"><ele>1395.4</ele></trkpt><trkpt lat="46.114531742403564" lon="7.49363180155926"><ele>1394.0</ele></trkpt><trkpt lat="46.114486742577384" lon="7.493618801692873"><ele>1393.1</ele></trkpt><trkpt lat="46.11445974275072" lon="7.49360580182641"><ele>1392.2</ele></trkpt><trkpt lat="46.11428874350333" lon="7.493592802403905"><ele>1388.3</ele></trkpt><trkpt lat="46.11408174431428" lon="7.493540803027114"><ele>1384.1</ele></trkpt><trkpt lat="46.113947744835606" lon="7.493514803427506"><ele>1381.4</ele></trkpt><trkpt lat="46.113839745222" lon="7.493488803724335"><ele>1379.4</ele></trkpt><trkpt lat="46.113839745222" lon="7.493488803724335"><ele>1379.4</ele></trkpt><trkpt lat="46.11374974532047" lon="7.493643803793689"><ele>1378.9</ele></trkpt><trkpt lat="46.11365974543804" lon="7.493785803878239"><ele>1378.3</ele></trkpt><trkpt lat="46.1135787455362" lon="7.493927803947971"><ele>1377.8</ele></trkpt><trkpt lat="46.11348774565391" lon="7.494095804031709"><ele>1377.2</ele></trkpt><trkpt lat="46.11343374573215" lon="7.494199804087759"><ele>1376.8</ele></trkpt><trkpt lat="46.11341574577101" lon="7.494238804116165"><ele>1376.6</ele></trkpt><trkpt lat="46.11341574577101" lon="7.494238804116165"><ele>1376.6</ele></trkpt><trkpt lat="46.11337974582962" lon="7.494328804157807"><ele>1376.3</ele></trkpt><trkpt lat="46.11334374590744" lon="7.494444804213418"><ele>1375.9</ele></trkpt><trkpt lat="46.113307746023715" lon="7.4946008042973356"><ele>1375.3</ele></trkpt><trkpt lat="46.11325374617886" lon="7.494807804409287"><ele>1374.5</ele></trkpt><trkpt lat="46.11321774627592" lon="7.494949804478872"><ele>1374.0</ele></trkpt><trkpt lat="46.11321774627592" lon="7.494949804478872"><ele>1374.0</ele></trkpt><trkpt lat="46.113181746353675" lon="7.495039804535311"><ele>1373.6</ele></trkpt><trkpt lat="46.11315474637363" lon="7.495117804547742"><ele>1373.5</ele></trkpt><trkpt lat="46.113073746375896" lon="7.495259804543591"><ele>1373.5</ele></trkpt><trkpt lat="46.113073746375896" lon="7.495259804543591"><ele>1373.5</ele></trkpt><trkpt lat="46.11296574639808" lon="7.495440804553101"><ele>1373.4</ele></trkpt><trkpt lat="46.11291174639962" lon="7.495531804550449"><ele>1373.4</ele></trkpt><trkpt lat="46.11291174639962" lon="7.495531804550449"><ele>1373.4</ele></trkpt><trkpt lat="46.11288474641955" lon="7.495595804563327"><ele>1373.3</ele></trkpt></trkseg></trk></gpx>