<?xml version="1.0" encoding="utf-8"?><gpx version="1.1" creator="MySchweizMobil - https://map.schweizmobil.ch/" xmlns:xsi="http://www.w3.org/2001/XMLSchema-instance" xmlns="http://www.topografix.com/GPX/1/1" xsi:schemaLocation="http://www.topografix.com/GPX/1/1 http://www.topografix.com/GPX/1/1/gpx.xsd"><metadata><name>6 Alpine Passes Trail - Stage 1</name><bounds minlat="46.50669449074732" minlon="9.72018048080857" maxlat="46.529903492353384" maxlon="9.81868550120852" /></metadata><trk><name>6 Alpine Passes Trail - Stage 1</name><trkseg><trkpt lat="46.50838852213786" lon="9.81868550120852"><ele>2490.9</ele></trkpt><trkpt lat="46.508398522078416" lon="9.818607501151726"><ele>2491.2</ele></trkpt><trkpt lat="46.50842152199809" lon="9.818360501084241"><ele>2491.6</ele></trkpt><trkpt lat="46.50843752189829" lon="9.818048501000204"><ele>2492.1</ele></trkpt><trkpt lat="46.50846852168087" lon="9.81784150078745"><ele>2493.2</ele></trkpt><trkpt lat="46.50851952140366" lon="9.817582500516313"><ele>2494.6</ele></trkpt><trkpt lat="46.50853052128543" lon="9.817492500399"><ele>2495.2</ele></trkpt><trkpt lat="46.508532521226236" lon="9.817375500344575"><ele>2495.5</ele></trkpt><trkpt lat="46.508532521226236" lon="9.817375500344575"><ele>2495.5</ele></trkpt><trkpt lat="46.50860652098774" lon="9.817287500104083"><ele>2496.7</ele></trkpt><trkpt lat="46.50867952078861" lon="9.81723849990215"><ele>2497.7</ele></trkpt><trkpt lat="46.508770520412604" lon="9.817189499516362"><ele>2499.6</ele></trkpt><trkpt lat="46.5088605201346" lon="9.817167499231056"><ele>2501.0</ele></trkpt><trkpt lat="46.508969519894784" lon="9.817146498986327"><ele>2502.2</ele></trkpt><trkpt lat="46.50905151965614" lon="9.817111498742674"><ele>2503.4</ele></trkpt><trkpt lat="46.50914251937787" lon="9.817049498459701"><ele>2504.8</ele></trkpt><trkpt lat="46.50918851917994" lon="9.816999498258093"><ele>2505.8</ele></trkpt><trkpt lat="46.509206519100786" lon="9.816974498177753"><ele>2506.2</ele></trkpt><trkpt lat="46.509206519100786" lon="9.816974498177753"><ele>2506.2</ele></trkpt><trkpt lat="46.509207519041965" lon="9.81694849811804"><ele>2506.5</ele></trkpt><trkpt lat="46.5091815189452" lon="9.816908498018595"><ele>2507.0</ele></trkpt><trkpt lat="46.50912851877147" lon="9.816866497837893"><ele>2507.9</ele></trkpt><trkpt lat="46.50901351824825" lon="9.81674449729514"><ele>2510.6</ele></trkpt><trkpt lat="46.508969518093586" lon="9.816690497135474"><ele>2511.4</ele></trkpt><trkpt lat="46.5089615180156" lon="9.816650497056271"><ele>2511.8</ele></trkpt><trkpt lat="46.50897951793645" lon="9.816638496975171"><ele>2512.2</ele></trkpt><trkpt lat="46.509024517817124" lon="9.816653496851407"><ele>2512.8</ele></trkpt><trkpt lat="46.509096517520526" lon="9.816682496542885"><ele>2514.3</ele></trkpt><trkpt lat="46.5091765172235" lon="9.816699496234996"><ele>2515.8</ele></trkpt><trkpt lat="46.509249517004875" lon="9.816676496011155"><ele>2516.9</ele></trkpt><trkpt lat="46.509322516844826" lon="9.816627495850062"><ele>2517.7</ele></trkpt><trkpt lat="46.50938651664595" lon="9.81655249564978"><ele>2518.7</ele></trkpt><trkpt lat="46.5094425164083" lon="9.816476495408823"><ele>2519.9</ele></trkpt><trkpt lat="46.509479516230314" lon="9.81641249522857"><ele>2520.8</ele></trkpt><trkpt lat="46.50947151611315" lon="9.816373495108504"><ele>2521.4</ele></trkpt><trkpt lat="46.50946351597645" lon="9.816334494968029"><ele>2522.1</ele></trkpt><trkpt lat="46.50942751582153" lon="9.816306494806774"><ele>2522.9</ele></trkpt><trkpt lat="46.50938351566703" lon="9.8162784946456"><ele>2523.7</ele></trkpt><trkpt lat="46.509185515363285" lon="9.81625649432232"><ele>2525.3</ele></trkpt><trkpt lat="46.50914151530656" lon="9.816241494262409"><ele>2525.6</ele></trkpt><trkpt lat="46.509124515268134" lon="9.816201494224124"><ele>2525.8</ele></trkpt><trkpt lat="46.509125515209185" lon="9.816149494165968"><ele>2526.1</ele></trkpt><trkpt lat="46.5091625150898" lon="9.816086494046889"><ele>2526.7</ele></trkpt><trkpt lat="46.50923851475307" lon="9.815907493709824"><ele>2528.4</ele></trkpt><trkpt lat="46.509294514554384" lon="9.815805493511249"><ele>2529.4</ele></trkpt><trkpt lat="46.50940651394203" lon="9.815614492888884"><ele>2532.5</ele></trkpt><trkpt lat="46.50950851364335" lon="9.815475492590048"><ele>2534.0</ele></trkpt><trkpt lat="46.50961951328549" lon="9.815337492229855"><ele>2535.8</ele></trkpt><trkpt lat="46.50970251310512" lon="9.815223492052162"><ele>2536.7</ele></trkpt><trkpt lat="46.50973951300531" lon="9.815159491953576"><ele>2537.2</ele></trkpt><trkpt lat="46.50973951300531" lon="9.815159491953576"><ele>2537.2</ele></trkpt><trkpt lat="46.509758512945574" lon="9.815121491894429"><ele>2537.5</ele></trkpt><trkpt lat="46.509824512805096" lon="9.81500749175772"><ele>2538.2</ele></trkpt><trkpt lat="46.509907512761544" lon="9.814880491723633"><ele>2538.4</ele></trkpt><trkpt lat="46.51003751281323" lon="9.814677491795623"><ele>2538.1</ele></trkpt><trkpt lat="46.51007551277212" lon="9.81462749175741"><ele>2538.3</ele></trkpt><trkpt lat="46.51011151267246" lon="9.814589491657303"><ele>2538.8</ele></trkpt><trkpt lat="46.510149512611775" lon="9.814526491599457"><ele>2539.1</ele></trkpt><trkpt lat="46.5101775125711" lon="9.814462491562175"><ele>2539.3</ele></trkpt><trkpt lat="46.51022451247052" lon="9.814347491466531"><ele>2539.8</ele></trkpt><trkpt lat="46.51030051240765" lon="9.814193491413725"><ele>2540.1</ele></trkpt><trkpt lat="46.51040251232398" lon="9.814041491340149"><ele>2540.5</ele></trkpt><trkpt lat="46.51045851226214" lon="9.81391449128594"><ele>2540.8</ele></trkpt><trkpt lat="46.51048651226057" lon="9.813863491288695"><ele>2540.8</ele></trkpt><trkpt lat="46.51053351221897" lon="9.813800491251175"><ele>2541.0</ele></trkpt><trkpt lat="46.510561512178306" lon="9.813736491213902"><ele>2541.2</ele></trkpt><trkpt lat="46.510599512137" lon="9.813646491178071"><ele>2541.4</ele></trkpt><trkpt lat="46.51062751211594" lon="9.81359549116043"><ele>2541.5</ele></trkpt><trkpt lat="46.51070251199446" lon="9.813455491045609"><ele>2542.1</ele></trkpt><trkpt lat="46.51078651179436" lon="9.81332849084833"><ele>2543.1</ele></trkpt><trkpt lat="46.51081451173403" lon="9.813251490791433"><ele>2543.4</ele></trkpt><trkpt lat="46.51084351173242" lon="9.81318749079496"><ele>2543.4</ele></trkpt><trkpt lat="46.510871511730834" lon="9.813123490798493"><ele>2543.4</ele></trkpt><trkpt lat="46.51088151169093" lon="9.813059490761397"><ele>2543.6</ele></trkpt><trkpt lat="46.510883511631796" lon="9.812968490705591"><ele>2543.9</ele></trkpt><trkpt lat="46.51088551159223" lon="9.812889490669471"><ele>2544.1</ele></trkpt><trkpt lat="46.51088651153318" lon="9.812824490612128"><ele>2544.4</ele></trkpt><trkpt lat="46.51087951139638" lon="9.812759490473276"><ele>2545.1</ele></trkpt><trkpt lat="46.51088051127861" lon="9.812681490355518"><ele>2545.7</ele></trkpt><trkpt lat="46.510882511219485" lon="9.812603490298944"><ele>2546.0</ele></trkpt><trkpt lat="46.51086751106302" lon="9.812432490146083"><ele>2546.8</ele></trkpt><trkpt lat="46.51086951096475" lon="9.812354490048719"><ele>2547.3</ele></trkpt><trkpt lat="46.510870510984006" lon="9.81228949007298"><ele>2547.2</ele></trkpt><trkpt lat="46.51088151094404" lon="9.812211490036722"><ele>2547.4</ele></trkpt><trkpt lat="46.51089351088423" lon="9.812082489983096"><ele>2547.7</ele></trkpt><trkpt lat="46.51088651072752" lon="9.811951489827793"><ele>2548.5</ele></trkpt><trkpt lat="46.510879510590584" lon="9.81187248968979"><ele>2549.2</ele></trkpt><trkpt lat="46.51089251060882" lon="9.811704489720073"><ele>2549.1</ele></trkpt><trkpt lat="46.51089351068671" lon="9.811625489806357"><ele>2548.7</ele></trkpt><trkpt lat="46.51088651066717" lon="9.811560489789901"><ele>2548.8</ele></trkpt><trkpt lat="46.510871510491185" lon="9.811416489615075"><ele>2549.7</ele></trkpt><trkpt lat="46.510872510412646" lon="9.811351489537348"><ele>2550.1</ele></trkpt><trkpt lat="46.51087651021613" lon="9.811181489343499"><ele>2551.1</ele></trkpt><trkpt lat="46.51088651025445" lon="9.811117489388005"><ele>2550.9</ele></trkpt><trkpt lat="46.51089651027333" lon="9.81105248941218"><ele>2550.8</ele></trkpt><trkpt lat="46.51089751025351" lon="9.811013489394103"><ele>2550.9</ele></trkpt><trkpt lat="46.5108915101359" lon="9.81088248927961"><ele>2551.5</ele></trkpt><trkpt lat="46.510892510076815" lon="9.81080448922307"><ele>2551.8</ele></trkpt><trkpt lat="46.510894510017756" lon="9.810726489166525"><ele>2552.1</ele></trkpt><trkpt lat="46.510904510056164" lon="9.81067448921032"><ele>2551.9</ele></trkpt><trkpt lat="46.510905510016805" lon="9.810635489171847"><ele>2552.1</ele></trkpt><trkpt lat="46.510905510016805" lon="9.810635489171847"><ele>2552.1</ele></trkpt><trkpt lat="46.51088950978247" lon="9.810543488932769"><ele>2553.3</ele></trkpt><trkpt lat="46.510872509685164" lon="9.81047748883491"><ele>2553.8</ele></trkpt><trkpt lat="46.51086550958743" lon="9.810412488736894"><ele>2554.3</ele></trkpt><trkpt lat="46.51084850950955" lon="9.810320488660983"><ele>2554.7</ele></trkpt><trkpt lat="46.5108505094114" lon="9.810255488562877"><ele>2555.2</ele></trkpt><trkpt lat="46.51085150935231" lon="9.810177488506355"><ele>2555.5</ele></trkpt><trkpt lat="46.51085550917544" lon="9.810020488332167"><ele>2556.4</ele></trkpt><trkpt lat="46.51085550917544" lon="9.810020488332167"><ele>2556.4</ele></trkpt><trkpt lat="46.51085650905773" lon="9.809955488213687"><ele>2557.0</ele></trkpt><trkpt lat="46.51085750899876" lon="9.80990348815561"><ele>2557.3</ele></trkpt><trkpt lat="46.510859508920056" lon="9.809812488079464"><ele>2557.7</ele></trkpt><trkpt lat="46.51085150876373" lon="9.80976048791952"><ele>2558.5</ele></trkpt><trkpt lat="46.51085450866509" lon="9.809603487826925"><ele>2559.0</ele></trkpt><trkpt lat="46.510865508507706" lon="9.809525487668356"><ele>2559.8</ele></trkpt><trkpt lat="46.51086650842926" lon="9.809486487589119"><ele>2560.2</ele></trkpt><trkpt lat="46.51086750837041" lon="9.809447487530267"><ele>2560.5</ele></trkpt><trkpt lat="46.51086850827232" lon="9.809395487431415"><ele>2561.0</ele></trkpt><trkpt lat="46.51087150799776" lon="9.809265487153704"><ele>2562.4</ele></trkpt><trkpt lat="46.51087250788006" lon="9.809200487035246"><ele>2563.0</ele></trkpt><trkpt lat="46.51087350780153" lon="9.809148486956792"><ele>2563.4</ele></trkpt><trkpt lat="46.51086550780169" lon="9.809095486960048"><ele>2563.4</ele></trkpt><trkpt lat="46.51086850756619" lon="9.808952486723918"><ele>2564.6</ele></trkpt><trkpt lat="46.510871507311144" lon="9.808809486467396"><ele>2565.9</ele></trkpt><trkpt lat="46.510874506977835" lon="9.808666486129335"><ele>2567.6</ele></trkpt><trkpt lat="46.51087750684007" lon="9.80850948599601"><ele>2568.3</ele></trkpt><trkpt lat="46.51088050676113" lon="9.808379485922234"><ele>2568.7</ele></trkpt><trkpt lat="46.51087250685902" lon="9.808314486028156"><ele>2568.2</ele></trkpt><trkpt lat="46.51087450685868" lon="9.808248486032104"><ele>2568.2</ele></trkpt><trkpt lat="46.51087550674095" lon="9.80818348591367"><ele>2568.8</ele></trkpt><trkpt lat="46.510877506701455" lon="9.808105485877562"><ele>2569.0</ele></trkpt><trkpt lat="46.510878506720644" lon="9.808040485901842"><ele>2568.9</ele></trkpt><trkpt lat="46.510873506602714" lon="9.807857485790564"><ele>2569.5</ele></trkpt><trkpt lat="46.51087450656333" lon="9.8078054857529"><ele>2569.7</ele></trkpt><trkpt lat="46.5108765066215" lon="9.807701485820296"><ele>2569.4</ele></trkpt><trkpt lat="46.51086950664093" lon="9.807596485847057"><ele>2569.3</ele></trkpt><trkpt lat="46.510879506601164" lon="9.80755848580847"><ele>2569.5</ele></trkpt><trkpt lat="46.51088950662008" lon="9.807519485831103"><ele>2569.4</ele></trkpt><trkpt lat="46.510890506639406" lon="9.807467485854596"><ele>2569.3</ele></trkpt><trkpt lat="46.51090950667748" lon="9.807429485897472"><ele>2569.1</ele></trkpt><trkpt lat="46.51092850663722" lon="9.807377485859634"><ele>2569.3</ele></trkpt><trkpt lat="46.510948506557575" lon="9.80727448578408"><ele>2569.7</ele></trkpt><trkpt lat="46.510958506654795" lon="9.807248485887474"><ele>2569.2</ele></trkpt><trkpt lat="46.51095850673284" lon="9.807209485971356"><ele>2568.8</ele></trkpt><trkpt lat="46.51096850679097" lon="9.8071714860347"><ele>2568.5</ele></trkpt><trkpt lat="46.51097850686858" lon="9.807145486117708"><ele>2568.1</ele></trkpt><trkpt lat="46.51099650688723" lon="9.807133486138632"><ele>2568.0</ele></trkpt><trkpt lat="46.51100650688661" lon="9.807107486140094"><ele>2568.0</ele></trkpt><trkpt lat="46.51101550690566" lon="9.807068486162738"><ele>2567.9</ele></trkpt><trkpt lat="46.51102550690499" lon="9.80703048616492"><ele>2567.9</ele></trkpt><trkpt lat="46.51105450690328" lon="9.806953486169256"><ele>2567.9</ele></trkpt><trkpt lat="46.511064506980844" lon="9.806914486253035"><ele>2567.5</ele></trkpt><trkpt lat="46.51108250709731" lon="9.806889486376669"><ele>2566.9</ele></trkpt><trkpt lat="46.51111150731075" lon="9.806799486606025"><ele>2565.8</ele></trkpt><trkpt lat="46.511121507368784" lon="9.806760486669413"><ele>2565.5</ele></trkpt><trkpt lat="46.51114050734806" lon="9.806696486652681"><ele>2565.6</ele></trkpt><trkpt lat="46.51115950730782" lon="9.806645486614784"><ele>2565.8</ele></trkpt><trkpt lat="46.51117850738493" lon="9.806593486699256"><ele>2565.4</ele></trkpt><trkpt lat="46.5111975073838" lon="9.806542486702126"><ele>2565.4</ele></trkpt><trkpt lat="46.511234507401454" lon="9.806504486724425"><ele>2565.3</ele></trkpt><trkpt lat="46.51125350740036" lon="9.806466486726517"><ele>2565.3</ele></trkpt><trkpt lat="46.51126350739977" lon="9.806427486728758"><ele>2565.3</ele></trkpt><trkpt lat="46.511300507397735" lon="9.806364486732173"><ele>2565.3</ele></trkpt><trkpt lat="46.511319507455305" lon="9.806313486796196"><ele>2565.0</ele></trkpt><trkpt lat="46.511329507454654" lon="9.806274486798436"><ele>2565.0</ele></trkpt><trkpt lat="46.51134850745353" lon="9.806223486801308"><ele>2565.0</ele></trkpt><trkpt lat="46.511367507471924" lon="9.8061584868254"><ele>2564.9</ele></trkpt><trkpt lat="46.51138750754897" lon="9.806094486910574"><ele>2564.5</ele></trkpt><trkpt lat="46.511406507626035" lon="9.806030486995757"><ele>2564.1</ele></trkpt><trkpt lat="46.51140750764536" lon="9.805978487019251"><ele>2564.0</ele></trkpt><trkpt lat="46.51141750770336" lon="9.80593948708264"><ele>2563.7</ele></trkpt><trkpt lat="46.511427507780915" lon="9.805887487167187"><ele>2563.3</ele></trkpt><trkpt lat="46.5114285077807" lon="9.805848487169518"><ele>2563.3</ele></trkpt><trkpt lat="46.51142950779993" lon="9.805770487194565"><ele>2563.2</ele></trkpt><trkpt lat="46.51143950785794" lon="9.805731487257948"><ele>2562.9</ele></trkpt><trkpt lat="46.511441507818425" lon="9.805653487221843"><ele>2563.1</ele></trkpt><trkpt lat="46.5114505078374" lon="9.805627487243692"><ele>2563.0</ele></trkpt><trkpt lat="46.5114695078364" lon="9.805602487245002"><ele>2563.0</ele></trkpt><trkpt lat="46.511488507854914" lon="9.805564487267473"><ele>2562.9</ele></trkpt><trkpt lat="46.511507507853715" lon="9.805487487271906"><ele>2562.9</ele></trkpt><trkpt lat="46.511518507794214" lon="9.805422487214546"><ele>2563.2</ele></trkpt><trkpt lat="46.51151850777448" lon="9.805383487196504"><ele>2563.3</ele></trkpt><trkpt lat="46.51154650775353" lon="9.805371487176561"><ele>2563.4</ele></trkpt><trkpt lat="46.511555507733426" lon="9.80534548715765"><ele>2563.5</ele></trkpt><trkpt lat="46.511565507693696" lon="9.805320487118289"><ele>2563.7</ele></trkpt><trkpt lat="46.511575507712635" lon="9.805281487140908"><ele>2563.6</ele></trkpt><trkpt lat="46.5115755076929" lon="9.805242487122865"><ele>2563.7</ele></trkpt><trkpt lat="46.511585507692374" lon="9.805229487123547"><ele>2563.7</ele></trkpt><trkpt lat="46.51159450767229" lon="9.805204487104573"><ele>2563.8</ele></trkpt><trkpt lat="46.51161550757292" lon="9.805074487010257"><ele>2564.3</ele></trkpt><trkpt lat="46.511634507591396" lon="9.805036487032728"><ele>2564.2</ele></trkpt><trkpt lat="46.511652507590476" lon="9.805011487034054"><ele>2564.2</ele></trkpt><trkpt lat="46.51165350757071" lon="9.804972487016"><ele>2564.3</ele></trkpt><trkpt lat="46.51165350757071" lon="9.804972487016"><ele>2564.3</ele></trkpt><trkpt lat="46.511692507490025" lon="9.804843486941827"><ele>2564.7</ele></trkpt><trkpt lat="46.5117115074693" lon="9.804779486925097"><ele>2564.8</ele></trkpt><trkpt lat="46.5117115074693" lon="9.804779486925097"><ele>2564.8</ele></trkpt><trkpt lat="46.51171250741044" lon="9.804752486865569"><ele>2565.1</ele></trkpt><trkpt lat="46.51172150740992" lon="9.804727486866977"><ele>2565.1</ele></trkpt><trkpt lat="46.51171350739054" lon="9.80468748684908"><ele>2565.2</ele></trkpt><trkpt lat="46.51170550731251" lon="9.804648486769976"><ele>2565.6</ele></trkpt><trkpt lat="46.5117055072537" lon="9.804622486710395"><ele>2565.9</ele></trkpt><trkpt lat="46.5117055072537" lon="9.804622486710395"><ele>2565.9</ele></trkpt><trkpt lat="46.51171550723345" lon="9.80457048669304"><ele>2566.0</ele></trkpt><trkpt lat="46.51171550723345" lon="9.80457048669304"><ele>2566.0</ele></trkpt><trkpt lat="46.51171650723322" lon="9.804531486695367"><ele>2566.0</ele></trkpt><trkpt lat="46.51173550721259" lon="9.804493486677085"><ele>2566.1</ele></trkpt><trkpt lat="46.51174450723167" lon="9.804480486698152"><ele>2566.0</ele></trkpt><trkpt lat="46.5117535072117" lon="9.804481486677627"><ele>2566.1</ele></trkpt><trkpt lat="46.5117715072304" lon="9.804481486697828"><ele>2566.0</ele></trkpt><trkpt lat="46.51178050724962" lon="9.804495486717279"><ele>2565.9</ele></trkpt><trkpt lat="46.51178050724962" lon="9.804495486717279"><ele>2565.9</ele></trkpt><trkpt lat="46.511843507285754" lon="9.804497486757294"><ele>2565.7</ele></trkpt><trkpt lat="46.511843507285754" lon="9.804497486757294"><ele>2565.7</ele></trkpt><trkpt lat="46.51186050726554" lon="9.80452448673513"><ele>2565.8</ele></trkpt><trkpt lat="46.51187850724524" lon="9.80456448671217"><ele>2565.9</ele></trkpt><trkpt lat="46.51189550724461" lon="9.8046044867096"><ele>2565.9</ele></trkpt><trkpt lat="46.51192150732178" lon="9.804631486789246"><ele>2565.5</ele></trkpt><trkpt lat="46.5119485073597" lon="9.804645486828896"><ele>2565.3</ele></trkpt><trkpt lat="46.51198350745594" lon="9.804673486928769"><ele>2564.8</ele></trkpt><trkpt lat="46.51198350745594" lon="9.804673486928769"><ele>2564.8</ele></trkpt><trkpt lat="46.51195850731984" lon="9.8045944867911"><ele>2565.5</ele></trkpt><trkpt lat="46.51195050724181" lon="9.804554486712059"><ele>2565.9</ele></trkpt><trkpt lat="46.51194250716368" lon="9.80450248663374"><ele>2566.3</ele></trkpt><trkpt lat="46.51192650698797" lon="9.804410486456003"><ele>2567.2</ele></trkpt><trkpt lat="46.51192650698797" lon="9.804410486456003"><ele>2567.2</ele></trkpt><trkpt lat="46.51191850689022" lon="9.804344486358145"><ele>2567.7</ele></trkpt><trkpt lat="46.51191950679229" lon="9.804318486257802"><ele>2568.2</ele></trkpt><trkpt lat="46.51191950671382" lon="9.804279486178627"><ele>2568.6</ele></trkpt><trkpt lat="46.5119035066165" lon="9.80421348608086"><ele>2569.1</ele></trkpt><trkpt lat="46.51187150618663" lon="9.803990485646247"><ele>2571.3</ele></trkpt><trkpt lat="46.51186550589301" lon="9.803886485346888"><ele>2572.8</ele></trkpt><trkpt lat="46.51186650575581" lon="9.803834485207362"><ele>2573.5</ele></trkpt><trkpt lat="46.51186750569681" lon="9.803782485149348"><ele>2573.8</ele></trkpt><trkpt lat="46.511859505618816" lon="9.803742485070323"><ele>2574.2</ele></trkpt><trkpt lat="46.51185150554064" lon="9.803677484992807"><ele>2574.6</ele></trkpt><trkpt lat="46.51183550528665" lon="9.803585484733595"><ele>2575.9</ele></trkpt><trkpt lat="46.511818505032835" lon="9.80351948447284"><ele>2577.2</ele></trkpt><trkpt lat="46.51179450466176" lon="9.803400484093086"><ele>2579.1</ele></trkpt><trkpt lat="46.51179550454419" lon="9.80336148397317"><ele>2579.7</ele></trkpt><trkpt lat="46.51182450405311" lon="9.803232483471257"><ele>2582.2</ele></trkpt><trkpt lat="46.51181650389678" lon="9.803193483310679"><ele>2583.0</ele></trkpt><trkpt lat="46.51180850372094" lon="9.803153483129787"><ele>2583.9</ele></trkpt><trkpt lat="46.51178250348712" lon="9.803087482889524"><ele>2585.1</ele></trkpt><trkpt lat="46.511765503311715" lon="9.803047482708726"><ele>2586.0</ele></trkpt><trkpt lat="46.51172250298077" lon="9.8029674823676"><ele>2587.7</ele></trkpt><trkpt lat="46.51169650288405" lon="9.802927482268405"><ele>2588.2</ele></trkpt><trkpt lat="46.51168750276701" lon="9.802900482147876"><ele>2588.8</ele></trkpt><trkpt lat="46.51167050255237" lon="9.802847481927122"><ele>2589.9</ele></trkpt><trkpt lat="46.51166250231777" lon="9.802795481685848"><ele>2591.1</ele></trkpt><trkpt lat="46.51165450212225" lon="9.80274348148533"><ele>2592.1</ele></trkpt><trkpt lat="46.51162050188872" lon="9.802650481246802"><ele>2593.3</ele></trkpt><trkpt lat="46.5116125018107" lon="9.802623481167023"><ele>2593.7</ele></trkpt><trkpt lat="46.511588501185145" lon="9.802466480524805"><ele>2596.9</ele></trkpt><trkpt lat="46.511580501028796" lon="9.802413480365107"><ele>2597.7</ele></trkpt><trkpt lat="46.51156350085336" lon="9.802374480184282"><ele>2598.6</ele></trkpt><trkpt lat="46.51155550071664" lon="9.80233448004417"><ele>2599.3</ele></trkpt><trkpt lat="46.51155550063828" lon="9.802308479964257"><ele>2599.7</ele></trkpt><trkpt lat="46.51155750052057" lon="9.802256479845157"><ele>2600.3</ele></trkpt><trkpt lat="46.51155750046174" lon="9.802230479785615"><ele>2600.6</ele></trkpt><trkpt lat="46.51153150036496" lon="9.802177479687229"><ele>2601.1</ele></trkpt><trkpt lat="46.51153250024737" lon="9.802138479567352"><ele>2601.7</ele></trkpt><trkpt lat="46.511533500090614" lon="9.802098479406787"><ele>2602.5</ele></trkpt><trkpt lat="46.51153350003183" lon="9.802072479347249"><ele>2602.8</ele></trkpt><trkpt lat="46.511516499934594" lon="9.802033479247925"><ele>2603.3</ele></trkpt><trkpt lat="46.51151749987572" lon="9.801993479189232"><ele>2603.6</ele></trkpt><trkpt lat="46.51151949964052" lon="9.801915478949486"><ele>2604.8</ele></trkpt><trkpt lat="46.51148549942644" lon="9.801797478732919"><ele>2605.9</ele></trkpt><trkpt lat="46.511469499329095" lon="9.801731478635235"><ele>2606.4</ele></trkpt><trkpt lat="46.51147049913322" lon="9.801679478434666"><ele>2607.4</ele></trkpt><trkpt lat="46.51148149883877" lon="9.801575478135318"><ele>2608.9</ele></trkpt><trkpt lat="46.51147349870203" lon="9.801535477995234"><ele>2609.6</ele></trkpt><trkpt lat="46.51145849815421" lon="9.801365477435354"><ele>2612.4</ele></trkpt><trkpt lat="46.51144349782179" lon="9.801234477097198"><ele>2614.1</ele></trkpt><trkpt lat="46.5114354976654" lon="9.801169476938284"><ele>2614.9</ele></trkpt><trkpt lat="46.51143649752817" lon="9.801117476798854"><ele>2615.6</ele></trkpt><trkpt lat="46.511419497391806" lon="9.801064476659672"><ele>2616.3</ele></trkpt><trkpt lat="46.51141149737243" lon="9.801011476642623"><ele>2616.4</ele></trkpt><trkpt lat="46.511395497235966" lon="9.800958476503434"><ele>2617.1</ele></trkpt><trkpt lat="46.5113964970988" lon="9.800906476364016"><ele>2617.8</ele></trkpt><trkpt lat="46.51140549698078" lon="9.800868476244029"><ele>2618.4</ele></trkpt><trkpt lat="46.511416496843005" lon="9.800803476105305"><ele>2619.1</ele></trkpt><trkpt lat="46.511407496784614" lon="9.800776476045941"><ele>2619.4</ele></trkpt><trkpt lat="46.51138249668764" lon="9.800684475949977"><ele>2619.9</ele></trkpt><trkpt lat="46.51135749661019" lon="9.80059247587439"><ele>2620.3</ele></trkpt><trkpt lat="46.51136749647262" lon="9.800553475734093"><ele>2621.0</ele></trkpt><trkpt lat="46.51138649627574" lon="9.800489475534125"><ele>2622.0</ele></trkpt><trkpt lat="46.51137849629558" lon="9.800462475556236"><ele>2621.9</ele></trkpt><trkpt lat="46.51136049631593" lon="9.80043547557844"><ele>2621.8</ele></trkpt><trkpt lat="46.511344496316475" lon="9.800383475581791"><ele>2621.8</ele></trkpt><trkpt lat="46.51133649631657" lon="9.80031747558592"><ele>2621.8</ele></trkpt><trkpt lat="46.511329496062075" lon="9.800212475327632"><ele>2623.1</ele></trkpt><trkpt lat="46.5113304959053" lon="9.800160475167866"><ele>2623.9</ele></trkpt><trkpt lat="46.511323495826915" lon="9.800056475092848"><ele>2624.3</ele></trkpt><trkpt lat="46.511308495768404" lon="9.799925475039934"><ele>2624.6</ele></trkpt><trkpt lat="46.51129249561222" lon="9.799820474883603"><ele>2625.4</ele></trkpt><trkpt lat="46.51129449547478" lon="9.799729474746595"><ele>2626.1</ele></trkpt><trkpt lat="46.51128749537699" lon="9.799663474648883"><ele>2626.6</ele></trkpt><trkpt lat="46.511270495318776" lon="9.799584474592805"><ele>2626.9</ele></trkpt><trkpt lat="46.51126249531901" lon="9.799545474595284"><ele>2626.9</ele></trkpt><trkpt lat="46.51125549537755" lon="9.799427474663709"><ele>2626.6</ele></trkpt><trkpt lat="46.51125749537722" lon="9.799375474666881"><ele>2626.6</ele></trkpt><trkpt lat="46.51124849531881" lon="9.799336474608268"><ele>2626.9</ele></trkpt><trkpt lat="46.51123249518219" lon="9.799244474471521"><ele>2627.6</ele></trkpt><trkpt lat="46.5112334951624" lon="9.79920547445354"><ele>2627.7</ele></trkpt><trkpt lat="46.51123449512301" lon="9.799152474416056"><ele>2627.9</ele></trkpt><trkpt lat="46.51122649504496" lon="9.79911347433707"><ele>2628.3</ele></trkpt><trkpt lat="46.51121049488875" lon="9.798995474181561"><ele>2629.1</ele></trkpt><trkpt lat="46.51120449484941" lon="9.798890474147344"><ele>2629.3</ele></trkpt><trkpt lat="46.51119649484952" lon="9.798825474151423"><ele>2629.3</ele></trkpt><trkpt lat="46.511188494751885" lon="9.798772474052944"><ele>2629.8</ele></trkpt><trkpt lat="46.51117149461558" lon="9.798733473912955"><ele>2630.5</ele></trkpt><trkpt lat="46.51115449449871" lon="9.798667473794998"><ele>2631.1</ele></trkpt><trkpt lat="46.5111464944207" lon="9.79862747371608"><ele>2631.5</ele></trkpt><trkpt lat="46.511138494381775" lon="9.798588473677833"><ele>2631.7</ele></trkpt><trkpt lat="46.51112949426474" lon="9.798561473557397"><ele>2632.3</ele></trkpt><trkpt lat="46.51112149406931" lon="9.798522473356229"><ele>2633.3</ele></trkpt><trkpt lat="46.511122493893026" lon="9.798483473175343"><ele>2634.2</ele></trkpt><trkpt lat="46.51112349371674" lon="9.798444472994456"><ele>2635.1</ele></trkpt><trkpt lat="46.511133493559534" lon="9.79840547283384"><ele>2635.9</ele></trkpt><trkpt lat="46.51114349322624" lon="9.798353472490755"><ele>2637.6</ele></trkpt><trkpt lat="46.51114349312832" lon="9.798327472390536"><ele>2638.1</ele></trkpt><trkpt lat="46.5111354930308" lon="9.798301472290401"><ele>2638.6</ele></trkpt><trkpt lat="46.51112649297244" lon="9.798274472231071"><ele>2638.9</ele></trkpt><trkpt lat="46.51110949279702" lon="9.798235472050372"><ele>2639.8</ele></trkpt><trkpt lat="46.511101492660345" lon="9.798208471909573"><ele>2640.5</ele></trkpt><trkpt lat="46.511092492465025" lon="9.798182471707632"><ele>2641.5</ele></trkpt><trkpt lat="46.51109349224951" lon="9.798130471486836"><ele>2642.6</ele></trkpt><trkpt lat="46.51108649193643" lon="9.798038471166777"><ele>2644.2</ele></trkpt><trkpt lat="46.51107849172142" lon="9.797986470946077"><ele>2645.3</ele></trkpt><trkpt lat="46.51107949162339" lon="9.79794647084673"><ele>2645.8</ele></trkpt><trkpt lat="46.51107249136906" lon="9.797868470586911"><ele>2647.1</ele></trkpt><trkpt lat="46.51107349125142" lon="9.797829470467134"><ele>2647.7</ele></trkpt><trkpt lat="46.51105549119347" lon="9.797789470408707"><ele>2648.0</ele></trkpt><trkpt lat="46.51105649103671" lon="9.797750470248213"><ele>2648.8</ele></trkpt><trkpt lat="46.51105749078211" lon="9.797698469986711"><ele>2650.1</ele></trkpt><trkpt lat="46.511058490625345" lon="9.797659469826216"><ele>2650.9</ele></trkpt><trkpt lat="46.51105049060599" lon="9.797606469809221"><ele>2651.0</ele></trkpt><trkpt lat="46.51105149060581" lon="9.797580469810825"><ele>2651.0</ele></trkpt><trkpt lat="46.511060490507404" lon="9.797555469710472"><ele>2651.5</ele></trkpt><trkpt lat="46.511089490407905" lon="9.797491469612336"><ele>2652.0</ele></trkpt><trkpt lat="46.51109849038781" lon="9.79747846959269"><ele>2652.1</ele></trkpt><trkpt lat="46.511098490348594" lon="9.797452469553582"><ele>2652.3</ele></trkpt><trkpt lat="46.51108249021214" lon="9.797386469415306"><ele>2653.0</ele></trkpt><trkpt lat="46.51108349015323" lon="9.797347469356628"><ele>2653.3</ele></trkpt><trkpt lat="46.511101490054344" lon="9.797309469256994"><ele>2653.8</ele></trkpt><trkpt lat="46.51112948995503" lon="9.797271469157263"><ele>2654.3</ele></trkpt><trkpt lat="46.51113948989569" lon="9.797232469098498"><ele>2654.6</ele></trkpt><trkpt lat="46.51115848987499" lon="9.797194469080303"><ele>2654.7</ele></trkpt><trkpt lat="46.51115948979649" lon="9.79715546900127"><ele>2655.1</ele></trkpt><trkpt lat="46.51116848975681" lon="9.797116468962878"><ele>2655.3</ele></trkpt><trkpt lat="46.511160489717874" lon="9.797077468924662"><ele>2655.5</ele></trkpt><trkpt lat="46.51115248965937" lon="9.797037468866144"><ele>2655.8</ele></trkpt><trkpt lat="46.511135489542674" lon="9.796997468746635"><ele>2656.4</ele></trkpt><trkpt lat="46.51110848946561" lon="9.796970468667146"><ele>2656.8</ele></trkpt><trkpt lat="46.51107348933021" lon="9.79692946852753"><ele>2657.5</ele></trkpt><trkpt lat="46.511047489135755" lon="9.796902468325866"><ele>2658.5</ele></trkpt><trkpt lat="46.51102948896042" lon="9.796875468144485"><ele>2659.4</ele></trkpt><trkpt lat="46.51102148884331" lon="9.796849468024018"><ele>2660.0</ele></trkpt><trkpt lat="46.511031488725315" lon="9.796823467903373"><ele>2660.6</ele></trkpt><trkpt lat="46.51104948860696" lon="9.796798467782581"><ele>2661.2</ele></trkpt><trkpt lat="46.511067488547305" lon="9.796786467722065"><ele>2661.5</ele></trkpt><trkpt lat="46.51107748844895" lon="9.79677346762097"><ele>2662.0</ele></trkpt><trkpt lat="46.51109648813463" lon="9.796696467299808"><ele>2663.6</ele></trkpt><trkpt lat="46.51110648797747" lon="9.79665746713926"><ele>2664.4</ele></trkpt><trkpt lat="46.51110748778162" lon="9.796618466938076"><ele>2665.4</ele></trkpt><trkpt lat="46.51110948735066" lon="9.79651446649663"><ele>2667.6</ele></trkpt><trkpt lat="46.511109487291854" lon="9.796488466437173"><ele>2667.9</ele></trkpt><trkpt lat="46.51109348713586" lon="9.79643546627777"><ele>2668.7</ele></trkpt><trkpt lat="46.51108548707737" lon="9.796382466220084"><ele>2669.0</ele></trkpt><trkpt lat="46.51108548705773" lon="9.796369466200533"><ele>2669.1</ele></trkpt><trkpt lat="46.51106748698026" lon="9.796343466120907"><ele>2669.5</ele></trkpt><trkpt lat="46.51102348670842" lon="9.796315465838077"><ele>2670.9</ele></trkpt><trkpt lat="46.511006486591754" lon="9.796288465717788"><ele>2671.5</ele></trkpt><trkpt lat="46.51098848641641" lon="9.796261465536427"><ele>2672.4</ele></trkpt><trkpt lat="46.51097148631937" lon="9.796234465436495"><ele>2672.9</ele></trkpt><trkpt lat="46.51098048620141" lon="9.796208465315875"><ele>2673.5</ele></trkpt><trkpt lat="46.510990486024724" lon="9.796183465134108"><ele>2674.4</ele></trkpt><trkpt lat="46.51099948594589" lon="9.7961574650542"><ele>2674.8</ele></trkpt><trkpt lat="46.51100048584799" lon="9.796144464953214"><ele>2675.3</ele></trkpt><trkpt lat="46.51097548543792" lon="9.796039464532514"><ele>2677.4</ele></trkpt><trkpt lat="46.51098448537865" lon="9.796013464472976"><ele>2677.7</ele></trkpt><trkpt lat="46.51097648526149" lon="9.795974464353353"><ele>2678.3</ele></trkpt><trkpt lat="46.51096848514435" lon="9.795934464233795"><ele>2678.9</ele></trkpt><trkpt lat="46.51095148502767" lon="9.795907464113508"><ele>2679.5</ele></trkpt><trkpt lat="46.51093448491073" lon="9.795815463997307"><ele>2680.1</ele></trkpt><trkpt lat="46.51093548489102" lon="9.795789463978567"><ele>2680.2</ele></trkpt><trkpt lat="46.51093648487122" lon="9.795750463960644"><ele>2680.3</ele></trkpt><trkpt lat="46.51093648485153" lon="9.795724463941918"><ele>2680.4</ele></trkpt><trkpt lat="46.51091948481305" lon="9.795684463903887"><ele>2680.6</ele></trkpt><trkpt lat="46.510911484793795" lon="9.795658463885246"><ele>2680.7</ele></trkpt><trkpt lat="46.51088448479499" lon="9.795631463887219"><ele>2680.7</ele></trkpt><trkpt lat="46.5108674846197" lon="9.795617463705053"><ele>2681.6</ele></trkpt><trkpt lat="46.51084048446441" lon="9.795590463544166"><ele>2682.4</ele></trkpt><trkpt lat="46.510823484328206" lon="9.795563463403534"><ele>2683.1</ele></trkpt><trkpt lat="46.510814484211124" lon="9.795536463283181"><ele>2683.7</ele></trkpt><trkpt lat="46.510797484133626" lon="9.795510463203556"><ele>2684.1</ele></trkpt><trkpt lat="46.5107884840753" lon="9.795496463143458"><ele>2684.4</ele></trkpt><trkpt lat="46.51077948401704" lon="9.795483463083299"><ele>2684.7</ele></trkpt><trkpt lat="46.51076248395913" lon="9.795469463023283"><ele>2685.0</ele></trkpt><trkpt lat="46.51075348390081" lon="9.795456462963122"><ele>2685.3</ele></trkpt><trkpt lat="46.51074448384248" lon="9.795429462903838"><ele>2685.6</ele></trkpt><trkpt lat="46.51072848378433" lon="9.795376462846267"><ele>2685.9</ele></trkpt><trkpt lat="46.5107204837845" lon="9.795324462849615"><ele>2685.9</ele></trkpt><trkpt lat="46.51071148374574" lon="9.795310462809875"><ele>2686.1</ele></trkpt><trkpt lat="46.510711483726105" lon="9.795297462790337"><ele>2686.2</ele></trkpt><trkpt lat="46.510684483610014" lon="9.795283462669357"><ele>2686.8</ele></trkpt><trkpt lat="46.51065848347431" lon="9.79526946252801"><ele>2687.5</ele></trkpt><trkpt lat="46.51064948335736" lon="9.795269462405964"><ele>2688.1</ele></trkpt><trkpt lat="46.510640483259934" lon="9.795255462305155"><ele>2688.6</ele></trkpt><trkpt lat="46.51063248312323" lon="9.795216462165197"><ele>2689.3</ele></trkpt><trkpt lat="46.51061548294773" lon="9.79515046198632"><ele>2690.2</ele></trkpt><trkpt lat="46.510607482830636" lon="9.795123461865963"><ele>2690.8</ele></trkpt><trkpt lat="46.51059848271362" lon="9.795110461744741"><ele>2691.4</ele></trkpt><trkpt lat="46.51056348251947" lon="9.795056461544942"><ele>2692.4</ele></trkpt><trkpt lat="46.51055548240239" lon="9.795030461424533"><ele>2693.0</ele></trkpt><trkpt lat="46.510546482285314" lon="9.79500346130419"><ele>2693.6</ele></trkpt><trkpt lat="46.51052948212952" lon="9.794964461143977"><ele>2694.4</ele></trkpt><trkpt lat="46.51051148213032" lon="9.794950461145048"><ele>2694.4</ele></trkpt><trkpt lat="46.5105034821111" lon="9.794936461125655"><ele>2694.5</ele></trkpt><trkpt lat="46.510503482032746" lon="9.794910461045877"><ele>2694.9</ele></trkpt><trkpt lat="46.510504481973854" lon="9.794871460987256"><ele>2695.2</ele></trkpt><trkpt lat="46.510505481856256" lon="9.794832460867575"><ele>2695.8</ele></trkpt><trkpt lat="46.51051548171863" lon="9.794793460727446"><ele>2696.5</ele></trkpt><trkpt lat="46.51052448167893" lon="9.79476846068822"><ele>2696.7</ele></trkpt><trkpt lat="46.51052548163965" lon="9.794742460649138"><ele>2696.9</ele></trkpt><trkpt lat="46.51051648158126" lon="9.794715460589869"><ele>2697.2</ele></trkpt><trkpt lat="46.51047348142654" lon="9.79463546043253"><ele>2698.0</ele></trkpt><trkpt lat="46.51045648138815" lon="9.7946084603937"><ele>2698.2</ele></trkpt><trkpt lat="46.51044748138843" lon="9.794569460396259"><ele>2698.2</ele></trkpt><trkpt lat="46.51043948132993" lon="9.79451646033862"><ele>2698.5</ele></trkpt><trkpt lat="46.51040548125295" lon="9.794424460263366"><ele>2698.9</ele></trkpt><trkpt lat="46.510388481175305" lon="9.79437146018547"><ele>2699.3</ele></trkpt><trkpt lat="46.51037148107824" lon="9.794344460085586"><ele>2699.8</ele></trkpt><trkpt lat="46.51034548100115" lon="9.794317460006143"><ele>2700.2</ele></trkpt><trkpt lat="46.5103004808467" lon="9.794276459846364"><ele>2701.0</ele></trkpt><trkpt lat="46.51029248080791" lon="9.794262459806626"><ele>2701.2</ele></trkpt><trkpt lat="46.51026748065225" lon="9.794170459649878"><ele>2702.0</ele></trkpt><trkpt lat="46.51024948061383" lon="9.794130459611884"><ele>2702.2</ele></trkpt><trkpt lat="46.51024148057493" lon="9.794091459573723"><ele>2702.4</ele></trkpt><trkpt lat="46.51022548053627" lon="9.79401245953818"><ele>2702.6</ele></trkpt><trkpt lat="46.510208480556486" lon="9.793972459561239"><ele>2702.5</ele></trkpt><trkpt lat="46.51019148057658" lon="9.793893459586767"><ele>2702.4</ele></trkpt><trkpt lat="46.5101924805763" lon="9.793854459589223"><ele>2702.4</ele></trkpt><trkpt lat="46.51017648059632" lon="9.793775459614737"><ele>2702.3</ele></trkpt><trkpt lat="46.51016848055744" lon="9.793736459576584"><ele>2702.5</ele></trkpt><trkpt lat="46.51016948049845" lon="9.793683459518867"><ele>2702.8</ele></trkpt><trkpt lat="46.510170480341685" lon="9.793631459359322"><ele>2703.6</ele></trkpt><trkpt lat="46.510154480009405" lon="9.793526459020148"><ele>2705.3</ele></trkpt><trkpt lat="46.51013747993181" lon="9.793474458942212"><ele>2705.7</ele></trkpt><trkpt lat="46.510120479795404" lon="9.793408458804105"><ele>2706.4</ele></trkpt><trkpt lat="46.51009647965922" lon="9.793302458668611"><ele>2707.1</ele></trkpt><trkpt lat="46.51007947971846" lon="9.793236458734018"><ele>2706.8</ele></trkpt><trkpt lat="46.510080479679075" lon="9.793197458695776"><ele>2707.0</ele></trkpt><trkpt lat="46.51007247962064" lon="9.793158458637276"><ele>2707.3</ele></trkpt><trkpt lat="46.51007247962051" lon="9.793132458638926"><ele>2707.3</ele></trkpt><trkpt lat="46.51009147952157" lon="9.793093458539447"><ele>2707.8</ele></trkpt><trkpt lat="46.51010947942273" lon="9.793068458439087"><ele>2708.3</ele></trkpt><trkpt lat="46.51013847932321" lon="9.793004458341088"><ele>2708.8</ele></trkpt><trkpt lat="46.51018447939878" lon="9.792928458426832"><ele>2708.4</ele></trkpt><trkpt lat="46.510203479397724" lon="9.792903458428219"><ele>2708.4</ele></trkpt><trkpt lat="46.510203479397724" lon="9.792903458428219"><ele>2708.4</ele></trkpt><trkpt lat="46.51022247935751" lon="9.792865458389725"><ele>2708.6</ele></trkpt><trkpt lat="46.51023147931788" lon="9.792852458349756"><ele>2708.8</ele></trkpt><trkpt lat="46.51024047931734" lon="9.792839458350487"><ele>2708.8</ele></trkpt><trkpt lat="46.510259479296714" lon="9.792814458331524"><ele>2708.9</ele></trkpt><trkpt lat="46.51028647923657" lon="9.792789458271779"><ele>2709.2</ele></trkpt><trkpt lat="46.51030547917676" lon="9.792764458212115"><ele>2709.5</ele></trkpt><trkpt lat="46.51034247886167" lon="9.792700457890184"><ele>2711.1</ele></trkpt><trkpt lat="46.510361478645336" lon="9.79266245766855"><ele>2712.2</ele></trkpt><trkpt lat="46.51037947846826" lon="9.7926374574868"><ele>2713.1</ele></trkpt><trkpt lat="46.51039847829113" lon="9.792611457305107"><ele>2714.0</ele></trkpt><trkpt lat="46.510416478114024" lon="9.792586457123353"><ele>2714.9</ele></trkpt><trkpt lat="46.51043547795645" lon="9.792561456961947"><ele>2715.7</ele></trkpt><trkpt lat="46.51044447789722" lon="9.79253545690246"><ele>2716.0</ele></trkpt><trkpt lat="46.51045447781831" lon="9.79249745682337"><ele>2716.4</ele></trkpt><trkpt lat="46.51049347746367" lon="9.792381456464046"><ele>2718.2</ele></trkpt><trkpt lat="46.51052247714874" lon="9.792278456144716"><ele>2719.8</ele></trkpt><trkpt lat="46.51055147693166" lon="9.792188455926302"><ele>2720.9</ele></trkpt><trkpt lat="46.510551476872806" lon="9.79214945586774"><ele>2721.2</ele></trkpt><trkpt lat="46.51056147679387" lon="9.792110455788722"><ele>2721.6</ele></trkpt><trkpt lat="46.510581476518695" lon="9.792046455507714"><ele>2723.0</ele></trkpt><trkpt lat="46.51059047636155" lon="9.792007455347314"><ele>2723.8</ele></trkpt><trkpt lat="46.510591476263464" lon="9.791968455248046"><ele>2724.3</ele></trkpt><trkpt lat="46.510593476028205" lon="9.791877455009653"><ele>2725.5</ele></trkpt><trkpt lat="46.51060347591019" lon="9.791838454889946"><ele>2726.1</ele></trkpt><trkpt lat="46.510613475753" lon="9.791800454729486"><ele>2726.9</ele></trkpt><trkpt lat="46.51062347563491" lon="9.79176145460978"><ele>2727.5</ele></trkpt><trkpt lat="46.51065447486933" lon="9.791528453830784"><ele>2731.4</ele></trkpt><trkpt lat="46.51067447459399" lon="9.791437453551532"><ele>2732.8</ele></trkpt><trkpt lat="46.51068547447577" lon="9.79137345343343"><ele>2733.4</ele></trkpt><trkpt lat="46.51070647421975" lon="9.791230453177855"><ele>2734.7</ele></trkpt><trkpt lat="46.510745473571404" lon="9.791062452516774"><ele>2738.0</ele></trkpt><trkpt lat="46.51077547311919" lon="9.79090745205843"><ele>2740.3</ele></trkpt><trkpt lat="46.510785473001135" lon="9.790869451938693"><ele>2740.9</ele></trkpt><trkpt lat="46.51079547290269" lon="9.79084345183853"><ele>2741.4</ele></trkpt><trkpt lat="46.510813472764625" lon="9.79080545169836"><ele>2742.1</ele></trkpt><trkpt lat="46.51097147201229" lon="9.790603450936546"><ele>2745.9</ele></trkpt><trkpt lat="46.511026471617974" lon="9.79055345053228"><ele>2747.9</ele></trkpt><trkpt lat="46.51104447155834" lon="9.790541450471828"><ele>2748.2</ele></trkpt><trkpt lat="46.51106347145935" lon="9.790503450372347"><ele>2748.7</ele></trkpt><trkpt lat="46.51115747078832" lon="9.79028544969367"><ele>2752.1</ele></trkpt><trkpt lat="46.51116747072901" lon="9.790246449635047"><ele>2752.4</ele></trkpt><trkpt lat="46.51119547057075" lon="9.79018244947612"><ele>2753.2</ele></trkpt><trkpt lat="46.51120547055056" lon="9.79014444945812"><ele>2753.3</ele></trkpt><trkpt lat="46.5112074705696" lon="9.79006644948347"><ele>2753.2</ele></trkpt><trkpt lat="46.51121747056871" lon="9.789988449488392"><ele>2753.2</ele></trkpt><trkpt lat="46.51121847056853" lon="9.789949449490898"><ele>2753.2</ele></trkpt><trkpt lat="46.511201470549686" lon="9.78992244947247"><ele>2753.3</ele></trkpt><trkpt lat="46.51118447060899" lon="9.789869449537099"><ele>2753.0</ele></trkpt><trkpt lat="46.51116647057069" lon="9.789842449498336"><ele>2753.2</ele></trkpt><trkpt lat="46.511149470610555" lon="9.789815449540946"><ele>2753.0</ele></trkpt><trkpt lat="46.51112247067055" lon="9.78980144960316"><ele>2752.7</ele></trkpt><trkpt lat="46.51109547071097" lon="9.789787449645036"><ele>2752.5</ele></trkpt><trkpt lat="46.51109547071097" lon="9.789787449645036"><ele>2752.5</ele></trkpt><trkpt lat="46.5110694706926" lon="9.789760449626709"><ele>2752.6</ele></trkpt><trkpt lat="46.51105247063465" lon="9.789733449567592"><ele>2752.9</ele></trkpt><trkpt lat="46.511016470440666" lon="9.78969244936719"><ele>2753.9</ele></trkpt><trkpt lat="46.510981470207504" lon="9.789652449126024"><ele>2755.1</ele></trkpt><trkpt lat="46.51093746985734" lon="9.789598448763803"><ele>2756.9</ele></trkpt><trkpt lat="46.510911469643304" lon="9.789571448542052"><ele>2758.0</ele></trkpt><trkpt lat="46.51086646935206" lon="9.7895434482392"><ele>2759.5</ele></trkpt><trkpt lat="46.510822469041166" lon="9.789528447915151"><ele>2761.1</ele></trkpt><trkpt lat="46.510777468808655" lon="9.789513447672489"><ele>2762.3</ele></trkpt><trkpt lat="46.510732468674" lon="9.7895114475307"><ele>2763.0</ele></trkpt><trkpt lat="46.51066046832554" lon="9.789521447164649"><ele>2764.8</ele></trkpt><trkpt lat="46.510560467763476" lon="9.789542446574425"><ele>2767.7</ele></trkpt><trkpt lat="46.510515467589784" lon="9.78955344639111"><ele>2768.6</ele></trkpt><trkpt lat="46.510462467279375" lon="9.789538446067167"><ele>2770.2</ele></trkpt><trkpt lat="46.51043546710468" lon="9.78953744588444"><ele>2771.1</ele></trkpt><trkpt lat="46.51040846694951" lon="9.789523445722896"><ele>2771.9</ele></trkpt><trkpt lat="46.510390466833" lon="9.78950944560194"><ele>2772.5</ele></trkpt><trkpt lat="46.51036446673632" lon="9.789469445503103"><ele>2773.0</ele></trkpt><trkpt lat="46.51032946660086" lon="9.789402445365427"><ele>2773.7</ele></trkpt><trkpt lat="46.510296466465086" lon="9.789296445230274"><ele>2774.4</ele></trkpt><trkpt lat="46.51027846640716" lon="9.789256445172041"><ele>2774.7</ele></trkpt><trkpt lat="46.510271466270275" lon="9.789191445033948"><ele>2775.4</ele></trkpt><trkpt lat="46.510264465937475" lon="9.789060444696736"><ele>2777.1</ele></trkpt><trkpt lat="46.51027546560396" lon="9.788982444355895"><ele>2778.8</ele></trkpt><trkpt lat="46.51029946423209" lon="9.78871044294952"><ele>2785.8</ele></trkpt><trkpt lat="46.51030046389916" lon="9.788658442607124"><ele>2787.5</ele></trkpt><trkpt lat="46.510292463781916" lon="9.788592442489477"><ele>2788.1</ele></trkpt><trkpt lat="46.51028546346897" lon="9.78852744216836"><ele>2789.7</ele></trkpt><trkpt lat="46.51022646221897" lon="9.788302440881983"><ele>2796.1</ele></trkpt><trkpt lat="46.51021046204336" lon="9.78822444070421"><ele>2797.0</ele></trkpt><trkpt lat="46.51021146186691" lon="9.788158440525473"><ele>2797.9</ele></trkpt><trkpt lat="46.51021246165143" lon="9.788106440305148"><ele>2799.0</ele></trkpt><trkpt lat="46.510223461063696" lon="9.788042439699066"><ele>2802.0</ele></trkpt><trkpt lat="46.510233460612945" lon="9.787990439234589"><ele>2804.3</ele></trkpt><trkpt lat="46.51026346006298" lon="9.787848438674128"><ele>2807.1</ele></trkpt><trkpt lat="46.51027345996434" lon="9.787783438576604"><ele>2807.6</ele></trkpt><trkpt lat="46.51033945958847" lon="9.787630438199539"><ele>2809.5</ele></trkpt><trkpt lat="46.51038745921367" lon="9.787501437821103"><ele>2811.4</ele></trkpt><trkpt lat="46.510397459154134" lon="9.787424437765056"><ele>2811.7</ele></trkpt><trkpt lat="46.51040845913367" lon="9.787359437748876"><ele>2811.8</ele></trkpt><trkpt lat="46.51041145901536" lon="9.787189437638018"><ele>2812.4</ele></trkpt><trkpt lat="46.51043045895539" lon="9.787138437580163"><ele>2812.7</ele></trkpt><trkpt lat="46.51044045885698" lon="9.787113437480023"><ele>2813.2</ele></trkpt><trkpt lat="46.51044045885698" lon="9.787113437480023"><ele>2813.2</ele></trkpt><trkpt lat="46.51045045858219" lon="9.787035437200347"><ele>2814.6</ele></trkpt><trkpt lat="46.51047145816975" lon="9.786918436780779"><ele>2816.7</ele></trkpt><trkpt lat="46.51047145816975" lon="9.786918436780779"><ele>2816.7</ele></trkpt><trkpt lat="46.51050145769797" lon="9.78677643630177"><ele>2819.1</ele></trkpt><trkpt lat="46.51050245752162" lon="9.786724436122176"><ele>2820.0</ele></trkpt><trkpt lat="46.510512457285955" lon="9.786646435883199"><ele>2821.2</ele></trkpt><trkpt lat="46.51049645697336" lon="9.786554435564087"><ele>2822.8</ele></trkpt><trkpt lat="46.510489456621066" lon="9.786450435205017"><ele>2824.6</ele></trkpt><trkpt lat="46.5104824564059" lon="9.786384434985777"><ele>2825.7</ele></trkpt><trkpt lat="46.51046645607371" lon="9.786292434646356"><ele>2827.4</ele></trkpt><trkpt lat="46.51044045570303" lon="9.786213434265523"><ele>2829.3</ele></trkpt><trkpt lat="46.51041545527357" lon="9.786134433823685"><ele>2831.5</ele></trkpt><trkpt lat="46.510398454922026" lon="9.786068433462237"><ele>2833.3</ele></trkpt><trkpt lat="46.510367454042296" lon="9.785858432561522"><ele>2837.8</ele></trkpt><trkpt lat="46.51035245363143" lon="9.785688432145994"><ele>2839.9</ele></trkpt><trkpt lat="46.51034545339675" lon="9.785622431906468"><ele>2841.1</ele></trkpt><trkpt lat="46.51034645306375" lon="9.785544431565999"><ele>2842.8</ele></trkpt><trkpt lat="46.51035745274986" lon="9.785480431244832"><ele>2844.4</ele></trkpt><trkpt lat="46.510376452376725" lon="9.78540243086351"><ele>2846.3</ele></trkpt><trkpt lat="46.510405451964026" lon="9.785325430441354"><ele>2848.4</ele></trkpt><trkpt lat="46.510488451215714" lon="9.785211429675456"><ele>2852.2</ele></trkpt><trkpt lat="46.510525450900566" lon="9.785174429352226"><ele>2853.8</ele></trkpt><trkpt lat="46.510580450623586" lon="9.785137429069456"><ele>2855.2</ele></trkpt><trkpt lat="46.51063545030744" lon="9.7850874287469"><ele>2856.8</ele></trkpt><trkpt lat="46.51070744999043" lon="9.785052428423157"><ele>2858.4</ele></trkpt><trkpt lat="46.51084444931757" lon="9.784966427736164"><ele>2861.8</ele></trkpt><trkpt lat="46.510926448863096" lon="9.784931427269997"><ele>2864.1</ele></trkpt><trkpt lat="46.51099944840906" lon="9.784895426804002"><ele>2866.4</ele></trkpt><trkpt lat="46.511071447974636" lon="9.784859426358354"><ele>2868.6</ele></trkpt><trkpt lat="46.511126447639036" lon="9.784835426013737"><ele>2870.3</ele></trkpt><trkpt lat="46.51114444750103" lon="9.784823425872029"><ele>2871.0</ele></trkpt><trkpt lat="46.51114444750103" lon="9.784823425872029"><ele>2871.0</ele></trkpt><trkpt lat="46.511154447363374" lon="9.78478442573223"><ele>2871.7</ele></trkpt><trkpt lat="46.51114644728536" lon="9.784745425653613"><ele>2872.1</ele></trkpt><trkpt lat="46.51113744722695" lon="9.784705425595416"><ele>2872.4</ele></trkpt><trkpt lat="46.51113744722695" lon="9.784705425595416"><ele>2872.4</ele></trkpt><trkpt lat="46.511129447266335" lon="9.784679425637913"><ele>2872.2</ele></trkpt><trkpt lat="46.51108544758142" lon="9.784612425968186"><ele>2870.6</ele></trkpt><trkpt lat="46.511059447719596" lon="9.784584426112666"><ele>2869.9</ele></trkpt><trkpt lat="46.51102444791689" lon="9.784531426319917"><ele>2868.9</ele></trkpt><trkpt lat="46.51100744811323" lon="9.784491426526086"><ele>2867.9</ele></trkpt><trkpt lat="46.51094744862444" lon="9.78435842706425"><ele>2865.3</ele></trkpt><trkpt lat="46.5108334493927" lon="9.784184427870015"><ele>2861.4</ele></trkpt><trkpt lat="46.510807449550285" lon="9.784130428036548"><ele>2860.6</ele></trkpt><trkpt lat="46.51079044962944" lon="9.784117428118918"><ele>2860.2</ele></trkpt><trkpt lat="46.51077244976713" lon="9.7840774282641"><ele>2859.5</ele></trkpt><trkpt lat="46.51074744990513" lon="9.78402342841029"><ele>2858.8</ele></trkpt><trkpt lat="46.51070445029821" lon="9.783917428824425"><ele>2856.8</ele></trkpt><trkpt lat="46.510635450790254" lon="9.783784429342285"><ele>2854.3</ele></trkpt><trkpt lat="46.51060945096747" lon="9.783731429529062"><ele>2853.4</ele></trkpt><trkpt lat="46.510549451595935" lon="9.783572430190828"><ele>2850.2</ele></trkpt><trkpt lat="46.510515451969084" lon="9.783492430582761"><ele>2848.3</ele></trkpt><trkpt lat="46.5104884521269" lon="9.783465430747478"><ele>2847.5</ele></trkpt><trkpt lat="46.51047145230365" lon="9.783425430933274"><ele>2846.6</ele></trkpt><trkpt lat="46.51045345244143" lon="9.78339843107756"><ele>2845.9</ele></trkpt><trkpt lat="46.51044545255912" lon="9.783372431201341"><ele>2845.3</ele></trkpt><trkpt lat="46.51043745271584" lon="9.783332431366714"><ele>2844.5</ele></trkpt><trkpt lat="46.51044745302796" lon="9.783254431697031"><ele>2842.9</ele></trkpt><trkpt lat="46.510449453184144" lon="9.783202431863087"><ele>2842.1</ele></trkpt><trkpt lat="46.51044945328182" lon="9.783176431966451"><ele>2841.6</ele></trkpt><trkpt lat="46.5104504534186" lon="9.783150432110455"><ele>2840.9</ele></trkpt><trkpt lat="46.510468453554545" lon="9.783138432253343"><ele>2840.2</ele></trkpt><trkpt lat="46.5105324539423" lon="9.783102432661579"><ele>2838.2</ele></trkpt><trkpt lat="46.510568453999134" lon="9.783103432722097"><ele>2837.9</ele></trkpt><trkpt lat="46.510595454173675" lon="9.783078432906409"><ele>2837.0</ele></trkpt><trkpt lat="46.510641454601355" lon="9.783015433357273"><ele>2834.8</ele></trkpt><trkpt lat="46.51065145477675" lon="9.782990433541759"><ele>2833.9</ele></trkpt><trkpt lat="46.5106434550117" lon="9.782937433789282"><ele>2832.7</ele></trkpt><trkpt lat="46.51061845546252" lon="9.78283243426402"><ele>2830.4</ele></trkpt><trkpt lat="46.51058545593319" lon="9.782700434760942"><ele>2828.0</ele></trkpt><trkpt lat="46.51055945611037" lon="9.782647434947664"><ele>2827.1</ele></trkpt><trkpt lat="46.51054345642385" lon="9.782568435278273"><ele>2825.5</ele></trkpt><trkpt lat="46.510552456560276" lon="9.78255543542131"><ele>2824.8</ele></trkpt><trkpt lat="46.5105794567153" lon="9.782543435584417"><ele>2824.0</ele></trkpt><trkpt lat="46.51059745683172" lon="9.78253143570697"><ele>2823.4</ele></trkpt><trkpt lat="46.510651456926865" lon="9.782559435806164"><ele>2822.9</ele></trkpt><trkpt lat="46.51067845706237" lon="9.782561435948018"><ele>2822.2</ele></trkpt><trkpt lat="46.510795457643056" lon="9.782527436558762"><ele>2819.2</ele></trkpt><trkpt lat="46.510823457837226" lon="9.782515436762509"><ele>2818.2</ele></trkpt><trkpt lat="46.51083245793441" lon="9.782489436865752"><ele>2817.7</ele></trkpt><trkpt lat="46.510842458109884" lon="9.782463437050287"><ele>2816.8</ele></trkpt><trkpt lat="46.51083445824704" lon="9.782424437195223"><ele>2816.1</ele></trkpt><trkpt lat="46.5108164583652" lon="9.782384437320005"><ele>2815.5</ele></trkpt><trkpt lat="46.510799458483326" lon="9.782344437444776"><ele>2814.9</ele></trkpt><trkpt lat="46.510764458661" lon="9.782304437630716"><ele>2814.0</ele></trkpt><trkpt lat="46.51073845885786" lon="9.782263437836946"><ele>2813.0</ele></trkpt><trkpt lat="46.510712459113265" lon="9.782210438104938"><ele>2811.7</ele></trkpt><trkpt lat="46.510677459388816" lon="9.782169438392557"><ele>2810.3</ele></trkpt><trkpt lat="46.510660459565564" lon="9.782130438578228"><ele>2809.4</ele></trkpt><trkpt lat="46.51064245976199" lon="9.782090438784296"><ele>2808.4</ele></trkpt><trkpt lat="46.51063445984054" lon="9.782063438867459"><ele>2808.0</ele></trkpt><trkpt lat="46.51061846001706" lon="9.781984439055746"><ele>2807.1</ele></trkpt><trkpt lat="46.51060046011571" lon="9.781958439159265"><ele>2806.6</ele></trkpt><trkpt lat="46.51058246019482" lon="9.781944439241675"><ele>2806.2</ele></trkpt><trkpt lat="46.51056546025433" lon="9.781930439303752"><ele>2805.9</ele></trkpt><trkpt lat="46.510547460392125" lon="9.781903439447984"><ele>2805.2</ele></trkpt><trkpt lat="46.510539460548834" lon="9.781864439613223"><ele>2804.4</ele></trkpt><trkpt lat="46.51051346066745" lon="9.78183643973728"><ele>2803.8</ele></trkpt><trkpt lat="46.51049546080527" lon="9.781823439880597"><ele>2803.1</ele></trkpt><trkpt lat="46.51048746104028" lon="9.781783440127192"><ele>2801.9</ele></trkpt><trkpt lat="46.510487461196675" lon="9.781757440291488"><ele>2801.1</ele></trkpt><trkpt lat="46.510470461353925" lon="9.78173044045603"><ele>2800.3</ele></trkpt><trkpt lat="46.510488461470246" lon="9.781705440579415"><ele>2799.7</ele></trkpt><trkpt lat="46.510507461567094" lon="9.781693440681616"><ele>2799.2</ele></trkpt><trkpt lat="46.51054346154564" lon="9.781694440660837"><ele>2799.3</ele></trkpt><trkpt lat="46.5105794615829" lon="9.781696440700971"><ele>2799.1</ele></trkpt><trkpt lat="46.51062446175661" lon="9.781685440884122"><ele>2798.2</ele></trkpt><trkpt lat="46.51065146193118" lon="9.781660441068386"><ele>2797.3</ele></trkpt><trkpt lat="46.51067946208623" lon="9.781648441231455"><ele>2796.5</ele></trkpt><trkpt lat="46.510697462183074" lon="9.781649441332815"><ele>2796.0</ele></trkpt><trkpt lat="46.510751462415044" lon="9.781638441576836"><ele>2794.8</ele></trkpt><trkpt lat="46.51077846257015" lon="9.78163944173907"><ele>2794.0</ele></trkpt><trkpt lat="46.51080446270584" lon="9.781654441880073"><ele>2793.3</ele></trkpt><trkpt lat="46.51082346288082" lon="9.781628442064488"><ele>2792.4</ele></trkpt><trkpt lat="46.51082346299813" lon="9.781615442187276"><ele>2791.8</ele></trkpt><trkpt lat="46.5108154631158" lon="9.78157644231185"><ele>2791.2</ele></trkpt><trkpt lat="46.510798463272984" lon="9.781536442477233"><ele>2790.4</ele></trkpt><trkpt lat="46.51076346352882" lon="9.781469442746188"><ele>2789.1</ele></trkpt><trkpt lat="46.510737463745215" lon="9.781429442972629"><ele>2788.0</ele></trkpt><trkpt lat="46.5107294638824" lon="9.78139044311752"><ele>2787.3</ele></trkpt><trkpt lat="46.51074746397929" lon="9.781390443218944"><ele>2786.8</ele></trkpt><trkpt lat="46.51079246417257" lon="9.781379443422408"><ele>2785.8</ele></trkpt><trkpt lat="46.51082846430775" lon="9.781394443563306"><ele>2785.1</ele></trkpt><trkpt lat="46.51090946457747" lon="9.781384443847621"><ele>2783.7</ele></trkpt><trkpt lat="46.51094546473212" lon="9.781386444009687"><ele>2782.9</ele></trkpt><trkpt lat="46.510981464906266" lon="9.781374444192995"><ele>2782.0</ele></trkpt><trkpt lat="46.51100946510039" lon="9.78135044439749"><ele>2781.0</ele></trkpt><trkpt lat="46.51101846517811" lon="9.781337444479535"><ele>2780.6</ele></trkpt><trkpt lat="46.51102846535351" lon="9.78129844466487"><ele>2779.7</ele></trkpt><trkpt lat="46.51103946570456" lon="9.78116844503902"><ele>2777.9</ele></trkpt><trkpt lat="46.51103146580262" lon="9.781129445143256"><ele>2777.4</ele></trkpt><trkpt lat="46.51101446588168" lon="9.781115445225636"><ele>2777.0</ele></trkpt><trkpt lat="46.51100546594072" lon="9.78108944528839"><ele>2776.7</ele></trkpt><trkpt lat="46.51098846607839" lon="9.781062445432578"><ele>2776.0</ele></trkpt><trkpt lat="46.51097946619613" lon="9.781022445557209"><ele>2775.4</ele></trkpt><trkpt lat="46.51097246625492" lon="9.78097044562163"><ele>2775.1</ele></trkpt><trkpt lat="46.5109724662743" lon="9.780931445644487"><ele>2775.0</ele></trkpt><trkpt lat="46.51098246623452" lon="9.780905445605423"><ele>2775.2</ele></trkpt><trkpt lat="46.51098346619518" lon="9.780866445567305"><ele>2775.4</ele></trkpt><trkpt lat="46.51096646635234" lon="9.780826445732655"><ele>2774.6</ele></trkpt><trkpt lat="46.51096646639147" lon="9.78081344577414"><ele>2774.4</ele></trkpt><trkpt lat="46.51096746637159" lon="9.780761445757193"><ele>2774.5</ele></trkpt><trkpt lat="46.51096846633217" lon="9.780709445719912"><ele>2774.7</ele></trkpt><trkpt lat="46.51095946635209" lon="9.780683445742023"><ele>2774.6</ele></trkpt><trkpt lat="46.510925466431644" lon="9.78059044582971"><ele>2774.2</ele></trkpt><trkpt lat="46.51086546662979" lon="9.780457446042192"><ele>2773.2</ele></trkpt><trkpt lat="46.51080546704318" lon="9.780337446477354"><ele>2771.1</ele></trkpt><trkpt lat="46.51077046725994" lon="9.780283446704752"><ele>2770.0</ele></trkpt><trkpt lat="46.5107354674571" lon="9.780217446912603"><ele>2769.0</ele></trkpt><trkpt lat="46.510718467614254" lon="9.780164447078784"><ele>2768.2</ele></trkpt><trkpt lat="46.51069246779145" lon="9.780111447265375"><ele>2767.3</ele></trkpt><trkpt lat="46.510667467929345" lon="9.780044447412216"><ele>2766.6</ele></trkpt><trkpt lat="46.51065846804707" lon="9.780018447535914"><ele>2766.0</ele></trkpt><trkpt lat="46.510659468144674" lon="9.779979447640027"><ele>2765.5</ele></trkpt><trkpt lat="46.51067946843675" lon="9.779888447950501"><ele>2764.0</ele></trkpt><trkpt lat="46.51068046853427" lon="9.779849448054609"><ele>2763.5</ele></trkpt><trkpt lat="46.51065446888745" lon="9.779770448425744"><ele>2761.7</ele></trkpt><trkpt lat="46.510655468848014" lon="9.779718448388456"><ele>2761.9</ele></trkpt><trkpt lat="46.51061446914291" lon="9.779560448703885"><ele>2760.4</ele></trkpt><trkpt lat="46.51058846928075" lon="9.77948044885156"><ele>2759.7</ele></trkpt><trkpt lat="46.510563469496994" lon="9.77941444907959"><ele>2758.6</ele></trkpt><trkpt lat="46.51054646955621" lon="9.779335449145828"><ele>2758.3</ele></trkpt><trkpt lat="46.510521469693984" lon="9.77924344929426"><ele>2757.6</ele></trkpt><trkpt lat="46.51050546977259" lon="9.779138449382474"><ele>2757.2</ele></trkpt><trkpt lat="46.510473469890904" lon="9.778980449514915"><ele>2756.6</ele></trkpt><trkpt lat="46.510448469891735" lon="9.77888844952112"><ele>2756.6</ele></trkpt><trkpt lat="46.510422469873184" lon="9.778821449505395"><ele>2756.7</ele></trkpt><trkpt lat="46.51038846985481" lon="9.778703449493053"><ele>2756.8</ele></trkpt><trkpt lat="46.51037146983596" lon="9.7786634494755"><ele>2756.9</ele></trkpt><trkpt lat="46.51031946975996" lon="9.77858244940001"><ele>2757.3</ele></trkpt><trkpt lat="46.51029346972193" lon="9.778529449363075"><ele>2757.5</ele></trkpt><trkpt lat="46.510223469686004" lon="9.77844844932841"><ele>2757.7</ele></trkpt><trkpt lat="46.51019746964793" lon="9.778395449291473"><ele>2757.9</ele></trkpt><trkpt lat="46.5101624695908" lon="9.778341449234382"><ele>2758.2</ele></trkpt><trkpt lat="46.51013646959175" lon="9.778262449239756"><ele>2758.2</ele></trkpt><trkpt lat="46.510120469611884" lon="9.778209449263665"><ele>2758.1</ele></trkpt><trkpt lat="46.510112469631565" lon="9.77814344928832"><ele>2758.0</ele></trkpt><trkpt lat="46.51010446965115" lon="9.778065449313761"><ele>2757.9</ele></trkpt><trkpt lat="46.510075470218496" lon="9.77773844992429"><ele>2755.0</ele></trkpt><trkpt lat="46.51005747100012" lon="9.777320450763971"><ele>2751.0</ele></trkpt><trkpt lat="46.510060471331954" lon="9.777189451117694"><ele>2749.3</ele></trkpt><trkpt lat="46.51006147142949" lon="9.777137451222593"><ele>2748.8</ele></trkpt><trkpt lat="46.51004447160623" lon="9.777084451408994"><ele>2747.9</ele></trkpt><trkpt lat="46.51001847174414" lon="9.777018451555698"><ele>2747.2</ele></trkpt><trkpt lat="46.51001047184211" lon="9.776953451661532"><ele>2746.7</ele></trkpt><trkpt lat="46.50998547197989" lon="9.776860451809954"><ele>2746.0</ele></trkpt><trkpt lat="46.50997847203864" lon="9.776795451875143"><ele>2745.7</ele></trkpt><trkpt lat="46.50997047209745" lon="9.776729451940408"><ele>2745.4</ele></trkpt><trkpt lat="46.50994447213778" lon="9.776702451983038"><ele>2745.2</ele></trkpt><trkpt lat="46.50992747215799" lon="9.776649452006934"><ele>2745.1</ele></trkpt><trkpt lat="46.50992847219673" lon="9.776584452051726"><ele>2744.9</ele></trkpt><trkpt lat="46.509938472215545" lon="9.776532452075271"><ele>2744.8</ele></trkpt><trkpt lat="46.509939472234784" lon="9.776467452099746"><ele>2744.7</ele></trkpt><trkpt lat="46.509932472254384" lon="9.776402452124307"><ele>2744.6</ele></trkpt><trkpt lat="46.509906472275055" lon="9.776349452148297"><ele>2744.5</ele></trkpt><trkpt lat="46.509906472275055" lon="9.776349452148297"><ele>2744.5</ele></trkpt><trkpt lat="46.50986147229689" lon="9.776347452169212"><ele>2744.4</ele></trkpt><trkpt lat="46.50980747222128" lon="9.776331452089563"><ele>2744.8</ele></trkpt><trkpt lat="46.509762472164866" lon="9.77632945202923"><ele>2745.1</ele></trkpt><trkpt lat="46.50970047207007" lon="9.776301451930127"><ele>2745.6</ele></trkpt><trkpt lat="46.50964747203337" lon="9.776246451893597"><ele>2745.8</ele></trkpt><trkpt lat="46.5095864719969" lon="9.776139451860496"><ele>2746.0</ele></trkpt><trkpt lat="46.50954247197931" lon="9.776085451844123"><ele>2746.1</ele></trkpt><trkpt lat="46.50948947198175" lon="9.776031451848148"><ele>2746.1</ele></trkpt><trkpt lat="46.509437472003626" lon="9.775963451873373"><ele>2746.0</ele></trkpt><trkpt lat="46.50936747198712" lon="9.77585645186068"><ele>2746.1</ele></trkpt><trkpt lat="46.50929847197048" lon="9.775723451849645"><ele>2746.2</ele></trkpt><trkpt lat="46.50925547193314" lon="9.775630451815456"><ele>2746.4</ele></trkpt><trkpt lat="46.509221471836426" lon="9.775498451722756"><ele>2746.9</ele></trkpt><trkpt lat="46.50917247201393" lon="9.77527445192045"><ele>2746.0</ele></trkpt><trkpt lat="46.509138472328196" lon="9.775168452252544"><ele>2744.4</ele></trkpt><trkpt lat="46.509138472328196" lon="9.775168452252544"><ele>2744.4</ele></trkpt><trkpt lat="46.50913147256299" lon="9.775090452501317"><ele>2743.2</ele></trkpt><trkpt lat="46.50910547285737" lon="9.775011452811281"><ele>2741.7</ele></trkpt><trkpt lat="46.50907047315237" lon="9.774957453119725"><ele>2740.2</ele></trkpt><trkpt lat="46.50904547342729" lon="9.774904453407686"><ele>2738.8</ele></trkpt><trkpt lat="46.508965473939746" lon="9.7748484539401"><ele>2736.2</ele></trkpt><trkpt lat="46.50893847409748" lon="9.774821454104567"><ele>2735.4</ele></trkpt><trkpt lat="46.50893047423468" lon="9.774794454248529"><ele>2734.7</ele></trkpt><trkpt lat="46.508913474548216" lon="9.77471645457861"><ele>2733.1</ele></trkpt><trkpt lat="46.50888847494046" lon="9.774662454988453"><ele>2731.1</ele></trkpt><trkpt lat="46.50885347525503" lon="9.774609455317114"><ele>2729.5</ele></trkpt><trkpt lat="46.50881847570642" lon="9.774542455788804"><ele>2727.2</ele></trkpt><trkpt lat="46.50879247596189" lon="9.774502456055613"><ele>2725.9</ele></trkpt><trkpt lat="46.508765476237016" lon="9.774474456341967"><ele>2724.5</ele></trkpt><trkpt lat="46.50873047649289" lon="9.774434456608866"><ele>2723.2</ele></trkpt><trkpt lat="46.508704476728845" lon="9.774394456855354"><ele>2722.0</ele></trkpt><trkpt lat="46.508678476905914" lon="9.774340457041818"><ele>2721.1</ele></trkpt><trkpt lat="46.50866147712179" lon="9.77430145726784"><ele>2720.0</ele></trkpt><trkpt lat="46.5086354773576" lon="9.774247457515218"><ele>2718.8</ele></trkpt><trkpt lat="46.50860947747615" lon="9.774207457639868"><ele>2718.2</ele></trkpt><trkpt lat="46.50859147755514" lon="9.774180457722993"><ele>2717.8</ele></trkpt><trkpt lat="46.508574477634056" lon="9.774140457806936"><ele>2717.4</ele></trkpt><trkpt lat="46.5084944778726" lon="9.77408545805493"><ele>2716.2</ele></trkpt><trkpt lat="46.508450478089806" lon="9.774044458281349"><ele>2715.1</ele></trkpt><trkpt lat="46.508415478345654" lon="9.773990458549111"><ele>2713.8</ele></trkpt><trkpt lat="46.508389478483736" lon="9.77396345869323"><ele>2713.1</ele></trkpt><trkpt lat="46.50836347864143" lon="9.773936458857655"><ele>2712.3</ele></trkpt><trkpt lat="46.508372478797355" lon="9.773910459021648"><ele>2711.5</ele></trkpt><trkpt lat="46.50838147891423" lon="9.773897459144207"><ele>2710.9</ele></trkpt><trkpt lat="46.508408479069395" lon="9.773899459306238"><ele>2710.1</ele></trkpt><trkpt lat="46.50842747920528" lon="9.773873459449828"><ele>2709.4</ele></trkpt><trkpt lat="46.50842747936168" lon="9.773847459613908"><ele>2708.6</ele></trkpt><trkpt lat="46.50841947947929" lon="9.77382145973747"><ele>2708.0</ele></trkpt><trkpt lat="46.50836647981423" lon="9.773766460086682"><ele>2706.3</ele></trkpt><trkpt lat="46.50833148005063" lon="9.773726460333231"><ele>2705.1</ele></trkpt><trkpt lat="46.5082774804053" lon="9.773697460701102"><ele>2703.3</ele></trkpt><trkpt lat="46.50826948054252" lon="9.773671460844959"><ele>2702.6</ele></trkpt><trkpt lat="46.50827948067882" lon="9.77364546098863"><ele>2701.9</ele></trkpt><trkpt lat="46.50829748081479" lon="9.77363346113133"><ele>2701.2</ele></trkpt><trkpt lat="46.50830648097077" lon="9.773607461295313"><ele>2700.4</ele></trkpt><trkpt lat="46.508307481127105" lon="9.773581461459381"><ele>2699.6</ele></trkpt><trkpt lat="46.50828948128438" lon="9.773555461623644"><ele>2698.8</ele></trkpt><trkpt lat="46.50825448154032" lon="9.773527461889728"><ele>2697.5</ele></trkpt><trkpt lat="46.508174482267854" lon="9.773471462645327"><ele>2693.8</ele></trkpt><trkpt lat="46.50812148277892" lon="9.77344346317553"><ele>2691.2</ele></trkpt><trkpt lat="46.50808548309379" lon="9.773441463500893"><ele>2689.6</ele></trkpt><trkpt lat="46.50803148352668" lon="9.77341346394989"><ele>2687.4</ele></trkpt><trkpt lat="46.507942484196015" lon="9.773370464643827"><ele>2684.0</ele></trkpt><trkpt lat="46.50789748451119" lon="9.77335546497009"><ele>2682.4</ele></trkpt><trkpt lat="46.507853484865365" lon="9.773327465337758"><ele>2680.6</ele></trkpt><trkpt lat="46.50780948521952" lon="9.773299465705426"><ele>2678.8</ele></trkpt><trkpt lat="46.50770248604606" lon="9.773216466564458"><ele>2674.6</ele></trkpt><trkpt lat="46.50767648620371" lon="9.773189466728844"><ele>2673.8</ele></trkpt><trkpt lat="46.50765848628285" lon="9.773188466810298"><ele>2673.4</ele></trkpt><trkpt lat="46.50759548642278" lon="9.773173466954002"><ele>2672.7</ele></trkpt><trkpt lat="46.507578486501814" lon="9.773159467036264"><ele>2672.3</ele></trkpt><trkpt lat="46.507560486639534" lon="9.773132467180254"><ele>2671.6</ele></trkpt><trkpt lat="46.50753348675817" lon="9.773118467303226"><ele>2671.0</ele></trkpt><trkpt lat="46.50750748689629" lon="9.773091467447298"><ele>2670.3</ele></trkpt><trkpt lat="46.50744548709485" lon="9.773062467652775"><ele>2669.3</ele></trkpt><trkpt lat="46.507409487253014" lon="9.773047467816497"><ele>2668.5</ele></trkpt><trkpt lat="46.507365487450635" lon="9.773006468022533"><ele>2667.5</ele></trkpt><trkpt lat="46.50728548784559" lon="9.77296446843202"><ele>2665.5</ele></trkpt><trkpt lat="46.5072584880424" lon="9.772937468637004"><ele>2664.5</ele></trkpt><trkpt lat="46.50718748833915" lon="9.772907468944132"><ele>2663.0</ele></trkpt><trkpt lat="46.50708948873496" lon="9.772851469354663"><ele>2661.0</ele></trkpt><trkpt lat="46.50707248889216" lon="9.772811469519747"><ele>2660.2</ele></trkpt><trkpt lat="46.50704548904977" lon="9.772784469684114"><ele>2659.4</ele></trkpt><trkpt lat="46.50702848916789" lon="9.772757469807779"><ele>2658.8</ele></trkpt><trkpt lat="46.50700148926698" lon="9.772756469909627"><ele>2658.3</ele></trkpt><trkpt lat="46.50697548950279" lon="9.772690470157617"><ele>2657.1</ele></trkpt><trkpt lat="46.506958489542576" lon="9.77266347020007"><ele>2656.9</ele></trkpt><trkpt lat="46.50693148962207" lon="9.77264947028242"><ele>2656.5</ele></trkpt><trkpt lat="46.50687948983945" lon="9.772568470511303"><ele>2655.4</ele></trkpt><trkpt lat="46.50685349001658" lon="9.772528470696763"><ele>2654.5</ele></trkpt><trkpt lat="46.506809490272715" lon="9.772461470965284"><ele>2653.2</ele></trkpt><trkpt lat="46.5067824903913" lon="9.772434471089044"><ele>2652.6</ele></trkpt><trkpt lat="46.506711490668415" lon="9.772392471376582"><ele>2651.2</ele></trkpt><trkpt lat="46.50669449074732" lon="9.77235247146044"><ele>2650.8</ele></trkpt><trkpt lat="46.50669449074732" lon="9.77235247146044"><ele>2650.8</ele></trkpt><trkpt lat="46.506721490804615" lon="9.772340471521815"><ele>2650.5</ele></trkpt><trkpt lat="46.50674049082322" lon="9.772328471542664"><ele>2650.4</ele></trkpt><trkpt lat="46.50676849097804" lon="9.772264471708755"><ele>2649.6</ele></trkpt><trkpt lat="46.5067964910156" lon="9.772226471751425"><ele>2649.4</ele></trkpt><trkpt lat="46.506823491112" lon="9.772201471854203"><ele>2648.9</ele></trkpt><trkpt lat="46.50686049120788" lon="9.77217647195688"><ele>2648.4</ele></trkpt><trkpt lat="46.50689749128414" lon="9.772139472040005"><ele>2648.0</ele></trkpt><trkpt lat="46.50694249139911" lon="9.772102472163638"><ele>2647.4</ele></trkpt><trkpt lat="46.5070254918056" lon="9.772040472592947"><ele>2645.3</ele></trkpt><trkpt lat="46.507098492134254" lon="9.771978472941145"><ele>2643.6</ele></trkpt><trkpt lat="46.50715349232699" lon="9.771928473146684"><ele>2642.6</ele></trkpt><trkpt lat="46.50726249265388" lon="9.771855473495192"><ele>2640.9</ele></trkpt><trkpt lat="46.507299492847515" lon="9.771817473700164"><ele>2639.9</ele></trkpt><trkpt lat="46.50742749336891" lon="9.771706474253813"><ele>2637.2</ele></trkpt><trkpt lat="46.507455493426086" lon="9.771668474316769"><ele>2636.9</ele></trkpt><trkpt lat="46.50747349346433" lon="9.771669474357129"><ele>2636.7</ele></trkpt><trkpt lat="46.50750049352175" lon="9.771683474416895"><ele>2636.4</ele></trkpt><trkpt lat="46.507536493617884" lon="9.771697474517168"><ele>2635.9</ele></trkpt><trkpt lat="46.50757149373369" lon="9.771725474636883"><ele>2635.3</ele></trkpt><trkpt lat="46.50759849375194" lon="9.771739474656048"><ele>2635.2</ele></trkpt><trkpt lat="46.50762549377022" lon="9.771740474676012"><ele>2635.1</ele></trkpt><trkpt lat="46.507688493845336" lon="9.771730474757195"><ele>2634.7</ele></trkpt><trkpt lat="46.50771549390272" lon="9.771731474817754"><ele>2634.4</ele></trkpt><trkpt lat="46.507742493960116" lon="9.771732474878322"><ele>2634.1</ele></trkpt><trkpt lat="46.50776949405649" lon="9.77170747498109"><ele>2633.6</ele></trkpt><trkpt lat="46.507797494152726" lon="9.771669475084646"><ele>2633.1</ele></trkpt><trkpt lat="46.5078254941512" lon="9.771632475086644"><ele>2633.1</ele></trkpt><trkpt lat="46.50784349418937" lon="9.771606475128664"><ele>2632.9</ele></trkpt><trkpt lat="46.50785349422788" lon="9.771568475171504"><ele>2632.7</ele></trkpt><trkpt lat="46.50785449424723" lon="9.771529475194194"><ele>2632.6</ele></trkpt><trkpt lat="46.50784749416888" lon="9.771437475118733"><ele>2633.0</ele></trkpt><trkpt lat="46.507848494207785" lon="9.771398475161725"><ele>2632.8</ele></trkpt><trkpt lat="46.5078494942467" lon="9.771359475204713"><ele>2632.6</ele></trkpt><trkpt lat="46.507876494264856" lon="9.771334475226277"><ele>2632.5</ele></trkpt><trkpt lat="46.507904494322" lon="9.771296475289237"><ele>2632.2</ele></trkpt><trkpt lat="46.507977494513774" lon="9.771234475495305"><ele>2631.2</ele></trkpt><trkpt lat="46.50804349466654" lon="9.771107475664847"><ele>2630.4</ele></trkpt><trkpt lat="46.50807149476282" lon="9.771056475769198"><ele>2629.9</ele></trkpt><trkpt lat="46.5081544948755" lon="9.770929475897962"><ele>2629.3</ele></trkpt><trkpt lat="46.50818249493272" lon="9.770891475960907"><ele>2629.0</ele></trkpt><trkpt lat="46.508247495105294" lon="9.77081547614761"><ele>2628.1</ele></trkpt><trkpt lat="46.50829349523965" lon="9.770739476293901"><ele>2627.4</ele></trkpt><trkpt lat="46.50831249531685" lon="9.770701476377244"><ele>2627.0</ele></trkpt><trkpt lat="46.50833149533529" lon="9.770650476400482"><ele>2626.9</ele></trkpt><trkpt lat="46.50835949539249" lon="9.770625476462627"><ele>2626.6</ele></trkpt><trkpt lat="46.50838649544968" lon="9.77058747652558"><ele>2626.3</ele></trkpt><trkpt lat="46.50843249554517" lon="9.77056347662808"><ele>2625.8</ele></trkpt><trkpt lat="46.50845149564187" lon="9.770524476731772"><ele>2625.3</ele></trkpt><trkpt lat="46.5084694957583" lon="9.770499476854908"><ele>2624.7</ele></trkpt><trkpt lat="46.50849749583508" lon="9.770474476937354"><ele>2624.3</ele></trkpt><trkpt lat="46.508534495891574" lon="9.77038547700334"><ele>2624.0</ele></trkpt><trkpt lat="46.50855349596881" lon="9.770359477085927"><ele>2623.6</ele></trkpt><trkpt lat="46.50859049608423" lon="9.77032247720961"><ele>2623.0</ele></trkpt><trkpt lat="46.508627496258356" lon="9.770284477394236"><ele>2622.1</ele></trkpt><trkpt lat="46.508672496432176" lon="9.770260477577931"><ele>2621.2</ele></trkpt><trkpt lat="46.50870949656722" lon="9.770236477721108"><ele>2620.5</ele></trkpt><trkpt lat="46.50872749662498" lon="9.770224477782557"><ele>2620.2</ele></trkpt><trkpt lat="46.50875549672123" lon="9.770173477886882"><ele>2619.7</ele></trkpt><trkpt lat="46.508793496934196" lon="9.770083478115284"><ele>2618.6</ele></trkpt><trkpt lat="46.50884849722466" lon="9.770007478423828"><ele>2617.1</ele></trkpt><trkpt lat="46.50888549737927" lon="9.769983478587294"><ele>2616.3</ele></trkpt><trkpt lat="46.50891249747564" lon="9.769958478690032"><ele>2615.8</ele></trkpt><trkpt lat="46.50894949761076" lon="9.769933478833265"><ele>2615.1</ele></trkpt><trkpt lat="46.509004497783906" lon="9.769871479019171"><ele>2614.2</ele></trkpt><trkpt lat="46.50902349780228" lon="9.769806479043254"><ele>2614.1</ele></trkpt><trkpt lat="46.50905149780078" lon="9.7697684790453"><ele>2614.1</ele></trkpt><trkpt lat="46.50907949772099" lon="9.769730478966157"><ele>2614.5</ele></trkpt><trkpt lat="46.509089497700785" lon="9.769692478948091"><ele>2614.6</ele></trkpt><trkpt lat="46.509098497719734" lon="9.769653478970675"><ele>2614.5</ele></trkpt><trkpt lat="46.50909049773961" lon="9.76962747899264"><ele>2614.4</ele></trkpt><trkpt lat="46.50910049771926" lon="9.769575478975428"><ele>2614.5</ele></trkpt><trkpt lat="46.5091194976987" lon="9.769550478956472"><ele>2614.6</ele></trkpt><trkpt lat="46.5091194976987" lon="9.769550478956472"><ele>2614.6</ele></trkpt><trkpt lat="46.50913949765812" lon="9.769433478922837"><ele>2614.8</ele></trkpt><trkpt lat="46.509149497657496" lon="9.769407478924327"><ele>2614.8</ele></trkpt><trkpt lat="46.50915049753985" lon="9.769355478805727"><ele>2615.4</ele></trkpt><trkpt lat="46.50916849744108" lon="9.769343478704803"><ele>2615.9</ele></trkpt><trkpt lat="46.50918649740097" lon="9.769318478665564"><ele>2616.1</ele></trkpt><trkpt lat="46.509196497419964" lon="9.769292478687355"><ele>2616.0</ele></trkpt><trkpt lat="46.50919749730231" lon="9.769253478567963"><ele>2616.6</ele></trkpt><trkpt lat="46.50920649724303" lon="9.769214478509374"><ele>2616.9</ele></trkpt><trkpt lat="46.509207497282" lon="9.769188478551543"><ele>2616.7</ele></trkpt><trkpt lat="46.5092264973982" lon="9.769124478677037"><ele>2616.1</ele></trkpt><trkpt lat="46.50923649741717" lon="9.769098478698826"><ele>2616.0</ele></trkpt><trkpt lat="46.50924549741664" lon="9.769073478700262"><ele>2616.0</ele></trkpt><trkpt lat="46.50924649729903" lon="9.769034478580876"><ele>2616.6</ele></trkpt><trkpt lat="46.50923849718188" lon="9.76900747846084"><ele>2617.2</ele></trkpt><trkpt lat="46.50924749702483" lon="9.768982478299934"><ele>2618.0</ele></trkpt><trkpt lat="46.50924849692682" lon="9.768956478200042"><ele>2618.5</ele></trkpt><trkpt lat="46.509267496730054" lon="9.7689044780001"><ele>2619.5</ele></trkpt><trkpt lat="46.5092764966708" lon="9.768879477940658"><ele>2619.8</ele></trkpt><trkpt lat="46.50927749659239" lon="9.768853477861068"><ele>2620.2</ele></trkpt><trkpt lat="46.50927749649441" lon="9.768826477761253"><ele>2620.7</ele></trkpt><trkpt lat="46.5092694963773" lon="9.768800477641166"><ele>2621.3</ele></trkpt><trkpt lat="46.509233496242" lon="9.76878547750039"><ele>2622.0</ele></trkpt><trkpt lat="46.509234496163664" lon="9.768772477420008"><ele>2622.4</ele></trkpt><trkpt lat="46.509225496124856" lon="9.768746477381104"><ele>2622.6</ele></trkpt><trkpt lat="46.509234496065645" lon="9.768733477320934"><ele>2622.9</ele></trkpt><trkpt lat="46.50924449590855" lon="9.76870847716002"><ele>2623.7</ele></trkpt><trkpt lat="46.509262495770635" lon="9.768695477018584"><ele>2624.4</ele></trkpt><trkpt lat="46.50928049569148" lon="9.768683476937968"><ele>2624.8</ele></trkpt><trkpt lat="46.509336495551516" lon="9.768620476799217"><ele>2625.5</ele></trkpt><trkpt lat="46.5093634954327" lon="9.768596476678658"><ele>2626.1</ele></trkpt><trkpt lat="46.50938149539265" lon="9.768583476638696"><ele>2626.3</ele></trkpt><trkpt lat="46.509382495333725" lon="9.7685444765802"><ele>2626.6</ele></trkpt><trkpt lat="46.509383495313976" lon="9.768518476561493"><ele>2626.7</ele></trkpt><trkpt lat="46.50938349533345" lon="9.768492476583388"><ele>2626.6</ele></trkpt><trkpt lat="46.509402495332324" lon="9.76845447658553"><ele>2626.6</ele></trkpt><trkpt lat="46.50943049523291" lon="9.768390476487717"><ele>2627.1</ele></trkpt><trkpt lat="46.50944949517312" lon="9.768365476428187"><ele>2627.4</ele></trkpt><trkpt lat="46.509458495172616" lon="9.768339476429693"><ele>2627.4</ele></trkpt><trkpt lat="46.509477495073654" lon="9.768288476331172"><ele>2627.9</ele></trkpt><trkpt lat="46.50948749499486" lon="9.768275476250704"><ele>2628.3</ele></trkpt><trkpt lat="46.5094784948386" lon="9.768249476090055"><ele>2629.1</ele></trkpt><trkpt lat="46.50947049476065" lon="9.76822247601063"><ele>2629.5</ele></trkpt><trkpt lat="46.50947049470187" lon="9.768209475950547"><ele>2629.8</ele></trkpt><trkpt lat="46.5094804945839" lon="9.768183475830297"><ele>2630.4</ele></trkpt><trkpt lat="46.509498494406806" lon="9.768158475649022"><ele>2631.3</ele></trkpt><trkpt lat="46.50950849432796" lon="9.768133475569293"><ele>2631.7</ele></trkpt><trkpt lat="46.5095274941898" lon="9.768081475430263"><ele>2632.4</ele></trkpt><trkpt lat="46.50952849413083" lon="9.768029475372575"><ele>2632.7</ele></trkpt><trkpt lat="46.50954749391449" lon="9.767978475152315"><ele>2633.8</ele></trkpt><trkpt lat="46.509576493580035" lon="9.76788847481262"><ele>2635.5</ele></trkpt><trkpt lat="46.50958549348169" lon="9.767875474711872"><ele>2636.0</ele></trkpt><trkpt lat="46.509614493068966" lon="9.76778547429101"><ele>2638.1</ele></trkpt><trkpt lat="46.50962349295103" lon="9.767759474170782"><ele>2638.7</ele></trkpt><trkpt lat="46.50962449285312" lon="9.767746474070114"><ele>2639.2</ele></trkpt><trkpt lat="46.509633492813585" lon="9.767747474029383"><ele>2639.4</ele></trkpt><trkpt lat="46.50965149285177" lon="9.767735474070522"><ele>2639.2</ele></trkpt><trkpt lat="46.5096604928317" lon="9.767722474050949"><ele>2639.3</ele></trkpt><trkpt lat="46.50966049275333" lon="9.767709473970582"><ele>2639.7</ele></trkpt><trkpt lat="46.50962449261815" lon="9.767707473829034"><ele>2640.4</ele></trkpt><trkpt lat="46.509598492541045" lon="9.767693473748997"><ele>2640.8</ele></trkpt><trkpt lat="46.509589492482846" lon="9.767693473688217"><ele>2641.1</ele></trkpt><trkpt lat="46.50957149244453" lon="9.767679473648684"><ele>2641.3</ele></trkpt><trkpt lat="46.50957149234656" lon="9.767653473548835"><ele>2641.8</ele></trkpt><trkpt lat="46.509563492248944" lon="9.76761447344987"><ele>2642.3</ele></trkpt><trkpt lat="46.50957349220921" lon="9.767588473410793"><ele>2642.5</ele></trkpt><trkpt lat="46.509582492149995" lon="9.767562473351445"><ele>2642.8</ele></trkpt><trkpt lat="46.50958349213014" lon="9.767510473334353"><ele>2642.9</ele></trkpt><trkpt lat="46.50959349205131" lon="9.767497473253894"><ele>2643.3</ele></trkpt><trkpt lat="46.50960249197245" lon="9.76747247317419"><ele>2643.7</ele></trkpt><trkpt lat="46.50960349179613" lon="9.767420472994784"><ele>2644.6</ele></trkpt><trkpt lat="46.509613491736815" lon="9.767394472935418"><ele>2644.9</ele></trkpt><trkpt lat="46.509613491736815" lon="9.767394472935418"><ele>2644.9</ele></trkpt><trkpt lat="46.509631491638046" lon="9.767382472834527"><ele>2645.4</ele></trkpt><trkpt lat="46.509658491538836" lon="9.767370472733546"><ele>2645.9</ele></trkpt><trkpt lat="46.50967749145963" lon="9.767358472652939"><ele>2646.3</ele></trkpt><trkpt lat="46.50968649140038" lon="9.76734547259278"><ele>2646.6</ele></trkpt><trkpt lat="46.50969549130206" lon="9.767332472492047"><ele>2647.1</ele></trkpt><trkpt lat="46.50968749112627" lon="9.767306472311123"><ele>2648.0</ele></trkpt><trkpt lat="46.509669491009696" lon="9.767292472190434"><ele>2648.6</ele></trkpt><trkpt lat="46.50966049083394" lon="9.767266472009531"><ele>2649.5</ele></trkpt><trkpt lat="46.50964349071723" lon="9.767239471889635"><ele>2650.1</ele></trkpt><trkpt lat="46.5096254906202" lon="9.767225471789239"><ele>2650.6</ele></trkpt><trkpt lat="46.50960849042527" lon="9.767198471588182"><ele>2651.6</ele></trkpt><trkpt lat="46.50960949017068" lon="9.767159471326833"><ele>2652.9</ele></trkpt><trkpt lat="46.50960048991662" lon="9.76713347106477"><ele>2654.2</ele></trkpt><trkpt lat="46.50958248976094" lon="9.76711947090351"><ele>2655.0</ele></trkpt><trkpt lat="46.50955648964468" lon="9.767092470783712"><ele>2655.6</ele></trkpt><trkpt lat="46.50952148923526" lon="9.767038470361351"><ele>2657.7</ele></trkpt><trkpt lat="46.50951348905952" lon="9.76701247018045"><ele>2658.6</ele></trkpt><trkpt lat="46.50951348890281" lon="9.766986470019749"><ele>2659.4</ele></trkpt><trkpt lat="46.50951448876577" lon="9.766960469879335"><ele>2660.1</ele></trkpt><trkpt lat="46.50953348851012" lon="9.766895469619426"><ele>2661.4</ele></trkpt><trkpt lat="46.50954348839208" lon="9.76687046949915"><ele>2662.0</ele></trkpt><trkpt lat="46.509543488294184" lon="9.766844469399327"><ele>2662.5</ele></trkpt><trkpt lat="46.50954448829388" lon="9.766792469402555"><ele>2662.5</ele></trkpt><trkpt lat="46.50956648799856" lon="9.766623469108534"><ele>2664.0</ele></trkpt><trkpt lat="46.50957848725369" lon="9.76645446834801"><ele>2667.8</ele></trkpt><trkpt lat="46.50959948680202" lon="9.766312467890046"><ele>2670.1</ele></trkpt><trkpt lat="46.50964948607447" lon="9.76606646715429"><ele>2673.8</ele></trkpt><trkpt lat="46.509691484564584" lon="9.765794465608836"><ele>2681.5</ele></trkpt><trkpt lat="46.50972148379922" lon="9.765626464827925"><ele>2685.4</ele></trkpt><trkpt lat="46.50972748295631" lon="9.765339463973636"><ele>2689.7</ele></trkpt><trkpt lat="46.50972748295631" lon="9.765339463973636"><ele>2689.7</ele></trkpt><trkpt lat="46.509727482858366" lon="9.765313463873849"><ele>2690.2</ele></trkpt><trkpt lat="46.509737482740235" lon="9.765262463755246"><ele>2690.8</ele></trkpt><trkpt lat="46.50973848262266" lon="9.765236463635166"><ele>2691.4</ele></trkpt><trkpt lat="46.50974848252421" lon="9.76521046353528"><ele>2691.9</ele></trkpt><trkpt lat="46.509739482426724" lon="9.765184463435585"><ele>2692.4</ele></trkpt><trkpt lat="46.50973148232909" lon="9.765144463336764"><ele>2692.9</ele></trkpt><trkpt lat="46.50974948213241" lon="9.765119463135308"><ele>2693.9</ele></trkpt><trkpt lat="46.509768482013946" lon="9.765094463014977"><ele>2694.5</ele></trkpt><trkpt lat="46.50979548189527" lon="9.765095462892933"><ele>2695.1</ele></trkpt><trkpt lat="46.509804481777294" lon="9.765082462771954"><ele>2695.7</ele></trkpt><trkpt lat="46.5098064814443" lon="9.765017462431194"><ele>2697.4</ele></trkpt><trkpt lat="46.509815481267616" lon="9.764991462250187"><ele>2698.3</ele></trkpt><trkpt lat="46.509817480914954" lon="9.764913461889979"><ele>2700.1</ele></trkpt><trkpt lat="46.509817480738754" lon="9.764887461709069"><ele>2701.0</ele></trkpt><trkpt lat="46.509809480621584" lon="9.76484846158991"><ele>2701.6</ele></trkpt><trkpt lat="46.50982748050316" lon="9.764835461468842"><ele>2702.2</ele></trkpt><trkpt lat="46.50984648034563" lon="9.764810461307958"><ele>2703.0</ele></trkpt><trkpt lat="46.50986448014893" lon="9.764785461106516"><ele>2704.0</ele></trkpt><trkpt lat="46.50987448001134" lon="9.764759460966074"><ele>2704.7</ele></trkpt><trkpt lat="46.5098744798938" lon="9.764733460846015"><ele>2705.3</ele></trkpt><trkpt lat="46.509884479736634" lon="9.764708460685224"><ele>2706.1</ele></trkpt><trkpt lat="46.50989447954031" lon="9.76466946048476"><ele>2707.1</ele></trkpt><trkpt lat="46.509904479363534" lon="9.764617460305397"><ele>2708.0</ele></trkpt><trkpt lat="46.50989547924643" lon="9.764591460185441"><ele>2708.6</ele></trkpt><trkpt lat="46.509905479147946" lon="9.764565460085569"><ele>2709.1</ele></trkpt><trkpt lat="46.50993347869629" lon="9.764514459622003"><ele>2711.4</ele></trkpt><trkpt lat="46.509943478480395" lon="9.764475459401257"><ele>2712.5</ele></trkpt><trkpt lat="46.50994347836285" lon="9.764449459281213"><ele>2713.1</ele></trkpt><trkpt lat="46.50995347816655" lon="9.764424459079864"><ele>2714.1</ele></trkpt><trkpt lat="46.509962478009484" lon="9.764398458919164"><ele>2714.9</ele></trkpt><trkpt lat="46.509972477773985" lon="9.764359458678143"><ele>2716.1</ele></trkpt><trkpt lat="46.509982477401465" lon="9.764308458295917"><ele>2718.0</ele></trkpt><trkpt lat="46.510001476911036" lon="9.764243457792793"><ele>2720.5</ele></trkpt><trkpt lat="46.510002476695526" lon="9.764204457572157"><ele>2721.6</ele></trkpt><trkpt lat="46.51001247651881" lon="9.764166457391934"><ele>2722.5</ele></trkpt><trkpt lat="46.51001347634247" lon="9.764126457211937"><ele>2723.4</ele></trkpt><trkpt lat="46.510014476126926" lon="9.764074456992136"><ele>2724.5</ele></trkpt><trkpt lat="46.510023475911126" lon="9.764049456770534"><ele>2725.6</ele></trkpt><trkpt lat="46.51003347565607" lon="9.76401045650926"><ele>2726.9</ele></trkpt><trkpt lat="46.51004347538149" lon="9.7639714562277"><ele>2728.3</ele></trkpt><trkpt lat="46.51005347512636" lon="9.76392045596719"><ele>2729.6</ele></trkpt><trkpt lat="46.51004547508751" lon="9.763893455928438"><ele>2729.8</ele></trkpt><trkpt lat="46.510045475009015" lon="9.763854455849803"><ele>2730.2</ele></trkpt><trkpt lat="46.51004647487186" lon="9.76381545571031"><ele>2730.9</ele></trkpt><trkpt lat="46.51005647463642" lon="9.763789455468498"><ele>2732.1</ele></trkpt><trkpt lat="46.51006547449884" lon="9.76376445532803"><ele>2732.8</ele></trkpt><trkpt lat="46.51005747444032" lon="9.76371145527066"><ele>2733.1</ele></trkpt><trkpt lat="46.51003147448055" lon="9.763658455314888"><ele>2732.9</ele></trkpt><trkpt lat="46.510032474441246" lon="9.763632455275978"><ele>2733.1</ele></trkpt><trkpt lat="46.510024474363206" lon="9.763593455197434"><ele>2733.5</ele></trkpt><trkpt lat="46.51003347432349" lon="9.763567455158439"><ele>2733.7</ele></trkpt><trkpt lat="46.51004347420534" lon="9.76351545503998"><ele>2734.3</ele></trkpt><trkpt lat="46.510044474087785" lon="9.763489454919949"><ele>2734.9</ele></trkpt><trkpt lat="46.51004547391145" lon="9.76345045473991"><ele>2735.8</ele></trkpt><trkpt lat="46.51003747379422" lon="9.763398454621642"><ele>2736.4</ele></trkpt><trkpt lat="46.510028473716254" lon="9.76337145454235"><ele>2736.8</ele></trkpt><trkpt lat="46.50999347344386" lon="9.763317454262248"><ele>2738.2</ele></trkpt><trkpt lat="46.50999347344386" lon="9.763317454262248"><ele>2738.2</ele></trkpt><trkpt lat="46.510003473227904" lon="9.763279454041498"><ele>2739.3</ele></trkpt><trkpt lat="46.5100134731099" lon="9.763253453921385"><ele>2739.9</ele></trkpt><trkpt lat="46.509996473090865" lon="9.763174453906348"><ele>2740.0</ele></trkpt><trkpt lat="46.509988472914834" lon="9.763122453727252"><ele>2740.9</ele></trkpt><trkpt lat="46.50998947279725" lon="9.763083453608065"><ele>2741.5</ele></trkpt><trkpt lat="46.509999472757436" lon="9.763031453570743"><ele>2741.7</ele></trkpt><trkpt lat="46.510000472639675" lon="9.762979453452393"><ele>2742.3</ele></trkpt><trkpt lat="46.51000247260018" lon="9.76291445341598"><ele>2742.5</ele></trkpt><trkpt lat="46.50999447263942" lon="9.762848453460863"><ele>2742.3</ele></trkpt><trkpt lat="46.509987472345884" lon="9.762770453161766"><ele>2743.8</ele></trkpt><trkpt lat="46.50997047213131" lon="9.76271745294228"><ele>2744.9</ele></trkpt><trkpt lat="46.509961471975025" lon="9.762677452782714"><ele>2745.7</ele></trkpt><trkpt lat="46.509944471799535" lon="9.762625452603732"><ele>2746.6</ele></trkpt><trkpt lat="46.50991047168353" lon="9.762558452486724"><ele>2747.2</ele></trkpt><trkpt lat="46.50990247152725" lon="9.762518452327157"><ele>2748.0</ele></trkpt><trkpt lat="46.50990347135079" lon="9.762466452147986"><ele>2748.9</ele></trkpt><trkpt lat="46.50991347119353" lon="9.762415451988945"><ele>2749.7</ele></trkpt><trkpt lat="46.509896470959426" lon="9.762362451749203"><ele>2750.9</ele></trkpt><trkpt lat="46.50989747068498" lon="9.76228445147033"><ele>2752.3</ele></trkpt><trkpt lat="46.50988947054832" lon="9.76224445133105"><ele>2753.0</ele></trkpt><trkpt lat="46.50986347031465" lon="9.762204451090568"><ele>2754.2</ele></trkpt><trkpt lat="46.50980146976966" lon="9.762149450527009"><ele>2757.0</ele></trkpt><trkpt lat="46.50976546953669" lon="9.762148450284128"><ele>2758.2</ele></trkpt><trkpt lat="46.50973946938139" lon="9.762133450123155"><ele>2759.0</ele></trkpt><trkpt lat="46.50970346914833" lon="9.762106449881953"><ele>2760.2</ele></trkpt><trkpt lat="46.50963246883863" lon="9.762051449561827"><ele>2761.8</ele></trkpt><trkpt lat="46.50959746880109" lon="9.762010449524295"><ele>2762.0</ele></trkpt><trkpt lat="46.50954346892118" lon="9.761995449647493"><ele>2761.4</ele></trkpt><trkpt lat="46.509517468941965" lon="9.761967449669854"><ele>2761.3</ele></trkpt><trkpt lat="46.50945646869033" lon="9.761887449412075"><ele>2762.6</ele></trkpt><trkpt lat="46.50938546841965" lon="9.761805449134265"><ele>2764.0</ele></trkpt><trkpt lat="46.50935946824465" lon="9.761752448955487"><ele>2764.9</ele></trkpt><trkpt lat="46.509298467738596" lon="9.761658448435044"><ele>2767.5</ele></trkpt><trkpt lat="46.50927246740708" lon="9.76160544809407"><ele>2769.2</ele></trkpt><trkpt lat="46.509246467114764" lon="9.761565447792808"><ele>2770.7</ele></trkpt><trkpt lat="46.5092204667638" lon="9.761538447429874"><ele>2772.5</ele></trkpt><trkpt lat="46.50915046520152" lon="9.761417445816468"><ele>2780.5</ele></trkpt><trkpt lat="46.50914246486913" lon="9.761378445474419"><ele>2782.2</ele></trkpt><trkpt lat="46.50913546453653" lon="9.76129944513497"><ele>2783.9</ele></trkpt><trkpt lat="46.5091274645758" lon="9.761247445178993"><ele>2783.7</ele></trkpt><trkpt lat="46.50911046451772" lon="9.761181445122649"><ele>2784.0</ele></trkpt><trkpt lat="46.50909346447912" lon="9.761115445086585"><ele>2784.2</ele></trkpt><trkpt lat="46.509058464363285" lon="9.761061444968835"><ele>2784.8</ele></trkpt><trkpt lat="46.50902446426698" lon="9.761008444871276"><ele>2785.3</ele></trkpt><trkpt lat="46.50898846419044" lon="9.760980444792391"><ele>2785.7</ele></trkpt><trkpt lat="46.50889946419479" lon="9.76092444479699"><ele>2785.7</ele></trkpt><trkpt lat="46.508873464254556" lon="9.760871444861547"><ele>2785.4</ele></trkpt><trkpt lat="46.508848464235996" lon="9.760805444845841"><ele>2785.5</ele></trkpt><trkpt lat="46.50883146421704" lon="9.760752444829206"><ele>2785.6</ele></trkpt><trkpt lat="46.50878946408167" lon="9.760620444696352"><ele>2786.3</ele></trkpt><trkpt lat="46.5087724639844" lon="9.760554444599473"><ele>2786.8</ele></trkpt><trkpt lat="46.5087724639844" lon="9.760554444599473"><ele>2786.8</ele></trkpt><trkpt lat="46.5087564637304" lon="9.760449444342955"><ele>2788.1</ele></trkpt><trkpt lat="46.50873146347695" lon="9.760370444084836"><ele>2789.4</ele></trkpt><trkpt lat="46.50873146335936" lon="9.760331443965748"><ele>2790.0</ele></trkpt><trkpt lat="46.50874146320217" lon="9.760292443806012"><ele>2790.8</ele></trkpt><trkpt lat="46.5087424630258" lon="9.760253443626102"><ele>2791.7</ele></trkpt><trkpt lat="46.508726462674126" lon="9.760174443266546"><ele>2793.5</ele></trkpt><trkpt lat="46.50872646247831" lon="9.760135443066376"><ele>2794.5</ele></trkpt><trkpt lat="46.50871846224375" lon="9.760095442825822"><ele>2795.7</ele></trkpt><trkpt lat="46.50870246191168" lon="9.7600294424857"><ele>2797.4</ele></trkpt><trkpt lat="46.50869346179471" lon="9.760029442364166"><ele>2798.0</ele></trkpt><trkpt lat="46.508674461619655" lon="9.76004144218114"><ele>2798.9</ele></trkpt><trkpt lat="46.50863846134768" lon="9.760053441896936"><ele>2800.3</ele></trkpt><trkpt lat="46.50861146101645" lon="9.76003944155353"><ele>2802.0</ele></trkpt><trkpt lat="46.50858446078324" lon="9.760077441308066"><ele>2803.2</ele></trkpt><trkpt lat="46.50858446060695" lon="9.760037441128251"><ele>2804.1</ele></trkpt><trkpt lat="46.5085764604507" lon="9.760011440967869"><ele>2804.9</ele></trkpt><trkpt lat="46.508513459945455" lon="9.760034440439984"><ele>2807.5</ele></trkpt><trkpt lat="46.50849745910437" lon="9.759903439577114"><ele>2811.8</ele></trkpt><trkpt lat="46.50849845883026" lon="9.759864439295878"><ele>2813.2</ele></trkpt><trkpt lat="46.50850845847731" lon="9.759813438934259"><ele>2815.0</ele></trkpt><trkpt lat="46.50854645741846" lon="9.75973643784431"><ele>2820.4</ele></trkpt><trkpt lat="46.508546457183506" lon="9.759697437603643"><ele>2821.6</ele></trkpt><trkpt lat="46.50852945692994" lon="9.759670437342098"><ele>2822.9</ele></trkpt><trkpt lat="46.50852145673449" lon="9.759618437142919"><ele>2823.9</ele></trkpt><trkpt lat="46.508513456636756" lon="9.759552437046015"><ele>2824.4</ele></trkpt><trkpt lat="46.50856945688777" lon="9.75946343731481"><ele>2823.1</ele></trkpt><trkpt lat="46.508615457080744" lon="9.75941343752032"><ele>2822.1</ele></trkpt><trkpt lat="46.50866845707823" lon="9.75946843751611"><ele>2822.1</ele></trkpt><trkpt lat="46.50869545664643" lon="9.759469437069816"><ele>2824.3</ele></trkpt><trkpt lat="46.508705456449995" lon="9.759430436869588"><ele>2825.3</ele></trkpt><trkpt lat="46.50877845576132" lon="9.759394436161738"><ele>2828.8</ele></trkpt><trkpt lat="46.50882245525034" lon="9.759409435633255"><ele>2831.4</ele></trkpt><trkpt lat="46.50887645495412" lon="9.75942443532763"><ele>2832.9</ele></trkpt><trkpt lat="46.50888545481664" lon="9.759412435186443"><ele>2833.6</ele></trkpt><trkpt lat="46.50889445473791" lon="9.759412435105261"><ele>2834.0</ele></trkpt><trkpt lat="46.50888545462091" lon="9.759399434984605"><ele>2834.6</ele></trkpt><trkpt lat="46.50888645450338" lon="9.759373434864703"><ele>2835.2</ele></trkpt><trkpt lat="46.50890545424788" lon="9.759347434602716"><ele>2836.5</ele></trkpt><trkpt lat="46.50890545411089" lon="9.759334434461692"><ele>2837.2</ele></trkpt><trkpt lat="46.50891445401252" lon="9.759322434361042"><ele>2837.7</ele></trkpt><trkpt lat="46.50892345389466" lon="9.759322434239332"><ele>2838.3</ele></trkpt><trkpt lat="46.50892345379675" lon="9.759309434138844"><ele>2838.8</ele></trkpt><trkpt lat="46.50893345369832" lon="9.759296434038255"><ele>2839.3</ele></trkpt><trkpt lat="46.508951453599565" lon="9.759297433936643"><ele>2839.8</ele></trkpt><trkpt lat="46.50895045352144" lon="9.759310433854713"><ele>2840.2</ele></trkpt><trkpt lat="46.50896845346179" lon="9.759311433793641"><ele>2840.5</ele></trkpt><trkpt lat="46.50898645330434" lon="9.759312433631226"><ele>2841.3</ele></trkpt><trkpt lat="46.50900445320555" lon="9.759312433529683"><ele>2841.8</ele></trkpt><trkpt lat="46.50901345306814" lon="9.759313433387629"><ele>2842.5</ele></trkpt><trkpt lat="46.509031452851914" lon="9.759301433165268"><ele>2843.6</ele></trkpt><trkpt lat="46.509049452811844" lon="9.759301433124538"><ele>2843.8</ele></trkpt><trkpt lat="46.509058452713596" lon="9.759315433022156"><ele>2844.3</ele></trkpt><trkpt lat="46.5090674526544" lon="9.759315432961252"><ele>2844.6</ele></trkpt><trkpt lat="46.50906745255655" lon="9.759302432860764"><ele>2845.1</ele></trkpt><trkpt lat="46.50908645241852" lon="9.759290432719474"><ele>2845.8</ele></trkpt><trkpt lat="46.50910445214362" lon="9.759278432436306"><ele>2847.2</ele></trkpt><trkpt lat="46.50911345206476" lon="9.759265432355999"><ele>2847.6</ele></trkpt><trkpt lat="46.50911445182978" lon="9.759226432115357"><ele>2848.8</ele></trkpt><trkpt lat="46.50911545153596" lon="9.75917443181478"><ele>2850.3</ele></trkpt><trkpt lat="46.50912545139839" lon="9.759148431674518"><ele>2851.0</ele></trkpt><trkpt lat="46.5091524510642" lon="9.759123431331316"><ele>2852.7</ele></trkpt><trkpt lat="46.509171450789076" lon="9.759085431049883"><ele>2854.1</ele></trkpt><trkpt lat="46.50918945057282" lon="9.759060430828399"><ele>2855.2</ele></trkpt><trkpt lat="46.509199450278516" lon="9.759008430527738"><ele>2856.7</ele></trkpt><trkpt lat="46.509201449808565" lon="9.758956430044742"><ele>2859.1</ele></trkpt><trkpt lat="46.50921944949443" lon="9.758918429722797"><ele>2860.7</ele></trkpt><trkpt lat="46.50923844918024" lon="9.758892429400037"><ele>2862.3</ele></trkpt><trkpt lat="46.5092654487678" lon="9.758867428975774"><ele>2864.4</ele></trkpt><trkpt lat="46.5092844482579" lon="9.758829428451138"><ele>2867.0</ele></trkpt><trkpt lat="46.50930444815866" lon="9.758752428354756"><ele>2867.5</ele></trkpt><trkpt lat="46.50933344790232" lon="9.758662428096997"><ele>2868.8</ele></trkpt><trkpt lat="46.50939744750719" lon="9.758573427696918"><ele>2870.8</ele></trkpt><trkpt lat="46.509425447329434" lon="9.758535427516762"><ele>2871.7</ele></trkpt><trkpt lat="46.50945244683879" lon="9.758524427010515"><ele>2874.2</ele></trkpt><trkpt lat="46.50947144652458" lon="9.75849842668777"><ele>2875.8</ele></trkpt><trkpt lat="46.50949944619029" lon="9.75846042634548"><ele>2877.5</ele></trkpt><trkpt lat="46.509563445325576" lon="9.758385425458064"><ele>2881.9</ele></trkpt><trkpt lat="46.5096184451464" lon="9.758348425277555"><ele>2882.8</ele></trkpt><trkpt lat="46.50968144526036" lon="9.75833842539914"><ele>2882.2</ele></trkpt><trkpt lat="46.50970944467161" lon="9.75828742479426"><ele>2885.2</ele></trkpt><trkpt lat="46.50971144404499" lon="9.758209424150966"><ele>2888.4</ele></trkpt><trkpt lat="46.509730443495805" lon="9.75814442358769"><ele>2891.2</ele></trkpt><trkpt lat="46.509750443044304" lon="9.75806742312655"><ele>2893.5</ele></trkpt><trkpt lat="46.509769442690796" lon="9.75800342276588"><ele>2895.3</ele></trkpt><trkpt lat="46.50978844229819" lon="9.757951422363876"><ele>2897.3</ele></trkpt><trkpt lat="46.50978844229819" lon="9.757951422363876"><ele>2897.3</ele></trkpt><trkpt lat="46.509798442180106" lon="9.757926422243862"><ele>2897.9</ele></trkpt><trkpt lat="46.509799441240666" lon="9.757874421274611"><ele>2902.7</ele></trkpt><trkpt lat="46.50979944082961" lon="9.757848420850793"><ele>2904.8</ele></trkpt><trkpt lat="46.509838439946314" lon="9.757706419948068"><ele>2909.3</ele></trkpt><trkpt lat="46.50983943961336" lon="9.757654419607087"><ele>2911.0</ele></trkpt><trkpt lat="46.50984043971103" lon="9.757628419710176"><ele>2910.5</ele></trkpt><trkpt lat="46.50983243906545" lon="9.757562419046009"><ele>2913.8</ele></trkpt><trkpt lat="46.50982443830245" lon="9.757497418260199"><ele>2917.7</ele></trkpt><trkpt lat="46.509816437950455" lon="9.75745741789825"><ele>2919.5</ele></trkpt><trkpt lat="46.50981743783286" lon="9.757431417778427"><ele>2920.1</ele></trkpt><trkpt lat="46.50982843738175" lon="9.757327417319335"><ele>2922.4</ele></trkpt><trkpt lat="46.509857436420816" lon="9.757211416334"><ele>2927.3</ele></trkpt><trkpt lat="46.50993443561314" lon="9.756954415519953"><ele>2931.4</ele></trkpt><trkpt lat="46.51006543476357" lon="9.756738414662001"><ele>2935.7</ele></trkpt><trkpt lat="46.51012043442771" lon="9.756688414320353"><ele>2937.4</ele></trkpt><trkpt lat="46.510148434445505" lon="9.756637414343812"><ele>2937.3</ele></trkpt><trkpt lat="46.51016743448324" lon="9.756560414389424"><ele>2937.1</ele></trkpt><trkpt lat="46.51018943318965" lon="9.756365413065277"><ele>2943.7</ele></trkpt><trkpt lat="46.510210432307346" lon="9.756249412161244"><ele>2948.2</ele></trkpt><trkpt lat="46.51034643094934" lon="9.75616341076759"><ele>2955.1</ele></trkpt><trkpt lat="46.510384430555646" lon="9.75611341036539"><ele>2957.1</ele></trkpt><trkpt lat="46.51042143025977" lon="9.756049410065478"><ele>2958.6</ele></trkpt><trkpt lat="46.5104404299258" lon="9.755998409724358"><ele>2960.3</ele></trkpt><trkpt lat="46.51046842963052" lon="9.755947409423657"><ele>2961.8</ele></trkpt><trkpt lat="46.51047842949269" lon="9.755882409286231"><ele>2962.5</ele></trkpt><trkpt lat="46.510462429395425" lon="9.75581640918969"><ele>2963.0</ele></trkpt><trkpt lat="46.510445429219935" lon="9.75576440901114"><ele>2963.9</ele></trkpt><trkpt lat="46.51042842908354" lon="9.755685408874992"><ele>2964.6</ele></trkpt><trkpt lat="46.51043942882803" lon="9.75558140861871"><ele>2965.9</ele></trkpt><trkpt lat="46.51044142863191" lon="9.755516408420599"><ele>2966.9</ele></trkpt><trkpt lat="46.51044242872943" lon="9.755464408525503"><ele>2966.4</ele></trkpt><trkpt lat="46.51044242872937" lon="9.755451408526405"><ele>2966.4</ele></trkpt><trkpt lat="46.51044242872937" lon="9.755451408526405"><ele>2966.4</ele></trkpt><trkpt lat="46.51043542888588" lon="9.755372408694058"><ele>2965.6</ele></trkpt><trkpt lat="46.51043542888588" lon="9.755372408694058"><ele>2965.6</ele></trkpt><trkpt lat="46.51045442911945" lon="9.755321408940507"><ele>2964.4</ele></trkpt><trkpt lat="46.51047242935305" lon="9.75528240918613"><ele>2963.2</ele></trkpt><trkpt lat="46.510482429567716" lon="9.755270409409707"><ele>2962.1</ele></trkpt><trkpt lat="46.51052742976074" lon="9.755233409614364"><ele>2961.1</ele></trkpt><trkpt lat="46.510546429876946" lon="9.755207409737512"><ele>2960.5</ele></trkpt><trkpt lat="46.51056543018883" lon="9.755169410064084"><ele>2958.9</ele></trkpt><trkpt lat="46.51059443071495" lon="9.755040410619706"><ele>2956.2</ele></trkpt><trkpt lat="46.51057743093108" lon="9.755026410843715"><ele>2955.1</ele></trkpt><trkpt lat="46.51055943104947" lon="9.755025410965546"><ele>2954.5</ele></trkpt><trkpt lat="46.51055943128405" lon="9.754986411211354"><ele>2953.3</ele></trkpt><trkpt lat="46.510534431754856" lon="9.754933411701519"><ele>2950.9</ele></trkpt><trkpt lat="46.5105434319108" lon="9.754907411865288"><ele>2950.1</ele></trkpt><trkpt lat="46.51053543214589" lon="9.754881412110281"><ele>2948.9</ele></trkpt><trkpt lat="46.5105274325179" lon="9.75482941249888"><ele>2947.0</ele></trkpt><trkpt lat="46.51051043290998" lon="9.754789412907012"><ele>2945.0</ele></trkpt><trkpt lat="46.51050143318424" lon="9.754749413193492"><ele>2943.6</ele></trkpt><trkpt lat="46.510476433967895" lon="9.754657414010454"><ele>2939.6</ele></trkpt><trkpt lat="46.51046843439862" lon="9.754617414458984"><ele>2937.4</ele></trkpt><trkpt lat="46.51045143479075" lon="9.754578414867025"><ele>2935.4</ele></trkpt><trkpt lat="46.510434435163276" lon="9.754538415254872"><ele>2933.5</ele></trkpt><trkpt lat="46.51039043590891" lon="9.754471416029771"><ele>2929.7</ele></trkpt><trkpt lat="46.51037343632056" lon="9.754431416458127"><ele>2927.6</ele></trkpt><trkpt lat="46.51035643688865" lon="9.754365417050316"><ele>2924.7</ele></trkpt><trkpt lat="46.51034043751539" lon="9.754299417703269"><ele>2921.5</ele></trkpt><trkpt lat="46.51032343820086" lon="9.754233418416984"><ele>2918.0</ele></trkpt><trkpt lat="46.5103244385724" lon="9.754181418805418"><ele>2916.1</ele></trkpt><trkpt lat="46.5103084392382" lon="9.754102419499738"><ele>2912.7</ele></trkpt><trkpt lat="46.51027444031559" lon="9.753957420624143"><ele>2907.2</ele></trkpt><trkpt lat="46.51027744101931" lon="9.753840421361314"><ele>2903.6</ele></trkpt><trkpt lat="46.510287441233814" lon="9.753802421586611"><ele>2902.5</ele></trkpt><trkpt lat="46.51027844146902" lon="9.753775421831627"><ele>2901.3</ele></trkpt><trkpt lat="46.51026144184157" lon="9.75374842221852"><ele>2899.4</ele></trkpt><trkpt lat="46.5102524421551" lon="9.753735422543606"><ele>2897.8</ele></trkpt><trkpt lat="46.510235442292874" lon="9.753708422687422"><ele>2897.1</ele></trkpt><trkpt lat="46.5102354424884" lon="9.753682422891748"><ele>2896.1</ele></trkpt><trkpt lat="46.510245442624694" lon="9.753643423036078"><ele>2895.4</ele></trkpt><trkpt lat="46.5102644427996" lon="9.753605423220753"><ele>2894.5</ele></trkpt><trkpt lat="46.51024644301573" lon="9.753591423444714"><ele>2893.4</ele></trkpt><trkpt lat="46.51023744311403" lon="9.753578423546974"><ele>2892.9</ele></trkpt><trkpt lat="46.51021044327199" lon="9.753577423709391"><ele>2892.1</ele></trkpt><trkpt lat="46.510211443506584" lon="9.753538423955096"><ele>2890.9</ele></trkpt><trkpt lat="46.5102124437998" lon="9.753486424262443"><ele>2889.4</ele></trkpt><trkpt lat="46.510222443994714" lon="9.753434424468411"><ele>2888.4</ele></trkpt><trkpt lat="46.51023244413087" lon="9.753382424613607"><ele>2887.7</ele></trkpt><trkpt lat="46.5102244443659" lon="9.75333042486028"><ele>2886.5</ele></trkpt><trkpt lat="46.510208444757815" lon="9.753264425270029"><ele>2884.5</ele></trkpt><trkpt lat="46.510191445208434" lon="9.753185425741421"><ele>2882.2</ele></trkpt><trkpt lat="46.510191445208434" lon="9.753185425741421"><ele>2882.2</ele></trkpt><trkpt lat="46.51018344540427" lon="9.75314542594676"><ele>2881.2</ele></trkpt><trkpt lat="46.510166445698566" lon="9.753106426253407"><ele>2879.7</ele></trkpt><trkpt lat="46.51014844579726" lon="9.753079426356699"><ele>2879.2</ele></trkpt><trkpt lat="46.510131445935095" lon="9.753065426499614"><ele>2878.5</ele></trkpt><trkpt lat="46.51014044601279" lon="9.75305242658141"><ele>2878.1</ele></trkpt><trkpt lat="46.51017644622604" lon="9.753028426805438"><ele>2877.0</ele></trkpt><trkpt lat="46.51020444640056" lon="9.753003426989112"><ele>2876.1</ele></trkpt><trkpt lat="46.510213446497794" lon="9.752990427091161"><ele>2875.6</ele></trkpt><trkpt lat="46.51020544665468" lon="9.752964427255037"><ele>2874.8</ele></trkpt><trkpt lat="46.51018744679252" lon="9.752950427397959"><ele>2874.1</ele></trkpt><trkpt lat="46.5102064470262" lon="9.752912427643366"><ele>2872.9</ele></trkpt><trkpt lat="46.510234447239704" lon="9.752861427869293"><ele>2871.8</ele></trkpt><trkpt lat="46.510217447455595" lon="9.752808428095838"><ele>2870.7</ele></trkpt><trkpt lat="46.510191447769905" lon="9.752768428422883"><ele>2869.1</ele></trkpt><trkpt lat="46.510191447769905" lon="9.752768428422883"><ele>2869.1</ele></trkpt><trkpt lat="46.51010144838121" lon="9.752751429052893"><ele>2866.0</ele></trkpt><trkpt lat="46.51004744887324" lon="9.752736429560846"><ele>2863.5</ele></trkpt><trkpt lat="46.51002144924616" lon="9.752695429948702"><ele>2861.6</ele></trkpt><trkpt lat="46.50998644961969" lon="9.752655430336597"><ele>2859.7</ele></trkpt><trkpt lat="46.50996944977692" lon="9.752615430501493"><ele>2858.9</ele></trkpt><trkpt lat="46.50995244977757" lon="9.752562430505225"><ele>2858.9</ele></trkpt><trkpt lat="46.50994444977768" lon="9.752496430509733"><ele>2858.9</ele></trkpt><trkpt lat="46.50993744995383" lon="9.752418430697313"><ele>2858.0</ele></trkpt><trkpt lat="46.509921450110625" lon="9.75230043086741"><ele>2857.2</ele></trkpt><trkpt lat="46.50988845048347" lon="9.752155431262278"><ele>2855.3</ele></trkpt><trkpt lat="46.509880450601116" lon="9.75211643138649"><ele>2854.7</ele></trkpt><trkpt lat="46.50990845061898" lon="9.752065431409845"><ele>2854.6</ele></trkpt><trkpt lat="46.50990945071655" lon="9.752026431513706"><ele>2854.1</ele></trkpt><trkpt lat="46.50987345075753" lon="9.752011431555607"><ele>2853.9</ele></trkpt><trkpt lat="46.50985545081709" lon="9.751997431617495"><ele>2853.6</ele></trkpt><trkpt lat="46.50982945087701" lon="9.751957431681207"><ele>2853.3</ele></trkpt><trkpt lat="46.509830450896324" lon="9.751918431704052"><ele>2853.2</ele></trkpt><trkpt lat="46.5097964515044" lon="9.751838432337587"><ele>2850.1</ele></trkpt><trkpt lat="46.50977045191638" lon="9.751772432767563"><ele>2848.0</ele></trkpt><trkpt lat="46.50975345211284" lon="9.751745432972067"><ele>2847.0</ele></trkpt><trkpt lat="46.509726452192446" lon="9.751731433054303"><ele>2846.6</ele></trkpt><trkpt lat="46.50970045219365" lon="9.751691433057248"><ele>2846.6</ele></trkpt><trkpt lat="46.50969145215492" lon="9.75167843301771"><ele>2846.8</ele></trkpt><trkpt lat="46.50966545221482" lon="9.751637433081484"><ele>2846.5</ele></trkpt><trkpt lat="46.50963945213766" lon="9.751597433003427"><ele>2846.9</ele></trkpt><trkpt lat="46.50961345208001" lon="9.751518432948219"><ele>2847.2</ele></trkpt><trkpt lat="46.50961345208001" lon="9.751518432948219"><ele>2847.2</ele></trkpt><trkpt lat="46.509597452726204" lon="9.751439433621949"><ele>2843.9</ele></trkpt><trkpt lat="46.50957945290312" lon="9.751412433806204"><ele>2843.0</ele></trkpt><trkpt lat="46.50955345313923" lon="9.751398434050428"><ele>2841.8</ele></trkpt><trkpt lat="46.50953545323795" lon="9.751384434152808"><ele>2841.3</ele></trkpt><trkpt lat="46.50951845349305" lon="9.751344434418918"><ele>2840.0</ele></trkpt><trkpt lat="46.50951945366892" lon="9.751305434603756"><ele>2839.1</ele></trkpt><trkpt lat="46.50951145409952" lon="9.751240435053674"><ele>2836.9</ele></trkpt><trkpt lat="46.50948545455058" lon="9.751173435524173"><ele>2834.6</ele></trkpt><trkpt lat="46.50950445476476" lon="9.751148435748382"><ele>2833.5</ele></trkpt><trkpt lat="46.509505455136306" lon="9.75110943613571"><ele>2831.6</ele></trkpt><trkpt lat="46.50952345525273" lon="9.751097436257817"><ele>2831.0</ele></trkpt><trkpt lat="46.50952345529181" lon="9.75108443629918"><ele>2830.8</ele></trkpt><trkpt lat="46.50954245552551" lon="9.7510584365437"><ele>2829.6</ele></trkpt><trkpt lat="46.50954245558413" lon="9.751045436605315"><ele>2829.3</ele></trkpt><trkpt lat="46.50956945575873" lon="9.751021436788868"><ele>2828.4</ele></trkpt><trkpt lat="46.5095794557972" lon="9.75099543683098"><ele>2828.2</ele></trkpt><trkpt lat="46.509607456030395" lon="9.750957437076195"><ele>2827.0</ele></trkpt><trkpt lat="46.50960745603031" lon="9.750944437077052"><ele>2827.0</ele></trkpt><trkpt lat="46.5095714563453" lon="9.750942437401577"><ele>2825.4</ele></trkpt><trkpt lat="46.50957145638437" lon="9.750929437442936"><ele>2825.2</ele></trkpt><trkpt lat="46.509590456637554" lon="9.750878437709353"><ele>2823.9</ele></trkpt><trkpt lat="46.50960945687125" lon="9.750853437953799"><ele>2822.7</ele></trkpt><trkpt lat="46.509627457065854" lon="9.750828438157756"><ele>2821.7</ele></trkpt><trkpt lat="46.50961945726186" lon="9.750801438362128"><ele>2820.7</ele></trkpt><trkpt lat="46.50960245747781" lon="9.750761438587695"><ele>2819.6</ele></trkpt><trkpt lat="46.509612457829235" lon="9.75071043895545"><ele>2817.8</ele></trkpt><trkpt lat="46.50962245808289" lon="9.750658439222015"><ele>2816.5</ele></trkpt><trkpt lat="46.50964945819877" lon="9.750633439344869"><ele>2815.9</ele></trkpt><trkpt lat="46.50965045833553" lon="9.750594439489175"><ele>2815.2</ele></trkpt><trkpt lat="46.50966045853042" lon="9.750542439694986"><ele>2814.2</ele></trkpt><trkpt lat="46.50967945874444" lon="9.750491439920882"><ele>2813.1</ele></trkpt><trkpt lat="46.50970745893851" lon="9.750453440125574"><ele>2812.1</ele></trkpt><trkpt lat="46.50972545909401" lon="9.750428440289022"><ele>2811.3</ele></trkpt><trkpt lat="46.50979045948168" lon="9.750365440697445"><ele>2809.3</ele></trkpt><trkpt lat="46.50979945965716" lon="9.750327440882087"><ele>2808.4</ele></trkpt><trkpt lat="46.50980045983306" lon="9.750287441066948"><ele>2807.5</ele></trkpt><trkpt lat="46.50985646020162" lon="9.750212441456002"><ele>2805.6</ele></trkpt><trkpt lat="46.509857460416555" lon="9.750160441682137"><ele>2804.5</ele></trkpt><trkpt lat="46.50989446059053" lon="9.750109441867327"><ele>2803.6</ele></trkpt><trkpt lat="46.509896460844416" lon="9.750018442136502"><ele>2802.3</ele></trkpt><trkpt lat="46.50990646131315" lon="9.749940442627466"><ele>2799.9</ele></trkpt><trkpt lat="46.50990846201709" lon="9.749836443363176"><ele>2796.3</ele></trkpt><trkpt lat="46.50993646234814" lon="9.749798443709581"><ele>2794.6</ele></trkpt><trkpt lat="46.509910462505864" lon="9.749758443874454"><ele>2793.8</ele></trkpt><trkpt lat="46.50989346264359" lon="9.74973144401813"><ele>2793.1</ele></trkpt><trkpt lat="46.50990246272133" lon="9.74971844409988"><ele>2792.7</ele></trkpt><trkpt lat="46.50987546280099" lon="9.749717444181222"><ele>2792.3</ele></trkpt><trkpt lat="46.50985746284091" lon="9.74969044422367"><ele>2792.1</ele></trkpt><trkpt lat="46.50986746293821" lon="9.749678444325587"><ele>2791.6</ele></trkpt><trkpt lat="46.5098584629973" lon="9.74966444438734"><ele>2791.3</ele></trkpt><trkpt lat="46.50985846309501" lon="9.749638444490277"><ele>2790.8</ele></trkpt><trkpt lat="46.509850463271405" lon="9.74959944467513"><ele>2789.9</ele></trkpt><trkpt lat="46.50986946332904" lon="9.749586444736519"><ele>2789.6</ele></trkpt><trkpt lat="46.50989646350373" lon="9.749575444919177"><ele>2788.7</ele></trkpt><trkpt lat="46.50990546356188" lon="9.74956244498067"><ele>2788.4</ele></trkpt><trkpt lat="46.50990546365972" lon="9.749549445082753"><ele>2787.9</ele></trkpt><trkpt lat="46.50991546371783" lon="9.749536445144239"><ele>2787.6</ele></trkpt><trkpt lat="46.50994246385337" lon="9.749524445286466"><ele>2786.9</ele></trkpt><trkpt lat="46.5099514639115" lon="9.74949944534874"><ele>2786.6</ele></trkpt><trkpt lat="46.50997946408609" lon="9.749474445532298"><ele>2785.7</ele></trkpt><trkpt lat="46.50998846416382" lon="9.749461445614033"><ele>2785.3</ele></trkpt><trkpt lat="46.51000746433878" lon="9.74942344579853"><ele>2784.4</ele></trkpt><trkpt lat="46.51001746447495" lon="9.749358445944392"><ele>2783.7</ele></trkpt><trkpt lat="46.5100274646308" lon="9.749320446108737"><ele>2782.9</ele></trkpt><trkpt lat="46.51002746478731" lon="9.749307446271555"><ele>2782.1</ele></trkpt><trkpt lat="46.51005646525495" lon="9.749203446763934"><ele>2779.7</ele></trkpt><trkpt lat="46.51004846525522" lon="9.749164446766558"><ele>2779.7</ele></trkpt><trkpt lat="46.5100404652751" lon="9.74913844678858"><ele>2779.6</ele></trkpt><trkpt lat="46.510031465294965" lon="9.749098446811521"><ele>2779.5</ele></trkpt><trkpt lat="46.5100144653348" lon="9.749058446854798"><ele>2779.3</ele></trkpt><trkpt lat="46.50999746541375" lon="9.749018446938567"><ele>2778.9</ele></trkpt><trkpt lat="46.509998465472194" lon="9.74896644700268"><ele>2778.6</ele></trkpt><trkpt lat="46.50998146531618" lon="9.748900446845186"><ele>2779.4</ele></trkpt><trkpt lat="46.50998346549195" lon="9.748835447031608"><ele>2778.5</ele></trkpt><trkpt lat="46.509975465628976" lon="9.74875744717848"><ele>2777.8</ele></trkpt><trkpt lat="46.509967465785714" lon="9.74870444734397"><ele>2777.0</ele></trkpt><trkpt lat="46.50994246596283" lon="9.748651447529888"><ele>2776.1</ele></trkpt><trkpt lat="46.5099344660804" lon="9.748599447654824"><ele>2775.5</ele></trkpt><trkpt lat="46.50994346611895" lon="9.748573447696906"><ele>2775.3</ele></trkpt><trkpt lat="46.5099444661579" lon="9.748534447739921"><ele>2775.1</ele></trkpt><trkpt lat="46.50994446615776" lon="9.748508447741608"><ele>2775.1</ele></trkpt><trkpt lat="46.50993746609912" lon="9.748442447685239"><ele>2775.4</ele></trkpt><trkpt lat="46.50992846606034" lon="9.748416447646532"><ele>2775.6</ele></trkpt><trkpt lat="46.509920465962686" lon="9.748376447547994"><ele>2776.1</ele></trkpt><trkpt lat="46.50991346592353" lon="9.74829844751265"><ele>2776.3</ele></trkpt><trkpt lat="46.509915465961974" lon="9.748168447561566"><ele>2776.1</ele></trkpt><trkpt lat="46.509899466001656" lon="9.748102447606513"><ele>2775.9</ele></trkpt><trkpt lat="46.50990046602099" lon="9.748063447629281"><ele>2775.8</ele></trkpt><trkpt lat="46.509910466137626" lon="9.74799844775486"><ele>2775.2</ele></trkpt><trkpt lat="46.509919466234855" lon="9.747972447857672"><ele>2774.7</ele></trkpt><trkpt lat="46.509911466274296" lon="9.747946447899933"><ele>2774.5</ele></trkpt><trkpt lat="46.50990346639185" lon="9.747893448024918"><ele>2773.9</ele></trkpt><trkpt lat="46.50991446646922" lon="9.747816448110774"><ele>2773.5</ele></trkpt><trkpt lat="46.50993246654642" lon="9.747777448194086"><ele>2773.1</ele></trkpt><trkpt lat="46.509952466603806" lon="9.747713448258763"><ele>2772.8</ele></trkpt><trkpt lat="46.509961466564086" lon="9.747687448219867"><ele>2773.0</ele></trkpt><trkpt lat="46.50998146669954" lon="9.747584448368045"><ele>2772.3</ele></trkpt><trkpt lat="46.510001466717775" lon="9.74750744839307"><ele>2772.2</ele></trkpt><trkpt lat="46.510020466892556" lon="9.74742944858011"><ele>2771.3</ele></trkpt><trkpt lat="46.51002246702894" lon="9.747325448728533"><ele>2770.6</ele></trkpt><trkpt lat="46.51005446714382" lon="9.747118448863072"><ele>2770.0</ele></trkpt><trkpt lat="46.510073467279504" lon="9.74705344900877"><ele>2769.3</ele></trkpt><trkpt lat="46.51008346745481" lon="9.746989449194992"><ele>2768.4</ele></trkpt><trkpt lat="46.510084467532934" lon="9.746963449277626"><ele>2768.0</ele></trkpt><trkpt lat="46.510084467650216" lon="9.746937449400757"><ele>2767.4</ele></trkpt><trkpt lat="46.51009646786441" lon="9.746833449630017"><ele>2766.3</ele></trkpt><trkpt lat="46.51012446803878" lon="9.746756449816878"><ele>2765.4</ele></trkpt><trkpt lat="46.51013446803814" lon="9.746730449818457"><ele>2765.4</ele></trkpt><trkpt lat="46.510153468115234" lon="9.746679449902516"><ele>2765.0</ele></trkpt><trkpt lat="46.51016246819287" lon="9.746640449985911"><ele>2764.6</ele></trkpt><trkpt lat="46.51016446825117" lon="9.746575450050814"><ele>2764.3</ele></trkpt><trkpt lat="46.510210468385566" lon="9.746525450195248"><ele>2763.6</ele></trkpt><trkpt lat="46.510211468385336" lon="9.746486450197759"><ele>2763.6</ele></trkpt><trkpt lat="46.51022046846308" lon="9.746473450279467"><ele>2763.2</ele></trkpt><trkpt lat="46.51023946857935" lon="9.746422450404006"><ele>2762.6</ele></trkpt><trkpt lat="46.510249468676356" lon="9.746357450509304"><ele>2762.1</ele></trkpt><trkpt lat="46.51026846863608" lon="9.746319450471084"><ele>2762.3</ele></trkpt><trkpt lat="46.510269468674956" lon="9.746280450514071"><ele>2762.1</ele></trkpt><trkpt lat="46.51027846877225" lon="9.746254450616854"><ele>2761.6</ele></trkpt><trkpt lat="46.510280468928414" lon="9.746189450782953"><ele>2760.8</ele></trkpt><trkpt lat="46.510289468986564" lon="9.746163450845257"><ele>2760.5</ele></trkpt><trkpt lat="46.510307469044314" lon="9.74615145090656"><ele>2760.2</ele></trkpt><trkpt lat="46.51032646912149" lon="9.74612645098893"><ele>2759.8</ele></trkpt><trkpt lat="46.51032746927777" lon="9.746074451154197"><ele>2759.0</ele></trkpt><trkpt lat="46.51033746937493" lon="9.746035451257805"><ele>2758.5</ele></trkpt><trkpt lat="46.51032946947303" lon="9.74599545136167"><ele>2758.0</ele></trkpt><trkpt lat="46.51033846955068" lon="9.745957451444978"><ele>2757.6</ele></trkpt><trkpt lat="46.510339469569985" lon="9.745918451467725"><ele>2757.5</ele></trkpt><trkpt lat="46.51036746974452" lon="9.745880451652035"><ele>2756.6</ele></trkpt><trkpt lat="46.51036746978358" lon="9.74585445169419"><ele>2756.4</ele></trkpt><trkpt lat="46.510396470212214" lon="9.745751452145779"><ele>2754.2</ele></trkpt><trkpt lat="46.51038847032988" lon="9.745711452269871"><ele>2753.6</ele></trkpt><trkpt lat="46.51039847036843" lon="9.745699452311014"><ele>2753.4</ele></trkpt><trkpt lat="46.5104364705421" lon="9.745596452499399"><ele>2752.5</ele></trkpt><trkpt lat="46.510445470658965" lon="9.745570452622408"><ele>2751.9</ele></trkpt><trkpt lat="46.51045547073658" lon="9.745532452705703"><ele>2751.5</ele></trkpt><trkpt lat="46.51045647089293" lon="9.74549345287011"><ele>2750.7</ele></trkpt><trkpt lat="46.51048347102835" lon="9.745455453013935"><ele>2750.0</ele></trkpt><trkpt lat="46.51049347114509" lon="9.745416453137766"><ele>2749.4</ele></trkpt><trkpt lat="46.510512471281075" lon="9.745391453280844"><ele>2748.7</ele></trkpt><trkpt lat="46.51054147176835" lon="9.745275453793939"><ele>2746.2</ele></trkpt><trkpt lat="46.51055147188505" lon="9.745236453917762"><ele>2745.6</ele></trkpt><trkpt lat="46.51056047198232" lon="9.745210454020526"><ele>2745.1</ele></trkpt><trkpt lat="46.51055247213915" lon="9.745171454185014"><ele>2744.3</ele></trkpt><trkpt lat="46.510589472411034" lon="9.745120454471222"><ele>2742.9</ele></trkpt><trkpt lat="46.5105994725083" lon="9.745095454573912"><ele>2742.4</ele></trkpt><trkpt lat="46.51059047260657" lon="9.745081454676084"><ele>2741.9</ele></trkpt><trkpt lat="46.510573472744255" lon="9.74505445481966"><ele>2741.2</ele></trkpt><trkpt lat="46.5105644728621" lon="9.745041454942006"><ele>2740.6</ele></trkpt><trkpt lat="46.51055547290156" lon="9.745014454984302"><ele>2740.4</ele></trkpt><trkpt lat="46.5105934730951" lon="9.744951455190316"><ele>2739.4</ele></trkpt><trkpt lat="46.51059347319282" lon="9.744925455293169"><ele>2738.9</ele></trkpt><trkpt lat="46.51063047338639" lon="9.744874455498415"><ele>2737.9</ele></trkpt><trkpt lat="46.510631473444946" lon="9.744848455560783"><ele>2737.6</ele></trkpt><trkpt lat="46.51063247360132" lon="9.744809455725163"><ele>2736.8</ele></trkpt><trkpt lat="46.51062347366042" lon="9.744783455787632"><ele>2736.5</ele></trkpt><trkpt lat="46.51063447399219" lon="9.74470545613653"><ele>2734.8</ele></trkpt><trkpt lat="46.510643474206816" lon="9.74466645636153"><ele>2733.7</ele></trkpt><trkpt lat="46.51064447430455" lon="9.74464045646436"><ele>2733.2</ele></trkpt><trkpt lat="46.510654474460445" lon="9.744602456628577"><ele>2732.4</ele></trkpt><trkpt lat="46.5106454746174" lon="9.744575456792287"><ele>2731.6</ele></trkpt><trkpt lat="46.51064647473459" lon="9.744549456915353"><ele>2731.0</ele></trkpt><trkpt lat="46.5106654749096" lon="9.744511457099705"><ele>2730.1</ele></trkpt><trkpt lat="46.51067447500696" lon="9.74449845720162"><ele>2729.6</ele></trkpt><trkpt lat="46.51068347508475" lon="9.744486457283235"><ele>2729.2</ele></trkpt><trkpt lat="46.51070247529883" lon="9.74443445750895"><ele>2728.1</ele></trkpt><trkpt lat="46.51069447553391" lon="9.74439545775435"><ele>2726.9</ele></trkpt><trkpt lat="46.51071347566981" lon="9.744356457898295"><ele>2726.2</ele></trkpt><trkpt lat="46.510715476001984" lon="9.744265458248076"><ele>2724.5</ele></trkpt><trkpt lat="46.5107334760989" lon="9.744240458350662"><ele>2724.0</ele></trkpt><trkpt lat="46.51075247621503" lon="9.744176458475955"><ele>2723.4</ele></trkpt><trkpt lat="46.51076447642919" lon="9.744059458705868"><ele>2722.3</ele></trkpt><trkpt lat="46.51079347666221" lon="9.743969458954115"><ele>2721.1</ele></trkpt><trkpt lat="46.51081247691536" lon="9.74390445922111"><ele>2719.8</ele></trkpt><trkpt lat="46.510823477110165" lon="9.743814459429068"><ele>2718.8</ele></trkpt><trkpt lat="46.5108154771495" lon="9.743774459472162"><ele>2718.6</ele></trkpt><trkpt lat="46.51080647718906" lon="9.743761459513554"><ele>2718.4</ele></trkpt><trkpt lat="46.51082547740306" lon="9.74368345974089"><ele>2717.3</ele></trkpt><trkpt lat="46.51081747744256" lon="9.74367045978227"><ele>2717.1</ele></trkpt><trkpt lat="46.51082747750048" lon="9.743605459847"><ele>2716.8</ele></trkpt><trkpt lat="46.51081047761844" lon="9.743539459972775"><ele>2716.2</ele></trkpt><trkpt lat="46.51080247775561" lon="9.743487460117798"><ele>2715.5</ele></trkpt><trkpt lat="46.51080347763793" lon="9.743435459999693"><ele>2716.1</ele></trkpt><trkpt lat="46.51083147765596" lon="9.74341046002122"><ele>2716.0</ele></trkpt><trkpt lat="46.51085947771307" lon="9.743372460084052"><ele>2715.7</ele></trkpt><trkpt lat="46.51088647777033" lon="9.743347460146058"><ele>2715.4</ele></trkpt><trkpt lat="46.51089647771086" lon="9.743295460088563"><ele>2715.7</ele></trkpt><trkpt lat="46.510978478039334" lon="9.743260460433898"><ele>2714.0</ele></trkpt><trkpt lat="46.51100547817498" lon="9.743248460576012"><ele>2713.3</ele></trkpt><trkpt lat="46.511032478349755" lon="9.743249460757765"><ele>2712.4</ele></trkpt><trkpt lat="46.511059478583235" lon="9.743237461001042"><ele>2711.2</ele></trkpt><trkpt lat="46.51107847873877" lon="9.743212461164301"><ele>2710.4</ele></trkpt><trkpt lat="46.511088478855456" lon="9.743160461288891"><ele>2709.8</ele></trkpt><trkpt lat="46.51108947905086" lon="9.74309546149533"><ele>2708.8</ele></trkpt><trkpt lat="46.511082479285754" lon="9.743030461742313"><ele>2707.6</ele></trkpt><trkpt lat="46.5110914794027" lon="9.743017461864438"><ele>2707.0</ele></trkpt><trkpt lat="46.51110047951957" lon="9.742991461987387"><ele>2706.4</ele></trkpt><trkpt lat="46.51108347959859" lon="9.742964462070207"><ele>2706.0</ele></trkpt><trkpt lat="46.511111479812314" lon="9.742926462294879"><ele>2704.9</ele></trkpt><trkpt lat="46.5111204799879" lon="9.742901462478457"><ele>2704.0</ele></trkpt><trkpt lat="46.5111384800849" lon="9.742902462579371"><ele>2703.5</ele></trkpt><trkpt lat="46.51113948016303" lon="9.742876462661936"><ele>2703.1</ele></trkpt><trkpt lat="46.51118548063015" lon="9.7427994631519"><ele>2700.7</ele></trkpt><trkpt lat="46.5111954807665" lon="9.742761463295825"><ele>2700.0</ele></trkpt><trkpt lat="46.51121348088296" lon="9.742748463417854"><ele>2699.4</ele></trkpt><trkpt lat="46.5112224809804" lon="9.742749463518853"><ele>2698.9</ele></trkpt><trkpt lat="46.51124048103826" lon="9.742763463578482"><ele>2698.6</ele></trkpt><trkpt lat="46.51124048115571" lon="9.742776463699055"><ele>2698.0</ele></trkpt><trkpt lat="46.51126648127203" lon="9.742803463818477"><ele>2697.4</ele></trkpt><trkpt lat="46.5112844813886" lon="9.742804463939619"><ele>2696.8</ele></trkpt><trkpt lat="46.51129348146647" lon="9.742804464020454"><ele>2696.4</ele></trkpt><trkpt lat="46.51133848160127" lon="9.742819464160673"><ele>2695.7</ele></trkpt><trkpt lat="46.51136548175651" lon="9.742820464322188"><ele>2694.9</ele></trkpt><trkpt lat="46.51137448187351" lon="9.74282046444349"><ele>2694.3</ele></trkpt><trkpt lat="46.51139248195085" lon="9.742808464524987"><ele>2693.9</ele></trkpt><trkpt lat="46.51141948210612" lon="9.74280946468651"><ele>2693.1</ele></trkpt><trkpt lat="46.51143848226156" lon="9.742771464850561"><ele>2692.3</ele></trkpt><trkpt lat="46.51146548241682" lon="9.74277246501208"><ele>2691.5</ele></trkpt><trkpt lat="46.5115104826887" lon="9.742787465293928"><ele>2690.1</ele></trkpt><trkpt lat="46.51151948272733" lon="9.742774465335113"><ele>2689.9</ele></trkpt><trkpt lat="46.51154648292159" lon="9.742749465538735"><ele>2688.9</ele></trkpt><trkpt lat="46.51159148313477" lon="9.742764465759883"><ele>2687.8</ele></trkpt><trkpt lat="46.511601483271136" lon="9.742726465903795"><ele>2687.1</ele></trkpt><trkpt lat="46.511628483426314" lon="9.742714466066134"><ele>2686.3</ele></trkpt><trkpt lat="46.511647483581875" lon="9.742689466229367"><ele>2685.5</ele></trkpt><trkpt lat="46.51166548367881" lon="9.742689466330338"><ele>2685.0</ele></trkpt><trkpt lat="46.51169248387317" lon="9.742677466533136"><ele>2684.0</ele></trkpt><trkpt lat="46.51172848408673" lon="9.742679466755199"><ele>2682.9</ele></trkpt><trkpt lat="46.51172848412583" lon="9.742666466796479"><ele>2682.7</ele></trkpt><trkpt lat="46.511720484263" lon="9.742613466941515"><ele>2682.0</ele></trkpt><trkpt lat="46.511730484379775" lon="9.742575467065183"><ele>2681.4</ele></trkpt><trkpt lat="46.51174848449629" lon="9.742563467187145"><ele>2680.8</ele></trkpt><trkpt lat="46.511784484651095" lon="9.74256446734857"><ele>2680.0</ele></trkpt><trkpt lat="46.51181148472817" lon="9.742591467427529"><ele>2679.6</ele></trkpt><trkpt lat="46.51182948482512" lon="9.742579467529255"><ele>2679.1</ele></trkpt><trkpt lat="46.51185648501949" lon="9.742580467731232"><ele>2678.1</ele></trkpt><trkpt lat="46.51185748513673" lon="9.742541467855064"><ele>2677.5</ele></trkpt><trkpt lat="46.51186648523419" lon="9.742541467956132"><ele>2677.0</ele></trkpt><trkpt lat="46.511884485409404" lon="9.742529468138782"><ele>2676.1</ele></trkpt><trkpt lat="46.51189348550679" lon="9.742517468240607"><ele>2675.6</ele></trkpt><trkpt lat="46.51189348560457" lon="9.742504468342574"><ele>2675.1</ele></trkpt><trkpt lat="46.51192048575986" lon="9.742505468504094"><ele>2674.3</ele></trkpt><trkpt lat="46.511959486031486" lon="9.742389468794197"><ele>2672.9</ele></trkpt><trkpt lat="46.511959486031486" lon="9.742389468794197"><ele>2672.9</ele></trkpt><trkpt lat="46.511994486343006" lon="9.742404469116606"><ele>2671.3</ele></trkpt><trkpt lat="46.51202248640024" lon="9.742379469178578"><ele>2671.0</ele></trkpt><trkpt lat="46.512049486516325" lon="9.742367469300442"><ele>2670.4</ele></trkpt><trkpt lat="46.51207748661263" lon="9.742329469403689"><ele>2669.9</ele></trkpt><trkpt lat="46.51208648665122" lon="9.742303469445687"><ele>2669.7</ele></trkpt><trkpt lat="46.512105486728395" lon="9.74226546952879"><ele>2669.3</ele></trkpt><trkpt lat="46.51214248684385" lon="9.742227469652175"><ele>2668.7</ele></trkpt><trkpt lat="46.51217848690075" lon="9.742216469713188"><ele>2668.4</ele></trkpt><trkpt lat="46.51223348713289" lon="9.742192469956906"><ele>2667.2</ele></trkpt><trkpt lat="46.512259487249096" lon="9.742206470077152"><ele>2666.6</ele></trkpt><trkpt lat="46.51228648726737" lon="9.742207470097044"><ele>2666.5</ele></trkpt><trkpt lat="46.512304487305656" lon="9.742208470137264"><ele>2666.3</ele></trkpt><trkpt lat="46.51234948746012" lon="9.742236470296913"><ele>2665.5</ele></trkpt><trkpt lat="46.51242148765229" lon="9.742226470499114"><ele>2664.5</ele></trkpt><trkpt lat="46.51242148765229" lon="9.742226470499114"><ele>2664.5</ele></trkpt><trkpt lat="46.51246648741512" lon="9.742215470256566"><ele>2665.7</ele></trkpt><trkpt lat="46.51254748745021" lon="9.742205470296824"><ele>2665.5</ele></trkpt><trkpt lat="46.5127294876367" lon="9.742135470501657"><ele>2664.5</ele></trkpt><trkpt lat="46.512801487770005" lon="9.742099470644787"><ele>2663.8</ele></trkpt><trkpt lat="46.51289248798079" lon="9.742077470867779"><ele>2662.7</ele></trkpt><trkpt lat="46.51294648805638" lon="9.742066470948837"><ele>2662.3</ele></trkpt><trkpt lat="46.513000488210324" lon="9.742055471110827"><ele>2661.5</ele></trkpt><trkpt lat="46.513073488422" lon="9.74204547133325"><ele>2660.4</ele></trkpt><trkpt lat="46.513109488616" lon="9.742034471535883"><ele>2659.4</ele></trkpt><trkpt lat="46.51312848879101" lon="9.741983471720943"><ele>2658.5</ele></trkpt><trkpt lat="46.51315548882882" lon="9.74198447176107"><ele>2658.3</ele></trkpt><trkpt lat="46.51320048898326" lon="9.741986471922338"><ele>2657.5</ele></trkpt><trkpt lat="46.513236488883535" lon="9.741974471821564"><ele>2658.0</ele></trkpt><trkpt lat="46.51332748895716" lon="9.741926471904549"><ele>2657.6</ele></trkpt><trkpt lat="46.513364488974766" lon="9.741888471926766"><ele>2657.5</ele></trkpt><trkpt lat="46.5134904892621" lon="9.741855472231006"><ele>2656.0</ele></trkpt><trkpt lat="46.51359048966833" lon="9.741846472655403"><ele>2653.9</ele></trkpt><trkpt lat="46.51364448982222" lon="9.741835472817385"><ele>2653.1</ele></trkpt><trkpt lat="46.51369848979991" lon="9.741811472798098"><ele>2653.2</ele></trkpt><trkpt lat="46.51377048987467" lon="9.741814472878106"><ele>2652.8</ele></trkpt><trkpt lat="46.51380648989254" lon="9.741816472897845"><ele>2652.7</ele></trkpt><trkpt lat="46.51386148973301" lon="9.741779472737742"><ele>2653.5</ele></trkpt><trkpt lat="46.51389748965295" lon="9.741781472656326"><ele>2653.9</ele></trkpt><trkpt lat="46.513915489573634" lon="9.74175547257684"><ele>2654.3</ele></trkpt><trkpt lat="46.5139434895526" lon="9.741743472557065"><ele>2654.4</ele></trkpt><trkpt lat="46.51396148957134" lon="9.741744472577052"><ele>2654.3</ele></trkpt><trkpt lat="46.51401448966674" lon="9.74177347267587"><ele>2653.8</ele></trkpt><trkpt lat="46.51406848960526" lon="9.741749472616123"><ele>2654.1</ele></trkpt><trkpt lat="46.51411348975968" lon="9.741751472777391"><ele>2653.3</ele></trkpt><trkpt lat="46.51415048983614" lon="9.741739472858685"><ele>2652.9</ele></trkpt><trkpt lat="46.51418648985389" lon="9.74172847287923"><ele>2652.8</ele></trkpt><trkpt lat="46.514231489929976" lon="9.741717472960387"><ele>2652.4</ele></trkpt><trkpt lat="46.51425948986974" lon="9.741692472900956"><ele>2652.7</ele></trkpt><trkpt lat="46.514313489906165" lon="9.741668472942361"><ele>2652.5</ele></trkpt><trkpt lat="46.51436849005997" lon="9.741644473105142"><ele>2651.7</ele></trkpt><trkpt lat="46.51439549023474" lon="9.741619473288498"><ele>2650.8</ele></trkpt><trkpt lat="46.51443249046782" lon="9.74159547353238"><ele>2649.6</ele></trkpt><trkpt lat="46.51444149056516" lon="9.741569473635053"><ele>2649.1</ele></trkpt><trkpt lat="46.51445949068169" lon="9.741557473757"><ele>2648.5</ele></trkpt><trkpt lat="46.51446949072021" lon="9.741518473799776"><ele>2648.3</ele></trkpt><trkpt lat="46.51448849089537" lon="9.741493473983208"><ele>2647.4</ele></trkpt><trkpt lat="46.51452549101081" lon="9.741442474107378"><ele>2646.8</ele></trkpt><trkpt lat="46.514543491009896" lon="9.741430474107938"><ele>2646.8</ele></trkpt><trkpt lat="46.5145964912228" lon="9.741458474328207"><ele>2645.7</ele></trkpt><trkpt lat="46.514623491358634" lon="9.741486474467813"><ele>2645.0</ele></trkpt><trkpt lat="46.51467749135596" lon="9.741488474467142"><ele>2645.0</ele></trkpt><trkpt lat="46.514721491451965" lon="9.741529474565313"><ele>2644.5</ele></trkpt><trkpt lat="46.51473949147068" lon="9.741530474585302"><ele>2644.4</ele></trkpt><trkpt lat="46.51475749146981" lon="9.741543474584319"><ele>2644.4</ele></trkpt><trkpt lat="46.514792491507414" lon="9.74157147462269"><ele>2644.2</ele></trkpt><trkpt lat="46.51483749158352" lon="9.741573474703038"><ele>2643.8</ele></trkpt><trkpt lat="46.51486449162138" lon="9.741574474743166"><ele>2643.6</ele></trkpt><trkpt lat="46.51498149149825" lon="9.741592474619484"><ele>2644.2</ele></trkpt><trkpt lat="46.51505149155387" lon="9.741660474675264"><ele>2643.9</ele></trkpt><trkpt lat="46.51507849155256" lon="9.741661474674931"><ele>2643.9</ele></trkpt><trkpt lat="46.51508749157174" lon="9.741675474694206"><ele>2643.8</ele></trkpt><trkpt lat="46.51513249160872" lon="9.741677474734088"><ele>2643.6</ele></trkpt><trkpt lat="46.515186491586526" lon="9.74167947471319"><ele>2643.7</ele></trkpt><trkpt lat="46.51524949170081" lon="9.741656474835363"><ele>2643.1</ele></trkpt><trkpt lat="46.515312491815294" lon="9.741671474955185"><ele>2642.5</ele></trkpt><trkpt lat="46.51534849187226" lon="9.741673475015395"><ele>2642.2</ele></trkpt><trkpt lat="46.51537549202757" lon="9.741661475177715"><ele>2641.4</ele></trkpt><trkpt lat="46.515420492142894" lon="9.741663475298527"><ele>2640.8</ele></trkpt><trkpt lat="46.51545649214111" lon="9.741664475298098"><ele>2640.8</ele></trkpt><trkpt lat="46.51549249219813" lon="9.741666475358308"><ele>2640.5</ele></trkpt><trkpt lat="46.51551949227508" lon="9.741654475439706"><ele>2640.1</ele></trkpt><trkpt lat="46.5155374922351" lon="9.74166847539819"><ele>2640.3</ele></trkpt><trkpt lat="46.5155724922335" lon="9.74169547539617"><ele>2640.3</ele></trkpt><trkpt lat="46.51560849223174" lon="9.741697475395682"><ele>2640.3</ele></trkpt><trkpt lat="46.515708492266015" lon="9.741688475435694"><ele>2640.1</ele></trkpt><trkpt lat="46.51576249236126" lon="9.741690475536183"><ele>2639.6</ele></trkpt><trkpt lat="46.51580749243744" lon="9.741692475616532"><ele>2639.2</ele></trkpt><trkpt lat="46.51583449245563" lon="9.741680475637233"><ele>2639.1</ele></trkpt><trkpt lat="46.51587949247291" lon="9.741656475658495"><ele>2639.0</ele></trkpt><trkpt lat="46.51594249245028" lon="9.74165947563744"><ele>2639.1</ele></trkpt><trkpt lat="46.515969492527276" lon="9.741660475718037"><ele>2638.7</ele></trkpt><trkpt lat="46.51611449271595" lon="9.741640475920127"><ele>2637.7</ele></trkpt><trkpt lat="46.51616849263488" lon="9.741616475840134"><ele>2638.1</ele></trkpt><trkpt lat="46.51622249263218" lon="9.741606475840209"><ele>2638.1</ele></trkpt><trkpt lat="46.51634049286129" lon="9.741572476083897"><ele>2636.9</ele></trkpt><trkpt lat="46.51637649291819" lon="9.741547476145774"><ele>2636.6</ele></trkpt><trkpt lat="46.51642249315085" lon="9.741523476389567"><ele>2635.4</ele></trkpt><trkpt lat="46.51646749310951" lon="9.74152547634853"><ele>2635.6</ele></trkpt><trkpt lat="46.516504493185856" lon="9.741487476431423"><ele>2635.2</ele></trkpt><trkpt lat="46.5165214932438" lon="9.741501476491083"><ele>2634.9</ele></trkpt><trkpt lat="46.51654849328171" lon="9.741502476531213"><ele>2634.7</ele></trkpt><trkpt lat="46.516594493279385" lon="9.741478476532226"><ele>2634.7</ele></trkpt><trkpt lat="46.51665749327634" lon="9.741494476530608"><ele>2634.7</ele></trkpt><trkpt lat="46.51670249319569" lon="9.741470476450713"><ele>2635.1</ele></trkpt><trkpt lat="46.5167744931138" lon="9.741460476369674"><ele>2635.5</ele></trkpt><trkpt lat="46.51686449330528" lon="9.741451476571642"><ele>2634.5</ele></trkpt><trkpt lat="46.51688349330419" lon="9.741425476573053"><ele>2634.5</ele></trkpt><trkpt lat="46.516928493301975" lon="9.741414476573274"><ele>2634.5</ele></trkpt><trkpt lat="46.51696549335882" lon="9.741390476635079"><ele>2634.2</ele></trkpt><trkpt lat="46.51699249353375" lon="9.741391476816826"><ele>2633.3</ele></trkpt><trkpt lat="46.51702949374716" lon="9.741327477042942"><ele>2632.2</ele></trkpt><trkpt lat="46.51707549380344" lon="9.74127747710625"><ele>2631.9</ele></trkpt><trkpt lat="46.51711149382123" lon="9.741266477126798"><ele>2631.8</ele></trkpt><trkpt lat="46.51714749374105" lon="9.741254477046251"><ele>2632.2</ele></trkpt><trkpt lat="46.517166493642165" lon="9.741242476945642"><ele>2632.7</ele></trkpt><trkpt lat="46.51719349362116" lon="9.741217476926684"><ele>2632.8</ele></trkpt><trkpt lat="46.51723049361913" lon="9.74116647692945"><ele>2632.8</ele></trkpt><trkpt lat="46.51733049351607" lon="9.74110547683105"><ele>2633.3</ele></trkpt><trkpt lat="46.517376493592" lon="9.74106847691379"><ele>2632.9</ele></trkpt><trkpt lat="46.51739549363015" lon="9.7410434769556"><ele>2632.7</ele></trkpt><trkpt lat="46.51744049378447" lon="9.74100647711927"><ele>2631.9</ele></trkpt><trkpt lat="46.51752249403502" lon="9.740983477382862"><ele>2630.6</ele></trkpt><trkpt lat="46.51764149436167" lon="9.740858477733275"><ele>2628.9</ele></trkpt><trkpt lat="46.517752494492825" lon="9.740732477881522"><ele>2628.2</ele></trkpt><trkpt lat="46.51781649480294" lon="9.740696478206775"><ele>2626.6</ele></trkpt><trkpt lat="46.51786149499648" lon="9.740672478410096"><ele>2625.6</ele></trkpt><trkpt lat="46.51794549522685" lon="9.740532478660608"><ele>2624.4</ele></trkpt><trkpt lat="46.518056495690814" lon="9.740367479155132"><ele>2622.0</ele></trkpt><trkpt lat="46.51809349606098" lon="9.740330479541386"><ele>2620.1</ele></trkpt><trkpt lat="46.518130496529096" lon="9.740279480029647"><ele>2617.7</ele></trkpt><trkpt lat="46.518140496743925" lon="9.740253480253662"><ele>2616.6</ele></trkpt><trkpt lat="46.518149496998056" lon="9.740228480518077"><ele>2615.3</ele></trkpt><trkpt lat="46.51817749721206" lon="9.740203480741846"><ele>2614.2</ele></trkpt><trkpt lat="46.51817749734905" lon="9.740177480885041"><ele>2613.5</ele></trkpt><trkpt lat="46.518196497465574" lon="9.740151481007814"><ele>2612.9</ele></trkpt><trkpt lat="46.51821549766024" lon="9.740087481213825"><ele>2611.9</ele></trkpt><trkpt lat="46.518243497756615" lon="9.740036481317805"><ele>2611.4</ele></trkpt><trkpt lat="46.518280497930895" lon="9.73998548150261"><ele>2610.5</ele></trkpt><trkpt lat="46.51829949808652" lon="9.739947481666574"><ele>2609.7</ele></trkpt><trkpt lat="46.518309498125056" lon="9.73990848170931"><ele>2609.5</ele></trkpt><trkpt lat="46.518346498279726" lon="9.739858481873817"><ele>2608.7</ele></trkpt><trkpt lat="46.51838249847378" lon="9.739833482077273"><ele>2607.7</ele></trkpt><trkpt lat="46.51840149851195" lon="9.739808482119063"><ele>2607.5</ele></trkpt><trkpt lat="46.51844749860746" lon="9.739758482222797"><ele>2607.0</ele></trkpt><trkpt lat="46.51854749895481" lon="9.739671482591211"><ele>2605.2</ele></trkpt><trkpt lat="46.51857549899244" lon="9.739620482634496"><ele>2605.0</ele></trkpt><trkpt lat="46.51859449903066" lon="9.739608482675497"><ele>2604.8</ele></trkpt><trkpt lat="46.51867649928101" lon="9.739533482942207"><ele>2603.5</ele></trkpt><trkpt lat="46.51871249929885" lon="9.73952248296275"><ele>2603.4</ele></trkpt><trkpt lat="46.51877749966746" lon="9.739420483352635"><ele>2601.5</ele></trkpt><trkpt lat="46.51884250009491" lon="9.739345483801555"><ele>2599.3</ele></trkpt><trkpt lat="46.51887950030849" lon="9.739307484026"><ele>2598.2</ele></trkpt><trkpt lat="46.51891550052211" lon="9.739282484249664"><ele>2597.1</ele></trkpt><trkpt lat="46.518961500911544" lon="9.739245484655997"><ele>2595.1</ele></trkpt><trkpt lat="46.51898850112566" lon="9.739233484878955"><ele>2594.0</ele></trkpt><trkpt lat="46.51903450153475" lon="9.739209485304727"><ele>2591.9</ele></trkpt><trkpt lat="46.51908850198264" lon="9.739199485770024"><ele>2589.6</ele></trkpt><trkpt lat="46.519115502216394" lon="9.739187486013213"><ele>2588.4</ele></trkpt><trkpt lat="46.51917850256593" lon="9.739176486377342"><ele>2586.6</ele></trkpt><trkpt lat="46.51925150277772" lon="9.739127486602085"><ele>2585.5</ele></trkpt><trkpt lat="46.51930650314726" lon="9.739117486986462"><ele>2583.6</ele></trkpt><trkpt lat="46.51936050347754" lon="9.739080487332023"><ele>2581.9</ele></trkpt><trkpt lat="46.51938750363299" lon="9.739081487493515"><ele>2581.1</ele></trkpt><trkpt lat="46.51943250382669" lon="9.739070487696006"><ele>2580.1</ele></trkpt><trkpt lat="46.519441503904694" lon="9.73908348777604"><ele>2579.7</ele></trkpt><trkpt lat="46.519495504176334" lon="9.73907248805935"><ele>2578.3</ele></trkpt><trkpt lat="46.51952250433175" lon="9.739074488220778"><ele>2577.5</ele></trkpt><trkpt lat="46.51955050448707" lon="9.739062488383043"><ele>2576.7</ele></trkpt><trkpt lat="46.51957650462305" lon="9.739076488523535"><ele>2576.0</ele></trkpt><trkpt lat="46.519658504912876" lon="9.739040488828303"><ele>2574.5</ele></trkpt><trkpt lat="46.51970350530259" lon="9.739055489231498"><ele>2572.5</ele></trkpt><trkpt lat="46.51970250540063" lon="9.739068489331865"><ele>2572.0</ele></trkpt><trkpt lat="46.519729505556185" lon="9.739082489492576"><ele>2571.2</ele></trkpt><trkpt lat="46.519819506237525" lon="9.739073490200187"><ele>2567.7</ele></trkpt><trkpt lat="46.51992750683985" lon="9.739104490824316"><ele>2564.6</ele></trkpt><trkpt lat="46.51999850713042" lon="9.73912049112607"><ele>2563.1</ele></trkpt><trkpt lat="46.52006150726465" lon="9.739136491266084"><ele>2562.4</ele></trkpt><trkpt lat="46.52011550757551" lon="9.739138491589081"><ele>2560.8</ele></trkpt><trkpt lat="46.52015950782826" lon="9.739166491849932"><ele>2559.5</ele></trkpt><trkpt lat="46.52022350796229" lon="9.739142491992334"><ele>2558.8</ele></trkpt><trkpt lat="46.520241508137836" lon="9.739156492173372"><ele>2557.9</ele></trkpt><trkpt lat="46.52025950819569" lon="9.739144492234596"><ele>2557.6</ele></trkpt><trkpt lat="46.520286508311955" lon="9.739145492355638"><ele>2557.0</ele></trkpt><trkpt lat="46.52031350836938" lon="9.739133492416773"><ele>2556.7</ele></trkpt><trkpt lat="46.52033150846655" lon="9.739134492517673"><ele>2556.2</ele></trkpt><trkpt lat="46.520358508543545" lon="9.73912249259904"><ele>2555.8</ele></trkpt><trkpt lat="46.52038650865976" lon="9.73911049272085"><ele>2555.2</ele></trkpt><trkpt lat="46.520422508775574" lon="9.739099492842527"><ele>2554.6</ele></trkpt><trkpt lat="46.5204495089506" lon="9.739100493024246"><ele>2553.7</ele></trkpt><trkpt lat="46.520494509144434" lon="9.739115493225192"><ele>2552.7</ele></trkpt><trkpt lat="46.5205205092608" lon="9.739116493346241"><ele>2552.1</ele></trkpt><trkpt lat="46.52053850931874" lon="9.739117493406692"><ele>2551.8</ele></trkpt><trkpt lat="46.520575509179785" lon="9.739105493265452"><ele>2552.5</ele></trkpt><trkpt lat="46.52063850937268" lon="9.739095493467715"><ele>2551.5</ele></trkpt><trkpt lat="46.52072050946666" lon="9.739059493570199"><ele>2551.0</ele></trkpt><trkpt lat="46.52073850942654" lon="9.739034493531062"><ele>2551.2</ele></trkpt><trkpt lat="46.52087350987075" lon="9.739027493995398"><ele>2548.9</ele></trkpt><trkpt lat="46.52094750996493" lon="9.738965494099512"><ele>2548.4</ele></trkpt><trkpt lat="46.52101051011871" lon="9.738954494261373"><ele>2547.6</ele></trkpt><trkpt lat="46.521065510233456" lon="9.738904494385183"><ele>2547.0</ele></trkpt><trkpt lat="46.5211655105224" lon="9.738844494691199"><ele>2545.5</ele></trkpt><trkpt lat="46.521219510754946" lon="9.73883349493405"><ele>2544.3</ele></trkpt><trkpt lat="46.521247510831884" lon="9.738808495016173"><ele>2543.9</ele></trkpt><trkpt lat="46.521274511006915" lon="9.738796495198672"><ele>2543.0</ele></trkpt><trkpt lat="46.52132951114134" lon="9.738759495341926"><ele>2542.3</ele></trkpt><trkpt lat="46.521419511372116" lon="9.73873749558509"><ele>2541.1</ele></trkpt><trkpt lat="46.52145651154663" lon="9.738712495768265"><ele>2540.2</ele></trkpt><trkpt lat="46.521501511897235" lon="9.738714496131797"><ele>2538.4</ele></trkpt><trkpt lat="46.5215555122474" lon="9.738717496495182"><ele>2536.6</ele></trkpt><trkpt lat="46.52160851295051" lon="9.738758497220424"><ele>2533.0</ele></trkpt><trkpt lat="46.52162651300843" lon="9.73874649728164"><ele>2532.7</ele></trkpt><trkpt lat="46.521644513164354" lon="9.738760497442458"><ele>2531.9</ele></trkpt><trkpt lat="46.5216895133582" lon="9.73876149764424"><ele>2530.9</ele></trkpt><trkpt lat="46.52173451364994" lon="9.738737497948636"><ele>2529.4</ele></trkpt><trkpt lat="46.52178051382393" lon="9.738687498133194"><ele>2528.5</ele></trkpt><trkpt lat="46.5218365138601" lon="9.73859849817837"><ele>2528.3</ele></trkpt><trkpt lat="46.52189151401396" lon="9.738522498344151"><ele>2527.5</ele></trkpt><trkpt lat="46.52191951418899" lon="9.738510498526633"><ele>2526.6</ele></trkpt><trkpt lat="46.52203851465314" lon="9.738372499019073"><ele>2524.2</ele></trkpt><trkpt lat="46.52207651482745" lon="9.738309499204465"><ele>2523.3</ele></trkpt><trkpt lat="46.5220955149243" lon="9.73824449930925"><ele>2522.8</ele></trkpt><trkpt lat="46.52210651509969" lon="9.738140499497316"><ele>2521.9</ele></trkpt><trkpt lat="46.52211751533392" lon="9.73803749974599"><ele>2520.7</ele></trkpt><trkpt lat="46.52211951535306" lon="9.737958499770864"><ele>2520.6</ele></trkpt><trkpt lat="46.522120515509556" lon="9.737893499936488"><ele>2519.8</ele></trkpt><trkpt lat="46.522140515625736" lon="9.737790500063713"><ele>2519.2</ele></trkpt><trkpt lat="46.522170515800205" lon="9.737661500253054"><ele>2518.3</ele></trkpt><trkpt lat="46.52223651626666" lon="9.737481500748412"><ele>2515.9</ele></trkpt><trkpt lat="46.522293516577136" lon="9.737379501077458"><ele>2514.3</ele></trkpt><trkpt lat="46.522293516557404" lon="9.737340501059524"><ele>2514.4</ele></trkpt><trkpt lat="46.52231251665439" lon="9.737315501161934"><ele>2513.9</ele></trkpt><trkpt lat="46.52231351667377" lon="9.737276501184441"><ele>2513.8</ele></trkpt><trkpt lat="46.522332516829444" lon="9.737224501349113"><ele>2513.0</ele></trkpt><trkpt lat="46.52233451678976" lon="9.73713350131399"><ele>2513.2</ele></trkpt><trkpt lat="46.522390517041515" lon="9.737031501582356"><ele>2511.9</ele></trkpt><trkpt lat="46.522437517313186" lon="9.73691650187179"><ele>2510.5</ele></trkpt><trkpt lat="46.5224575172727" lon="9.736825501836494"><ele>2510.7</ele></trkpt><trkpt lat="46.52247651719325" lon="9.736787501757647"><ele>2511.1</ele></trkpt><trkpt lat="46.52254051734671" lon="9.736712501923222"><ele>2510.3</ele></trkpt><trkpt lat="46.52262351734256" lon="9.73662450192759"><ele>2510.3</ele></trkpt><trkpt lat="46.522679517378776" lon="9.736535501972723"><ele>2510.1</ele></trkpt><trkpt lat="46.522744517434134" lon="9.73643350203875"><ele>2509.8</ele></trkpt><trkpt lat="46.522845517860155" lon="9.73633350248854"><ele>2507.6</ele></trkpt><trkpt lat="46.52293751803177" lon="9.736207502677047"><ele>2506.7</ele></trkpt><trkpt lat="46.52301251820415" lon="9.736080502865768"><ele>2505.8</ele></trkpt><trkpt lat="46.523031518301075" lon="9.73604150296898"><ele>2505.3</ele></trkpt><trkpt lat="46.52305951843666" lon="9.735964503114772"><ele>2504.6</ele></trkpt><trkpt lat="46.52308751855282" lon="9.735926503238057"><ele>2504.0</ele></trkpt><trkpt lat="46.523124518668446" lon="9.735863503362722"><ele>2503.4</ele></trkpt><trkpt lat="46.52318051876347" lon="9.735774503468502"><ele>2502.9</ele></trkpt><trkpt lat="46.52323751891704" lon="9.735646503637213"><ele>2502.1</ele></trkpt><trkpt lat="46.523257518954935" lon="9.73554350368349"><ele>2501.9</ele></trkpt><trkpt lat="46.523313519304544" lon="9.735415504054409"><ele>2500.1</ele></trkpt><trkpt lat="46.523380519614264" lon="9.73522250438857"><ele>2498.5</ele></trkpt><trkpt lat="46.523418519768995" lon="9.735145504554465"><ele>2497.7</ele></trkpt><trkpt lat="46.52343651976806" lon="9.735120504555752"><ele>2497.7</ele></trkpt><trkpt lat="46.523474519863996" lon="9.735043504660984"><ele>2497.2</ele></trkpt><trkpt lat="46.52353052011564" lon="9.73491550493077"><ele>2495.9</ele></trkpt><trkpt lat="46.52355952025118" lon="9.73483850507652"><ele>2495.2</ele></trkpt><trkpt lat="46.5235685202507" lon="9.734826505077137"><ele>2495.2</ele></trkpt><trkpt lat="46.52362552048271" lon="9.734685505327445"><ele>2494.0</ele></trkpt><trkpt lat="46.523644520618824" lon="9.734633505471825"><ele>2493.3</ele></trkpt><trkpt lat="46.52366352063736" lon="9.734595505494077"><ele>2493.2</ele></trkpt><trkpt lat="46.52373952086828" lon="9.734403505747164"><ele>2492.0</ele></trkpt><trkpt lat="46.52376752092558" lon="9.734352505810522"><ele>2491.7</ele></trkpt><trkpt lat="46.52378652102249" lon="9.73430050591446"><ele>2491.2</ele></trkpt><trkpt lat="46.5237875210615" lon="9.734261505957159"><ele>2491.0</ele></trkpt><trkpt lat="46.52380552111937" lon="9.734236506019101"><ele>2490.7</ele></trkpt><trkpt lat="46.52382452117706" lon="9.73418550608254"><ele>2490.4</ele></trkpt><trkpt lat="46.5238545211947" lon="9.734042506110802"><ele>2490.3</ele></trkpt><trkpt lat="46.52387352125233" lon="9.733965506175753"><ele>2490.0</ele></trkpt><trkpt lat="46.523883521251726" lon="9.73393950617717"><ele>2490.0</ele></trkpt><trkpt lat="46.52389352132947" lon="9.733888506260913"><ele>2489.6</ele></trkpt><trkpt lat="46.52392352144513" lon="9.733759506389436"><ele>2489.0</ele></trkpt><trkpt lat="46.523932521464175" lon="9.733720506411837"><ele>2488.9</ele></trkpt><trkpt lat="46.52393452142458" lon="9.733642506375926"><ele>2489.1</ele></trkpt><trkpt lat="46.523965521520395" lon="9.733460506487303"><ele>2488.6</ele></trkpt><trkpt lat="46.523966521559345" lon="9.733408506530752"><ele>2488.4</ele></trkpt><trkpt lat="46.52395752159888" lon="9.73338250657278"><ele>2488.2</ele></trkpt><trkpt lat="46.523958521696784" lon="9.733369506674606"><ele>2487.7</ele></trkpt><trkpt lat="46.52396752173539" lon="9.73333050671722"><ele>2487.5</ele></trkpt><trkpt lat="46.52397752163687" lon="9.733318506616744"><ele>2488.0</ele></trkpt><trkpt lat="46.52398652161684" lon="9.733318506596444"><ele>2488.1</ele></trkpt><trkpt lat="46.52400552173332" lon="9.733254506721277"><ele>2487.5</ele></trkpt><trkpt lat="46.52402452183022" lon="9.7332025068252"><ele>2487.0</ele></trkpt><trkpt lat="46.5240715219844" lon="9.733087506993163"><ele>2486.2</ele></trkpt><trkpt lat="46.52411752225649" lon="9.733037507278643"><ele>2484.8</ele></trkpt><trkpt lat="46.52413652233381" lon="9.732985507362345"><ele>2484.4</ele></trkpt><trkpt lat="46.52422352248547" lon="9.732702507539674"><ele>2483.6</ele></trkpt><trkpt lat="46.524223522446206" lon="9.732689507499996"><ele>2483.8</ele></trkpt><trkpt lat="46.524233522445634" lon="9.732663507501412"><ele>2483.8</ele></trkpt><trkpt lat="46.52423452246499" lon="9.732611507524636"><ele>2483.7</ele></trkpt><trkpt lat="46.524243522484056" lon="9.73258650754622"><ele>2483.6</ele></trkpt><trkpt lat="46.52424452240552" lon="9.73256050746686"><ele>2484.0</ele></trkpt><trkpt lat="46.52426352240451" lon="9.732521507468945"><ele>2484.0</ele></trkpt><trkpt lat="46.52427252244312" lon="9.732483507511494"><ele>2483.8</ele></trkpt><trkpt lat="46.52429252248112" lon="9.732418507555504"><ele>2483.6</ele></trkpt><trkpt lat="46.52429352238281" lon="9.732353507458205"><ele>2484.1</ele></trkpt><trkpt lat="46.524331522498294" lon="9.732263507584353"><ele>2483.5</ele></trkpt><trkpt lat="46.52435952263404" lon="9.732212507728539"><ele>2482.8</ele></trkpt><trkpt lat="46.52439752278868" lon="9.732110507895802"><ele>2482.0</ele></trkpt><trkpt lat="46.52444452282534" lon="9.732020507941005"><ele>2481.8</ele></trkpt><trkpt lat="46.52449052301906" lon="9.731970508145597"><ele>2480.8</ele></trkpt><trkpt lat="46.52450952301794" lon="9.731906508149128"><ele>2480.8</ele></trkpt><trkpt lat="46.52452852305609" lon="9.731868508191576"><ele>2480.6</ele></trkpt><trkpt lat="46.524529523075444" lon="9.731815508214858"><ele>2480.5</ele></trkpt><trkpt lat="46.52451152305656" lon="9.731789508196323"><ele>2480.6</ele></trkpt><trkpt lat="46.524521523056" lon="9.731763508197739"><ele>2480.6</ele></trkpt><trkpt lat="46.52454852285866" lon="9.731738507996807"><ele>2481.6</ele></trkpt><trkpt lat="46.52455852276012" lon="9.731725507896403"><ele>2482.1</ele></trkpt><trkpt lat="46.52455952279908" lon="9.731673507939838"><ele>2481.9</ele></trkpt><trkpt lat="46.52457752279813" lon="9.731648507941118"><ele>2481.9</ele></trkpt><trkpt lat="46.52457752279807" lon="9.731635507941872"><ele>2481.9</ele></trkpt><trkpt lat="46.5245525229165" lon="9.73154350806872"><ele>2481.3</ele></trkpt><trkpt lat="46.524544522955885" lon="9.73150350811154"><ele>2481.1</ele></trkpt><trkpt lat="46.524572523013305" lon="9.731478508173362"><ele>2480.8</ele></trkpt><trkpt lat="46.52460852297233" lon="9.731454508133988"><ele>2481.0</ele></trkpt><trkpt lat="46.52463552291228" lon="9.731455508073042"><ele>2481.3</ele></trkpt><trkpt lat="46.52464552287254" lon="9.731429508034028"><ele>2481.5</ele></trkpt><trkpt lat="46.52464552281375" lon="9.731429507973395"><ele>2481.8</ele></trkpt><trkpt lat="46.52464652295064" lon="9.731364508118634"><ele>2481.1</ele></trkpt><trkpt lat="46.52467452292958" lon="9.731326508100361"><ele>2481.2</ele></trkpt><trkpt lat="46.52470252298679" lon="9.731249508165197"><ele>2480.9</ele></trkpt><trkpt lat="46.52471252302548" lon="9.73123650820628"><ele>2480.7</ele></trkpt><trkpt lat="46.5247215230249" lon="9.731198508208397"><ele>2480.7</ele></trkpt><trkpt lat="46.52474952308229" lon="9.73116050827097"><ele>2480.4</ele></trkpt><trkpt lat="46.52476952300262" lon="9.731069508195219"><ele>2480.8</ele></trkpt><trkpt lat="46.52479752292259" lon="9.730992508118575"><ele>2481.2</ele></trkpt><trkpt lat="46.524835523018616" lon="9.730929508222925"><ele>2480.7</ele></trkpt><trkpt lat="46.52485452297827" lon="9.730864508186093"><ele>2480.9</ele></trkpt><trkpt lat="46.5248735228007" lon="9.730813508006973"><ele>2481.8</ele></trkpt><trkpt lat="46.52490152283851" lon="9.730775508049339"><ele>2481.6</ele></trkpt><trkpt lat="46.52493952293442" lon="9.730685508155245"><ele>2481.1</ele></trkpt><trkpt lat="46.5249495229534" lon="9.730634508178321"><ele>2481.0</ele></trkpt><trkpt lat="46.524976523069626" lon="9.730609508300772"><ele>2480.4</ele></trkpt><trkpt lat="46.52500652318538" lon="9.730493508428474"><ele>2479.8</ele></trkpt><trkpt lat="46.5250255231253" lon="9.73040250837294"><ele>2480.1</ele></trkpt><trkpt lat="46.525055523143045" lon="9.730273508400346"><ele>2480.0</ele></trkpt><trkpt lat="46.5250925232391" lon="9.73021050850469"><ele>2479.5</ele></trkpt><trkpt lat="46.52511252319869" lon="9.730145508467848"><ele>2479.7</ele></trkpt><trkpt lat="46.52513152329565" lon="9.73009450857167"><ele>2479.2</ele></trkpt><trkpt lat="46.52514252329472" lon="9.729990508577595"><ele>2479.2</ele></trkpt><trkpt lat="46.52517952342992" lon="9.72990050872392"><ele>2478.5</ele></trkpt><trkpt lat="46.525199523526716" lon="9.729836508828477"><ele>2478.0</ele></trkpt><trkpt lat="46.525227523701616" lon="9.72978550901304"><ele>2477.1</ele></trkpt><trkpt lat="46.52524652373972" lon="9.729708509057735"><ele>2476.9</ele></trkpt><trkpt lat="46.52522052374064" lon="9.729654509061104"><ele>2476.9</ele></trkpt><trkpt lat="46.525212523642836" lon="9.729602508963152"><ele>2477.4</ele></trkpt><trkpt lat="46.52521452354437" lon="9.729524508866621"><ele>2477.9</ele></trkpt><trkpt lat="46.525242523503806" lon="9.72949950882739"><ele>2478.1</ele></trkpt><trkpt lat="46.525251523444425" lon="9.729460508768941"><ele>2478.4</ele></trkpt><trkpt lat="46.525243523327056" lon="9.729434508649287"><ele>2479.0</ele></trkpt><trkpt lat="46.5252265231512" lon="9.729394508469904"><ele>2479.9</ele></trkpt><trkpt lat="46.525199523015125" lon="9.729367508330276"><ele>2480.6</ele></trkpt><trkpt lat="46.52518252281976" lon="9.729340508129935"><ele>2481.6</ele></trkpt><trkpt lat="46.52513752268466" lon="9.729351507988277"><ele>2482.3</ele></trkpt><trkpt lat="46.52512952254756" lon="9.729285507850738"><ele>2483.0</ele></trkpt><trkpt lat="46.52512152250855" lon="9.729246507812665"><ele>2483.2</ele></trkpt><trkpt lat="46.525086522294195" lon="9.729166507595373"><ele>2484.3</ele></trkpt><trkpt lat="46.52505252198175" lon="9.729073507277803"><ele>2485.9</ele></trkpt><trkpt lat="46.52505352170696" lon="9.72900850699869"><ele>2487.3</ele></trkpt><trkpt lat="46.52503752139379" lon="9.72894250667939"><ele>2488.9</ele></trkpt><trkpt lat="46.525002521277514" lon="9.728876506562333"><ele>2489.5</ele></trkpt><trkpt lat="46.52495852108328" lon="9.728822506363839"><ele>2490.5</ele></trkpt><trkpt lat="46.524933520946874" lon="9.728742506227302"><ele>2491.2</ele></trkpt><trkpt lat="46.524898520713066" lon="9.728689505988259"><ele>2492.4</ele></trkpt><trkpt lat="46.52488152051748" lon="9.72861050579098"><ele>2493.4</ele></trkpt><trkpt lat="46.52486452036126" lon="9.728570505631835"><ele>2494.2</ele></trkpt><trkpt lat="46.524841520557665" lon="9.728400505844016"><ele>2493.2</ele></trkpt><trkpt lat="46.52481652061714" lon="9.728281505911802"><ele>2492.9</ele></trkpt><trkpt lat="46.52482752067502" lon="9.728177505978366"><ele>2492.6</ele></trkpt><trkpt lat="46.52482952057655" lon="9.728099505881877"><ele>2493.1</ele></trkpt><trkpt lat="46.524841520104864" lon="9.727930505406738"><ele>2495.5</ele></trkpt><trkpt lat="46.52483351994823" lon="9.727878505248228"><ele>2496.3</ele></trkpt><trkpt lat="46.52480851973347" lon="9.727811505030145"><ele>2497.4</ele></trkpt><trkpt lat="46.52478151955813" lon="9.727771504850915"><ele>2498.3</ele></trkpt><trkpt lat="46.52475751906867" lon="9.727653504352977"><ele>2500.8</ele></trkpt><trkpt lat="46.52475051875499" lon="9.72756150403519"><ele>2502.4</ele></trkpt><trkpt lat="46.52472351861893" lon="9.727547503894854"><ele>2503.1</ele></trkpt><trkpt lat="46.52470651846275" lon="9.72750750373574"><ele>2503.9</ele></trkpt><trkpt lat="46.52469051805144" lon="9.727402503317801"><ele>2506.0</ele></trkpt><trkpt lat="46.52467451777735" lon="9.727310503040526"><ele>2507.4</ele></trkpt><trkpt lat="46.524622517289195" lon="9.727191502542974"><ele>2509.9</ele></trkpt><trkpt lat="46.52460451715276" lon="9.72717750240256"><ele>2510.6</ele></trkpt><trkpt lat="46.52456051680175" lon="9.727123502042533"><ele>2512.4</ele></trkpt><trkpt lat="46.52451751664671" lon="9.727069501884513"><ele>2513.2</ele></trkpt><trkpt lat="46.52449051660863" lon="9.727042501845954"><ele>2513.4</ele></trkpt><trkpt lat="46.52447351647212" lon="9.7270155017063"><ele>2514.1</ele></trkpt><trkpt lat="46.52444751617902" lon="9.726949501407423"><ele>2515.6</ele></trkpt><trkpt lat="46.52443851606187" lon="9.726961501285595"><ele>2516.2</ele></trkpt><trkpt lat="46.52442951602302" lon="9.72694850124605"><ele>2516.4</ele></trkpt><trkpt lat="46.52442951602302" lon="9.72694850124605"><ele>2516.4</ele></trkpt><trkpt lat="46.524494515999926" lon="9.726833501231996"><ele>2516.5</ele></trkpt><trkpt lat="46.524512516038286" lon="9.72683450127216"><ele>2516.3</ele></trkpt><trkpt lat="46.52448751586267" lon="9.726742501096016"><ele>2517.2</ele></trkpt><trkpt lat="46.52448751586267" lon="9.726742501096016"><ele>2517.2</ele></trkpt><trkpt lat="46.524523516154964" lon="9.726730501399375"><ele>2515.7</ele></trkpt><trkpt lat="46.52455151631035" lon="9.726705501562176"><ele>2514.9</ele></trkpt><trkpt lat="46.52470551675393" lon="9.72667350202718"><ele>2512.6</ele></trkpt><trkpt lat="46.52472351655694" lon="9.7266345018273"><ele>2513.6</ele></trkpt><trkpt lat="46.524857516766524" lon="9.726679502045569"><ele>2512.5</ele></trkpt><trkpt lat="46.5249665169965" lon="9.726632502289684"><ele>2511.3</ele></trkpt><trkpt lat="46.524993517171815" lon="9.726672502468878"><ele>2510.4</ele></trkpt><trkpt lat="46.52501151724936" lon="9.726660502550208"><ele>2510.0</ele></trkpt><trkpt lat="46.525038517248106" lon="9.726661502549888"><ele>2510.0</ele></trkpt><trkpt lat="46.52506551728602" lon="9.726649502590739"><ele>2509.8</ele></trkpt><trkpt lat="46.52513751740025" lon="9.726639502711835"><ele>2509.2</ele></trkpt><trkpt lat="46.52518251761386" lon="9.726654502932725"><ele>2508.1</ele></trkpt><trkpt lat="46.5252275177098" lon="9.726656503033176"><ele>2507.6</ele></trkpt><trkpt lat="46.525263517806145" lon="9.726644503134535"><ele>2507.1</ele></trkpt><trkpt lat="46.52529051790286" lon="9.726632503235981"><ele>2506.6</ele></trkpt><trkpt lat="46.52533551803796" lon="9.72663450337683"><ele>2505.9</ele></trkpt><trkpt lat="46.52537251795772" lon="9.726597503297846"><ele>2506.3</ele></trkpt><trkpt lat="46.52537351789867" lon="9.726558503239527"><ele>2506.6</ele></trkpt><trkpt lat="46.52538351785881" lon="9.72650650320208"><ele>2506.8</ele></trkpt><trkpt lat="46.52540151783827" lon="9.726481503183173"><ele>2506.9</ele></trkpt><trkpt lat="46.52541151768074" lon="9.726429503024528"><ele>2507.7</ele></trkpt><trkpt lat="46.52543951758122" lon="9.726378502926252"><ele>2508.2</ele></trkpt><trkpt lat="46.525468517559965" lon="9.726301502910289"><ele>2508.3</ele></trkpt><trkpt lat="46.52549751744066" lon="9.726224502793333"><ele>2508.9</ele></trkpt><trkpt lat="46.52552451749809" lon="9.72619950285514"><ele>2508.6</ele></trkpt><trkpt lat="46.52553451745827" lon="9.726160502816935"><ele>2508.8</ele></trkpt><trkpt lat="46.525525517399785" lon="9.726134502757949"><ele>2509.1</ele></trkpt><trkpt lat="46.52551751720388" lon="9.726081502559149"><ele>2510.1</ele></trkpt><trkpt lat="46.525546517202216" lon="9.726004502563388"><ele>2510.1</ele></trkpt><trkpt lat="46.52557351725966" lon="9.725979502625192"><ele>2509.8</ele></trkpt><trkpt lat="46.52562851721776" lon="9.725943502586379"><ele>2510.0</ele></trkpt><trkpt lat="46.525656517235966" lon="9.72591850260778"><ele>2509.9</ele></trkpt><trkpt lat="46.52567451723497" lon="9.725892502609128"><ele>2509.9</ele></trkpt><trkpt lat="46.52569251719491" lon="9.725880502569268"><ele>2510.1</ele></trkpt><trkpt lat="46.52570251711601" lon="9.725867502489141"><ele>2510.5</ele></trkpt><trkpt lat="46.52574751711375" lon="9.725830502490885"><ele>2510.5</ele></trkpt><trkpt lat="46.52575751725046" lon="9.725818502632878"><ele>2509.8</ele></trkpt><trkpt lat="46.525784517307976" lon="9.725806502693917"><ele>2509.5</ele></trkpt><trkpt lat="46.52581151726744" lon="9.72578150265473"><ele>2509.7</ele></trkpt><trkpt lat="46.52584751722666" lon="9.725808502612406"><ele>2509.9</ele></trkpt><trkpt lat="46.525865517186645" lon="9.725809502571776"><ele>2510.1</ele></trkpt><trkpt lat="46.52588351712693" lon="9.725797502511712"><ele>2510.4</ele></trkpt><trkpt lat="46.52590251726309" lon="9.725759502655146"><ele>2509.7</ele></trkpt><trkpt lat="46.52592151730122" lon="9.725707502698416"><ele>2509.5</ele></trkpt><trkpt lat="46.52594051722169" lon="9.725656502620433"><ele>2509.9</ele></trkpt><trkpt lat="46.5259425171035" lon="9.725539502506098"><ele>2510.5</ele></trkpt><trkpt lat="46.525962517043475" lon="9.725474502449126"><ele>2510.8</ele></trkpt><trkpt lat="46.525963516925614" lon="9.72542250233098"><ele>2511.4</ele></trkpt><trkpt lat="46.525972516944606" lon="9.725383502353386"><ele>2511.3</ele></trkpt><trkpt lat="46.52597351678754" lon="9.725331502194853"><ele>2512.1</ele></trkpt><trkpt lat="46.525984516531814" lon="9.725254501936712"><ele>2513.4</ele></trkpt><trkpt lat="46.525976516414445" lon="9.725227501817189"><ele>2514.0</ele></trkpt><trkpt lat="46.52598551633553" lon="9.725201501737846"><ele>2514.4</ele></trkpt><trkpt lat="46.52597051588466" lon="9.725044501282701"><ele>2516.7</ele></trkpt><trkpt lat="46.5259815157466" lon="9.724980501144987"><ele>2517.4</ele></trkpt><trkpt lat="46.52598151568771" lon="9.724954501085929"><ele>2517.7</ele></trkpt><trkpt lat="46.52599051562835" lon="9.724941501026017"><ele>2518.0</ele></trkpt><trkpt lat="46.52601151545044" lon="9.724811500851708"><ele>2518.9</ele></trkpt><trkpt lat="46.52600251527433" lon="9.724785500671562"><ele>2519.8</ele></trkpt><trkpt lat="46.52600451515629" lon="9.7247205005542"><ele>2520.4</ele></trkpt><trkpt lat="46.526014515018396" lon="9.724668500415797"><ele>2521.1</ele></trkpt><trkpt lat="46.526024514801975" lon="9.724603500197384"><ele>2522.2</ele></trkpt><trkpt lat="46.52602651444863" lon="9.724512499839218"><ele>2524.0</ele></trkpt><trkpt lat="46.52601751427247" lon="9.724486499659081"><ele>2524.9</ele></trkpt><trkpt lat="46.526018514174304" lon="9.724460499559633"><ele>2525.4</ele></trkpt><trkpt lat="46.52602851407571" lon="9.724434499460099"><ele>2525.9</ele></trkpt><trkpt lat="46.5260295139382" lon="9.724382499321795"><ele>2526.6</ele></trkpt><trkpt lat="46.52604851383913" lon="9.72433049922371"><ele>2527.1</ele></trkpt><trkpt lat="46.52605851370116" lon="9.724279499085261"><ele>2527.8</ele></trkpt><trkpt lat="46.526049513544564" lon="9.72423949892616"><ele>2528.6</ele></trkpt><trkpt lat="46.52604351328949" lon="9.724122498670608"><ele>2529.9</ele></trkpt><trkpt lat="46.52603551305441" lon="9.724069498431493"><ele>2531.1</ele></trkpt><trkpt lat="46.526036512936514" lon="9.724017498313398"><ele>2531.7</ele></trkpt><trkpt lat="46.526055512837374" lon="9.723966498215264"><ele>2532.2</ele></trkpt><trkpt lat="46.52607451271862" lon="9.723914498096994"><ele>2532.8</ele></trkpt><trkpt lat="46.526074512581275" lon="9.723888497957182"><ele>2533.5</ele></trkpt><trkpt lat="46.526057512483995" lon="9.723875497857145"><ele>2534.0</ele></trkpt><trkpt lat="46.526039512327856" lon="9.723848497697372"><ele>2534.8</ele></trkpt><trkpt lat="46.526049512248875" lon="9.723822497618041"><ele>2535.2</ele></trkpt><trkpt lat="46.526067512150014" lon="9.723823497516841"><ele>2535.7</ele></trkpt><trkpt lat="46.526077512051295" lon="9.723771497418863"><ele>2536.2</ele></trkpt><trkpt lat="46.52608751193297" lon="9.723719497300687"><ele>2536.8</ele></trkpt><trkpt lat="46.52609751159888" lon="9.723642496961874"><ele>2538.5</ele></trkpt><trkpt lat="46.526101511068646" lon="9.723485496425951"><ele>2541.2</ele></trkpt><trkpt lat="46.52612151096931" lon="9.72338249633092"><ele>2541.7</ele></trkpt><trkpt lat="46.52613951081145" lon="9.723343496171523"><ele>2542.5</ele></trkpt><trkpt lat="46.52614251014421" lon="9.72322649549192"><ele>2545.9</ele></trkpt><trkpt lat="46.52613351002697" lon="9.723213495371628"><ele>2546.5</ele></trkpt><trkpt lat="46.52613350994845" lon="9.723200495291636"><ele>2546.9</ele></trkpt><trkpt lat="46.52616150986863" lon="9.723175495212084"><ele>2547.3</ele></trkpt><trkpt lat="46.526170509711314" lon="9.72316249505124"><ele>2548.1</ele></trkpt><trkpt lat="46.526180509455784" lon="9.723123494790972"><ele>2549.4</ele></trkpt><trkpt lat="46.5262175090813" lon="9.723060494410722"><ele>2551.3</ele></trkpt><trkpt lat="46.52621850872807" lon="9.723008494050367"><ele>2553.1</ele></trkpt><trkpt lat="46.526246508510866" lon="9.722944493831811"><ele>2554.2</ele></trkpt><trkpt lat="46.5262485082361" lon="9.722892493552221"><ele>2555.6</ele></trkpt><trkpt lat="46.52629550772365" lon="9.722789493032952"><ele>2558.2</ele></trkpt><trkpt lat="46.52632250752616" lon="9.72275149283305"><ele>2559.2</ele></trkpt><trkpt lat="46.526360507033885" lon="9.722675492332463"><ele>2561.7</ele></trkpt><trkpt lat="46.52639750681628" lon="9.722624492113058"><ele>2562.8</ele></trkpt><trkpt lat="46.52640650673726" lon="9.722598492033768"><ele>2563.2</ele></trkpt><trkpt lat="46.526416506697544" lon="9.72258649199401"><ele>2563.4</ele></trkpt><trkpt lat="46.526434506598655" lon="9.722587491892819"><ele>2563.9</ele></trkpt><trkpt lat="46.52643450657905" lon="9.722574491873406"><ele>2564.0</ele></trkpt><trkpt lat="46.526462506420664" lon="9.722536491713887"><ele>2564.8</ele></trkpt><trkpt lat="46.52646350616544" lon="9.722470491455365"><ele>2566.1</ele></trkpt><trkpt lat="46.52649150600712" lon="9.722433491295789"><ele>2566.9</ele></trkpt><trkpt lat="46.52651850598624" lon="9.722434491275274"><ele>2567.0</ele></trkpt><trkpt lat="46.52651850588812" lon="9.722408491175884"><ele>2567.5</ele></trkpt><trkpt lat="46.5265555056117" lon="9.722357490895922"><ele>2568.9</ele></trkpt><trkpt lat="46.526574505591086" lon="9.72234549087627"><ele>2569.0</ele></trkpt><trkpt lat="46.52660150551132" lon="9.722333490795965"><ele>2569.4</ele></trkpt><trkpt lat="46.52661950545163" lon="9.722321490735942"><ele>2569.7</ele></trkpt><trkpt lat="46.52667350531169" lon="9.72229749059552"><ele>2570.4</ele></trkpt><trkpt lat="46.52669250525184" lon="9.722272490536271"><ele>2570.7</ele></trkpt><trkpt lat="46.52669250505567" lon="9.722245490335993"><ele>2571.7</ele></trkpt><trkpt lat="46.52672950475968" lon="9.722208490035014"><ele>2573.2</ele></trkpt><trkpt lat="46.526765504659885" lon="9.72220948993365"><ele>2573.7</ele></trkpt><trkpt lat="46.52680150469747" lon="9.72222448997277"><ele>2573.5</ele></trkpt><trkpt lat="46.52682850459822" lon="9.722238489870714"><ele>2574.0</ele></trkpt><trkpt lat="46.526864504400436" lon="9.72224048966834"><ele>2575.0</ele></trkpt><trkpt lat="46.526900504241816" lon="9.72222848950719"><ele>2575.8</ele></trkpt><trkpt lat="46.52690050412407" lon="9.72220248938762"><ele>2576.4</ele></trkpt><trkpt lat="46.52691050394709" lon="9.722189489206599"><ele>2577.3</ele></trkpt><trkpt lat="46.52694650371011" lon="9.722191488963844"><ele>2578.5</ele></trkpt><trkpt lat="46.52700050331523" lon="9.722154488561756"><ele>2580.5</ele></trkpt><trkpt lat="46.52702850321582" lon="9.722142488461254"><ele>2581.0</ele></trkpt><trkpt lat="46.52704650321494" lon="9.722143488461018"><ele>2581.0</ele></trkpt><trkpt lat="46.52709950315368" lon="9.722171488398237"><ele>2581.3</ele></trkpt><trkpt lat="46.52709950309491" lon="9.722184488336879"><ele>2581.6</ele></trkpt><trkpt lat="46.527108503035684" lon="9.72218548827616"><ele>2581.9</ele></trkpt><trkpt lat="46.527126502819044" lon="9.722159488055466"><ele>2583.0</ele></trkpt><trkpt lat="46.52712650276019" lon="9.7221594879949"><ele>2583.3</ele></trkpt><trkpt lat="46.527136502641966" lon="9.72213448787517"><ele>2583.9</ele></trkpt><trkpt lat="46.52712850256368" lon="9.722081487797697"><ele>2584.3</ele></trkpt><trkpt lat="46.527119502505236" lon="9.722068487738005"><ele>2584.6</ele></trkpt><trkpt lat="46.52712050240707" lon="9.72204248763862"><ele>2585.1</ele></trkpt><trkpt lat="46.52713850221007" lon="9.722030487437273"><ele>2586.1</ele></trkpt><trkpt lat="46.52715650215039" lon="9.722030487376529"><ele>2586.4</ele></trkpt><trkpt lat="46.527156502091515" lon="9.722017487316748"><ele>2586.7</ele></trkpt><trkpt lat="46.527156501934584" lon="9.722004487156017"><ele>2587.5</ele></trkpt><trkpt lat="46.52717650156074" lon="9.721927486776886"><ele>2589.4</ele></trkpt><trkpt lat="46.527186501246256" lon="9.721862486457706"><ele>2591.0</ele></trkpt><trkpt lat="46.52720550104907" lon="9.72181148625872"><ele>2592.0</ele></trkpt><trkpt lat="46.527223500910885" lon="9.721798486118006"><ele>2592.7</ele></trkpt><trkpt lat="46.527223500910885" lon="9.721798486118006"><ele>2592.7</ele></trkpt><trkpt lat="46.527259500673885" lon="9.721800485875262"><ele>2593.9</ele></trkpt><trkpt lat="46.52729450039803" lon="9.721867485588204"><ele>2595.3</ele></trkpt><trkpt lat="46.52730350033886" lon="9.721893485525971"><ele>2595.6</ele></trkpt><trkpt lat="46.5273295000633" lon="9.721933485240632"><ele>2597.0</ele></trkpt><trkpt lat="46.52734649992533" lon="9.7219604850975"><ele>2597.7</ele></trkpt><trkpt lat="46.52738249966872" lon="9.721975484833768"><ele>2599.0</ele></trkpt><trkpt lat="46.52740049945209" lon="9.72194948461309"><ele>2600.1</ele></trkpt><trkpt lat="46.52741949935304" lon="9.721937484512685"><ele>2600.6</ele></trkpt><trkpt lat="46.52743749927361" lon="9.721899484434063"><ele>2601.0</ele></trkpt><trkpt lat="46.527456499115765" lon="9.721886484273153"><ele>2601.8</ele></trkpt><trkpt lat="46.52748349897705" lon="9.721849484133811"><ele>2602.5</ele></trkpt><trkpt lat="46.52752049875941" lon="9.721811483913683"><ele>2603.6</ele></trkpt><trkpt lat="46.527594498520195" lon="9.721723483676048"><ele>2604.8</ele></trkpt><trkpt lat="46.52761349840145" lon="9.721684483557102"><ele>2605.4</ele></trkpt><trkpt lat="46.52764049822357" lon="9.721647483377387"><ele>2606.3</ele></trkpt><trkpt lat="46.52766849806518" lon="9.721622483217127"><ele>2607.1</ele></trkpt><trkpt lat="46.527750497806046" lon="9.721560482957647"><ele>2608.4</ele></trkpt><trkpt lat="46.52782449748836" lon="9.721472482639271"><ele>2610.0</ele></trkpt><trkpt lat="46.527843497310734" lon="9.72140748246136"><ele>2610.9</ele></trkpt><trkpt lat="46.52789049717087" lon="9.721331482324226"><ele>2611.6</ele></trkpt><trkpt lat="46.52795449699096" lon="9.721256482146478"><ele>2612.5</ele></trkpt><trkpt lat="46.52799249677312" lon="9.72119248192795"><ele>2613.6</ele></trkpt><trkpt lat="46.52807549657259" lon="9.721091481731424"><ele>2614.6</ele></trkpt><trkpt lat="46.528121496609394" lon="9.721041481774401"><ele>2614.4</ele></trkpt><trkpt lat="46.52814949654892" lon="9.720977481717476"><ele>2614.7</ele></trkpt><trkpt lat="46.52818649658613" lon="9.720926481760598"><ele>2614.5</ele></trkpt><trkpt lat="46.528260496464426" lon="9.720812481645716"><ele>2615.1</ele></trkpt><trkpt lat="46.528334496303565" lon="9.720724481488872"><ele>2615.9</ele></trkpt><trkpt lat="46.528371496242755" lon="9.720686481430265"><ele>2616.2</ele></trkpt><trkpt lat="46.528398496202094" lon="9.720648481391958"><ele>2616.4</ele></trkpt><trkpt lat="46.528426496181" lon="9.720624481372955"><ele>2616.5</ele></trkpt><trkpt lat="46.52851849601926" lon="9.720523481216736"><ele>2617.3</ele></trkpt><trkpt lat="46.52855449599784" lon="9.720512481196865"><ele>2617.4</ele></trkpt><trkpt lat="46.52858249595709" lon="9.720461481159337"><ele>2617.6</ele></trkpt><trkpt lat="46.528619495955105" lon="9.720423481161292"><ele>2617.6</ele></trkpt><trkpt lat="46.528665495893854" lon="9.720373481103344"><ele>2617.9</ele></trkpt><trkpt lat="46.52871149595024" lon="9.720336481165708"><ele>2617.6</ele></trkpt><trkpt lat="46.52875649573226" lon="9.720311480944746"><ele>2618.7</ele></trkpt><trkpt lat="46.52880249565147" lon="9.720274480865811"><ele>2619.1</ele></trkpt><trkpt lat="46.52882949557166" lon="9.720262480785532"><ele>2619.5</ele></trkpt><trkpt lat="46.52884749549227" lon="9.72025048070535"><ele>2619.9</ele></trkpt><trkpt lat="46.52887549545157" lon="9.720225480666235"><ele>2620.1</ele></trkpt><trkpt lat="46.52891149552824" lon="9.720214480747286"><ele>2619.7</ele></trkpt><trkpt lat="46.52892949548814" lon="9.720214480706733"><ele>2619.9</ele></trkpt><trkpt lat="46.52897449538788" lon="9.720203480606033"><ele>2620.4</ele></trkpt><trkpt lat="46.529020495483664" lon="9.720192480707174"><ele>2619.9</ele></trkpt><trkpt lat="46.52904749558035" lon="9.72018048080857"><ele>2619.4</ele></trkpt><trkpt lat="46.52909249573508" lon="9.720195480968682"><ele>2618.6</ele></trkpt><trkpt lat="46.529136495615276" lon="9.72019748084701"><ele>2619.2</ele></trkpt><trkpt lat="46.529154495536" lon="9.720198480766028"><ele>2619.6</ele></trkpt><trkpt lat="46.52918149545627" lon="9.72019948068495"><ele>2620.0</ele></trkpt><trkpt lat="46.52919049539702" lon="9.720212480623509"><ele>2620.3</ele></trkpt><trkpt lat="46.529199495259455" lon="9.720239480480462"><ele>2621.0</ele></trkpt><trkpt lat="46.52920749521989" lon="9.720252480439212"><ele>2621.2</ele></trkpt><trkpt lat="46.52922549506211" lon="9.720253480277485"><ele>2622.0</ele></trkpt><trkpt lat="46.529296494549016" lon="9.720308479748569"><ele>2624.6</ele></trkpt><trkpt lat="46.52933249431192" lon="9.720310479505851"><ele>2625.8</ele></trkpt><trkpt lat="46.52935949419307" lon="9.720337479382808"><ele>2626.4</ele></trkpt><trkpt lat="46.529394494171825" lon="9.720351479361408"><ele>2626.5</ele></trkpt><trkpt lat="46.52941249411217" lon="9.720365479299812"><ele>2626.8</ele></trkpt><trkpt lat="46.529412494073014" lon="9.72037847925864"><ele>2627.0</ele></trkpt><trkpt lat="46.52942049395512" lon="9.720418479134985"><ele>2627.6</ele></trkpt><trkpt lat="46.52944649407169" lon="9.72045847925338"><ele>2627.0</ele></trkpt><trkpt lat="46.529461494091336" lon="9.72062847926297"><ele>2626.9</ele></trkpt><trkpt lat="46.529469494130396" lon="9.720681479300003"><ele>2626.7</ele></trkpt><trkpt lat="46.5294684941699" lon="9.720733479337186"><ele>2626.5</ele></trkpt><trkpt lat="46.52945849428821" lon="9.720771479456076"><ele>2625.9</ele></trkpt><trkpt lat="46.52943949442652" lon="9.72079747959598"><ele>2625.2</ele></trkpt><trkpt lat="46.52943949442652" lon="9.72079747959598"><ele>2625.2</ele></trkpt><trkpt lat="46.5294464943678" lon="9.720901479528958"><ele>2625.5</ele></trkpt><trkpt lat="46.5294464943678" lon="9.720901479528958"><ele>2625.5</ele></trkpt><trkpt lat="46.52944649434833" lon="9.720927479507171"><ele>2625.6</ele></trkpt><trkpt lat="46.52945449423037" lon="9.720954479384313"><ele>2626.2</ele></trkpt><trkpt lat="46.5294714940337" lon="9.721020479178204"><ele>2627.2</ele></trkpt><trkpt lat="46.5294874940725" lon="9.721099479213564"><ele>2627.0</ele></trkpt><trkpt lat="46.52948649403367" lon="9.721177479168398"><ele>2627.2</ele></trkpt><trkpt lat="46.529492493935834" lon="9.721294479060205"><ele>2627.7</ele></trkpt><trkpt lat="46.52951049389587" lon="9.72133447901719"><ele>2627.9</ele></trkpt><trkpt lat="46.5295184938564" lon="9.721361478975073"><ele>2628.1</ele></trkpt><trkpt lat="46.52950749373967" lon="9.721464478847714"><ele>2628.7</ele></trkpt><trkpt lat="46.52949749366197" lon="9.721516478763862"><ele>2629.1</ele></trkpt><trkpt lat="46.52949749364239" lon="9.72152947874287"><ele>2629.2</ele></trkpt><trkpt lat="46.52952449350379" lon="9.721530478601217"><ele>2629.9</ele></trkpt><trkpt lat="46.529541493542254" lon="9.721544478640562"><ele>2629.7</ele></trkpt><trkpt lat="46.52955849362022" lon="9.721623478716289"><ele>2629.3</ele></trkpt><trkpt lat="46.52958449367799" lon="9.721663478774131"><ele>2629.0</ele></trkpt><trkpt lat="46.52960149367734" lon="9.7217034787715"><ele>2629.0</ele></trkpt><trkpt lat="46.529618493676786" lon="9.721769478767266"><ele>2629.0</ele></trkpt><trkpt lat="46.52963549367613" lon="9.721809478764634"><ele>2629.0</ele></trkpt><trkpt lat="46.529662493714135" lon="9.72183647880308"><ele>2628.8</ele></trkpt><trkpt lat="46.52968849367381" lon="9.721863478760783"><ele>2629.0</ele></trkpt><trkpt lat="46.52969749365372" lon="9.721864478740441"><ele>2629.1</ele></trkpt><trkpt lat="46.52969649369316" lon="9.721890478779232"><ele>2628.9</ele></trkpt><trkpt lat="46.52968749373291" lon="9.721915478818158"><ele>2628.7</ele></trkpt><trkpt lat="46.52969549375231" lon="9.72195547883581"><ele>2628.6</ele></trkpt><trkpt lat="46.5296854935765" lon="9.722007478651003"><ele>2629.5</ele></trkpt><trkpt lat="46.529694493497686" lon="9.722020478569348"><ele>2629.9</ele></trkpt><trkpt lat="46.529720493339674" lon="9.722060478405105"><ele>2630.7</ele></trkpt><trkpt lat="46.52973749322135" lon="9.722100478281336"><ele>2631.3</ele></trkpt><trkpt lat="46.529728493163084" lon="9.722126478219252"><ele>2631.6</ele></trkpt><trkpt lat="46.52974449302546" lon="9.722231478071288"><ele>2632.3</ele></trkpt><trkpt lat="46.52976149292682" lon="9.722284477966904"><ele>2632.8</ele></trkpt><trkpt lat="46.52978649284744" lon="9.722363477881022"><ele>2633.2</ele></trkpt><trkpt lat="46.52980249314132" lon="9.722468478177253"><ele>2631.7</ele></trkpt><trkpt lat="46.529837493159484" lon="9.722522478193765"><ele>2631.6</ele></trkpt><trkpt lat="46.529845493061266" lon="9.722574478089527"><ele>2632.1</ele></trkpt><trkpt lat="46.52987149290324" lon="9.72260147792607"><ele>2632.9</ele></trkpt><trkpt lat="46.529870492805465" lon="9.722666477821118"><ele>2633.4</ele></trkpt><trkpt lat="46.52987849266799" lon="9.722706477677228"><ele>2634.1</ele></trkpt><trkpt lat="46.52988649251087" lon="9.72274547751321"><ele>2634.9</ele></trkpt><trkpt lat="46.529903492353384" lon="9.722798477348235"><ele>2635.7</ele></trkpt><trkpt lat="46.52990349227503" lon="9.722824477265863"><ele>2636.1</ele></trkpt><trkpt lat="46.529892492040645" lon="9.722915477018052"><ele>2637.3</ele></trkpt><trkpt lat="46.529864491983375" lon="9.72296647695461"><ele>2637.6</ele></trkpt><trkpt lat="46.529862491944726" lon="9.723070476907823"><ele>2637.8</ele></trkpt><trkpt lat="46.529851491847495" lon="9.723148476802152"><ele>2638.3</ele></trkpt><trkpt lat="46.52983349184851" lon="9.723173476800792"><ele>2638.3</ele></trkpt><trkpt lat="46.52981249161485" lon="9.723316476549858"><ele>2639.5</ele></trkpt><trkpt lat="46.529792491321906" lon="9.723380476243204"><ele>2641.0</ele></trkpt><trkpt lat="46.529765491225355" lon="9.72341847614016"><ele>2641.5</ele></trkpt><trkpt lat="46.52975549110838" lon="9.723470476015885"><ele>2642.1</ele></trkpt><trkpt lat="46.52972749103151" lon="9.723521475932243"><ele>2642.5</ele></trkpt><trkpt lat="46.52972549087498" lon="9.723586475766691"><ele>2643.3</ele></trkpt><trkpt lat="46.52970649071935" lon="9.723650475601374"><ele>2644.1</ele></trkpt><trkpt lat="46.52968849064187" lon="9.723676475519168"><ele>2644.5</ele></trkpt><trkpt lat="46.529660490486435" lon="9.72370147535635"><ele>2645.3</ele></trkpt><trkpt lat="46.52965149042811" lon="9.72371347529512"><ele>2645.6</ele></trkpt><trkpt lat="46.5296324904881" lon="9.723765475352671"><ele>2645.3</ele></trkpt><trkpt lat="46.529622490508345" lon="9.723803475370614"><ele>2645.2</ele></trkpt><trkpt lat="46.52961249050897" lon="9.723829475369106"><ele>2645.2</ele></trkpt><trkpt lat="46.52959449041195" lon="9.72386747526596"><ele>2645.7</ele></trkpt><trkpt lat="46.529548490434" lon="9.723905475284266"><ele>2645.6</ele></trkpt><trkpt lat="46.52951049029891" lon="9.723981475138581"><ele>2646.3</ele></trkpt><trkpt lat="46.52950149029951" lon="9.724020475136255"><ele>2646.3</ele></trkpt><trkpt lat="46.52952649014168" lon="9.724086474970361"><ele>2647.1</ele></trkpt><trkpt lat="46.52956149002251" lon="9.724140474845488"><ele>2647.7</ele></trkpt></trkseg></trk></gpx>