<?xml version="1.0" encoding="utf-8"?><gpx version="1.1" creator="MySchweizMobil - https://map.schweizmobil.ch/" xmlns:xsi="http://www.w3.org/2001/XMLSchema-instance" xmlns="http://www.topografix.com/GPX/1/1" xsi:schemaLocation="http://www.topografix.com/GPX/1/1 http://www.topografix.com/GPX/1/1/gpx.xsd"><metadata><name>6 Alpine Passes Trail - Stage 2</name><bounds minlat="46.48839848825308" minlon="9.652440613126403" maxlat="46.529903492353384" maxlon="9.724140474845488" /></metadata><trk><name>6 Alpine Passes Trail - Stage 2</name><trkseg><trkpt lat="46.52956149002251" lon="9.724140474845488"><ele>2647.7</ele></trkpt><trkpt lat="46.52952649014168" lon="9.724086474970361"><ele>2647.1</ele></trkpt><trkpt lat="46.52950149029951" lon="9.724020475136255"><ele>2646.3</ele></trkpt><trkpt lat="46.52951049029891" lon="9.723981475138581"><ele>2646.3</ele></trkpt><trkpt lat="46.529548490434" lon="9.723905475284266"><ele>2645.6</ele></trkpt><trkpt lat="46.52959449041195" lon="9.72386747526596"><ele>2645.7</ele></trkpt><trkpt lat="46.52961249050897" lon="9.723829475369106"><ele>2645.2</ele></trkpt><trkpt lat="46.529622490508345" lon="9.723803475370614"><ele>2645.2</ele></trkpt><trkpt lat="46.5296324904881" lon="9.723765475352671"><ele>2645.3</ele></trkpt><trkpt lat="46.52965149042811" lon="9.72371347529512"><ele>2645.6</ele></trkpt><trkpt lat="46.529660490486435" lon="9.72370147535635"><ele>2645.3</ele></trkpt><trkpt lat="46.52968849064187" lon="9.723676475519168"><ele>2644.5</ele></trkpt><trkpt lat="46.52970649071935" lon="9.723650475601374"><ele>2644.1</ele></trkpt><trkpt lat="46.52972549087498" lon="9.723586475766691"><ele>2643.3</ele></trkpt><trkpt lat="46.52972749103151" lon="9.723521475932243"><ele>2642.5</ele></trkpt><trkpt lat="46.52975549110838" lon="9.723470476015885"><ele>2642.1</ele></trkpt><trkpt lat="46.529765491225355" lon="9.72341847614016"><ele>2641.5</ele></trkpt><trkpt lat="46.529792491321906" lon="9.723380476243204"><ele>2641.0</ele></trkpt><trkpt lat="46.52981249161485" lon="9.723316476549858"><ele>2639.5</ele></trkpt><trkpt lat="46.52983349184851" lon="9.723173476800792"><ele>2638.3</ele></trkpt><trkpt lat="46.529851491847495" lon="9.723148476802152"><ele>2638.3</ele></trkpt><trkpt lat="46.529862491944726" lon="9.723070476907823"><ele>2637.8</ele></trkpt><trkpt lat="46.529864491983375" lon="9.72296647695461"><ele>2637.6</ele></trkpt><trkpt lat="46.529892492040645" lon="9.722915477018052"><ele>2637.3</ele></trkpt><trkpt lat="46.52990349227503" lon="9.722824477265863"><ele>2636.1</ele></trkpt><trkpt lat="46.529903492353384" lon="9.722798477348235"><ele>2635.7</ele></trkpt><trkpt lat="46.52988649251087" lon="9.72274547751321"><ele>2634.9</ele></trkpt><trkpt lat="46.52987849266799" lon="9.722706477677228"><ele>2634.1</ele></trkpt><trkpt lat="46.529870492805465" lon="9.722666477821118"><ele>2633.4</ele></trkpt><trkpt lat="46.52987149290324" lon="9.72260147792607"><ele>2632.9</ele></trkpt><trkpt lat="46.529845493061266" lon="9.722574478089527"><ele>2632.1</ele></trkpt><trkpt lat="46.529837493159484" lon="9.722522478193765"><ele>2631.6</ele></trkpt><trkpt lat="46.52980249314132" lon="9.722468478177253"><ele>2631.7</ele></trkpt><trkpt lat="46.52978649284744" lon="9.722363477881022"><ele>2633.2</ele></trkpt><trkpt lat="46.52976149292682" lon="9.722284477966904"><ele>2632.8</ele></trkpt><trkpt lat="46.52974449302546" lon="9.722231478071288"><ele>2632.3</ele></trkpt><trkpt lat="46.529728493163084" lon="9.722126478219252"><ele>2631.6</ele></trkpt><trkpt lat="46.52973749322135" lon="9.722100478281336"><ele>2631.3</ele></trkpt><trkpt lat="46.529720493339674" lon="9.722060478405105"><ele>2630.7</ele></trkpt><trkpt lat="46.529694493497686" lon="9.722020478569348"><ele>2629.9</ele></trkpt><trkpt lat="46.5296854935765" lon="9.722007478651003"><ele>2629.5</ele></trkpt><trkpt lat="46.52969549375231" lon="9.72195547883581"><ele>2628.6</ele></trkpt><trkpt lat="46.52968749373291" lon="9.721915478818158"><ele>2628.7</ele></trkpt><trkpt lat="46.52969649369316" lon="9.721890478779232"><ele>2628.9</ele></trkpt><trkpt lat="46.52969749365372" lon="9.721864478740441"><ele>2629.1</ele></trkpt><trkpt lat="46.52968849367381" lon="9.721863478760783"><ele>2629.0</ele></trkpt><trkpt lat="46.529662493714135" lon="9.72183647880308"><ele>2628.8</ele></trkpt><trkpt lat="46.52963549367613" lon="9.721809478764634"><ele>2629.0</ele></trkpt><trkpt lat="46.529618493676786" lon="9.721769478767266"><ele>2629.0</ele></trkpt><trkpt lat="46.52960149367734" lon="9.7217034787715"><ele>2629.0</ele></trkpt><trkpt lat="46.52958449367799" lon="9.721663478774131"><ele>2629.0</ele></trkpt><trkpt lat="46.52955849362022" lon="9.721623478716289"><ele>2629.3</ele></trkpt><trkpt lat="46.529541493542254" lon="9.721544478640562"><ele>2629.7</ele></trkpt><trkpt lat="46.52952449350379" lon="9.721530478601217"><ele>2629.9</ele></trkpt><trkpt lat="46.52949749364239" lon="9.72152947874287"><ele>2629.2</ele></trkpt><trkpt lat="46.52949749366197" lon="9.721516478763862"><ele>2629.1</ele></trkpt><trkpt lat="46.52950749373967" lon="9.721464478847714"><ele>2628.7</ele></trkpt><trkpt lat="46.5295184938564" lon="9.721361478975073"><ele>2628.1</ele></trkpt><trkpt lat="46.52951049389587" lon="9.72133447901719"><ele>2627.9</ele></trkpt><trkpt lat="46.529492493935834" lon="9.721294479060205"><ele>2627.7</ele></trkpt><trkpt lat="46.52948649403367" lon="9.721177479168398"><ele>2627.2</ele></trkpt><trkpt lat="46.5294874940725" lon="9.721099479213564"><ele>2627.0</ele></trkpt><trkpt lat="46.5294714940337" lon="9.721020479178204"><ele>2627.2</ele></trkpt><trkpt lat="46.52945449423037" lon="9.720954479384313"><ele>2626.2</ele></trkpt><trkpt lat="46.52944649434833" lon="9.720927479507171"><ele>2625.6</ele></trkpt><trkpt lat="46.5294464943678" lon="9.720901479528958"><ele>2625.5</ele></trkpt><trkpt lat="46.5294464943678" lon="9.720901479528958"><ele>2625.5</ele></trkpt><trkpt lat="46.52943949442652" lon="9.72079747959598"><ele>2625.2</ele></trkpt><trkpt lat="46.52943949442652" lon="9.72079747959598"><ele>2625.2</ele></trkpt><trkpt lat="46.52945849428821" lon="9.720771479456076"><ele>2625.9</ele></trkpt><trkpt lat="46.5294684941699" lon="9.720733479337186"><ele>2626.5</ele></trkpt><trkpt lat="46.529469494130396" lon="9.720681479300003"><ele>2626.7</ele></trkpt><trkpt lat="46.529461494091336" lon="9.72062847926297"><ele>2626.9</ele></trkpt><trkpt lat="46.52944649407169" lon="9.72045847925338"><ele>2627.0</ele></trkpt><trkpt lat="46.52942049395512" lon="9.720418479134985"><ele>2627.6</ele></trkpt><trkpt lat="46.529412494073014" lon="9.72037847925864"><ele>2627.0</ele></trkpt><trkpt lat="46.52941249411217" lon="9.720365479299812"><ele>2626.8</ele></trkpt><trkpt lat="46.529394494171825" lon="9.720351479361408"><ele>2626.5</ele></trkpt><trkpt lat="46.52935949419307" lon="9.720337479382808"><ele>2626.4</ele></trkpt><trkpt lat="46.52933249431192" lon="9.720310479505851"><ele>2625.8</ele></trkpt><trkpt lat="46.529296494549016" lon="9.720308479748569"><ele>2624.6</ele></trkpt><trkpt lat="46.52922549506211" lon="9.720253480277485"><ele>2622.0</ele></trkpt><trkpt lat="46.52920749521989" lon="9.720252480439212"><ele>2621.2</ele></trkpt><trkpt lat="46.529199495259455" lon="9.720239480480462"><ele>2621.0</ele></trkpt><trkpt lat="46.52919049539702" lon="9.720212480623509"><ele>2620.3</ele></trkpt><trkpt lat="46.52918149545627" lon="9.72019948068495"><ele>2620.0</ele></trkpt><trkpt lat="46.529154495536" lon="9.720198480766028"><ele>2619.6</ele></trkpt><trkpt lat="46.529136495615276" lon="9.72019748084701"><ele>2619.2</ele></trkpt><trkpt lat="46.52909249573508" lon="9.720195480968682"><ele>2618.6</ele></trkpt><trkpt lat="46.52904749558035" lon="9.72018048080857"><ele>2619.4</ele></trkpt><trkpt lat="46.529020495483664" lon="9.720192480707174"><ele>2619.9</ele></trkpt><trkpt lat="46.52897449538788" lon="9.720203480606033"><ele>2620.4</ele></trkpt><trkpt lat="46.52892949548814" lon="9.720214480706733"><ele>2619.9</ele></trkpt><trkpt lat="46.52891149552824" lon="9.720214480747286"><ele>2619.7</ele></trkpt><trkpt lat="46.52887549545157" lon="9.720225480666235"><ele>2620.1</ele></trkpt><trkpt lat="46.52884749549227" lon="9.72025048070535"><ele>2619.9</ele></trkpt><trkpt lat="46.52882949557166" lon="9.720262480785532"><ele>2619.5</ele></trkpt><trkpt lat="46.52880249565147" lon="9.720274480865811"><ele>2619.1</ele></trkpt><trkpt lat="46.52875649573226" lon="9.720311480944746"><ele>2618.7</ele></trkpt><trkpt lat="46.52871149595024" lon="9.720336481165708"><ele>2617.6</ele></trkpt><trkpt lat="46.528665495893854" lon="9.720373481103344"><ele>2617.9</ele></trkpt><trkpt lat="46.528619495955105" lon="9.720423481161292"><ele>2617.6</ele></trkpt><trkpt lat="46.52858249595709" lon="9.720461481159337"><ele>2617.6</ele></trkpt><trkpt lat="46.52855449599784" lon="9.720512481196865"><ele>2617.4</ele></trkpt><trkpt lat="46.52851849601926" lon="9.720523481216736"><ele>2617.3</ele></trkpt><trkpt lat="46.528426496181" lon="9.720624481372955"><ele>2616.5</ele></trkpt><trkpt lat="46.528398496202094" lon="9.720648481391958"><ele>2616.4</ele></trkpt><trkpt lat="46.528371496242755" lon="9.720686481430265"><ele>2616.2</ele></trkpt><trkpt lat="46.528334496303565" lon="9.720724481488872"><ele>2615.9</ele></trkpt><trkpt lat="46.528260496464426" lon="9.720812481645716"><ele>2615.1</ele></trkpt><trkpt lat="46.52818649658613" lon="9.720926481760598"><ele>2614.5</ele></trkpt><trkpt lat="46.52814949654892" lon="9.720977481717476"><ele>2614.7</ele></trkpt><trkpt lat="46.528121496609394" lon="9.721041481774401"><ele>2614.4</ele></trkpt><trkpt lat="46.52807549657259" lon="9.721091481731424"><ele>2614.6</ele></trkpt><trkpt lat="46.52799249677312" lon="9.72119248192795"><ele>2613.6</ele></trkpt><trkpt lat="46.52795449699096" lon="9.721256482146478"><ele>2612.5</ele></trkpt><trkpt lat="46.52789049717087" lon="9.721331482324226"><ele>2611.6</ele></trkpt><trkpt lat="46.527843497310734" lon="9.72140748246136"><ele>2610.9</ele></trkpt><trkpt lat="46.52782449748836" lon="9.721472482639271"><ele>2610.0</ele></trkpt><trkpt lat="46.527750497806046" lon="9.721560482957647"><ele>2608.4</ele></trkpt><trkpt lat="46.52766849806518" lon="9.721622483217127"><ele>2607.1</ele></trkpt><trkpt lat="46.52764049822357" lon="9.721647483377387"><ele>2606.3</ele></trkpt><trkpt lat="46.52761349840145" lon="9.721684483557102"><ele>2605.4</ele></trkpt><trkpt lat="46.527594498520195" lon="9.721723483676048"><ele>2604.8</ele></trkpt><trkpt lat="46.52752049875941" lon="9.721811483913683"><ele>2603.6</ele></trkpt><trkpt lat="46.52748349897705" lon="9.721849484133811"><ele>2602.5</ele></trkpt><trkpt lat="46.527456499115765" lon="9.721886484273153"><ele>2601.8</ele></trkpt><trkpt lat="46.52743749927361" lon="9.721899484434063"><ele>2601.0</ele></trkpt><trkpt lat="46.52741949935304" lon="9.721937484512685"><ele>2600.6</ele></trkpt><trkpt lat="46.52740049945209" lon="9.72194948461309"><ele>2600.1</ele></trkpt><trkpt lat="46.52738249966872" lon="9.721975484833768"><ele>2599.0</ele></trkpt><trkpt lat="46.52734649992533" lon="9.7219604850975"><ele>2597.7</ele></trkpt><trkpt lat="46.5273295000633" lon="9.721933485240632"><ele>2597.0</ele></trkpt><trkpt lat="46.52730350033886" lon="9.721893485525971"><ele>2595.6</ele></trkpt><trkpt lat="46.52729450039803" lon="9.721867485588204"><ele>2595.3</ele></trkpt><trkpt lat="46.527259500673885" lon="9.721800485875262"><ele>2593.9</ele></trkpt><trkpt lat="46.527223500910885" lon="9.721798486118006"><ele>2592.7</ele></trkpt><trkpt lat="46.527223500910885" lon="9.721798486118006"><ele>2592.7</ele></trkpt><trkpt lat="46.527179500991274" lon="9.721757486201684"><ele>2592.3</ele></trkpt><trkpt lat="46.52714550095344" lon="9.721691486165644"><ele>2592.5</ele></trkpt><trkpt lat="46.527082500975844" lon="9.721649486189005"><ele>2592.4</ele></trkpt><trkpt lat="46.52704750089894" lon="9.721608486111084"><ele>2592.8</ele></trkpt><trkpt lat="46.527030500860384" lon="9.721569486073243"><ele>2593.0</ele></trkpt><trkpt lat="46.52700450080268" lon="9.721541486014635"><ele>2593.3</ele></trkpt><trkpt lat="46.526968500843566" lon="9.721527486056212"><ele>2593.1</ele></trkpt><trkpt lat="46.52692450068864" lon="9.721486485897637"><ele>2593.9</ele></trkpt><trkpt lat="46.52688050051404" lon="9.721432485719658"><ele>2594.8</ele></trkpt><trkpt lat="46.52688150043538" lon="9.721393485641265"><ele>2595.2</ele></trkpt><trkpt lat="46.52689150019935" lon="9.721328485402857"><ele>2596.4</ele></trkpt><trkpt lat="46.52689150006196" lon="9.721302485263127"><ele>2597.1</ele></trkpt><trkpt lat="46.5268664998473" lon="9.721249485044533"><ele>2598.2</ele></trkpt><trkpt lat="46.52684049959341" lon="9.721196484785576"><ele>2599.5</ele></trkpt><trkpt lat="46.52682249933928" lon="9.72116948452497"><ele>2600.8</ele></trkpt><trkpt lat="46.52678649918415" lon="9.721167484363953"><ele>2601.6</ele></trkpt><trkpt lat="46.52676849902816" lon="9.72116648420269"><ele>2602.4</ele></trkpt><trkpt lat="46.526760498852" lon="9.721140484022671"><ele>2603.3</ele></trkpt><trkpt lat="46.5267524985188" lon="9.721088483682738"><ele>2605.0</ele></trkpt><trkpt lat="46.52673449838235" lon="9.721061483543258"><ele>2605.7</ele></trkpt><trkpt lat="46.526717498285024" lon="9.721047483443346"><ele>2606.2</ele></trkpt><trkpt lat="46.52670849816779" lon="9.721033483323168"><ele>2606.8</ele></trkpt><trkpt lat="46.526726497951124" lon="9.72100848310246"><ele>2607.9</ele></trkpt><trkpt lat="46.52671849783372" lon="9.720982482983004"><ele>2608.5</ele></trkpt><trkpt lat="46.52670949771649" lon="9.720968482862832"><ele>2609.1</ele></trkpt><trkpt lat="46.52667349760062" lon="9.720980482741336"><ele>2609.7</ele></trkpt><trkpt lat="46.5266554975427" lon="9.720992482680224"><ele>2610.0</ele></trkpt><trkpt lat="46.526645497543264" lon="9.721005482679528"><ele>2610.0</ele></trkpt><trkpt lat="46.52660949740784" lon="9.721016482537912"><ele>2610.7</ele></trkpt><trkpt lat="46.52655549697917" lon="9.721040482092873"><ele>2612.9</ele></trkpt><trkpt lat="46.526518496785016" lon="9.721065481889847"><ele>2613.9</ele></trkpt><trkpt lat="46.52650049666837" lon="9.721090481767375"><ele>2614.5</ele></trkpt><trkpt lat="46.52649149657078" lon="9.721090481666533"><ele>2615.0</ele></trkpt><trkpt lat="46.52643549622083" lon="9.721152481299933"><ele>2616.8</ele></trkpt><trkpt lat="46.52642649612329" lon="9.721165481198291"><ele>2617.3</ele></trkpt><trkpt lat="46.526418495927466" lon="9.721126480998896"><ele>2618.3</ele></trkpt><trkpt lat="46.52641049563346" lon="9.721060480700217"><ele>2619.8</ele></trkpt><trkpt lat="46.52640249553575" lon="9.721047480600157"><ele>2620.3</ele></trkpt><trkpt lat="46.52638449536018" lon="9.721046480418723"><ele>2621.2</ele></trkpt><trkpt lat="46.52635649516565" lon="9.721084480214804"><ele>2622.2</ele></trkpt><trkpt lat="46.526346495127086" lon="9.721123480172135"><ele>2622.4</ele></trkpt><trkpt lat="46.52631849506982" lon="9.721174480108727"><ele>2622.7</ele></trkpt><trkpt lat="46.52628249495407" lon="9.721198479986489"><ele>2623.3</ele></trkpt><trkpt lat="46.526236494681875" lon="9.721209479703658"><ele>2624.7</ele></trkpt><trkpt lat="46.526191494488025" lon="9.721220479501564"><ele>2625.7</ele></trkpt><trkpt lat="46.52616449433258" lon="9.721232479339601"><ele>2626.5</ele></trkpt><trkpt lat="46.526164494195235" lon="9.721206479199894"><ele>2627.2</ele></trkpt><trkpt lat="46.5261564940386" lon="9.721180479040076"><ele>2628.0</ele></trkpt><trkpt lat="46.52612949388304" lon="9.721166478879713"><ele>2628.8</ele></trkpt><trkpt lat="46.5261114937859" lon="9.721165478779021"><ele>2629.3</ele></trkpt><trkpt lat="46.52607549357203" lon="9.721176478556652"><ele>2630.4</ele></trkpt><trkpt lat="46.526048493357706" lon="9.721175478334933"><ele>2631.5</ele></trkpt><trkpt lat="46.52600349298732" lon="9.721160477952763"><ele>2633.4</ele></trkpt><trkpt lat="46.525958492734674" lon="9.721171477690108"><ele>2634.7</ele></trkpt><trkpt lat="46.52592249265807" lon="9.721183477608987"><ele>2635.1</ele></trkpt><trkpt lat="46.52588549260115" lon="9.721207477547319"><ele>2635.4</ele></trkpt><trkpt lat="46.52585849246537" lon="9.721232477404735"><ele>2636.1</ele></trkpt><trkpt lat="46.52583149219225" lon="9.721244477121658"><ele>2637.5</ele></trkpt><trkpt lat="46.5257684918228" lon="9.72124247673886"><ele>2639.4</ele></trkpt><trkpt lat="46.52574149162803" lon="9.721227476538196"><ele>2640.4</ele></trkpt><trkpt lat="46.52572349158965" lon="9.72121447649881"><ele>2640.6</ele></trkpt><trkpt lat="46.5257054916494" lon="9.721226476558808"><ele>2640.3</ele></trkpt><trkpt lat="46.52567849155269" lon="9.72122547645821"><ele>2640.8</ele></trkpt><trkpt lat="46.52561549139894" lon="9.721235476296732"><ele>2641.6</ele></trkpt><trkpt lat="46.525579491224256" lon="9.721234476115475"><ele>2642.5</ele></trkpt><trkpt lat="46.525570491165865" lon="9.72123347605507"><ele>2642.8</ele></trkpt><trkpt lat="46.525561491087835" lon="9.721220475975217"><ele>2643.2</ele></trkpt><trkpt lat="46.52557049102855" lon="9.721207475915369"><ele>2643.5</ele></trkpt><trkpt lat="46.525598490831015" lon="9.72118247571477"><ele>2644.5</ele></trkpt><trkpt lat="46.52561649063403" lon="9.721157475514273"><ele>2645.5</ele></trkpt><trkpt lat="46.52565349053403" lon="9.721132475414516"><ele>2646.0</ele></trkpt><trkpt lat="46.52567149051353" lon="9.72112047539489"><ele>2646.1</ele></trkpt><trkpt lat="46.52568949045385" lon="9.721121475334089"><ele>2646.4</ele></trkpt><trkpt lat="46.525698490374936" lon="9.721108475254058"><ele>2646.8</ele></trkpt><trkpt lat="46.52570849013898" lon="9.721070475014079"><ele>2648.0</ele></trkpt><trkpt lat="46.525682490022525" lon="9.721042474894958"><ele>2648.6</ele></trkpt><trkpt lat="46.52565548967085" lon="9.721015474533553"><ele>2650.4</ele></trkpt><trkpt lat="46.52561148951609" lon="9.72100047437344"><ele>2651.2</ele></trkpt><trkpt lat="46.525584489419344" lon="9.720986474273653"><ele>2651.7</ele></trkpt><trkpt lat="46.525566489263284" lon="9.720959474114025"><ele>2652.5</ele></trkpt><trkpt lat="46.525540489166424" lon="9.720945474014226"><ele>2653.0</ele></trkpt><trkpt lat="46.525522489147725" lon="9.720944473994283"><ele>2653.1</ele></trkpt><trkpt lat="46.52549548897259" lon="9.720930473813755"><ele>2654.0</ele></trkpt><trkpt lat="46.525469488758006" lon="9.72089047359446"><ele>2655.1</ele></trkpt><trkpt lat="46.52546048862112" lon="9.72086447345487"><ele>2655.8</ele></trkpt><trkpt lat="46.5254704884637" lon="9.7208384732949"><ele>2656.6</ele></trkpt><trkpt lat="46.525488488403944" lon="9.72082647323491"><ele>2656.9</ele></trkpt><trkpt lat="46.525506488265755" lon="9.720813473094237"><ele>2657.6</ele></trkpt><trkpt lat="46.52553448804866" lon="9.720788472873469"><ele>2658.7</ele></trkpt><trkpt lat="46.525598487986414" lon="9.720726472816121"><ele>2659.0</ele></trkpt><trkpt lat="46.52566248774783" lon="9.72069047257549"><ele>2660.2</ele></trkpt><trkpt lat="46.52567148774735" lon="9.720677472576208"><ele>2660.2</ele></trkpt><trkpt lat="46.52568048766844" lon="9.720664472496187"><ele>2660.6</ele></trkpt><trkpt lat="46.525654487552" lon="9.720650472376207"><ele>2661.2</ele></trkpt><trkpt lat="46.52560948733855" lon="9.720648472154755"><ele>2662.3</ele></trkpt><trkpt lat="46.525591487260925" lon="9.720621472075884"><ele>2662.7</ele></trkpt><trkpt lat="46.525573487124596" lon="9.720621471934768"><ele>2663.4</ele></trkpt><trkpt lat="46.52553848693015" lon="9.720593471735016"><ele>2664.4</ele></trkpt><trkpt lat="46.525520486754466" lon="9.72056647155522"><ele>2665.3</ele></trkpt><trkpt lat="46.52551248653906" lon="9.720527471335703"><ele>2666.4</ele></trkpt><trkpt lat="46.525495486304465" lon="9.72048747109616"><ele>2667.6</ele></trkpt><trkpt lat="46.525477486167986" lon="9.720460470956734"><ele>2668.3</ele></trkpt><trkpt lat="46.5254604860315" lon="9.720433470817305"><ele>2669.0</ele></trkpt><trkpt lat="46.525461485639035" lon="9.720368470417666"><ele>2671.0</ele></trkpt><trkpt lat="46.52544448542411" lon="9.720328470198313"><ele>2672.1</ele></trkpt><trkpt lat="46.52540948520998" lon="9.720288469979147"><ele>2673.2</ele></trkpt><trkpt lat="46.5253644851925" lon="9.72026046996118"><ele>2673.3</ele></trkpt><trkpt lat="46.525320485018035" lon="9.720219469782531"><ele>2674.2</ele></trkpt><trkpt lat="46.525259484452214" lon="9.720138469202896"><ele>2677.1</ele></trkpt><trkpt lat="46.52524248429604" lon="9.720098469044109"><ele>2677.9</ele></trkpt><trkpt lat="46.525234484139396" lon="9.720059468885166"><ele>2678.7</ele></trkpt><trkpt lat="46.52521648398336" lon="9.720032468725579"><ele>2679.5</ele></trkpt><trkpt lat="46.52519948378808" lon="9.720005468525615"><ele>2680.5</ele></trkpt><trkpt lat="46.525191483533376" lon="9.719953468266572"><ele>2681.8</ele></trkpt><trkpt lat="46.525165483259954" lon="9.719899467987672"><ele>2683.2</ele></trkpt><trkpt lat="46.52513948308466" lon="9.719859467808805"><ele>2684.1</ele></trkpt><trkpt lat="46.525086482773276" lon="9.719779467491447"><ele>2685.7</ele></trkpt><trkpt lat="46.52504248271652" lon="9.719751467433111"><ele>2686.0</ele></trkpt><trkpt lat="46.52499848265966" lon="9.719697467376406"><ele>2686.3</ele></trkpt><trkpt lat="46.52497148260218" lon="9.719696467316199"><ele>2686.6</ele></trkpt><trkpt lat="46.524927482565" lon="9.719655467278862"><ele>2686.8</ele></trkpt><trkpt lat="46.52488248231228" lon="9.719627467018718"><ele>2688.1</ele></trkpt><trkpt lat="46.52484748219631" lon="9.719612466898928"><ele>2688.7</ele></trkpt><trkpt lat="46.52481048213948" lon="9.719637466837183"><ele>2689.0</ele></trkpt><trkpt lat="46.52478448200342" lon="9.71960946669794"><ele>2689.7</ele></trkpt><trkpt lat="46.52472248159465" lon="9.719555466278152"><ele>2691.8</ele></trkpt><trkpt lat="46.524650481245274" lon="9.719539465916622"><ele>2693.6</ele></trkpt><trkpt lat="46.5245884809934" lon="9.719510465656729"><ele>2694.9</ele></trkpt><trkpt lat="46.524552480975395" lon="9.7194694656395"><ele>2695.0</ele></trkpt><trkpt lat="46.52450948066352" lon="9.7193764653229"><ele>2696.6</ele></trkpt><trkpt lat="46.52446448050907" lon="9.719413465159578"><ele>2697.4</ele></trkpt><trkpt lat="46.52440048066912" lon="9.719424465320994"><ele>2696.6</ele></trkpt><trkpt lat="46.5243834805915" lon="9.719410465241324"><ele>2697.0</ele></trkpt><trkpt lat="46.524365480494254" lon="9.719370465143127"><ele>2697.5</ele></trkpt><trkpt lat="46.524357480474904" lon="9.719344465124674"><ele>2697.6</ele></trkpt><trkpt lat="46.5243394804757" lon="9.719317465126563"><ele>2697.6</ele></trkpt><trkpt lat="46.5243044804577" lon="9.719289465108508"><ele>2697.7</ele></trkpt><trkpt lat="46.524277480360986" lon="9.719275465008765"><ele>2698.2</ele></trkpt><trkpt lat="46.524269480321976" lon="9.719236464970944"><ele>2698.4</ele></trkpt><trkpt lat="46.52424348016636" lon="9.71920946481147"><ele>2699.2</ele></trkpt><trkpt lat="46.52423448012749" lon="9.71918246477291"><ele>2699.4</ele></trkpt><trkpt lat="46.524207479971935" lon="9.719168464612624"><ele>2700.2</ele></trkpt><trkpt lat="46.52418247948288" lon="9.719102464112538"><ele>2702.7</ele></trkpt><trkpt lat="46.524165479091536" lon="9.719062463711632"><ele>2704.7</ele></trkpt><trkpt lat="46.52412947889722" lon="9.71904746351115"><ele>2705.7</ele></trkpt><trkpt lat="46.52410247870261" lon="9.719059463308865"><ele>2706.7</ele></trkpt><trkpt lat="46.524084478546605" lon="9.719032463149315"><ele>2707.5</ele></trkpt><trkpt lat="46.524066478429845" lon="9.719032463028418"><ele>2708.1</ele></trkpt><trkpt lat="46.524057478371525" lon="9.71903146296803"><ele>2708.4</ele></trkpt><trkpt lat="46.52406747829247" lon="9.719006462888794"><ele>2708.8</ele></trkpt><trkpt lat="46.5240684781157" lon="9.718927462712175"><ele>2709.7</ele></trkpt><trkpt lat="46.52406047801796" lon="9.718901462613006"><ele>2710.2</ele></trkpt><trkpt lat="46.524052477861325" lon="9.718848462455012"><ele>2711.0</ele></trkpt><trkpt lat="46.524071477526896" lon="9.718797462114994"><ele>2712.7</ele></trkpt><trkpt lat="46.52407247721292" lon="9.718732461796236"><ele>2714.3</ele></trkpt><trkpt lat="46.5240644770564" lon="9.718706461636536"><ele>2715.1</ele></trkpt><trkpt lat="46.52402847692099" lon="9.718704461495781"><ele>2715.8</ele></trkpt><trkpt lat="46.52400147651062" lon="9.718677461074009"><ele>2717.9</ele></trkpt><trkpt lat="46.52398347641356" lon="9.718689460972533"><ele>2718.4</ele></trkpt><trkpt lat="46.523947476121315" lon="9.718675460671104"><ele>2719.9</ele></trkpt><trkpt lat="46.52392047594633" lon="9.718699460488242"><ele>2720.8</ele></trkpt><trkpt lat="46.523884476085435" lon="9.718711460629105"><ele>2720.1</ele></trkpt><trkpt lat="46.523848476165476" lon="9.71868346071198"><ele>2719.7</ele></trkpt><trkpt lat="46.52382147638248" lon="9.718682460934296"><ele>2718.6</ele></trkpt><trkpt lat="46.523785476482345" lon="9.718694461034804"><ele>2718.1</ele></trkpt><trkpt lat="46.52375847642498" lon="9.71870646097378"><ele>2718.4</ele></trkpt><trkpt lat="46.52370447642758" lon="9.718690460975356"><ele>2718.4</ele></trkpt><trkpt lat="46.523677476468144" lon="9.718676461016884"><ele>2718.2</ele></trkpt><trkpt lat="46.52356247684587" lon="9.718580461407583"><ele>2716.3</ele></trkpt><trkpt lat="46.523536476984304" lon="9.718566461549996"><ele>2715.6</ele></trkpt><trkpt lat="46.52350047702515" lon="9.718525461593337"><ele>2715.4</ele></trkpt><trkpt lat="46.52346547694821" lon="9.718472461516352"><ele>2715.8</ele></trkpt><trkpt lat="46.52343047683224" lon="9.718431461398247"><ele>2716.4</ele></trkpt><trkpt lat="46.5233874766576" lon="9.718351461222172"><ele>2717.3</ele></trkpt><trkpt lat="46.52337947655988" lon="9.718312461123844"><ele>2717.8</ele></trkpt><trkpt lat="46.52330147634752" lon="9.718165460912052"><ele>2718.9</ele></trkpt><trkpt lat="46.523274476250805" lon="9.718151460812326"><ele>2719.4</ele></trkpt><trkpt lat="46.52319447627409" lon="9.718082460837726"><ele>2719.3</ele></trkpt><trkpt lat="46.52314147617865" lon="9.718054460739172"><ele>2719.8</ele></trkpt><trkpt lat="46.52311447610148" lon="9.71802746066046"><ele>2720.2</ele></trkpt><trkpt lat="46.52306147602569" lon="9.71801146058132"><ele>2720.6</ele></trkpt><trkpt lat="46.522998476048386" lon="9.717996460603102"><ele>2720.5</ele></trkpt><trkpt lat="46.522963476128375" lon="9.717955460686785"><ele>2720.1</ele></trkpt><trkpt lat="46.52293647611009" lon="9.717941460667783"><ele>2720.2</ele></trkpt><trkpt lat="46.52289247605325" lon="9.717887460611141"><ele>2720.5</ele></trkpt><trkpt lat="46.522857476035256" lon="9.71785946059311"><ele>2720.6</ele></trkpt><trkpt lat="46.52281347586093" lon="9.717818460414586"><ele>2721.5</ele></trkpt><trkpt lat="46.522804475782834" lon="9.717792460335628"><ele>2721.9</ele></trkpt><trkpt lat="46.52277847566641" lon="9.717765460216555"><ele>2722.5</ele></trkpt><trkpt lat="46.522770475529455" lon="9.717725460077952"><ele>2723.2</ele></trkpt><trkpt lat="46.52274347555032" lon="9.71769846010013"><ele>2723.1</ele></trkpt><trkpt lat="46.52271647555161" lon="9.717684460101301"><ele>2723.1</ele></trkpt><trkpt lat="46.522672475416385" lon="9.717643459963137"><ele>2723.8</ele></trkpt><trkpt lat="46.5226544753389" lon="9.717629459883511"><ele>2724.2</ele></trkpt><trkpt lat="46.52259447469462" lon="9.717509459225976"><ele>2727.5</ele></trkpt><trkpt lat="46.52253247428594" lon="9.717455458806368"><ele>2729.6</ele></trkpt><trkpt lat="46.52245347376025" lon="9.71734745826935"><ele>2732.3</ele></trkpt><trkpt lat="46.52243547370236" lon="9.717346458209077"><ele>2732.6</ele></trkpt><trkpt lat="46.52240947346826" lon="9.717293457970637"><ele>2733.8</ele></trkpt><trkpt lat="46.52238247335197" lon="9.71727945785076"><ele>2734.4</ele></trkpt><trkpt lat="46.5223474730204" lon="9.717238457510765"><ele>2736.1</ele></trkpt><trkpt lat="46.52230347274804" lon="9.717197457231398"><ele>2737.5</ele></trkpt><trkpt lat="46.52224947269191" lon="9.717182457172395"><ele>2737.8</ele></trkpt><trkpt lat="46.5222324726143" lon="9.717168457092766"><ele>2738.2</ele></trkpt><trkpt lat="46.52220647236059" lon="9.717115456834161"><ele>2739.5</ele></trkpt><trkpt lat="46.52217147220536" lon="9.717061456676591"><ele>2740.3</ele></trkpt><trkpt lat="46.522153472167005" lon="9.717048456637265"><ele>2740.5</ele></trkpt><trkpt lat="46.52213647208928" lon="9.716995456560149"><ele>2740.9</ele></trkpt><trkpt lat="46.5221274720897" lon="9.716994456560304"><ele>2740.9</ele></trkpt><trkpt lat="46.52211847209016" lon="9.716994456560402"><ele>2740.9</ele></trkpt><trkpt lat="46.52210047213028" lon="9.716993456600997"><ele>2740.7</ele></trkpt><trkpt lat="46.52207447213151" lon="9.71697945660217"><ele>2740.7</ele></trkpt><trkpt lat="46.5220564720735" lon="9.716952456543565"><ele>2741.0</ele></trkpt><trkpt lat="46.52200447148783" lon="9.71687245594401"><ele>2744.0</ele></trkpt><trkpt lat="46.52197847115576" lon="9.716819455604728"><ele>2745.7</ele></trkpt><trkpt lat="46.52191647109989" lon="9.716764455548395"><ele>2746.0</ele></trkpt><trkpt lat="46.52189847110065" lon="9.716737455550314"><ele>2746.0</ele></trkpt><trkpt lat="46.521863471043524" lon="9.716709455491959"><ele>2746.3</ele></trkpt><trkpt lat="46.5218194707125" lon="9.716681455151267"><ele>2748.0</ele></trkpt><trkpt lat="46.52179247045908" lon="9.716680454889353"><ele>2749.3</ele></trkpt><trkpt lat="46.52175647002961" lon="9.716640454448488"><ele>2751.5</ele></trkpt><trkpt lat="46.52171246985538" lon="9.71662545426835"><ele>2752.4</ele></trkpt><trkpt lat="46.5217124698358" lon="9.716625454248177"><ele>2752.5</ele></trkpt><trkpt lat="46.521685469797944" lon="9.716624454208178"><ele>2752.7</ele></trkpt><trkpt lat="46.52165746983863" lon="9.71663645424805"><ele>2752.5</ele></trkpt><trkpt lat="46.52163146964392" lon="9.716621454047553"><ele>2753.5</ele></trkpt><trkpt lat="46.52161246956658" lon="9.716634453966217"><ele>2753.9</ele></trkpt><trkpt lat="46.52159546946938" lon="9.716620453866433"><ele>2754.4</ele></trkpt><trkpt lat="46.52155946933397" lon="9.716605453726562"><ele>2755.1</ele></trkpt><trkpt lat="46.52148846896496" lon="9.716537453348401"><ele>2757.0</ele></trkpt><trkpt lat="46.52143446888931" lon="9.716535453268405"><ele>2757.4</ele></trkpt><trkpt lat="46.52139946879309" lon="9.716533453168035"><ele>2757.9</ele></trkpt><trkpt lat="46.52137246871609" lon="9.716532453087693"><ele>2758.3</ele></trkpt><trkpt lat="46.521327468561516" lon="9.716517452927743"><ele>2759.1</ele></trkpt><trkpt lat="46.52130046856279" lon="9.716490452929778"><ele>2759.1</ele></trkpt><trkpt lat="46.52126546846654" lon="9.716476452830179"><ele>2759.6</ele></trkpt><trkpt lat="46.52124746846744" lon="9.716475452830435"><ele>2759.6</ele></trkpt><trkpt lat="46.521194468371995" lon="9.716433452732838"><ele>2760.1</ele></trkpt><trkpt lat="46.52114946815858" lon="9.716406452513155"><ele>2761.2</ele></trkpt><trkpt lat="46.521122468081565" lon="9.716404452432876"><ele>2761.6</ele></trkpt><trkpt lat="46.5210954679653" lon="9.716390452313027"><ele>2762.2</ele></trkpt><trkpt lat="46.5210604677513" lon="9.71633745209493"><ele>2763.3</ele></trkpt><trkpt lat="46.52102546767456" lon="9.71630945201642"><ele>2763.7</ele></trkpt><trkpt lat="46.52096246763855" lon="9.716293451977771"><ele>2763.9</ele></trkpt><trkpt lat="46.52091746762121" lon="9.716292451958136"><ele>2764.0</ele></trkpt><trkpt lat="46.520891467622505" lon="9.716277451959382"><ele>2764.0</ele></trkpt><trkpt lat="46.520855467663374" lon="9.716250452001852"><ele>2763.8</ele></trkpt><trkpt lat="46.52082946766464" lon="9.716223452003875"><ele>2763.8</ele></trkpt><trkpt lat="46.52082046762579" lon="9.71620945196453"><ele>2764.0</ele></trkpt><trkpt lat="46.52078446747095" lon="9.716221451802753"><ele>2764.8</ele></trkpt><trkpt lat="46.52077546737345" lon="9.716220451702053"><ele>2765.3</ele></trkpt><trkpt lat="46.5207494672178" lon="9.716180451543542"><ele>2766.1</ele></trkpt><trkpt lat="46.52072246714065" lon="9.716153451464887"><ele>2766.5</ele></trkpt><trkpt lat="46.52068746698558" lon="9.71612545130569"><ele>2767.3</ele></trkpt><trkpt lat="46.52057146667768" lon="9.716055450988703"><ele>2768.9</ele></trkpt><trkpt lat="46.520544466502635" lon="9.716041450808348"><ele>2769.8</ele></trkpt><trkpt lat="46.52051846642557" lon="9.716027450728845"><ele>2770.2</ele></trkpt><trkpt lat="46.520464466506645" lon="9.716012450811075"><ele>2769.8</ele></trkpt><trkpt lat="46.52038446641258" lon="9.715982450713005"><ele>2770.3</ele></trkpt><trkpt lat="46.520357466414005" lon="9.715981450713354"><ele>2770.3</ele></trkpt><trkpt lat="46.52033946641488" lon="9.71598045071361"><ele>2770.3</ele></trkpt><trkpt lat="46.52026846639874" lon="9.715938450696907"><ele>2770.4</ele></trkpt><trkpt lat="46.520232466400515" lon="9.715924450698196"><ele>2770.4</ele></trkpt><trkpt lat="46.52020546632346" lon="9.715910450618704"><ele>2770.8</ele></trkpt><trkpt lat="46.52006546609472" lon="9.715734450389553"><ele>2772.0</ele></trkpt><trkpt lat="46.52002046611654" lon="9.715719450411168"><ele>2771.9</ele></trkpt><trkpt lat="46.519984466216236" lon="9.715692450514153"><ele>2771.4</ele></trkpt><trkpt lat="46.51989546641663" lon="9.715662450718742"><ele>2770.4</ele></trkpt><trkpt lat="46.519868466535534" lon="9.715661450840118"><ele>2769.8</ele></trkpt><trkpt lat="46.51983346661559" lon="9.715633450922985"><ele>2769.4</ele></trkpt><trkpt lat="46.51976146677606" lon="9.7156304510853"><ele>2768.6</ele></trkpt><trkpt lat="46.51971646681734" lon="9.715602451127927"><ele>2768.4</ele></trkpt><trkpt lat="46.5196714669373" lon="9.715613451248709"><ele>2767.8</ele></trkpt><trkpt lat="46.519617466998845" lon="9.715624451309077"><ele>2767.5</ele></trkpt><trkpt lat="46.51959846699999" lon="9.715649451307657"><ele>2767.5</ele></trkpt><trkpt lat="46.51958046704014" lon="9.715662451347345"><ele>2767.3</ele></trkpt><trkpt lat="46.51958046704014" lon="9.715662451347345"><ele>2767.3</ele></trkpt><trkpt lat="46.519571467040734" lon="9.71568745134582"><ele>2767.3</ele></trkpt><trkpt lat="46.519525467023676" lon="9.715724451323732"><ele>2767.4</ele></trkpt><trkpt lat="46.519506467063906" lon="9.715750451362586"><ele>2767.2</ele></trkpt><trkpt lat="46.51947846712438" lon="9.715801451420093"><ele>2766.9</ele></trkpt><trkpt lat="46.51942346708834" lon="9.715877451375405"><ele>2767.1</ele></trkpt><trkpt lat="46.51938646720799" lon="9.715914451494426"><ele>2766.5</ele></trkpt><trkpt lat="46.51936846720896" lon="9.715926451493837"><ele>2766.5</ele></trkpt><trkpt lat="46.519349467112114" lon="9.715952451391495"><ele>2767.0</ele></trkpt><trkpt lat="46.51930446707538" lon="9.715989451349229"><ele>2767.2</ele></trkpt><trkpt lat="46.51927546707719" lon="9.716066451344544"><ele>2767.2</ele></trkpt><trkpt lat="46.519237467118685" lon="9.7161434513803"><ele>2767.0</ele></trkpt><trkpt lat="46.519192467062396" lon="9.716180451317863"><ele>2767.3</ele></trkpt><trkpt lat="46.51915546694683" lon="9.716204451195667"><ele>2767.9</ele></trkpt><trkpt lat="46.51913546686999" lon="9.716308451108448"><ele>2768.3</ele></trkpt><trkpt lat="46.51912546692952" lon="9.716373451164854"><ele>2768.0</ele></trkpt><trkpt lat="46.51907746705014" lon="9.716501451278097"><ele>2767.4</ele></trkpt><trkpt lat="46.51906846705079" lon="9.716540451275662"><ele>2767.4</ele></trkpt><trkpt lat="46.519057467090775" lon="9.716591451312821"><ele>2767.2</ele></trkpt><trkpt lat="46.5190574671105" lon="9.716630451330465"><ele>2767.1</ele></trkpt><trkpt lat="46.51902846724967" lon="9.716733451465307"><ele>2766.4</ele></trkpt><trkpt lat="46.518999467310245" lon="9.716810451521143"><ele>2766.1</ele></trkpt><trkpt lat="46.51898946742862" lon="9.716875451638074"><ele>2765.5</ele></trkpt><trkpt lat="46.51898946742862" lon="9.716875451638074"><ele>2765.5</ele></trkpt><trkpt lat="46.51895146747007" lon="9.716952451673832"><ele>2765.3</ele></trkpt><trkpt lat="46.51895146747007" lon="9.716952451673832"><ele>2765.3</ele></trkpt><trkpt lat="46.51884146731946" lon="9.71705245150713"><ele>2766.1</ele></trkpt><trkpt lat="46.51866846697611" lon="9.717149451139543"><ele>2767.9</ele></trkpt><trkpt lat="46.51865046697715" lon="9.717174451138108"><ele>2767.9</ele></trkpt><trkpt lat="46.518605466901114" lon="9.717185451057173"><ele>2768.3</ele></trkpt><trkpt lat="46.51853246680701" lon="9.717208450955587"><ele>2768.8</ele></trkpt><trkpt lat="46.518477466907946" lon="9.717245451054634"><ele>2768.3</ele></trkpt><trkpt lat="46.51842346689128" lon="9.717282451032634"><ele>2768.4</ele></trkpt><trkpt lat="46.51835946683598" lon="9.717318450970449"><ele>2768.7</ele></trkpt><trkpt lat="46.51835946683598" lon="9.717318450970449"><ele>2768.7</ele></trkpt><trkpt lat="46.518331466778776" lon="9.717343450908606"><ele>2769.0</ele></trkpt><trkpt lat="46.518294466722075" lon="9.717394450845163"><ele>2769.3</ele></trkpt><trkpt lat="46.518222466530005" lon="9.717417450642694"><ele>2770.3</ele></trkpt><trkpt lat="46.51817746639528" lon="9.717441450500388"><ele>2771.0</ele></trkpt><trkpt lat="46.51815846625932" lon="9.717479450356903"><ele>2771.7</ele></trkpt><trkpt lat="46.51811146600739" lon="9.717555450090202"><ele>2773.0</ele></trkpt><trkpt lat="46.51807446585272" lon="9.717593449926731"><ele>2773.8</ele></trkpt><trkpt lat="46.518047465756325" lon="9.717631449823672"><ele>2774.3</ele></trkpt><trkpt lat="46.51800146562162" lon="9.717642449682222"><ele>2775.0</ele></trkpt><trkpt lat="46.51797446564272" lon="9.717667449701057"><ele>2774.9</ele></trkpt><trkpt lat="46.51796546564317" lon="9.717666449701218"><ele>2774.9</ele></trkpt><trkpt lat="46.517947465565804" lon="9.717679449619867"><ele>2775.3</ele></trkpt><trkpt lat="46.517918465352075" lon="9.717743449394089"><ele>2776.4</ele></trkpt><trkpt lat="46.51790946529382" lon="9.717755449332877"><ele>2776.7</ele></trkpt><trkpt lat="46.51789946505945" lon="9.717794449088357"><ele>2777.9</ele></trkpt><trkpt lat="46.517908464961174" lon="9.71782144898563"><ele>2778.4</ele></trkpt><trkpt lat="46.51792446462767" lon="9.71789944863741"><ele>2780.1</ele></trkpt><trkpt lat="46.51792446451025" lon="9.71792544851467"><ele>2780.7</ele></trkpt><trkpt lat="46.51792446445155" lon="9.717939448453231"><ele>2781.0</ele></trkpt><trkpt lat="46.517887464140095" lon="9.717950448130104"><ele>2782.6</ele></trkpt><trkpt lat="46.51787846400348" lon="9.717963447988133"><ele>2783.3</ele></trkpt><trkpt lat="46.51784246382905" lon="9.717974447806213"><ele>2784.2</ele></trkpt><trkpt lat="46.517833463731634" lon="9.717987447704587"><ele>2784.7</ele></trkpt><trkpt lat="46.517832463614276" lon="9.71801344758185"><ele>2785.3</ele></trkpt><trkpt lat="46.517823463516905" lon="9.71803944747937"><ele>2785.8</ele></trkpt><trkpt lat="46.51781346341958" lon="9.71806444737697"><ele>2786.3</ele></trkpt><trkpt lat="46.51778646330353" lon="9.718076447255422"><ele>2786.9</ele></trkpt><trkpt lat="46.51775046314865" lon="9.718075447094467"><ele>2787.7</ele></trkpt><trkpt lat="46.51772346303256" lon="9.718086446972986"><ele>2788.3</ele></trkpt><trkpt lat="46.51770446295525" lon="9.718099446891634"><ele>2788.7</ele></trkpt><trkpt lat="46.517659462820504" lon="9.718110446750169"><ele>2789.4</ele></trkpt><trkpt lat="46.51762346270487" lon="9.718121446628777"><ele>2790.0</ele></trkpt><trkpt lat="46.5175964625103" lon="9.718107446428224"><ele>2791.0</ele></trkpt><trkpt lat="46.517569462335366" lon="9.718106446247"><ele>2791.9</ele></trkpt><trkpt lat="46.51750546190795" lon="9.718156445800552"><ele>2794.1</ele></trkpt><trkpt lat="46.51744246157826" lon="9.71816644545759"><ele>2795.8</ele></trkpt><trkpt lat="46.51743346151996" lon="9.718166445397156"><ele>2796.1</ele></trkpt><trkpt lat="46.51739746136516" lon="9.718177445235417"><ele>2796.9</ele></trkpt><trkpt lat="46.51737846124874" lon="9.71820244511293"><ele>2797.5</ele></trkpt><trkpt lat="46.51726246101959" lon="9.718184444873236"><ele>2798.7</ele></trkpt><trkpt lat="46.51722646098214" lon="9.718157444835041"><ele>2798.9</ele></trkpt><trkpt lat="46.51713646088888" lon="9.718153444735387"><ele>2799.4</ele></trkpt><trkpt lat="46.517064460892726" lon="9.718176444734643"><ele>2799.4</ele></trkpt><trkpt lat="46.51702846087486" lon="9.71816244471577"><ele>2799.5</ele></trkpt><trkpt lat="46.51700146083708" lon="9.718147444676688"><ele>2799.7</ele></trkpt><trkpt lat="46.51694946076108" lon="9.718080444600933"><ele>2800.1</ele></trkpt><trkpt lat="46.516914460566845" lon="9.718039444402251"><ele>2801.1</ele></trkpt><trkpt lat="46.51688746048976" lon="9.718012444323604"><ele>2801.5</ele></trkpt><trkpt lat="46.516834460218085" lon="9.717971444044416"><ele>2802.9</ele></trkpt><trkpt lat="46.51681646008191" lon="9.717970443903456"><ele>2803.6</ele></trkpt><trkpt lat="46.516781459828884" lon="9.717930443644187"><ele>2804.9</ele></trkpt><trkpt lat="46.51676345973187" lon="9.717929443543571"><ele>2805.4</ele></trkpt><trkpt lat="46.51675345955623" lon="9.717954443360465"><ele>2806.3</ele></trkpt><trkpt lat="46.516745459497805" lon="9.717941443300882"><ele>2806.6</ele></trkpt><trkpt lat="46.516718459205386" lon="9.717940442998618"><ele>2808.1</ele></trkpt><trkpt lat="46.51668245903089" lon="9.717912442819268"><ele>2809.0</ele></trkpt><trkpt lat="46.51664645881723" lon="9.717898442598656"><ele>2810.1</ele></trkpt><trkpt lat="46.51658345840914" lon="9.71789544217587"><ele>2812.2</ele></trkpt><trkpt lat="46.51655745821459" lon="9.717894441974476"><ele>2813.2</ele></trkpt><trkpt lat="46.51653045809831" lon="9.71785444185635"><ele>2813.8</ele></trkpt><trkpt lat="46.516512458060085" lon="9.717853441816263"><ele>2814.0</ele></trkpt><trkpt lat="46.51649545792379" lon="9.717839441676148"><ele>2814.7</ele></trkpt><trkpt lat="46.51644045749586" lon="9.717863441231323"><ele>2816.9</ele></trkpt><trkpt lat="46.51635045677574" lon="9.717846440486971"><ele>2820.6</ele></trkpt><trkpt lat="46.51635045667786" lon="9.71785944038524"><ele>2821.1</ele></trkpt><trkpt lat="46.51635945654042" lon="9.717886440242143"><ele>2821.8</ele></trkpt><trkpt lat="46.516375456108975" lon="9.717952439793772"><ele>2824.0</ele></trkpt><trkpt lat="46.516366455952934" lon="9.717990439629963"><ele>2824.8</ele></trkpt><trkpt lat="46.51636545571815" lon="9.718029439385296"><ele>2826.0</ele></trkpt><trkpt lat="46.51637345558079" lon="9.718069439241347"><ele>2826.7</ele></trkpt><trkpt lat="46.516382455502004" lon="9.718069439160548"><ele>2827.1</ele></trkpt><trkpt lat="46.516381455365156" lon="9.718108439016756"><ele>2827.8</ele></trkpt><trkpt lat="46.516363455307285" lon="9.71810743895649"><ele>2828.1</ele></trkpt><trkpt lat="46.51638145516936" lon="9.718134438813285"><ele>2828.8</ele></trkpt><trkpt lat="46.51637945497392" lon="9.718199438607252"><ele>2829.8</ele></trkpt><trkpt lat="46.51637845475889" lon="9.718278438380104"><ele>2830.9</ele></trkpt><trkpt lat="46.516377454622095" lon="9.718330438235437"><ele>2831.6</ele></trkpt><trkpt lat="46.5163774545634" lon="9.71834343817405"><ele>2831.9</ele></trkpt><trkpt lat="46.51637645452432" lon="9.71835643813285"><ele>2832.1</ele></trkpt><trkpt lat="46.51639445440585" lon="9.718356438011602"><ele>2832.7</ele></trkpt><trkpt lat="46.516403454307564" lon="9.718383437908841"><ele>2833.2</ele></trkpt><trkpt lat="46.51642145420864" lon="9.718371437808566"><ele>2833.7</ele></trkpt><trkpt lat="46.51642045407175" lon="9.718410437664762"><ele>2834.4</ele></trkpt><trkpt lat="46.51643745387534" lon="9.718476437458442"><ele>2835.4</ele></trkpt><trkpt lat="46.51645545381568" lon="9.718489437396853"><ele>2835.7</ele></trkpt><trkpt lat="46.51646345371745" lon="9.718516437294106"><ele>2836.2</ele></trkpt><trkpt lat="46.516471453540966" lon="9.718555437109842"><ele>2837.1</ele></trkpt><trkpt lat="46.51645245326806" lon="9.71862043682327"><ele>2838.5</ele></trkpt><trkpt lat="46.51643245303439" lon="9.71869743657625"><ele>2839.7</ele></trkpt><trkpt lat="46.516432452995446" lon="9.718736436533305"><ele>2839.9</ele></trkpt><trkpt lat="46.51644045287765" lon="9.718776436409502"><ele>2840.5</ele></trkpt><trkpt lat="46.51643845272145" lon="9.718854436242923"><ele>2841.3</ele></trkpt><trkpt lat="46.516446452564566" lon="9.718906436077969"><ele>2842.1</ele></trkpt><trkpt lat="46.5164454525453" lon="9.718958436054335"><ele>2842.2</ele></trkpt><trkpt lat="46.51643545252644" lon="9.719010436030805"><ele>2842.3</ele></trkpt><trkpt lat="46.5164254524686" lon="9.719088435965192"><ele>2842.6</ele></trkpt><trkpt lat="46.51640645239138" lon="9.719113435883022"><ele>2843.0</ele></trkpt><trkpt lat="46.51637045221705" lon="9.719125435701025"><ele>2843.9</ele></trkpt><trkpt lat="46.51632445194538" lon="9.719149435417444"><ele>2845.3</ele></trkpt><trkpt lat="46.51631545178928" lon="9.719174435254455"><ele>2846.1</ele></trkpt><trkpt lat="46.51631445163277" lon="9.719200435091322"><ele>2846.9</ele></trkpt><trkpt lat="46.51625845157753" lon="9.719315435023725"><ele>2847.2</ele></trkpt><trkpt lat="46.516248451402014" lon="9.719367434838766"><ele>2848.1</ele></trkpt><trkpt lat="46.516238451343895" lon="9.719393434776608"><ele>2848.4</ele></trkpt><trkpt lat="46.516229451324776" lon="9.719392434756594"><ele>2848.5</ele></trkpt><trkpt lat="46.51623745116789" lon="9.719445434591549"><ele>2849.3</ele></trkpt><trkpt lat="46.51626445104911" lon="9.719472434468393"><ele>2849.9</ele></trkpt><trkpt lat="46.51627345095078" lon="9.719485434366538"><ele>2850.4</ele></trkpt><trkpt lat="46.51627245091168" lon="9.719499434325256"><ele>2850.6</ele></trkpt><trkpt lat="46.51626345087308" lon="9.719511434284199"><ele>2850.8</ele></trkpt><trkpt lat="46.516226450718534" lon="9.719549434120639"><ele>2851.6</ele></trkpt><trkpt lat="46.51621745066024" lon="9.719548434060272"><ele>2851.9</ele></trkpt><trkpt lat="46.51621745042538" lon="9.71958743381553"><ele>2853.1</ele></trkpt><trkpt lat="46.516181450309695" lon="9.719573433695789"><ele>2853.7</ele></trkpt><trkpt lat="46.516163450251916" lon="9.71957243363552"><ele>2854.0</ele></trkpt><trkpt lat="46.51615445019369" lon="9.71958543357421"><ele>2854.3</ele></trkpt><trkpt lat="46.51615345007636" lon="9.719624433450548"><ele>2854.9</ele></trkpt><trkpt lat="46.51616144984114" lon="9.719663433205715"><ele>2856.1</ele></trkpt><trkpt lat="46.51617044974286" lon="9.719690433102922"><ele>2856.6</ele></trkpt><trkpt lat="46.51618744976166" lon="9.71971743312111"><ele>2856.5</ele></trkpt><trkpt lat="46.516204449780595" lon="9.719769433137623"><ele>2856.4</ele></trkpt><trkpt lat="46.51622144972114" lon="9.719809433074229"><ele>2856.7</ele></trkpt><trkpt lat="46.51622144966251" lon="9.719835433011957"><ele>2857.0</ele></trkpt><trkpt lat="46.51621144958476" lon="9.719848432930476"><ele>2857.4</ele></trkpt><trkpt lat="46.51619344937025" lon="9.719847432708777"><ele>2858.5</ele></trkpt><trkpt lat="46.51618444917495" lon="9.719860432506218"><ele>2859.5</ele></trkpt><trkpt lat="46.51615744905876" lon="9.719846432386378"><ele>2860.1</ele></trkpt><trkpt lat="46.51615744886302" lon="9.719872432182852"><ele>2861.1</ele></trkpt><trkpt lat="46.51616544876487" lon="9.719911432079257"><ele>2861.6</ele></trkpt><trkpt lat="46.51616544868665" lon="9.7199374319968"><ele>2862.0</ele></trkpt><trkpt lat="46.5161554486481" lon="9.71995043195568"><ele>2862.2</ele></trkpt><trkpt lat="46.51612044849315" lon="9.719935431795637"><ele>2863.0</ele></trkpt><trkpt lat="46.51610244839615" lon="9.71992243169581"><ele>2863.5</ele></trkpt><trkpt lat="46.51609344825959" lon="9.719934431553856"><ele>2864.2</ele></trkpt><trkpt lat="46.51605744792842" lon="9.719907431213024"><ele>2865.9</ele></trkpt><trkpt lat="46.516038447596635" lon="9.719945430867645"><ele>2867.6</ele></trkpt><trkpt lat="46.516002447324496" lon="9.719982430583046"><ele>2869.0</ele></trkpt><trkpt lat="46.51600244730472" lon="9.719943430565491"><ele>2869.1</ele></trkpt><trkpt lat="46.51601344726459" lon="9.719853430531064"><ele>2869.3</ele></trkpt><trkpt lat="46.51598744722652" lon="9.719799430494618"><ele>2869.5</ele></trkpt><trkpt lat="46.515952447130374" lon="9.719772430395931"><ele>2870.0</ele></trkpt><trkpt lat="46.51594344703288" lon="9.719771430295202"><ele>2870.5</ele></trkpt><trkpt lat="46.515907446878174" lon="9.719783430133365"><ele>2871.3</ele></trkpt><trkpt lat="46.51585344662625" lon="9.719742429874396"><ele>2872.6</ele></trkpt><trkpt lat="46.5158274464317" lon="9.71972742967391"><ele>2873.6</ele></trkpt><trkpt lat="46.51580044621763" lon="9.719713429453188"><ele>2874.7</ele></trkpt><trkpt lat="46.51578244608161" lon="9.719739429310389"><ele>2875.4</ele></trkpt><trkpt lat="46.515755445847844" lon="9.71969842907131"><ele>2876.6</ele></trkpt><trkpt lat="46.515738445750706" lon="9.71967242897236"><ele>2877.1</ele></trkpt><trkpt lat="46.51571144561498" lon="9.71965742883242"><ele>2877.8</ele></trkpt><trkpt lat="46.515684445538064" lon="9.719656428752074"><ele>2878.2</ele></trkpt><trkpt lat="46.51564944528518" lon="9.719629428491968"><ele>2879.5</ele></trkpt><trkpt lat="46.51562344522762" lon="9.719588428434486"><ele>2879.8</ele></trkpt><trkpt lat="46.51560544526763" lon="9.719562428476792"><ele>2879.6</ele></trkpt><trkpt lat="46.51559744534621" lon="9.719522428560287"><ele>2879.2</ele></trkpt><trkpt lat="46.51559744534621" lon="9.719522428560287"><ele>2879.2</ele></trkpt><trkpt lat="46.51558844534658" lon="9.719496428562143"><ele>2879.2</ele></trkpt><trkpt lat="46.51557144534744" lon="9.71948242856327"><ele>2879.2</ele></trkpt><trkpt lat="46.515508445252664" lon="9.719453428465028"><ele>2879.7</ele></trkpt><trkpt lat="46.51549044515578" lon="9.71946642836346"><ele>2880.2</ele></trkpt><trkpt lat="46.5154724450588" lon="9.719452428263718"><ele>2880.7</ele></trkpt><trkpt lat="46.515445444962296" lon="9.719451428163195"><ele>2881.2</ele></trkpt><trkpt lat="46.515428444826014" lon="9.719437428023088"><ele>2881.9</ele></trkpt><trkpt lat="46.515419444787376" lon="9.719436427982897"><ele>2882.1</ele></trkpt><trkpt lat="46.51541044478776" lon="9.719423427983875"><ele>2882.1</ele></trkpt><trkpt lat="46.51539244474948" lon="9.719409427944665"><ele>2882.3</ele></trkpt><trkpt lat="46.51540244463131" lon="9.71938442782518"><ele>2882.9</ele></trkpt><trkpt lat="46.51536644451568" lon="9.719369427705525"><ele>2883.5</ele></trkpt><trkpt lat="46.51530344440146" lon="9.719353427586235"><ele>2884.1</ele></trkpt><trkpt lat="46.5152864442848" lon="9.71934042746624"><ele>2884.7</ele></trkpt><trkpt lat="46.51530444391156" lon="9.719301427085323"><ele>2886.6</ele></trkpt><trkpt lat="46.51535144369325" lon="9.719225426868006"><ele>2887.7</ele></trkpt><trkpt lat="46.51534244365455" lon="9.719225426827748"><ele>2887.9</ele></trkpt><trkpt lat="46.51531544353841" lon="9.719210426708"><ele>2888.5</ele></trkpt><trkpt lat="46.51530644342134" lon="9.719197426587925"><ele>2889.1</ele></trkpt><trkpt lat="46.51526244320808" lon="9.719156426369238"><ele>2890.2</ele></trkpt><trkpt lat="46.51525344305196" lon="9.71916942620705"><ele>2891.0</ele></trkpt><trkpt lat="46.515244443013216" lon="9.719155426167745"><ele>2891.2</ele></trkpt><trkpt lat="46.515226442935834" lon="9.719155426087237"><ele>2891.6</ele></trkpt><trkpt lat="46.51520944287775" lon="9.719115426029603"><ele>2891.9</ele></trkpt><trkpt lat="46.51518344283982" lon="9.719075425992248"><ele>2892.1</ele></trkpt><trkpt lat="46.51517444285989" lon="9.719074426012591"><ele>2892.0</ele></trkpt><trkpt lat="46.51516544286031" lon="9.71906142601357"><ele>2892.0</ele></trkpt><trkpt lat="46.51515744272355" lon="9.719034425874256"><ele>2892.7</ele></trkpt><trkpt lat="46.515121442431614" lon="9.719020425572966"><ele>2894.2</ele></trkpt><trkpt lat="46.51508544223765" lon="9.719005425372613"><ele>2895.2</ele></trkpt><trkpt lat="46.51508544223765" lon="9.719005425372613"><ele>2895.2</ele></trkpt><trkpt lat="46.515058442101996" lon="9.719004425231748"><ele>2895.9</ele></trkpt><trkpt lat="46.515041442044094" lon="9.718990425172361"><ele>2896.2</ele></trkpt><trkpt lat="46.51501444192796" lon="9.718976425052553"><ele>2896.8</ele></trkpt><trkpt lat="46.51499644185045" lon="9.71894942497388"><ele>2897.2</ele></trkpt><trkpt lat="46.51498844175295" lon="9.718936424873975"><ele>2897.7</ele></trkpt><trkpt lat="46.51497944163575" lon="9.718910424754784"><ele>2898.3</ele></trkpt><trkpt lat="46.51496244157789" lon="9.718896424695396"><ele>2898.6</ele></trkpt><trkpt lat="46.514935441481406" lon="9.718895424594885"><ele>2899.1</ele></trkpt><trkpt lat="46.514907441483" lon="9.718907424594379"><ele>2899.1</ele></trkpt><trkpt lat="46.51488044136697" lon="9.71891842447287"><ele>2899.7</ele></trkpt><trkpt lat="46.51484544115327" lon="9.71889142425316"><ele>2900.8</ele></trkpt><trkpt lat="46.51480944103766" lon="9.718876424133526"><ele>2901.4</ele></trkpt><trkpt lat="46.51469444067123" lon="9.718767423758878"><ele>2903.3</ele></trkpt><trkpt lat="46.51467744063285" lon="9.718740423720549"><ele>2903.5</ele></trkpt><trkpt lat="46.51464144053665" lon="9.718700423622794"><ele>2904.0</ele></trkpt><trkpt lat="46.51456244038397" lon="9.718644423466078"><ele>2904.8</ele></trkpt><trkpt lat="46.51453544028744" lon="9.718630423366452"><ele>2905.3</ele></trkpt><trkpt lat="46.51451744020999" lon="9.718603423287789"><ele>2905.7</ele></trkpt><trkpt lat="46.51447344013395" lon="9.718588423208601"><ele>2906.1</ele></trkpt><trkpt lat="46.514446440056986" lon="9.718574423129152"><ele>2906.5</ele></trkpt><trkpt lat="46.51441143996081" lon="9.718547423030508"><ele>2907.0</ele></trkpt><trkpt lat="46.5143844400208" lon="9.718506423094121"><ele>2906.7</ele></trkpt><trkpt lat="46.51435944037431" lon="9.718440423462026"><ele>2904.9</ele></trkpt><trkpt lat="46.51434244066867" lon="9.718374423769317"><ele>2903.4</ele></trkpt><trkpt lat="46.514307440964025" lon="9.718321424075915"><ele>2901.9</ele></trkpt><trkpt lat="46.51427244116155" lon="9.718280424280827"><ele>2900.9</ele></trkpt><trkpt lat="46.514246441436775" lon="9.718214424568025"><ele>2899.5</ele></trkpt><trkpt lat="46.51423044153517" lon="9.718148424673556"><ele>2899.0</ele></trkpt><trkpt lat="46.51418644179169" lon="9.718055424942607"><ele>2897.7</ele></trkpt><trkpt lat="46.51417844190935" lon="9.718002425067334"><ele>2897.1</ele></trkpt><trkpt lat="46.51416144189052" lon="9.717976425049109"><ele>2897.2</ele></trkpt><trkpt lat="46.514153442047416" lon="9.717923425214181"><ele>2896.4</ele></trkpt><trkpt lat="46.51413644222423" lon="9.717857425400402"><ele>2895.5</ele></trkpt><trkpt lat="46.51411044224514" lon="9.717843425421806"><ele>2895.4</ele></trkpt><trkpt lat="46.51409344240244" lon="9.717790425586971"><ele>2894.6</ele></trkpt><trkpt lat="46.51408444248122" lon="9.717777425668645"><ele>2894.2</ele></trkpt><trkpt lat="46.514104443321564" lon="9.717660426543764"><ele>2889.9</ele></trkpt><trkpt lat="46.51410544332139" lon="9.717634426545512"><ele>2889.9</ele></trkpt><trkpt lat="46.51411444351665" lon="9.717609426748831"><ele>2888.9</ele></trkpt><trkpt lat="46.5141244436335" lon="9.717583426871514"><ele>2888.3</ele></trkpt><trkpt lat="46.514133443769914" lon="9.717557427014377"><ele>2887.6</ele></trkpt><trkpt lat="46.51409844377164" lon="9.71751742701747"><ele>2887.6</ele></trkpt><trkpt lat="46.5140814436941" lon="9.717490426938799"><ele>2888.0</ele></trkpt><trkpt lat="46.51406344371455" lon="9.717476426960111"><ele>2887.9</ele></trkpt><trkpt lat="46.51403644367683" lon="9.71747542692013"><ele>2888.1</ele></trkpt><trkpt lat="46.51400044360047" lon="9.717487426839027"><ele>2888.5</ele></trkpt><trkpt lat="46.51396444348496" lon="9.717498426717647"><ele>2889.1</ele></trkpt><trkpt lat="46.513937443486405" lon="9.717497426718012"><ele>2889.1</ele></trkpt><trkpt lat="46.513918443428736" lon="9.71750942665689"><ele>2889.4</ele></trkpt><trkpt lat="46.51389144341059" lon="9.717508426637082"><ele>2889.5</ele></trkpt><trkpt lat="46.51386444337285" lon="9.7175074265971"><ele>2889.7</ele></trkpt><trkpt lat="46.51384644337382" lon="9.717506426597362"><ele>2889.7</ele></trkpt><trkpt lat="46.51382044337514" lon="9.717492426598596"><ele>2889.7</ele></trkpt><trkpt lat="46.51378444329876" lon="9.717490426518445"><ele>2890.1</ele></trkpt><trkpt lat="46.51376644324097" lon="9.717490426458127"><ele>2890.4</ele></trkpt><trkpt lat="46.51374844330057" lon="9.717476426519786"><ele>2890.1</ele></trkpt><trkpt lat="46.5137044431853" lon="9.717448426401134"><ele>2890.7</ele></trkpt><trkpt lat="46.51369544318577" lon="9.717435426402112"><ele>2890.7</ele></trkpt><trkpt lat="46.51367844314728" lon="9.717395426364666"><ele>2890.9</ele></trkpt><trkpt lat="46.51366044312863" lon="9.717381426345645"><ele>2891.0</ele></trkpt><trkpt lat="46.51364344322716" lon="9.717328426450273"><ele>2890.5</ele></trkpt><trkpt lat="46.51360844317018" lon="9.717301426391973"><ele>2890.8</ele></trkpt><trkpt lat="46.51359044319053" lon="9.717261426415053"><ele>2890.7</ele></trkpt><trkpt lat="46.513564443152696" lon="9.717247426375941"><ele>2890.9</ele></trkpt><trkpt lat="46.513528443076225" lon="9.717232426296667"><ele>2891.3</ele></trkpt><trkpt lat="46.51351044297934" lon="9.717244426195196"><ele>2891.8</ele></trkpt><trkpt lat="46.513492442902" lon="9.717244426114709"><ele>2892.2</ele></trkpt><trkpt lat="46.513465442805476" lon="9.717229426015168"><ele>2892.7</ele></trkpt><trkpt lat="46.5134304426113" lon="9.71718942581655"><ele>2893.7</ele></trkpt><trkpt lat="46.513413442475" lon="9.717149425678258"><ele>2894.4</ele></trkpt><trkpt lat="46.51337844265274" lon="9.71708242586472"><ele>2893.5</ele></trkpt><trkpt lat="46.51337044273124" lon="9.717030425949018"><ele>2893.1</ele></trkpt><trkpt lat="46.513353442751615" lon="9.717003425971201"><ele>2893.0</ele></trkpt><trkpt lat="46.513326442831264" lon="9.716976426054014"><ele>2892.6</ele></trkpt><trkpt lat="46.51329044289185" lon="9.716961426115935"><ele>2892.3</ele></trkpt><trkpt lat="46.513255442893644" lon="9.716947426117269"><ele>2892.3</ele></trkpt><trkpt lat="46.51321044289599" lon="9.716932426118777"><ele>2892.3</ele></trkpt><trkpt lat="46.513220443130145" lon="9.716867426365113"><ele>2891.1</ele></trkpt><trkpt lat="46.513177443327834" lon="9.716787426572704"><ele>2890.1</ele></trkpt><trkpt lat="46.51313244334975" lon="9.716772426594382"><ele>2890.0</ele></trkpt><trkpt lat="46.51307044341153" lon="9.716717426659295"><ele>2889.7</ele></trkpt><trkpt lat="46.51295644280998" lon="9.716582426044436"><ele>2892.8</ele></trkpt><trkpt lat="46.51293044267412" lon="9.716542425906244"><ele>2893.5</ele></trkpt><trkpt lat="46.51287744269639" lon="9.716501425929778"><ele>2893.4</ele></trkpt><trkpt lat="46.51285144265842" lon="9.716461425892437"><ele>2893.6</ele></trkpt><trkpt lat="46.512824442620484" lon="9.716420425855173"><ele>2893.8</ele></trkpt><trkpt lat="46.51281644252285" lon="9.716381425757064"><ele>2894.3</ele></trkpt><trkpt lat="46.51278044232902" lon="9.716392425555023"><ele>2895.3</ele></trkpt><trkpt lat="46.512753442369494" lon="9.716365425597495"><ele>2895.1</ele></trkpt><trkpt lat="46.512709442293406" lon="9.7163374255192"><ele>2895.5</ele></trkpt><trkpt lat="46.512665442138946" lon="9.716296425361117"><ele>2896.3</ele></trkpt><trkpt lat="46.512639442022646" lon="9.716256425243104"><ele>2896.9</ele></trkpt><trkpt lat="46.512613441945284" lon="9.716164425168962"><ele>2897.3</ele></trkpt><trkpt lat="46.512552441869914" lon="9.716096425093575"><ele>2897.7</ele></trkpt><trkpt lat="46.512507441833115" lon="9.716081425054755"><ele>2897.9</ele></trkpt><trkpt lat="46.51245444177702" lon="9.716040424997619"><ele>2898.2</ele></trkpt><trkpt lat="46.51242744164146" lon="9.716052424855928"><ele>2898.9</ele></trkpt><trkpt lat="46.51239144152583" lon="9.71603742473633"><ele>2899.5</ele></trkpt><trkpt lat="46.51237344140938" lon="9.716049424614708"><ele>2900.1</ele></trkpt><trkpt lat="46.51234644127368" lon="9.71602242447567"><ele>2900.8</ele></trkpt><trkpt lat="46.51232844119632" lon="9.716021424395263"><ele>2901.2</ele></trkpt><trkpt lat="46.512311441138344" lon="9.715995424336716"><ele>2901.5</ele></trkpt><trkpt lat="46.512214440849384" lon="9.715899424041798"><ele>2903.0</ele></trkpt><trkpt lat="46.5121354404811" lon="9.715779423667657"><ele>2904.9</ele></trkpt><trkpt lat="46.512091440209225" lon="9.715751423387706"><ele>2906.3</ele></trkpt><trkpt lat="46.51204643999621" lon="9.71573642316739"><ele>2907.4</ele></trkpt><trkpt lat="46.51199343960735" lon="9.715707422766615"><ele>2909.4</ele></trkpt><trkpt lat="46.511921439376266" lon="9.715704422525612"><ele>2910.6</ele></trkpt><trkpt lat="46.51190443914201" lon="9.71565242228735"><ele>2911.8</ele></trkpt><trkpt lat="46.51187743894753" lon="9.715624422087894"><ele>2912.8</ele></trkpt><trkpt lat="46.51186043890927" lon="9.715611422048632"><ele>2913.0</ele></trkpt><trkpt lat="46.51183343877352" lon="9.715583421909677"><ele>2913.7</ele></trkpt><trkpt lat="46.51181543873537" lon="9.715596421868653"><ele>2913.9</ele></trkpt><trkpt lat="46.51179643863878" lon="9.715647421764555"><ele>2914.4</ele></trkpt><trkpt lat="46.51176043852315" lon="9.715633421644908"><ele>2915.0</ele></trkpt><trkpt lat="46.51173343840716" lon="9.715644421523457"><ele>2915.6</ele></trkpt><trkpt lat="46.51172343829042" lon="9.715670421400795"><ele>2916.2</ele></trkpt><trkpt lat="46.51171443815396" lon="9.71569642125795"><ele>2916.9</ele></trkpt><trkpt lat="46.51168743801835" lon="9.71568242111804"><ele>2917.6</ele></trkpt><trkpt lat="46.511650437785555" lon="9.715719420873917"><ele>2918.8</ele></trkpt><trkpt lat="46.51163243751255" lon="9.715744420590077"><ele>2920.2</ele></trkpt><trkpt lat="46.511605437318124" lon="9.715717420390561"><ele>2921.2</ele></trkpt><trkpt lat="46.51158743712354" lon="9.715756420186418"><ele>2922.2</ele></trkpt><trkpt lat="46.51157843698683" lon="9.715729420047202"><ele>2922.9</ele></trkpt><trkpt lat="46.5115604369095" lon="9.715728419966805"><ele>2923.3</ele></trkpt><trkpt lat="46.51155243647897" lon="9.715676419526794"><ele>2925.5</ele></trkpt><trkpt lat="46.51152643616696" lon="9.715636419207163"><ele>2927.1</ele></trkpt><trkpt lat="46.51150843599181" lon="9.71566141902415"><ele>2928.0</ele></trkpt><trkpt lat="46.51148943577759" lon="9.715673418801707"><ele>2929.1</ele></trkpt><trkpt lat="46.511463435504844" lon="9.715659418520627"><ele>2930.5</ele></trkpt><trkpt lat="46.51143643523221" lon="9.71565841823867"><ele>2931.9</ele></trkpt><trkpt lat="46.511445434996624" lon="9.71561941799925"><ele>2933.1</ele></trkpt><trkpt lat="46.511427434860586" lon="9.71561941785829"><ele>2933.8</ele></trkpt><trkpt lat="46.51141143462625" lon="9.715566417620114"><ele>2935.0</ele></trkpt><trkpt lat="46.51140143450936" lon="9.71557841749841"><ele>2935.6</ele></trkpt><trkpt lat="46.51139443417662" lon="9.715513417160142"><ele>2937.3</ele></trkpt><trkpt lat="46.51137743384446" lon="9.715460416821157"><ele>2939.0</ele></trkpt><trkpt lat="46.51136843376666" lon="9.715460416740594"><ele>2939.4</ele></trkpt><trkpt lat="46.511322433534396" lon="9.715497416496564"><ele>2940.6</ele></trkpt><trkpt lat="46.511304433300396" lon="9.715470416256641"><ele>2941.8</ele></trkpt><trkpt lat="46.511260433028646" lon="9.715468415974948"><ele>2943.2</ele></trkpt><trkpt lat="46.511261432754225" lon="9.715403415697104"><ele>2944.6</ele></trkpt><trkpt lat="46.51120743220903" lon="9.715401415133208"><ele>2947.4</ele></trkpt><trkpt lat="46.511198432150785" lon="9.715413415071984"><ele>2947.7</ele></trkpt><trkpt lat="46.51119043177905" lon="9.715361414692522"><ele>2949.6</ele></trkpt><trkpt lat="46.51115443148737" lon="9.71535941439058"><ele>2951.1</ele></trkpt><trkpt lat="46.51114543133119" lon="9.715346414230257"><ele>2951.9</ele></trkpt><trkpt lat="46.51110843111802" lon="9.715384414006225"><ele>2953.0</ele></trkpt><trkpt lat="46.51108143082598" lon="9.715408413702384"><ele>2954.5</ele></trkpt><trkpt lat="46.51106443059181" lon="9.715369413463291"><ele>2955.7</ele></trkpt><trkpt lat="46.5110544304555" lon="9.715407413319616"><ele>2956.4</ele></trkpt><trkpt lat="46.51103643029974" lon="9.715381413160294"><ele>2957.2</ele></trkpt><trkpt lat="46.51102743010467" lon="9.715419412956107"><ele>2958.2</ele></trkpt><trkpt lat="46.511018430026816" lon="9.715406412876451"><ele>2958.6</ele></trkpt><trkpt lat="46.51100942992942" lon="9.715405412775791"><ele>2959.1</ele></trkpt><trkpt lat="46.510992429675674" lon="9.715366412516541"><ele>2960.4</ele></trkpt><trkpt lat="46.511001429577114" lon="9.715340412417415"><ele>2960.9</ele></trkpt><trkpt lat="46.51100242942027" lon="9.715301412258787"><ele>2961.7</ele></trkpt><trkpt lat="46.510984429205806" lon="9.71527441203905"><ele>2962.8</ele></trkpt><trkpt lat="46.51094942879648" lon="9.71524641161792"><ele>2964.9</ele></trkpt><trkpt lat="46.51090442842696" lon="9.715232411236265"><ele>2966.8</ele></trkpt><trkpt lat="46.51087942795814" lon="9.715165410757255"><ele>2969.2</ele></trkpt><trkpt lat="46.51083442749067" lon="9.715137410275759"><ele>2971.6</ele></trkpt><trkpt lat="46.51083442749067" lon="9.715137410275759"><ele>2971.6</ele></trkpt><trkpt lat="46.51082642731474" lon="9.715098410097083"><ele>2972.5</ele></trkpt><trkpt lat="46.51082642725587" lon="9.715072410038402"><ele>2972.8</ele></trkpt><trkpt lat="46.51081842719746" lon="9.71504540997988"><ele>2973.1</ele></trkpt><trkpt lat="46.51076542692607" lon="9.715004409701033"><ele>2974.5</ele></trkpt><trkpt lat="46.51072142673252" lon="9.71495040950365"><ele>2975.5</ele></trkpt><trkpt lat="46.51067642646085" lon="9.714935409222907"><ele>2976.9</ele></trkpt><trkpt lat="46.51064042634539" lon="9.714934409102401"><ele>2977.5</ele></trkpt><trkpt lat="46.510596426210704" lon="9.7149194089628"><ele>2978.2</ele></trkpt><trkpt lat="46.51054242613525" lon="9.714890408884775"><ele>2978.6</ele></trkpt><trkpt lat="46.51051642607783" lon="9.714863408826462"><ele>2978.9</ele></trkpt><trkpt lat="46.510488426020665" lon="9.714875408765453"><ele>2979.2</ele></trkpt><trkpt lat="46.51045242582693" lon="9.714874408564288"><ele>2980.2</ele></trkpt><trkpt lat="46.51041742569183" lon="9.71487240842368"><ele>2980.9</ele></trkpt><trkpt lat="46.510399425594926" lon="9.714871408323132"><ele>2981.4</ele></trkpt><trkpt lat="46.51036342547931" lon="9.714844408204446"><ele>2982.0</ele></trkpt><trkpt lat="46.51032742538349" lon="9.714855408103261"><ele>2982.5</ele></trkpt><trkpt lat="46.51032742538349" lon="9.714855408103261"><ele>2982.5</ele></trkpt><trkpt lat="46.51029142552244" lon="9.714841408245794"><ele>2981.8</ele></trkpt><trkpt lat="46.51026442571958" lon="9.714827408448715"><ele>2980.8</ele></trkpt><trkpt lat="46.51025542579838" lon="9.714826408529541"><ele>2980.4</ele></trkpt><trkpt lat="46.5102374259365" lon="9.714839408669986"><ele>2979.7</ele></trkpt><trkpt lat="46.51022842603485" lon="9.71483840877097"><ele>2979.2</ele></trkpt><trkpt lat="46.51021142621184" lon="9.714811408954521"><ele>2978.3</ele></trkpt><trkpt lat="46.51021142646616" lon="9.714785409218457"><ele>2977.0</ele></trkpt><trkpt lat="46.510203426525266" lon="9.714772409279949"><ele>2976.7</ele></trkpt><trkpt lat="46.51020342656435" lon="9.714759409321184"><ele>2976.5</ele></trkpt><trkpt lat="46.510185426604544" lon="9.714771409360878"><ele>2976.3</ele></trkpt><trkpt lat="46.51017642676164" lon="9.714771409522283"><ele>2975.5</ele></trkpt><trkpt lat="46.510167426859894" lon="9.714744409625087"><ele>2975.0</ele></trkpt><trkpt lat="46.51016842703582" lon="9.714705409809264"><ele>2974.1</ele></trkpt><trkpt lat="46.51015942727105" lon="9.714679410053137"><ele>2972.9</ele></trkpt><trkpt lat="46.51015142748654" lon="9.714626410278715"><ele>2971.8</ele></trkpt><trkpt lat="46.51015242756475" lon="9.71461341036026"><ele>2971.4</ele></trkpt><trkpt lat="46.51013442770268" lon="9.714600410502511"><ele>2970.7</ele></trkpt><trkpt lat="46.51013442774178" lon="9.714587410543741"><ele>2970.5</ele></trkpt><trkpt lat="46.51012542784014" lon="9.714586410644728"><ele>2970.0</ele></trkpt><trkpt lat="46.510098428037374" lon="9.714585410846732"><ele>2969.0</ele></trkpt><trkpt lat="46.51009042809647" lon="9.714572410908215"><ele>2968.7</ele></trkpt><trkpt lat="46.510090428272505" lon="9.714546411091488"><ele>2967.8</ele></trkpt><trkpt lat="46.51009042837032" lon="9.71453341119321"><ele>2967.3</ele></trkpt><trkpt lat="46.510081428449105" lon="9.714532411274032"><ele>2966.9</ele></trkpt><trkpt lat="46.510063428665376" lon="9.714531411496095"><ele>2965.8</ele></trkpt><trkpt lat="46.51006442874359" lon="9.71451841157764"><ele>2965.4</ele></trkpt><trkpt lat="46.5100644289392" lon="9.714492411781073"><ele>2964.4</ele></trkpt><trkpt lat="46.51006442901743" lon="9.714479411862627"><ele>2964.0</ele></trkpt><trkpt lat="46.51005542905713" lon="9.714492411902148"><ele>2963.8</ele></trkpt><trkpt lat="46.51004642911638" lon="9.71449241196274"><ele>2963.5</ele></trkpt><trkpt lat="46.51004742917491" lon="9.714466412025029"><ele>2963.2</ele></trkpt><trkpt lat="46.510047429214026" lon="9.714453412066256"><ele>2963.0</ele></trkpt><trkpt lat="46.51004742935096" lon="9.714440412208292"><ele>2962.3</ele></trkpt><trkpt lat="46.510039429625316" lon="9.714413412492535"><ele>2960.9</ele></trkpt><trkpt lat="46.510040429820755" lon="9.714361412697759"><ele>2959.9</ele></trkpt><trkpt lat="46.51004143009457" lon="9.714322412982725"><ele>2958.5</ele></trkpt><trkpt lat="46.510041430250936" lon="9.71428341314673"><ele>2957.7</ele></trkpt><trkpt lat="46.510033430447066" lon="9.714269413349411"><ele>2956.7</ele></trkpt><trkpt lat="46.510006430605145" lon="9.714268413511087"><ele>2955.9</ele></trkpt><trkpt lat="46.5099784309199" lon="9.714280413833162"><ele>2954.3</ele></trkpt><trkpt lat="46.50997043103777" lon="9.714267413955127"><ele>2953.7</ele></trkpt><trkpt lat="46.509970431252874" lon="9.714228414179614"><ele>2952.6</ele></trkpt><trkpt lat="46.50997143137017" lon="9.714215414301474"><ele>2952.0</ele></trkpt><trkpt lat="46.50996343166398" lon="9.71416241460766"><ele>2950.5</ele></trkpt><trkpt lat="46.50995543191871" lon="9.714123414872551"><ele>2949.2</ele></trkpt><trkpt lat="46.50994643197779" lon="9.714096414935007"><ele>2948.9</ele></trkpt><trkpt lat="46.50991943219453" lon="9.714082415158055"><ele>2947.8</ele></trkpt><trkpt lat="46.50990143239136" lon="9.71410841535808"><ele>2946.8</ele></trkpt><trkpt lat="46.50986543260865" lon="9.714106415580405"><ele>2945.7</ele></trkpt><trkpt lat="46.50981043302294" lon="9.714156416000966"><ele>2943.6</ele></trkpt><trkpt lat="46.509791433063306" lon="9.714194416038888"><ele>2943.4</ele></trkpt><trkpt lat="46.50977343314264" lon="9.714206416118907"><ele>2943.0</ele></trkpt><trkpt lat="46.50975543318274" lon="9.714193416160331"><ele>2942.8</ele></trkpt><trkpt lat="46.50971943332161" lon="9.714178416302902"><ele>2942.1</ele></trkpt><trkpt lat="46.509666433559254" lon="9.714150416547364"><ele>2940.9</ele></trkpt><trkpt lat="46.509621433718365" lon="9.714161416708407"><ele>2940.1</ele></trkpt><trkpt lat="46.509585433994296" lon="9.714146416992106"><ele>2938.7</ele></trkpt><trkpt lat="46.50954943415281" lon="9.714145417153873"><ele>2937.9</ele></trkpt><trkpt lat="46.509513434311366" lon="9.714143417315709"><ele>2937.1</ele></trkpt><trkpt lat="46.5094864344499" lon="9.714155417456316"><ele>2936.4</ele></trkpt><trkpt lat="46.50946743452938" lon="9.714181417535386"><ele>2936.0</ele></trkpt><trkpt lat="46.50945843452992" lon="9.714193417534668"><ele>2936.0</ele></trkpt><trkpt lat="46.509440434609154" lon="9.714192417615582"><ele>2935.6</ele></trkpt><trkpt lat="46.50940443484593" lon="9.714178417858884"><ele>2934.4</ele></trkpt><trkpt lat="46.509378435043025" lon="9.714164418061765"><ele>2933.4</ele></trkpt><trkpt lat="46.509351435181394" lon="9.714137418205052"><ele>2932.7</ele></trkpt><trkpt lat="46.50932543537845" lon="9.714122418407989"><ele>2931.7</ele></trkpt><trkpt lat="46.50928843567414" lon="9.714134418710005"><ele>2930.2</ele></trkpt><trkpt lat="46.50927043587085" lon="9.71413341891189"><ele>2929.2</ele></trkpt><trkpt lat="46.50926243596907" lon="9.714120419013684"><ele>2928.7</ele></trkpt><trkpt lat="46.50926243612554" lon="9.714094419176762"><ele>2927.9</ele></trkpt><trkpt lat="46.50925343616509" lon="9.714080419218147"><ele>2927.7</ele></trkpt><trkpt lat="46.50923543630318" lon="9.714093419358585"><ele>2927.0</ele></trkpt><trkpt lat="46.50922643640143" lon="9.714079419460456"><ele>2926.5</ele></trkpt><trkpt lat="46.509218436519156" lon="9.7140534195833"><ele>2925.9</ele></trkpt><trkpt lat="46.50920943655876" lon="9.714039419624685"><ele>2925.7</ele></trkpt><trkpt lat="46.50920043659843" lon="9.714052419664215"><ele>2925.5</ele></trkpt><trkpt lat="46.509182436619035" lon="9.714064419683751"><ele>2925.4</ele></trkpt><trkpt lat="46.50916443665924" lon="9.714077419723386"><ele>2925.2</ele></trkpt><trkpt lat="46.50916443671789" lon="9.714063419784829"><ele>2924.9</ele></trkpt><trkpt lat="46.50915543679656" lon="9.714037419867356"><ele>2924.5</ele></trkpt><trkpt lat="46.509146436875284" lon="9.714037419948102"><ele>2924.1</ele></trkpt><trkpt lat="46.50913843697353" lon="9.714010420050847"><ele>2923.6</ele></trkpt><trkpt lat="46.50911143711201" lon="9.714009420192351"><ele>2922.9</ele></trkpt><trkpt lat="46.50911143722936" lon="9.713996420314206"><ele>2922.3</ele></trkpt><trkpt lat="46.509093437367284" lon="9.713982420456496"><ele>2921.6</ele></trkpt><trkpt lat="46.5090764375051" lon="9.713969420598708"><ele>2920.9</ele></trkpt><trkpt lat="46.50905743762366" lon="9.713981420719069"><ele>2920.3</ele></trkpt><trkpt lat="46.50904043772236" lon="9.71396742082102"><ele>2919.8</ele></trkpt><trkpt lat="46.509040437859234" lon="9.713941420963927"><ele>2919.1</ele></trkpt><trkpt lat="46.50902343795787" lon="9.713914421066768"><ele>2918.6</ele></trkpt><trkpt lat="46.50902343813395" lon="9.713901421249108"><ele>2917.7</ele></trkpt><trkpt lat="46.509005438213244" lon="9.71388742133091"><ele>2917.3</ele></trkpt><trkpt lat="46.50896943837177" lon="9.71389942149178"><ele>2916.5</ele></trkpt><trkpt lat="46.50895143849017" lon="9.713898421613015"><ele>2915.9</ele></trkpt><trkpt lat="46.50893343847173" lon="9.713923421591346"><ele>2916.0</ele></trkpt><trkpt lat="46.50891443851196" lon="9.71393642163099"><ele>2915.8</ele></trkpt><trkpt lat="46.508896438512934" lon="9.713935421631263"><ele>2915.8</ele></trkpt><trkpt lat="46.50887043859248" lon="9.713908421714038"><ele>2915.4</ele></trkpt><trkpt lat="46.50885243875001" lon="9.713907421875595"><ele>2914.6</ele></trkpt><trkpt lat="46.50883443888805" lon="9.713919422016101"><ele>2913.9</ele></trkpt><trkpt lat="46.508815438908876" lon="9.71395842203381"><ele>2913.8</ele></trkpt><trkpt lat="46.508798438929155" lon="9.713918422056892"><ele>2913.7</ele></trkpt><trkpt lat="46.508763439048245" lon="9.71387742218104"><ele>2913.1</ele></trkpt><trkpt lat="46.50874543912747" lon="9.713876422261956"><ele>2912.7</ele></trkpt><trkpt lat="46.508708439110016" lon="9.713888422241384"><ele>2912.8</ele></trkpt><trkpt lat="46.508672439288084" lon="9.71388642242337"><ele>2911.9</ele></trkpt><trkpt lat="46.50864643944591" lon="9.713859422586786"><ele>2911.1</ele></trkpt><trkpt lat="46.50860143976144" lon="9.713844422910885"><ele>2909.5</ele></trkpt><trkpt lat="46.508583439918986" lon="9.713844423072374"><ele>2908.7</ele></trkpt><trkpt lat="46.50857544038888" lon="9.713791423559936"><ele>2906.3</ele></trkpt><trkpt lat="46.50855844038975" lon="9.713777423561078"><ele>2906.3</ele></trkpt><trkpt lat="46.508459440434166" lon="9.713773423602763"><ele>2906.1</ele></trkpt><trkpt lat="46.50842244057335" lon="9.713798423742599"><ele>2905.4</ele></trkpt><trkpt lat="46.508395440809764" lon="9.713823423983126"><ele>2904.2</ele></trkpt><trkpt lat="46.508349441008" lon="9.713834424184494"><ele>2903.2</ele></trkpt><trkpt lat="46.508322441146426" lon="9.713833424325983"><ele>2902.5</ele></trkpt><trkpt lat="46.50827844128578" lon="9.713831424467733"><ele>2901.8</ele></trkpt><trkpt lat="46.50825044156141" lon="9.713856424748597"><ele>2900.4</ele></trkpt><trkpt lat="46.50824144165985" lon="9.713868424848691"><ele>2899.9</ele></trkpt><trkpt lat="46.50822244183711" lon="9.713894425028581"><ele>2899.0</ele></trkpt><trkpt lat="46.50818644213275" lon="9.713918425329764"><ele>2897.5</ele></trkpt><trkpt lat="46.50817744221151" lon="9.713918425410512"><ele>2897.1</ele></trkpt><trkpt lat="46.508114442410466" lon="9.713889425614779"><ele>2896.1</ele></trkpt><trkpt lat="46.50808744250977" lon="9.713888425715945"><ele>2895.6</ele></trkpt><trkpt lat="46.50806044270695" lon="9.713887425917925"><ele>2894.6</ele></trkpt><trkpt lat="46.50806044276569" lon="9.713900425977524"><ele>2894.3</ele></trkpt><trkpt lat="46.508059442883436" lon="9.71395242609498"><ele>2893.7</ele></trkpt><trkpt lat="46.508050442923064" lon="9.7139524261354"><ele>2893.5</ele></trkpt><trkpt lat="46.508032442982646" lon="9.71393842619703"><ele>2893.2</ele></trkpt><trkpt lat="46.508014443120636" lon="9.713937426338424"><ele>2892.5</ele></trkpt><trkpt lat="46.50800644323839" lon="9.71392442646036"><ele>2891.9</ele></trkpt><trkpt lat="46.50799744325846" lon="9.713923426480688"><ele>2891.8</ele></trkpt><trkpt lat="46.50796044341713" lon="9.71394842664069"><ele>2891.0</ele></trkpt><trkpt lat="46.50792444361471" lon="9.713933426843715"><ele>2890.0</ele></trkpt><trkpt lat="46.507906443733184" lon="9.713945426964067"><ele>2889.4</ele></trkpt><trkpt lat="46.507905443870385" lon="9.713985427102498"><ele>2888.7</ele></trkpt><trkpt lat="46.50786944404845" lon="9.713983427284479"><ele>2887.8</ele></trkpt><trkpt lat="46.50786044428388" lon="9.714009427524754"><ele>2886.6</ele></trkpt><trkpt lat="46.507824444579434" lon="9.714020427826828"><ele>2885.1</ele></trkpt><trkpt lat="46.507777444915085" lon="9.714109428164074"><ele>2883.4</ele></trkpt><trkpt lat="46.50775944501396" lon="9.714122428264202"><ele>2882.9</ele></trkpt><trkpt lat="46.50772244515305" lon="9.714146428404113"><ele>2882.2</ele></trkpt><trkpt lat="46.507686445311556" lon="9.714145428565871"><ele>2881.4</ele></trkpt><trkpt lat="46.507659445391326" lon="9.714157428645999"><ele>2881.0</ele></trkpt><trkpt lat="46.507632445392794" lon="9.714156428646366"><ele>2881.0</ele></trkpt><trkpt lat="46.507605445355104" lon="9.714167428605597"><ele>2881.2</ele></trkpt><trkpt lat="46.50759644537523" lon="9.714180428624982"><ele>2881.1</ele></trkpt><trkpt lat="46.50756844551375" lon="9.714192428765607"><ele>2880.4</ele></trkpt><trkpt lat="46.50755144559286" lon="9.714178428847386"><ele>2880.0</ele></trkpt><trkpt lat="46.50751544579028" lon="9.714138429052088"><ele>2879.0</ele></trkpt><trkpt lat="46.50747944587065" lon="9.714162429131513"><ele>2878.6</ele></trkpt><trkpt lat="46.50745144606797" lon="9.714187429331751"><ele>2877.6</ele></trkpt><trkpt lat="46.50744144616656" lon="9.714239429429163"><ele>2877.1</ele></trkpt><trkpt lat="46.507449446186" lon="9.714291429445739"><ele>2877.0</ele></trkpt><trkpt lat="46.50746644630278" lon="9.714357429562074"><ele>2876.4</ele></trkpt><trkpt lat="46.507466446420295" lon="9.714370429682173"><ele>2875.8</ele></trkpt><trkpt lat="46.507465446440094" lon="9.714409429699717"><ele>2875.7</ele></trkpt><trkpt lat="46.50745544646029" lon="9.714435429718234"><ele>2875.6</ele></trkpt><trkpt lat="46.50740944656084" lon="9.714485429816182"><ele>2875.1</ele></trkpt><trkpt lat="46.507391446640185" lon="9.714510429895345"><ele>2874.7</ele></trkpt><trkpt lat="46.50737344669984" lon="9.714497429956905"><ele>2874.4</ele></trkpt><trkpt lat="46.50735544675953" lon="9.714509430016781"><ele>2874.1</ele></trkpt><trkpt lat="46.50733744678014" lon="9.71452143003633"><ele>2874.0</ele></trkpt><trkpt lat="46.507318446898665" lon="9.71454643015583"><ele>2873.4</ele></trkpt><trkpt lat="46.50723744709881" lon="9.714569430356786"><ele>2872.4</ele></trkpt><trkpt lat="46.50719244723807" lon="9.714541430500303"><ele>2871.7</ele></trkpt><trkpt lat="46.50714844759251" lon="9.714513430865587"><ele>2869.9</ele></trkpt><trkpt lat="46.50711244786826" lon="9.71448643115007"><ele>2868.5</ele></trkpt><trkpt lat="46.507104448005556" lon="9.714459431293108"><ele>2867.8</ele></trkpt><trkpt lat="46.507096448260135" lon="9.714407431558799"><ele>2866.5</ele></trkpt><trkpt lat="46.507088448416944" lon="9.714380431721988"><ele>2865.7</ele></trkpt><trkpt lat="46.5070514486735" lon="9.714405431982824"><ele>2864.4</ele></trkpt><trkpt lat="46.50701444910632" lon="9.714481432421698"><ele>2862.2</ele></trkpt><trkpt lat="46.507003449283346" lon="9.714546432598922"><ele>2861.3</ele></trkpt><trkpt lat="46.50698444940211" lon="9.714624432714874"><ele>2860.7</ele></trkpt><trkpt lat="46.50698344948055" lon="9.71463743279467"><ele>2860.3</ele></trkpt><trkpt lat="46.50698344950027" lon="9.714676432812217"><ele>2860.2</ele></trkpt><trkpt lat="46.50697344961829" lon="9.714688432932496"><ele>2859.6</ele></trkpt><trkpt lat="46.5069644497168" lon="9.714727433030797"><ele>2859.1</ele></trkpt><trkpt lat="46.506954449795636" lon="9.714740433110691"><ele>2858.7</ele></trkpt><trkpt lat="46.506945449796135" lon="9.714739433110852"><ele>2858.7</ele></trkpt><trkpt lat="46.50693744987479" lon="9.714726433192466"><ele>2858.3</ele></trkpt><trkpt lat="46.506928450012055" lon="9.714686433336379"><ele>2857.6</ele></trkpt><trkpt lat="46.50689245028795" lon="9.714698433618244"><ele>2856.2</ele></trkpt><trkpt lat="46.5068754504843" lon="9.714645433823598"><ele>2855.2</ele></trkpt><trkpt lat="46.50682245089803" lon="9.714630434248598"><ele>2853.1</ele></trkpt><trkpt lat="46.506804451035826" lon="9.71460343439173"><ele>2852.4</ele></trkpt><trkpt lat="46.50676945127237" lon="9.714575434635933"><ele>2851.2</ele></trkpt><trkpt lat="46.50676045133143" lon="9.714549434698252"><ele>2850.9</ele></trkpt><trkpt lat="46.506742451469314" lon="9.714548434839651"><ele>2850.2</ele></trkpt><trkpt lat="46.5067254515288" lon="9.714521434902128"><ele>2849.9</ele></trkpt><trkpt lat="46.5066624518843" lon="9.714506435266728"><ele>2848.1</ele></trkpt><trkpt lat="46.5066094521805" lon="9.71447743557167"><ele>2846.6</ele></trkpt><trkpt lat="46.50656445235895" lon="9.714463435754553"><ele>2845.7</ele></trkpt><trkpt lat="46.506538452379516" lon="9.714396435779461"><ele>2845.6</ele></trkpt><trkpt lat="46.50645045244257" lon="9.714327435845494"><ele>2845.3</ele></trkpt><trkpt lat="46.50639745246468" lon="9.714273435869826"><ele>2845.2</ele></trkpt><trkpt lat="46.50635245250611" lon="9.71425843591164"><ele>2845.0</ele></trkpt><trkpt lat="46.50631845272257" lon="9.714139436141705"><ele>2843.9</ele></trkpt><trkpt lat="46.5062744529204" lon="9.714098436346525"><ele>2842.9</ele></trkpt><trkpt lat="46.50618745343299" lon="9.713938436882298"><ele>2840.3</ele></trkpt><trkpt lat="46.506161453512604" lon="9.713924436964156"><ele>2839.9</ele></trkpt><trkpt lat="46.50614445365025" lon="9.71388443710812"><ele>2839.2</ele></trkpt><trkpt lat="46.50611745386676" lon="9.713844437332838"><ele>2838.1</ele></trkpt><trkpt lat="46.50604745428087" lon="9.713750437763212"><ele>2836.0</ele></trkpt><trkpt lat="46.50599545473339" lon="9.713683438231902"><ele>2833.7</ele></trkpt><trkpt lat="46.50596045504794" lon="9.71360343856015"><ele>2832.1</ele></trkpt><trkpt lat="46.50594345512704" lon="9.7135894386419"><ele>2831.7</ele></trkpt><trkpt lat="46.505925455167" lon="9.713575438683344"><ele>2831.5</ele></trkpt><trkpt lat="46.50589845526628" lon="9.7135744387845"><ele>2831.0</ele></trkpt><trkpt lat="46.50584545566021" lon="9.713533439190984"><ele>2829.0</ele></trkpt><trkpt lat="46.50582745589586" lon="9.713506439434886"><ele>2827.8</ele></trkpt><trkpt lat="46.505819456033116" lon="9.713480439577808"><ele>2827.1</ele></trkpt><trkpt lat="46.505801456249344" lon="9.71347943979983"><ele>2826.0</ele></trkpt><trkpt lat="46.50577445646592" lon="9.7134654400228"><ele>2824.9</ele></trkpt><trkpt lat="46.50574845679966" lon="9.713412440369297"><ele>2823.2</ele></trkpt><trkpt lat="46.50571445729018" lon="9.713319440879793"><ele>2820.7</ele></trkpt><trkpt lat="46.5056964573694" lon="9.713331440959829"><ele>2820.3</ele></trkpt><trkpt lat="46.50567945764408" lon="9.713278441245746"><ele>2818.9</ele></trkpt><trkpt lat="46.5056714577812" lon="9.713226441390374"><ele>2818.2</ele></trkpt><trkpt lat="46.50563645815447" lon="9.713159441778192"><ele>2816.3</ele></trkpt><trkpt lat="46.50563745834985" lon="9.713107441983194"><ele>2815.3</ele></trkpt><trkpt lat="46.50561945846817" lon="9.713093442105267"><ele>2814.7</ele></trkpt><trkpt lat="46.505612458683395" lon="9.713015442332225"><ele>2813.6</ele></trkpt><trkpt lat="46.50559545874287" lon="9.71298844239466"><ele>2813.3</ele></trkpt><trkpt lat="46.50557745878291" lon="9.71298744243524"><ele>2813.1</ele></trkpt><trkpt lat="46.50552445902025" lon="9.712933442681264"><ele>2811.9</ele></trkpt><trkpt lat="46.50548945919779" lon="9.712853442868328"><ele>2811.0</ele></trkpt><trkpt lat="46.50544445945452" lon="9.712851443131"><ele>2809.7</ele></trkpt><trkpt lat="46.50540945965194" lon="9.712837443333873"><ele>2808.7</ele></trkpt><trkpt lat="46.50534746006567" lon="9.712756443763174"><ele>2806.6</ele></trkpt><trkpt lat="46.505322460242795" lon="9.712690443949203"><ele>2805.7</ele></trkpt><trkpt lat="46.5053144603799" lon="9.712637444093874"><ele>2805.0</ele></trkpt><trkpt lat="46.50526146061721" lon="9.712583444339877"><ele>2803.8</ele></trkpt><trkpt lat="46.50520846077625" lon="9.712529444505241"><ele>2803.0</ele></trkpt><trkpt lat="46.50515546081787" lon="9.712474444549732"><ele>2802.8</ele></trkpt><trkpt lat="46.50510246089866" lon="9.71242044463447"><ele>2802.4</ele></trkpt><trkpt lat="46.50500546111852" lon="9.712338444862604"><ele>2801.3</ele></trkpt><trkpt lat="46.50498746115843" lon="9.712298444905732"><ele>2801.1</ele></trkpt><trkpt lat="46.5049434612975" lon="9.712270445049134"><ele>2800.4</ele></trkpt><trkpt lat="46.50486346161452" lon="9.712228445375246"><ele>2798.8</ele></trkpt><trkpt lat="46.50481946171437" lon="9.712174445480033"><ele>2798.3</ele></trkpt><trkpt lat="46.50476646197135" lon="9.71214544574453"><ele>2797.0</ele></trkpt><trkpt lat="46.504748462089566" lon="9.712118445867427"><ele>2796.4</ele></trkpt><trkpt lat="46.50472146230631" lon="9.712143446087797"><ele>2795.3</ele></trkpt><trkpt lat="46.50464946262292" lon="9.712114446412958"><ele>2793.7</ele></trkpt><trkpt lat="46.5046314626825" lon="9.712101446474463"><ele>2793.4</ele></trkpt><trkpt lat="46.50461446276138" lon="9.71204844655874"><ele>2793.0</ele></trkpt><trkpt lat="46.50456046282307" lon="9.712084446617428"><ele>2792.7</ele></trkpt><trkpt lat="46.50452446282496" lon="9.712096446617023"><ele>2792.7</ele></trkpt><trkpt lat="46.504488462807224" lon="9.712081446598228"><ele>2792.8</ele></trkpt><trkpt lat="46.504443462829094" lon="9.712080446618929"><ele>2792.7</ele></trkpt><trkpt lat="46.50441646284994" lon="9.7120524466412"><ele>2792.6</ele></trkpt><trkpt lat="46.50436346308725" lon="9.712011446886317"><ele>2791.4</ele></trkpt><trkpt lat="46.504354463205125" lon="9.712011447007349"><ele>2790.8</ele></trkpt><trkpt lat="46.5043364632843" lon="9.712010447088225"><ele>2790.4</ele></trkpt><trkpt lat="46.50431046334429" lon="9.711996447149886"><ele>2790.1</ele></trkpt><trkpt lat="46.50429246334514" lon="9.711982447150987"><ele>2790.1</ele></trkpt><trkpt lat="46.50422046350519" lon="9.711953447314894"><ele>2789.3</ele></trkpt><trkpt lat="46.50420346352566" lon="9.711939447336146"><ele>2789.2</ele></trkpt><trkpt lat="46.50418446348753" lon="9.711951447295245"><ele>2789.4</ele></trkpt><trkpt lat="46.504167463566546" lon="9.711925447377748"><ele>2789.0</ele></trkpt><trkpt lat="46.50414946354781" lon="9.711898447359548"><ele>2789.1</ele></trkpt><trkpt lat="46.50412346345113" lon="9.711858447261658"><ele>2789.6</ele></trkpt><trkpt lat="46.50409646339381" lon="9.711856447201608"><ele>2789.9</ele></trkpt><trkpt lat="46.50401646324126" lon="9.711814447043954"><ele>2790.7</ele></trkpt><trkpt lat="46.50397246322375" lon="9.711773447026944"><ele>2790.8</ele></trkpt><trkpt lat="46.5039194632066" lon="9.71170644701173"><ele>2790.9</ele></trkpt><trkpt lat="46.503902463226844" lon="9.711666447034677"><ele>2790.8</ele></trkpt><trkpt lat="46.50384946324894" lon="9.711612447058922"><ele>2790.7</ele></trkpt><trkpt lat="46.5037784632133" lon="9.711569447022173"><ele>2790.9</ele></trkpt><trkpt lat="46.50373446321536" lon="9.71152844702532"><ele>2790.9</ele></trkpt><trkpt lat="46.503663463336274" lon="9.711499447148894"><ele>2790.3</ele></trkpt><trkpt lat="46.503636463435356" lon="9.711472447251714"><ele>2789.8</ele></trkpt><trkpt lat="46.503565463595365" lon="9.711443447415595"><ele>2789.0</ele></trkpt><trkpt lat="46.50351146373499" lon="9.711415447559077"><ele>2788.3</ele></trkpt><trkpt lat="46.50343146399335" lon="9.711385447823881"><ele>2787.0</ele></trkpt><trkpt lat="46.50339546413198" lon="9.711358447967106"><ele>2786.3</ele></trkpt><trkpt lat="46.503350464232234" lon="9.711382448066784"><ele>2785.8</ele></trkpt><trkpt lat="46.503314464410046" lon="9.71135444825038"><ele>2784.9</ele></trkpt><trkpt lat="46.5033154644881" lon="9.711315448333528"><ele>2784.5</ele></trkpt><trkpt lat="46.50327146468591" lon="9.711300448536509"><ele>2783.5</ele></trkpt><trkpt lat="46.503253464862915" lon="9.711300448718086"><ele>2782.6</ele></trkpt><trkpt lat="46.50322646496206" lon="9.711286448820053"><ele>2782.1</ele></trkpt><trkpt lat="46.503182465042414" lon="9.711245448903803"><ele>2781.7</ele></trkpt><trkpt lat="46.50316446512158" lon="9.711244448984674"><ele>2781.3</ele></trkpt><trkpt lat="46.503110465221944" lon="9.711203449088678"><ele>2780.8</ele></trkpt><trkpt lat="46.50308446534059" lon="9.711175449211702"><ele>2780.2</ele></trkpt><trkpt lat="46.50306746551738" lon="9.711149449394952"><ele>2779.3</ele></trkpt><trkpt lat="46.503032465695" lon="9.711095449580215"><ele>2778.4</ele></trkpt><trkpt lat="46.50300546563769" lon="9.711094449520106"><ele>2778.7</ele></trkpt><trkpt lat="46.50295946573801" lon="9.711118449619798"><ele>2778.2</ele></trkpt><trkpt lat="46.50292446591573" lon="9.711090449803367"><ele>2777.3</ele></trkpt><trkpt lat="46.50291546599441" lon="9.711090449884075"><ele>2776.9</ele></trkpt><trkpt lat="46.502897466190944" lon="9.711076450086706"><ele>2775.9</ele></trkpt><trkpt lat="46.50286146642748" lon="9.711062450329832"><ele>2774.7</ele></trkpt><trkpt lat="46.502853466740724" lon="9.71102245065497"><ele>2773.1</ele></trkpt><trkpt lat="46.50287246691562" lon="9.71098445083861"><ele>2772.2</ele></trkpt><trkpt lat="46.50286446701358" lon="9.710932450942837"><ele>2771.7</ele></trkpt><trkpt lat="46.502846467171125" lon="9.71094445110347"><ele>2770.9</ele></trkpt><trkpt lat="46.50281946744623" lon="9.710917451387646"><ele>2769.5</ele></trkpt><trkpt lat="46.502802467759885" lon="9.710864451713705"><ele>2767.9</ele></trkpt><trkpt lat="46.502803467681446" lon="9.710838451634773"><ele>2768.3</ele></trkpt><trkpt lat="46.502804467681095" lon="9.710773451638971"><ele>2768.3</ele></trkpt><trkpt lat="46.502787467720864" lon="9.710720451682889"><ele>2768.1</ele></trkpt><trkpt lat="46.50278846777929" lon="9.71068145174586"><ele>2767.8</ele></trkpt><trkpt lat="46.502779467936165" lon="9.710654451908923"><ele>2767.0</ele></trkpt><trkpt lat="46.502762468073904" lon="9.710641452051012"><ele>2766.3</ele></trkpt><trkpt lat="46.50274446815311" lon="9.71065345213103"><ele>2765.9</ele></trkpt><trkpt lat="46.50274346821204" lon="9.710692452188974"><ele>2765.6</ele></trkpt><trkpt lat="46.50272446835004" lon="9.71070445232946"><ele>2764.9</ele></trkpt><trkpt lat="46.50270746846821" lon="9.710690452451464"><ele>2764.3</ele></trkpt><trkpt lat="46.50267946870447" lon="9.710715452691968"><ele>2763.1</ele></trkpt><trkpt lat="46.50267046884201" lon="9.71074145283145"><ele>2762.4</ele></trkpt><trkpt lat="46.50266146897943" lon="9.710741452972613"><ele>2761.7</ele></trkpt><trkpt lat="46.50261646917723" lon="9.710713453176417"><ele>2760.7</ele></trkpt><trkpt lat="46.502571469394745" lon="9.71072445339785"><ele>2759.6</ele></trkpt><trkpt lat="46.502535469572614" lon="9.710722453579734"><ele>2758.7</ele></trkpt><trkpt lat="46.50250946971078" lon="9.710695453722813"><ele>2758.0</ele></trkpt><trkpt lat="46.5025004697503" lon="9.71068245376405"><ele>2757.8</ele></trkpt><trkpt lat="46.50244646990949" lon="9.710666453926873"><ele>2757.0</ele></trkpt><trkpt lat="46.502366470441544" lon="9.710624454474523"><ele>2754.3</ele></trkpt><trkpt lat="46.50234847055987" lon="9.710623454595693"><ele>2753.7</ele></trkpt><trkpt lat="46.5023214707177" lon="9.710622454757255"><ele>2752.9</ele></trkpt><trkpt lat="46.50228647085632" lon="9.71059445490049"><ele>2752.2</ele></trkpt><trkpt lat="46.50225147103391" lon="9.710541455085638"><ele>2751.3</ele></trkpt><trkpt lat="46.50223347115206" lon="9.710514455208472"><ele>2750.7</ele></trkpt><trkpt lat="46.502216471231065" lon="9.710487455290995"><ele>2750.3</ele></trkpt><trkpt lat="46.502181471369525" lon="9.710434455435838"><ele>2749.6</ele></trkpt><trkpt lat="46.50215547146847" lon="9.710394455539438"><ele>2749.1</ele></trkpt><trkpt lat="46.50212847160665" lon="9.710366455682582"><ele>2748.4</ele></trkpt><trkpt lat="46.50209347178432" lon="9.710326455866882"><ele>2747.5</ele></trkpt><trkpt lat="46.50207547182428" lon="9.710312455908277"><ele>2747.3</ele></trkpt><trkpt lat="46.502040471845426" lon="9.710271455931428"><ele>2747.2</ele></trkpt><trkpt lat="46.50202247186585" lon="9.710258455952603"><ele>2747.1</ele></trkpt><trkpt lat="46.50196947194682" lon="9.710255456033954"><ele>2746.7</ele></trkpt><trkpt lat="46.5019334719876" lon="9.710228456076365"><ele>2746.5</ele></trkpt><trkpt lat="46.50189747208728" lon="9.710226456177624"><ele>2746.0</ele></trkpt><trkpt lat="46.501817472443285" lon="9.710197456543044"><ele>2744.2</ele></trkpt><trkpt lat="46.50175447262261" lon="9.710194456725251"><ele>2743.3</ele></trkpt><trkpt lat="46.501710472702804" lon="9.710153456808943"><ele>2742.9</ele></trkpt><trkpt lat="46.50168347284103" lon="9.710126456952013"><ele>2742.2</ele></trkpt><trkpt lat="46.50164847294047" lon="9.710099457054868"><ele>2741.7</ele></trkpt><trkpt lat="46.501612473176884" lon="9.710058457299679"><ele>2740.5</ele></trkpt><trkpt lat="46.50157747329592" lon="9.710043457421909"><ele>2739.9</ele></trkpt><trkpt lat="46.5015414735324" lon="9.710029457664987"><ele>2738.7</ele></trkpt><trkpt lat="46.50151547382704" lon="9.710002457969244"><ele>2737.2</ele></trkpt><trkpt lat="46.50151647410058" lon="9.709950458254669"><ele>2735.8</ele></trkpt><trkpt lat="46.50146147439681" lon="9.70996045855686"><ele>2734.3</ele></trkpt><trkpt lat="46.5014434744174" lon="9.709986458575532"><ele>2734.2</ele></trkpt><trkpt lat="46.5013804747923" lon="9.709996458958402"><ele>2732.3</ele></trkpt><trkpt lat="46.50134447502883" lon="9.709995459200648"><ele>2731.1</ele></trkpt><trkpt lat="46.501316475167286" lon="9.710019459340458"><ele>2730.4</ele></trkpt><trkpt lat="46.50120847560304" lon="9.710015459785138"><ele>2728.2</ele></trkpt><trkpt lat="46.5011634758009" lon="9.71001345998724"><ele>2727.2</ele></trkpt><trkpt lat="46.501119476154955" lon="9.709959460353845"><ele>2725.4</ele></trkpt><trkpt lat="46.50111247637011" lon="9.709881460580547"><ele>2724.3</ele></trkpt><trkpt lat="46.50109547648821" lon="9.70985446070334"><ele>2723.7</ele></trkpt><trkpt lat="46.501077476626044" lon="9.70985346084464"><ele>2723.0</ele></trkpt><trkpt lat="46.50098847715839" lon="9.709797461393176"><ele>2720.3</ele></trkpt><trkpt lat="46.50097947723701" lon="9.709784461474701"><ele>2719.9</ele></trkpt><trkpt lat="46.50095347727736" lon="9.709757461516988"><ele>2719.7</ele></trkpt><trkpt lat="46.50089047749553" lon="9.709728461741129"><ele>2718.6</ele></trkpt><trkpt lat="46.50086447779007" lon="9.709688462046186"><ele>2717.1</ele></trkpt><trkpt lat="46.500775478693996" lon="9.709619462978365"><ele>2712.5</ele></trkpt><trkpt lat="46.5007484789497" lon="9.709644463238998"><ele>2711.2</ele></trkpt><trkpt lat="46.50072147908794" lon="9.709630463381213"><ele>2710.5</ele></trkpt><trkpt lat="46.500713479205515" lon="9.709590463504727"><ele>2709.9</ele></trkpt><trkpt lat="46.50069547922587" lon="9.709563463526777"><ele>2709.8</ele></trkpt><trkpt lat="46.50066147926644" lon="9.709510463570782"><ele>2709.6</ele></trkpt><trkpt lat="46.500616479425005" lon="9.709469463735038"><ele>2708.8</ele></trkpt><trkpt lat="46.50059047958265" lon="9.709442463898213"><ele>2708.0</ele></trkpt><trkpt lat="46.50055447977997" lon="9.709427464101024"><ele>2707.0</ele></trkpt><trkpt lat="46.5005364798786" lon="9.709413464202834"><ele>2706.5</ele></trkpt><trkpt lat="46.500510480114556" lon="9.709399464445779"><ele>2705.3</ele></trkpt><trkpt lat="46.50049148025249" lon="9.70941146458626"><ele>2704.6</ele></trkpt><trkpt lat="46.50047348035116" lon="9.709411464687186"><ele>2704.1</ele></trkpt><trkpt lat="46.50045648037161" lon="9.709410464707569"><ele>2704.0</ele></trkpt><trkpt lat="46.500411480706305" lon="9.709395465051514"><ele>2702.3</ele></trkpt><trkpt lat="46.500393480824556" lon="9.709394465172657"><ele>2701.7</ele></trkpt><trkpt lat="46.500375480942765" lon="9.709394465293732"><ele>2701.1</ele></trkpt><trkpt lat="46.50033948117925" lon="9.709392465536018"><ele>2699.9</ele></trkpt><trkpt lat="46.50031248133704" lon="9.709378465698364"><ele>2699.1</ele></trkpt><trkpt lat="46.50027648153444" lon="9.709376465900348"><ele>2698.1</ele></trkpt><trkpt lat="46.5002404817122" lon="9.70936246608294"><ele>2697.2</ele></trkpt><trkpt lat="46.500223481888945" lon="9.709335466266152"><ele>2696.3</ele></trkpt><trkpt lat="46.5001694822827" lon="9.709320466670624"><ele>2694.3</ele></trkpt><trkpt lat="46.5001524823813" lon="9.709306466772427"><ele>2693.8</ele></trkpt><trkpt lat="46.50013348242149" lon="9.709331466811344"><ele>2693.6</ele></trkpt><trkpt lat="46.500107482676896" lon="9.709304467075238"><ele>2692.3</ele></trkpt><trkpt lat="46.5000804827174" lon="9.709303467115875"><ele>2692.1</ele></trkpt><trkpt lat="46.49998148330892" lon="9.709273467723234"><ele>2689.1</ele></trkpt><trkpt lat="46.49996348342724" lon="9.709285467843555"><ele>2688.5</ele></trkpt><trkpt lat="46.499927483683265" lon="9.709284468105915"><ele>2687.2</ele></trkpt><trkpt lat="46.49984648403945" lon="9.709306468468034"><ele>2685.4</ele></trkpt><trkpt lat="46.49981848419749" lon="9.709344468627119"><ele>2684.6</ele></trkpt><trkpt lat="46.499791484237974" lon="9.709356468666938"><ele>2684.4</ele></trkpt><trkpt lat="46.49978248427751" lon="9.709343468708143"><ele>2684.2</ele></trkpt><trkpt lat="46.49974748451367" lon="9.709289468953669"><ele>2683.0</ele></trkpt><trkpt lat="46.499739484513995" lon="9.709263468955385"><ele>2683.0</ele></trkpt><trkpt lat="46.49973048455346" lon="9.70924946899666"><ele>2682.8</ele></trkpt><trkpt lat="46.49967648481028" lon="9.709221469260893"><ele>2681.5</ele></trkpt><trkpt lat="46.49965948492835" lon="9.709194469383645"><ele>2680.9</ele></trkpt><trkpt lat="46.49962348496931" lon="9.709206469423554"><ele>2680.7</ele></trkpt><trkpt lat="46.49958648506897" lon="9.709217469523981"><ele>2680.2</ele></trkpt><trkpt lat="46.499559485031256" lon="9.709229469483214"><ele>2680.4</ele></trkpt><trkpt lat="46.49952348511125" lon="9.709214469565108"><ele>2680.0</ele></trkpt><trkpt lat="46.49949748524943" lon="9.709213469706476"><ele>2679.3</ele></trkpt><trkpt lat="46.499461485427034" lon="9.709173469890686"><ele>2678.4</ele></trkpt><trkpt lat="46.49941648554656" lon="9.709171470012155"><ele>2677.8</ele></trkpt><trkpt lat="46.499408485586" lon="9.709158470053348"><ele>2677.6</ele></trkpt><trkpt lat="46.49938148568502" lon="9.709130470156113"><ele>2677.1</ele></trkpt><trkpt lat="46.49935448586236" lon="9.709129470337784"><ele>2676.2</ele></trkpt><trkpt lat="46.49933648594146" lon="9.709128470418621"><ele>2675.8</ele></trkpt><trkpt lat="46.499327485941954" lon="9.709128470418714"><ele>2675.8</ele></trkpt><trkpt lat="46.49931048607958" lon="9.709101470561611"><ele>2675.1</ele></trkpt><trkpt lat="46.499292486099954" lon="9.709088470582756"><ele>2675.0</ele></trkpt><trkpt lat="46.499285486217275" lon="9.708996470709472"><ele>2674.4</ele></trkpt><trkpt lat="46.49926948631521" lon="9.708865470818566"><ele>2673.9</ele></trkpt><trkpt lat="46.499243486375164" lon="9.70885147088015"><ele>2673.6</ele></trkpt><trkpt lat="46.499234486473256" lon="9.708824470982663"><ele>2673.1</ele></trkpt><trkpt lat="46.499217486473924" lon="9.708785470985275"><ele>2673.1</ele></trkpt><trkpt lat="46.49919048645569" lon="9.708783470965532"><ele>2673.2</ele></trkpt><trkpt lat="46.49917348649555" lon="9.708757471007626"><ele>2673.0</ele></trkpt><trkpt lat="46.49915548641813" lon="9.708743470928091"><ele>2673.4</ele></trkpt><trkpt lat="46.49913748632111" lon="9.708716470829229"><ele>2673.9</ele></trkpt><trkpt lat="46.49912848624336" lon="9.708716470748733"><ele>2674.3</ele></trkpt><trkpt lat="46.499111486165845" lon="9.708689470670008"><ele>2674.7</ele></trkpt><trkpt lat="46.499102486146676" lon="9.708676470650769"><ele>2674.8</ele></trkpt><trkpt lat="46.499085486108285" lon="9.708662470611523"><ele>2675.0</ele></trkpt><trkpt lat="46.49904048599307" lon="9.70863447049285"><ele>2675.6</ele></trkpt><trkpt lat="46.49901448595507" lon="9.70859447045533"><ele>2675.8</ele></trkpt><trkpt lat="46.49898748601496" lon="9.708566470517797"><ele>2675.5</ele></trkpt><trkpt lat="46.49896948607458" lon="9.708579470577599"><ele>2675.2</ele></trkpt><trkpt lat="46.49895148601681" lon="9.708578470517407"><ele>2675.5</ele></trkpt><trkpt lat="46.49891548578391" lon="9.708576470276142"><ele>2676.7</ele></trkpt><trkpt lat="46.4988884856679" lon="9.708575470155601"><ele>2677.3</ele></trkpt><trkpt lat="46.49888048564859" lon="9.708549470137163"><ele>2677.4</ele></trkpt><trkpt lat="46.49885348555207" lon="9.708535470037583"><ele>2677.9</ele></trkpt><trkpt lat="46.4988094853585" lon="9.708481469839947"><ele>2678.9</ele></trkpt><trkpt lat="46.498747485302765" lon="9.708452469781962"><ele>2679.2</ele></trkpt><trkpt lat="46.4986944852856" lon="9.70839846976574"><ele>2679.3</ele></trkpt><trkpt lat="46.49865048528763" lon="9.708357469768758"><ele>2679.3</ele></trkpt><trkpt lat="46.49859648536837" lon="9.708329469851645"><ele>2678.9</ele></trkpt><trkpt lat="46.49857948529084" lon="9.70830246977293"><ele>2679.3</ele></trkpt><trkpt lat="46.49852548546948" lon="9.708286469955793"><ele>2678.4</ele></trkpt><trkpt lat="46.49849048549058" lon="9.708246469978802"><ele>2678.3</ele></trkpt><trkpt lat="46.49844648564901" lon="9.70820547014298"><ele>2677.5</ele></trkpt><trkpt lat="46.498419485767606" lon="9.70817847026582"><ele>2676.9</ele></trkpt><trkpt lat="46.498348485986135" lon="9.708162470489142"><ele>2675.8</ele></trkpt><trkpt lat="46.498295485910276" lon="9.70810747041254"><ele>2676.2</ele></trkpt><trkpt lat="46.49826848597025" lon="9.708093470474129"><ele>2675.9</ele></trkpt><trkpt lat="46.498251486010005" lon="9.7080534705171"><ele>2675.7</ele></trkpt><trkpt lat="46.498215486109494" lon="9.708039470619063"><ele>2675.2</ele></trkpt><trkpt lat="46.4981804861111" lon="9.70801147062117"><ele>2675.2</ele></trkpt><trkpt lat="46.49813548603507" lon="9.707996470541989"><ele>2675.6</ele></trkpt><trkpt lat="46.498073486018335" lon="9.707942470525854"><ele>2675.7</ele></trkpt><trkpt lat="46.49800348606047" lon="9.707848470572738"><ele>2675.5</ele></trkpt><trkpt lat="46.4979504861606" lon="9.707780470678257"><ele>2675.0</ele></trkpt><trkpt lat="46.49792448625951" lon="9.707740470781744"><ele>2674.5</ele></trkpt><trkpt lat="46.497871486301044" lon="9.707699470825135"><ele>2674.3</ele></trkpt><trkpt lat="46.497827486322485" lon="9.70763247084992"><ele>2674.2</ele></trkpt><trkpt lat="46.497793486323864" lon="9.70756547085446"><ele>2674.2</ele></trkpt><trkpt lat="46.49773948642412" lon="9.707524470958287"><ele>2673.7</ele></trkpt><trkpt lat="46.49770548638637" lon="9.707457470922535"><ele>2673.9</ele></trkpt><trkpt lat="46.49767848644633" lon="9.707443470984114"><ele>2673.6</ele></trkpt><trkpt lat="46.497625486526985" lon="9.707402471067793"><ele>2673.2</ele></trkpt><trkpt lat="46.49756348672541" lon="9.707360471272478"><ele>2672.2</ele></trkpt><trkpt lat="46.49753648676575" lon="9.70733347131473"><ele>2672.0</ele></trkpt><trkpt lat="46.497448486828425" lon="9.707264471380363"><ele>2671.7</ele></trkpt><trkpt lat="46.49740348685005" lon="9.707223471403527"><ele>2671.6</ele></trkpt><trkpt lat="46.49734148698979" lon="9.707181471547777"><ele>2670.9</ele></trkpt><trkpt lat="46.49727948711002" lon="9.707140471671824"><ele>2670.3</ele></trkpt><trkpt lat="46.49723548715103" lon="9.707073471716742"><ele>2670.1</ele></trkpt><trkpt lat="46.49717448731011" lon="9.707005471882745"><ele>2669.3</ele></trkpt><trkpt lat="46.49708548772488" lon="9.706949472310125"><ele>2667.2</ele></trkpt><trkpt lat="46.49705948776513" lon="9.70690947235317"><ele>2667.0</ele></trkpt><trkpt lat="46.49702448786441" lon="9.706868472456792"><ele>2666.5</ele></trkpt><trkpt lat="46.496979488023" lon="9.706853472619319"><ele>2665.7</ele></trkpt><trkpt lat="46.49696148806292" lon="9.706827472661402"><ele>2665.5</ele></trkpt><trkpt lat="46.496943488239744" lon="9.706826472842922"><ele>2664.6</ele></trkpt><trkpt lat="46.496900488319795" lon="9.706759472928104"><ele>2664.2</ele></trkpt><trkpt lat="46.4968644883997" lon="9.706744473009968"><ele>2663.8</ele></trkpt><trkpt lat="46.49681048893029" lon="9.706742473554458"><ele>2661.1</ele></trkpt><trkpt lat="46.4967844889705" lon="9.706702473597492"><ele>2660.9</ele></trkpt><trkpt lat="46.49675748912815" lon="9.706675473760576"><ele>2660.1</ele></trkpt><trkpt lat="46.49673048930547" lon="9.706674473942186"><ele>2659.2</ele></trkpt><trkpt lat="46.49670448948263" lon="9.706659474124649"><ele>2658.3</ele></trkpt><trkpt lat="46.49667748964038" lon="9.706658474286114"><ele>2657.5</ele></trkpt><trkpt lat="46.49665848983693" lon="9.706684474486106"><ele>2656.5</ele></trkpt><trkpt lat="46.49661449011279" lon="9.70665647477027"><ele>2655.1</ele></trkpt><trkpt lat="46.49658649044676" lon="9.70670747510979"><ele>2653.4</ele></trkpt><trkpt lat="46.49655949064355" lon="9.706705475311592"><ele>2652.4</ele></trkpt><trkpt lat="46.49653249074252" lon="9.706678475414247"><ele>2651.9</ele></trkpt><trkpt lat="46.49652349082121" lon="9.706678475494904"><ele>2651.5</ele></trkpt><trkpt lat="46.49649649101824" lon="9.70671647569423"><ele>2650.5</ele></trkpt><trkpt lat="46.49642449143223" lon="9.706687476119724"><ele>2648.4</ele></trkpt><trkpt lat="46.496389491648905" lon="9.706659476343361"><ele>2647.3</ele></trkpt><trkpt lat="46.496361491982796" lon="9.706684476684497"><ele>2645.6</ele></trkpt><trkpt lat="46.496316492434644" lon="9.706682477148323"><ele>2643.3</ele></trkpt><trkpt lat="46.4962284926927" lon="9.70657447741772"><ele>2642.0</ele></trkpt><trkpt lat="46.49617549296888" lon="9.706546477701949"><ele>2640.6</ele></trkpt><trkpt lat="46.49606049344325" lon="9.706437478193212"><ele>2638.2</ele></trkpt><trkpt lat="46.495990493602775" lon="9.70636947835923"><ele>2637.4</ele></trkpt><trkpt lat="46.49584749407867" lon="9.706285478849216"><ele>2635.0</ele></trkpt><trkpt lat="46.495759494336646" lon="9.70619047911777"><ele>2633.7</ele></trkpt><trkpt lat="46.495680494653" lon="9.706108479445847"><ele>2632.1</ele></trkpt><trkpt lat="46.495636494889474" lon="9.706041479692086"><ele>2630.9</ele></trkpt><trkpt lat="46.49563049526065" lon="9.705911480082788"><ele>2629.0</ele></trkpt><trkpt lat="46.495585495438704" lon="9.705883480266214"><ele>2628.1</ele></trkpt><trkpt lat="46.49555149581155" lon="9.705816480653315"><ele>2626.2</ele></trkpt><trkpt lat="46.49553349585144" lon="9.705802480694635"><ele>2626.0</ele></trkpt><trkpt lat="46.495534495870785" lon="9.705763480717156"><ele>2625.9</ele></trkpt><trkpt lat="46.495472495971185" lon="9.70568348082338"><ele>2625.4</ele></trkpt><trkpt lat="46.495410496306455" lon="9.70565448116814"><ele>2623.7</ele></trkpt><trkpt lat="46.49537549642529" lon="9.705613481291829"><ele>2623.1</ele></trkpt><trkpt lat="46.49531249656507" lon="9.705585481435149"><ele>2622.4</ele></trkpt><trkpt lat="46.49525949676301" lon="9.705556481638837"><ele>2621.4</ele></trkpt><trkpt lat="46.49520649701941" lon="9.705476481906068"><ele>2620.1</ele></trkpt><trkpt lat="46.49516249717784" lon="9.705448482069327"><ele>2619.3</ele></trkpt><trkpt lat="46.49513649731584" lon="9.705421482212204"><ele>2618.6</ele></trkpt><trkpt lat="46.495020497770746" lon="9.70533848268161"><ele>2616.3</ele></trkpt><trkpt lat="46.494967497968744" lon="9.705323482884427"><ele>2615.3</ele></trkpt><trkpt lat="46.4948624983446" lon="9.705162483277933"><ele>2613.4</ele></trkpt><trkpt lat="46.4948184984247" lon="9.70512148336142"><ele>2613.0</ele></trkpt><trkpt lat="46.49475649858381" lon="9.705053483527287"><ele>2612.2</ele></trkpt><trkpt lat="46.49472149874173" lon="9.70500048369197"><ele>2611.4</ele></trkpt><trkpt lat="46.494605499099016" lon="9.704969484057473"><ele>2609.6</ele></trkpt><trkpt lat="46.49454249933655" lon="9.704940484301506"><ele>2608.4</ele></trkpt><trkpt lat="46.49444950016271" lon="9.705079485139708"><ele>2604.2</ele></trkpt><trkpt lat="46.4944325004175" lon="9.70504048540403"><ele>2602.9</ele></trkpt><trkpt lat="46.49440450061457" lon="9.705078485603364"><ele>2601.9</ele></trkpt><trkpt lat="46.49434250112573" lon="9.705062486128517"><ele>2599.3</ele></trkpt><trkpt lat="46.494321501752786" lon="9.705178486766059"><ele>2596.1</ele></trkpt><trkpt lat="46.49426850220484" lon="9.705150487231437"><ele>2593.8</ele></trkpt><trkpt lat="46.49423050304776" lon="9.705266488090686"><ele>2589.5</ele></trkpt><trkpt lat="46.49421150336162" lon="9.705304488410773"><ele>2587.9</ele></trkpt><trkpt lat="46.49420150355782" lon="9.7053564886091"><ele>2586.9</ele></trkpt><trkpt lat="46.49414850387298" lon="9.705314488934368"><ele>2585.3</ele></trkpt><trkpt lat="46.494086504383986" lon="9.70527348946103"><ele>2582.7</ele></trkpt><trkpt lat="46.494040504894514" lon="9.70528448998439"><ele>2580.1</ele></trkpt><trkpt lat="46.494023505149315" lon="9.70524449024876"><ele>2578.8</ele></trkpt><trkpt lat="46.49400550540437" lon="9.705269490509213"><ele>2577.5</ele></trkpt><trkpt lat="46.49397850565975" lon="9.70524249077289"><ele>2576.2</ele></trkpt><trkpt lat="46.493960505836554" lon="9.705254490953582"><ele>2575.3</ele></trkpt><trkpt lat="46.493950506052165" lon="9.705280491173626"><ele>2574.2</ele></trkpt><trkpt lat="46.49391550617095" lon="9.705240491297198"><ele>2573.6</ele></trkpt><trkpt lat="46.49387050664237" lon="9.705264491779493"><ele>2571.2</ele></trkpt><trkpt lat="46.49384350676093" lon="9.705263491900643"><ele>2570.6</ele></trkpt><trkpt lat="46.49384250695657" lon="9.705289492100468"><ele>2569.6</ele></trkpt><trkpt lat="46.493788507389304" lon="9.705312492542639"><ele>2567.4</ele></trkpt><trkpt lat="46.49376050770353" lon="9.70533749286361"><ele>2565.8</ele></trkpt><trkpt lat="46.493760507820916" lon="9.70536349298287"><ele>2565.2</ele></trkpt><trkpt lat="46.49375150797782" lon="9.705376493143287"><ele>2564.4</ele></trkpt><trkpt lat="46.4936705084898" lon="9.705360493668616"><ele>2561.8</ele></trkpt><trkpt lat="46.49363450876507" lon="9.70533249395257"><ele>2560.4</ele></trkpt><trkpt lat="46.49356350933527" lon="9.705316494538208"><ele>2557.5</ele></trkpt><trkpt lat="46.49345551010271" lon="9.705312495324861"><ele>2553.6</ele></trkpt><trkpt lat="46.49330151091166" lon="9.705370496148538"><ele>2549.5</ele></trkpt><trkpt lat="46.49324651128584" lon="9.705407496529482"><ele>2547.6</ele></trkpt><trkpt lat="46.493210511463495" lon="9.705419496710356"><ele>2546.7</ele></trkpt><trkpt lat="46.49319251158171" lon="9.70543149683064"><ele>2546.1</ele></trkpt><trkpt lat="46.4930935119382" lon="9.705427497194318"><ele>2544.3</ele></trkpt><trkpt lat="46.4930655120177" lon="9.705439497274421"><ele>2543.9</ele></trkpt><trkpt lat="46.49301151223528" lon="9.705436497496638"><ele>2542.8</ele></trkpt><trkpt lat="46.49298351256909" lon="9.705487497836224"><ele>2541.1</ele></trkpt><trkpt lat="46.49296451288294" lon="9.705539498155522"><ele>2539.5</ele></trkpt><trkpt lat="46.49292851306061" lon="9.705550498336462"><ele>2538.6</ele></trkpt><trkpt lat="46.4928485130642" lon="9.705508498339725"><ele>2538.6</ele></trkpt><trkpt lat="46.49284051302537" lon="9.705481498301129"><ele>2538.8</ele></trkpt><trkpt lat="46.49278651304747" lon="9.705479498321905"><ele>2538.7</ele></trkpt><trkpt lat="46.49275851299017" lon="9.705504498260277"><ele>2539.0</ele></trkpt><trkpt lat="46.49272251287473" lon="9.705528498138376"><ele>2539.6</ele></trkpt><trkpt lat="46.49268551281801" lon="9.705566498076061"><ele>2539.9</ele></trkpt><trkpt lat="46.492612512626096" lon="9.70560249787325"><ele>2540.9</ele></trkpt><trkpt lat="46.492548512473" lon="9.705664497709083"><ele>2541.7</ele></trkpt><trkpt lat="46.492448512145614" lon="9.705712497364845"><ele>2543.4</ele></trkpt><trkpt lat="46.49241151201074" lon="9.705763497221204"><ele>2544.1</ele></trkpt><trkpt lat="46.49235651189617" lon="9.705787497099477"><ele>2544.7</ele></trkpt><trkpt lat="46.49229251180166" lon="9.705836496996495"><ele>2545.2</ele></trkpt><trkpt lat="46.49223951201912" lon="9.705834497218644"><ele>2544.1</ele></trkpt><trkpt lat="46.49217651223708" lon="9.705831497440954"><ele>2543.0</ele></trkpt><trkpt lat="46.492095512553604" lon="9.705828497764125"><ele>2541.4</ele></trkpt><trkpt lat="46.492041512731895" lon="9.70578749794833"><ele>2540.5</ele></trkpt><trkpt lat="46.49196151298956" lon="9.705744498213456"><ele>2539.2</ele></trkpt><trkpt lat="46.49188051320831" lon="9.705741498435934"><ele>2538.1</ele></trkpt><trkpt lat="46.49180051336827" lon="9.705698498600357"><ele>2537.3</ele></trkpt><trkpt lat="46.49173851337108" lon="9.705683498601848"><ele>2537.3</ele></trkpt><trkpt lat="46.491666513413605" lon="9.705680498642996"><ele>2537.1</ele></trkpt><trkpt lat="46.49154051330208" lon="9.705648498525285"><ele>2537.7</ele></trkpt><trkpt lat="46.49146851332499" lon="9.705645498546293"><ele>2537.6</ele></trkpt><trkpt lat="46.49146851332499" lon="9.705645498546293"><ele>2537.6</ele></trkpt><trkpt lat="46.49146151324674" lon="9.705554498471209"><ele>2538.0</ele></trkpt><trkpt lat="46.491463513226705" lon="9.70546349845645"><ele>2538.1</ele></trkpt><trkpt lat="46.49145551334414" lon="9.705397498581267"><ele>2537.5</ele></trkpt><trkpt lat="46.491457513519606" lon="9.705319498767105"><ele>2536.6</ele></trkpt><trkpt lat="46.491440513676565" lon="9.705279498930738"><ele>2535.8</ele></trkpt><trkpt lat="46.49143251377445" lon="9.705227499034574"><ele>2535.3</ele></trkpt><trkpt lat="46.49137051385521" lon="9.705146499120525"><ele>2534.9</ele></trkpt><trkpt lat="46.49134451377806" lon="9.7051064990426"><ele>2535.3</ele></trkpt><trkpt lat="46.491309513720786" lon="9.705039498986496"><ele>2535.6</ele></trkpt><trkpt lat="46.491302513584046" lon="9.704974498849463"><ele>2536.3</ele></trkpt><trkpt lat="46.49129351356484" lon="9.704960498830246"><ele>2536.4</ele></trkpt><trkpt lat="46.49127551350717" lon="9.70498649876847"><ele>2536.7</ele></trkpt><trkpt lat="46.49126651333157" lon="9.704946498589706"><ele>2537.6</ele></trkpt><trkpt lat="46.49123951313741" lon="9.704958498387894"><ele>2538.6</ele></trkpt><trkpt lat="46.49114151257509" lon="9.704915497807452"><ele>2541.5</ele></trkpt><trkpt lat="46.49110451236195" lon="9.70494049758483"><ele>2542.6</ele></trkpt><trkpt lat="46.491085512226206" lon="9.704991497441029"><ele>2543.3</ele></trkpt><trkpt lat="46.49106751201227" lon="9.70502949721745"><ele>2544.4</ele></trkpt><trkpt lat="46.49106651179749" lon="9.70506849699364"><ele>2545.5</ele></trkpt><trkpt lat="46.4910485116616" lon="9.705080496852146"><ele>2546.2</ele></trkpt><trkpt lat="46.49101351133069" lon="9.705001496514878"><ele>2547.9</ele></trkpt><trkpt lat="46.490987511019" lon="9.704948496196117"><ele>2549.5</ele></trkpt><trkpt lat="46.49096251057023" lon="9.704842495739554"><ele>2551.8</ele></trkpt><trkpt lat="46.490938510277786" lon="9.704737495444027"><ele>2553.3</ele></trkpt><trkpt lat="46.490948510022996" lon="9.704685495185272"><ele>2554.6</ele></trkpt><trkpt lat="46.49096750994375" lon="9.704634495107596"><ele>2555.0</ele></trkpt><trkpt lat="46.49095950970929" lon="9.704556494870717"><ele>2556.2</ele></trkpt><trkpt lat="46.490951509494465" lon="9.70450349465248"><ele>2557.3</ele></trkpt><trkpt lat="46.49093450910411" lon="9.7044374942539"><ele>2559.3</ele></trkpt><trkpt lat="46.49092750886969" lon="9.704385494015467"><ele>2560.5</ele></trkpt><trkpt lat="46.490919508576596" lon="9.704306493718262"><ele>2562.0</ele></trkpt><trkpt lat="46.49091150836175" lon="9.704254493499977"><ele>2563.1</ele></trkpt><trkpt lat="46.490894508284214" lon="9.704201493422783"><ele>2563.5</ele></trkpt><trkpt lat="46.490877508089355" lon="9.704148493224784"><ele>2564.5</ele></trkpt><trkpt lat="46.49086050793359" lon="9.704095493067063"><ele>2565.3</ele></trkpt><trkpt lat="46.490843507797486" lon="9.704069492927852"><ele>2566.0</ele></trkpt><trkpt lat="46.49081650762278" lon="9.704054492747817"><ele>2566.9</ele></trkpt><trkpt lat="46.490772507370664" lon="9.704014492488913"><ele>2568.2</ele></trkpt><trkpt lat="46.49075450721506" lon="9.70398749232964"><ele>2569.0</ele></trkpt><trkpt lat="46.490728507118455" lon="9.703960492230848"><ele>2569.5</ele></trkpt><trkpt lat="46.490655506653226" lon="9.704035491743857"><ele>2571.9</ele></trkpt><trkpt lat="46.490611506303324" lon="9.703981491385136"><ele>2573.7</ele></trkpt><trkpt lat="46.49055850605156" lon="9.703926491127234"><ele>2575.0</ele></trkpt><trkpt lat="46.4905415059349" lon="9.703874491009737"><ele>2575.6</ele></trkpt><trkpt lat="46.49049750572175" lon="9.703807490792741"><ele>2576.7</ele></trkpt><trkpt lat="46.490470505547194" lon="9.70381849061115"><ele>2577.6</ele></trkpt><trkpt lat="46.49044350537254" lon="9.70380449043106"><ele>2578.5</ele></trkpt><trkpt lat="46.49043550523595" lon="9.703765490292563"><ele>2579.2</ele></trkpt><trkpt lat="46.490408505061275" lon="9.703751490112477"><ele>2580.1</ele></trkpt><trkpt lat="46.490382504867014" lon="9.703724489913037"><ele>2581.1</ele></trkpt><trkpt lat="46.490346504692745" lon="9.703696489733886"><ele>2582.0</ele></trkpt><trkpt lat="46.49031150436209" lon="9.703668489393676"><ele>2583.7</ele></trkpt><trkpt lat="46.490284504089665" lon="9.703641489113718"><ele>2585.1</ele></trkpt><trkpt lat="46.49024950381764" lon="9.703614488833844"><ele>2586.5</ele></trkpt><trkpt lat="46.49023250362287" lon="9.703574488635113"><ele>2587.5</ele></trkpt><trkpt lat="46.49020650342852" lon="9.703534488436466"><ele>2588.5</ele></trkpt><trkpt lat="46.49016150323508" lon="9.703493488238072"><ele>2589.5</ele></trkpt><trkpt lat="46.49013650307965" lon="9.703427488081264"><ele>2590.3</ele></trkpt><trkpt lat="46.49010950294408" lon="9.703412487941517"><ele>2591.0</ele></trkpt><trkpt lat="46.49007350275045" lon="9.703411487740615"><ele>2592.0</ele></trkpt><trkpt lat="46.49002850249853" lon="9.703409487479473"><ele>2593.3</ele></trkpt><trkpt lat="46.48997450214931" lon="9.703407487117756"><ele>2595.1</ele></trkpt><trkpt lat="46.4899395017795" lon="9.70335348673888"><ele>2597.0</ele></trkpt><trkpt lat="46.4899035015272" lon="9.703352486477595"><ele>2598.3</ele></trkpt><trkpt lat="46.48987750133285" lon="9.703312486278966"><ele>2599.3</ele></trkpt><trkpt lat="46.489842501080396" lon="9.70328448601931"><ele>2600.6</ele></trkpt><trkpt lat="46.48980650094516" lon="9.703243485881242"><ele>2601.3</ele></trkpt><trkpt lat="46.48977150082952" lon="9.703229485761653"><ele>2601.9</ele></trkpt><trkpt lat="46.489744500654815" lon="9.703189485583179"><ele>2602.8</ele></trkpt><trkpt lat="46.48971950042133" lon="9.703136485345082"><ele>2604.0</ele></trkpt><trkpt lat="46.48968350022749" lon="9.703121485145044"><ele>2605.0</ele></trkpt><trkpt lat="46.48965650011145" lon="9.703094485026172"><ele>2605.6</ele></trkpt><trkpt lat="46.48963950003404" lon="9.703067484947464"><ele>2606.0</ele></trkpt><trkpt lat="46.489603499957504" lon="9.703053484868153"><ele>2606.4</ele></trkpt><trkpt lat="46.48957749991952" lon="9.703012484830646"><ele>2606.6</ele></trkpt><trkpt lat="46.489532499902076" lon="9.70299748481188"><ele>2606.7</ele></trkpt><trkpt lat="46.48942749982835" lon="9.70285048474136"><ele>2607.1</ele></trkpt><trkpt lat="46.48938449975199" lon="9.702783484665348"><ele>2607.5</ele></trkpt><trkpt lat="46.48935749965545" lon="9.702756484566613"><ele>2608.0</ele></trkpt><trkpt lat="46.489305499423125" lon="9.70267548433052"><ele>2609.2</ele></trkpt><trkpt lat="46.48927049917053" lon="9.70260948407321"><ele>2610.5</ele></trkpt><trkpt lat="46.48924449901522" lon="9.70255548391573"><ele>2611.3</ele></trkpt><trkpt lat="46.48921849887942" lon="9.702489483779116"><ele>2612.0</ele></trkpt><trkpt lat="46.48919249882193" lon="9.702462483720637"><ele>2612.3</ele></trkpt><trkpt lat="46.48912349862921" lon="9.702316483528953"><ele>2613.3</ele></trkpt><trkpt lat="46.48910749857106" lon="9.702237483473558"><ele>2613.6</ele></trkpt><trkpt lat="46.48909049853251" lon="9.702171483437507"><ele>2613.8</ele></trkpt><trkpt lat="46.48905549837762" lon="9.702118483280065"><ele>2614.6</ele></trkpt><trkpt lat="46.48903749826125" lon="9.702104483160332"><ele>2615.2</ele></trkpt><trkpt lat="46.48903849812424" lon="9.702065483021816"><ele>2615.9</ele></trkpt><trkpt lat="46.48900349794991" lon="9.702024482843523"><ele>2616.8</ele></trkpt><trkpt lat="46.48899549785241" lon="9.701985482745348"><ele>2617.3</ele></trkpt><trkpt lat="46.488968497736494" lon="9.701984482624914"><ele>2617.9</ele></trkpt><trkpt lat="46.48896049758035" lon="9.701931482467216"><ele>2618.7</ele></trkpt><trkpt lat="46.488934497327335" lon="9.701878482209068"><ele>2620.0</ele></trkpt><trkpt lat="46.488908497113414" lon="9.701825481991175"><ele>2621.1</ele></trkpt><trkpt lat="46.48888149686062" lon="9.701798481731446"><ele>2622.4</ele></trkpt><trkpt lat="46.4888564965293" lon="9.701718481394444"><ele>2624.1</ele></trkpt><trkpt lat="46.48885749639225" lon="9.701653481257539"><ele>2624.8</ele></trkpt><trkpt lat="46.48883149608063" lon="9.701600480939026"><ele>2626.4</ele></trkpt><trkpt lat="46.48883349598253" lon="9.701535480842367"><ele>2626.9</ele></trkpt><trkpt lat="46.488815495768364" lon="9.70150848062281"><ele>2628.0</ele></trkpt><trkpt lat="46.48881649565081" lon="9.701443480506036"><ele>2628.6</ele></trkpt><trkpt lat="46.48880949551403" lon="9.701365480370024"><ele>2629.3</ele></trkpt><trkpt lat="46.4887834953392" lon="9.70131148019247"><ele>2630.2</ele></trkpt><trkpt lat="46.48879349520168" lon="9.701260480054628"><ele>2630.9</ele></trkpt><trkpt lat="46.48877649492886" lon="9.701220479775502"><ele>2632.3</ele></trkpt><trkpt lat="46.48877749475263" lon="9.701155479598363"><ele>2633.2</ele></trkpt><trkpt lat="46.48875149438242" lon="9.701102479219507"><ele>2635.1</ele></trkpt><trkpt lat="46.4887524942064" lon="9.70107647903997"><ele>2636.0</ele></trkpt><trkpt lat="46.48872749344514" lon="9.70097047826188"><ele>2639.9</ele></trkpt><trkpt lat="46.488709493289576" lon="9.700944478102672"><ele>2640.7</ele></trkpt><trkpt lat="46.48869149317319" lon="9.700943477982161"><ele>2641.3</ele></trkpt><trkpt lat="46.48866449301835" lon="9.70096847781989"><ele>2642.1</ele></trkpt><trkpt lat="46.48864649286285" lon="9.700954477659938"><ele>2642.9</ele></trkpt><trkpt lat="46.488647492589024" lon="9.700902477381394"><ele>2644.3</ele></trkpt><trkpt lat="46.48863049231619" lon="9.70087547710149"><ele>2645.7</ele></trkpt><trkpt lat="46.48862149217975" lon="9.70084947696232"><ele>2646.4</ele></trkpt><trkpt lat="46.48861349190635" lon="9.700796476683932"><ele>2647.8</ele></trkpt><trkpt lat="46.48858849161415" lon="9.700717476387215"><ele>2649.3</ele></trkpt><trkpt lat="46.48857049157585" lon="9.700690476348822"><ele>2649.5</ele></trkpt><trkpt lat="46.488571491556165" lon="9.700664476330298"><ele>2649.6</ele></trkpt><trkpt lat="46.48858049153602" lon="9.700638476311694"><ele>2649.7</ele></trkpt><trkpt lat="46.48859049149633" lon="9.700600476273703"><ele>2649.9</ele></trkpt><trkpt lat="46.48860249106527" lon="9.700457475839723"><ele>2652.1</ele></trkpt><trkpt lat="46.48859349098747" lon="9.700444475760127"><ele>2652.5</ele></trkpt><trkpt lat="46.48857649085144" lon="9.700417475621107"><ele>2653.2</ele></trkpt><trkpt lat="46.48855849071547" lon="9.700403475481291"><ele>2653.9</ele></trkpt><trkpt lat="46.48854949065724" lon="9.70039047542182"><ele>2654.2</ele></trkpt><trkpt lat="46.48855949053937" lon="9.700364475302596"><ele>2654.8</ele></trkpt><trkpt lat="46.488568490323935" lon="9.700338475082763"><ele>2655.9</ele></trkpt><trkpt lat="46.48856049014834" lon="9.700312474903349"><ele>2656.8</ele></trkpt><trkpt lat="46.48856049003105" lon="9.700299474783419"><ele>2657.4</ele></trkpt><trkpt lat="46.48856048995286" lon="9.700286474703733"><ele>2657.8</ele></trkpt><trkpt lat="46.488569489874266" lon="9.70028647462315"><ele>2658.2</ele></trkpt><trkpt lat="46.48857948979555" lon="9.700274474543301"><ele>2658.6</ele></trkpt><trkpt lat="46.48857048960048" lon="9.700247474343843"><ele>2659.6</ele></trkpt><trkpt lat="46.488570489483195" lon="9.700234474223913"><ele>2660.2</ele></trkpt><trkpt lat="46.488580489365354" lon="9.700208474104688"><ele>2660.8</ele></trkpt><trkpt lat="46.48865248899051" lon="9.700198473722251"><ele>2662.7</ele></trkpt><trkpt lat="46.488679488910975" lon="9.700187473642172"><ele>2663.1</ele></trkpt><trkpt lat="46.48868048887177" lon="9.700174473602726"><ele>2663.3</ele></trkpt><trkpt lat="46.48868048879357" lon="9.700147473523916"><ele>2663.7</ele></trkpt><trkpt lat="46.488681488597834" lon="9.700095473325916"><ele>2664.7</ele></trkpt><trkpt lat="46.488691488440786" lon="9.700031473168828"><ele>2665.5</ele></trkpt><trkpt lat="46.48871048834204" lon="9.700005473069645"><ele>2666.0</ele></trkpt><trkpt lat="46.488738488184154" lon="9.699967472910748"><ele>2666.8</ele></trkpt><trkpt lat="46.4887474880859" lon="9.699942472811607"><ele>2667.3</ele></trkpt><trkpt lat="46.48874848802699" lon="9.699890472754479"><ele>2667.6</ele></trkpt><trkpt lat="46.48874148792919" lon="9.699785472660487"><ele>2668.1</ele></trkpt><trkpt lat="46.48872748800735" lon="9.699628472750913"><ele>2667.7</ele></trkpt><trkpt lat="46.48870148808653" lon="9.699562472835783"><ele>2667.3</ele></trkpt><trkpt lat="46.48867548808756" lon="9.699509472839356"><ele>2667.3</ele></trkpt><trkpt lat="46.48864848804967" lon="9.699482472801064"><ele>2667.5</ele></trkpt><trkpt lat="46.488622487972634" lon="9.699441472723402"><ele>2667.9</ele></trkpt><trkpt lat="46.488605487953905" lon="9.699428472704266"><ele>2668.0</ele></trkpt><trkpt lat="46.48858748793518" lon="9.6994144726852"><ele>2668.1</ele></trkpt><trkpt lat="46.4885434878979" lon="9.699334472650397"><ele>2668.3</ele></trkpt><trkpt lat="46.48852648795723" lon="9.699307472712619"><ele>2668.0</ele></trkpt><trkpt lat="46.488500488016946" lon="9.699267472775738"><ele>2667.7</ele></trkpt><trkpt lat="46.48849248817336" lon="9.699189472941647"><ele>2666.9</ele></trkpt><trkpt lat="46.48847648825195" lon="9.699110473027222"><ele>2666.5</ele></trkpt><trkpt lat="46.488458488272286" lon="9.699096473048398"><ele>2666.4</ele></trkpt><trkpt lat="46.488450488272434" lon="9.699030473052593"><ele>2666.4</ele></trkpt><trkpt lat="46.488442488272575" lon="9.698978473055917"><ele>2666.4</ele></trkpt><trkpt lat="46.48843448835095" lon="9.698939473138912"><ele>2666.0</ele></trkpt><trkpt lat="46.48845448833003" lon="9.69884847312426"><ele>2666.1</ele></trkpt><trkpt lat="46.48845548831017" lon="9.698783473108188"><ele>2666.2</ele></trkpt><trkpt lat="46.48843048823282" lon="9.6986914730337"><ele>2666.6</ele></trkpt><trkpt lat="46.48843148815431" lon="9.698626472957269"><ele>2667.0</ele></trkpt><trkpt lat="46.48841448811589" lon="9.698586472919697"><ele>2667.2</ele></trkpt><trkpt lat="46.48840648819427" lon="9.698546473002748"><ele>2666.8</ele></trkpt><trkpt lat="46.48839848825308" lon="9.698494473066434"><ele>2666.5</ele></trkpt><trkpt lat="46.48839948829191" lon="9.6984424731099"><ele>2666.3</ele></trkpt><trkpt lat="46.4884264883883" lon="9.698456473209347"><ele>2665.8</ele></trkpt><trkpt lat="46.488436488504895" lon="9.698417473332395"><ele>2665.2</ele></trkpt><trkpt lat="46.48844548860197" lon="9.698379473435265"><ele>2664.7</ele></trkpt><trkpt lat="46.48844648871895" lon="9.698327473559203"><ele>2664.1</ele></trkpt><trkpt lat="46.48845648883544" lon="9.698275473683054"><ele>2663.5</ele></trkpt><trkpt lat="46.488484489029226" lon="9.698224473887134"><ele>2662.5</ele></trkpt><trkpt lat="46.48852148928122" lon="9.698173474151469"><ele>2661.2</ele></trkpt><trkpt lat="46.48855048951402" lon="9.698122474395767"><ele>2660.0</ele></trkpt><trkpt lat="46.48855948963065" lon="9.698084474518748"><ele>2659.4</ele></trkpt><trkpt lat="46.48859648986314" lon="9.698046474762153"><ele>2658.2</ele></trkpt><trkpt lat="46.48864249011459" lon="9.697983475027133"><ele>2656.9</ele></trkpt><trkpt lat="46.48866249026967" lon="9.697919475191847"><ele>2656.1</ele></trkpt><trkpt lat="46.488671490405885" lon="9.6978934753342"><ele>2655.4</ele></trkpt><trkpt lat="46.48869949067774" lon="9.697829475619532"><ele>2654.0</ele></trkpt><trkpt lat="46.48872749077396" lon="9.69780447572139"><ele>2653.5</ele></trkpt><trkpt lat="46.48873849096844" lon="9.697713475928097"><ele>2652.5</ele></trkpt><trkpt lat="46.48876549112325" lon="9.697675476091124"><ele>2651.7</ele></trkpt><trkpt lat="46.48877649129821" lon="9.697585476277643"><ele>2650.8</ele></trkpt><trkpt lat="46.488795491394775" lon="9.69754647638046"><ele>2650.3</ele></trkpt><trkpt lat="46.488813491511074" lon="9.697521476502525"><ele>2649.7</ele></trkpt><trkpt lat="46.48884249166562" lon="9.69744447666794"><ele>2648.9</ele></trkpt><trkpt lat="46.4888614917817" lon="9.697393476791605"><ele>2648.3</ele></trkpt><trkpt lat="46.488890491955615" lon="9.697277476979549"><ele>2647.4</ele></trkpt><trkpt lat="46.48895549236244" lon="9.697188477406842"><ele>2645.3</ele></trkpt><trkpt lat="46.48899249247756" lon="9.697125477531065"><ele>2644.7</ele></trkpt><trkpt lat="46.48903849259234" lon="9.697074477654452"><ele>2644.1</ele></trkpt><trkpt lat="46.48907549276617" lon="9.697024477838212"><ele>2643.2</ele></trkpt><trkpt lat="46.48909549262813" lon="9.696960477701161"><ele>2643.9</ele></trkpt><trkpt lat="46.48910549247112" lon="9.696908477543353"><ele>2644.7</ele></trkpt><trkpt lat="46.489115492333596" lon="9.696856477405664"><ele>2645.4</ele></trkpt><trkpt lat="46.48911649215741" lon="9.696791477228636"><ele>2646.3</ele></trkpt><trkpt lat="46.48913549196077" lon="9.696727477031256"><ele>2647.3</ele></trkpt><trkpt lat="46.48914649195989" lon="9.696649477035976"><ele>2647.3</ele></trkpt><trkpt lat="46.48914749180323" lon="9.696584476879075"><ele>2648.1</ele></trkpt><trkpt lat="46.489158491665584" lon="9.696506476742996"><ele>2648.8</ele></trkpt><trkpt lat="46.489167491547725" lon="9.696467476624633"><ele>2649.4</ele></trkpt><trkpt lat="46.489177491410224" lon="9.69641647648689"><ele>2650.1</ele></trkpt><trkpt lat="46.489169491293204" lon="9.69637647636877"><ele>2650.7</ele></trkpt><trkpt lat="46.489143491059764" lon="9.696323476130948"><ele>2651.9</ele></trkpt><trkpt lat="46.48912649092374" lon="9.696296475991995"><ele>2652.6</ele></trkpt><trkpt lat="46.48911749084586" lon="9.696270475913245"><ele>2653.0</ele></trkpt><trkpt lat="46.489118490747984" lon="9.696244475814277"><ele>2653.5</ele></trkpt><trkpt lat="46.48911949059132" lon="9.696179475657395"><ele>2654.3</ele></trkpt><trkpt lat="46.48912949039521" lon="9.696127475459386"><ele>2655.3</ele></trkpt><trkpt lat="46.48912149021949" lon="9.696075475281676"><ele>2656.2</ele></trkpt><trkpt lat="46.48912249016055" lon="9.696023475224557"><ele>2656.5</ele></trkpt><trkpt lat="46.48910549008303" lon="9.695970475147568"><ele>2656.9</ele></trkpt><trkpt lat="46.489107489965306" lon="9.695879475032527"><ele>2657.5</ele></trkpt><trkpt lat="46.489117489788775" lon="9.695840474853833"><ele>2658.4</ele></trkpt><trkpt lat="46.48912748939721" lon="9.695775474455523"><ele>2660.4</ele></trkpt><trkpt lat="46.489137489044666" lon="9.69571047409744"><ele>2662.2</ele></trkpt><trkpt lat="46.48914648890745" lon="9.6957114739565"><ele>2662.9</ele></trkpt><trkpt lat="46.48917348878891" lon="9.69571247383549"><ele>2663.5</ele></trkpt><trkpt lat="46.48920048867041" lon="9.695739473712862"><ele>2664.1</ele></trkpt><trkpt lat="46.48924548849243" lon="9.695754473530457"><ele>2665.0</ele></trkpt><trkpt lat="46.48927248827613" lon="9.695755473308884"><ele>2666.1</ele></trkpt><trkpt lat="46.48929948796205" lon="9.695743472987557"><ele>2667.7</ele></trkpt><trkpt lat="46.48932648764802" lon="9.695731472666235"><ele>2669.3</ele></trkpt><trkpt lat="46.48934548749068" lon="9.695706472506702"><ele>2670.1</ele></trkpt><trkpt lat="46.48936448711822" lon="9.69565547212756"><ele>2672.0</ele></trkpt><trkpt lat="46.489355487001355" lon="9.695641472007848"><ele>2672.6</ele></trkpt><trkpt lat="46.4893294865334" lon="9.695588471528735"><ele>2675.0</ele></trkpt><trkpt lat="46.48933848643519" lon="9.695563471429645"><ele>2675.5</ele></trkpt><trkpt lat="46.489348486141324" lon="9.695511471131123"><ele>2677.0</ele></trkpt><trkpt lat="46.48933148596607" lon="9.695458470953607"><ele>2677.9</ele></trkpt><trkpt lat="46.4893414857895" lon="9.695419470774944"><ele>2678.8</ele></trkpt><trkpt lat="46.489386485552814" lon="9.695421470533018"><ele>2680.0</ele></trkpt><trkpt lat="46.4894054854345" lon="9.695396470413721"><ele>2680.6</ele></trkpt><trkpt lat="46.48941448527754" lon="9.695357470255185"><ele>2681.4</ele></trkpt><trkpt lat="46.489389484828955" lon="9.695265469798649"><ele>2683.7</ele></trkpt><trkpt lat="46.489408484573815" lon="9.695227469539395"><ele>2685.0</ele></trkpt><trkpt lat="46.48940948435856" lon="9.69517546932143"><ele>2686.1</ele></trkpt><trkpt lat="46.48939248420297" lon="9.695148469162408"><ele>2686.9</ele></trkpt><trkpt lat="46.489358483715655" lon="9.695042468666648"><ele>2689.4</ele></trkpt><trkpt lat="46.48938648338181" lon="9.694991468327686"><ele>2691.1</ele></trkpt><trkpt lat="46.48937948293232" lon="9.694900467870948"><ele>2693.4</ele></trkpt><trkpt lat="46.4893614826399" lon="9.694860467571997"><ele>2694.9</ele></trkpt><trkpt lat="46.489362482463825" lon="9.694821467393455"><ele>2695.8</ele></trkpt><trkpt lat="46.48941748210925" lon="9.694797467032423"><ele>2697.6</ele></trkpt><trkpt lat="46.489417481952835" lon="9.694771466873183"><ele>2698.4</ele></trkpt><trkpt lat="46.489418481835386" lon="9.694745466754151"><ele>2699.0</ele></trkpt><trkpt lat="46.48943648165849" lon="9.694720466574559"><ele>2699.9</ele></trkpt><trkpt lat="46.48945448154027" lon="9.694707466454537"><ele>2700.5</ele></trkpt><trkpt lat="46.489464481266" lon="9.694656466176117"><ele>2701.9</ele></trkpt><trkpt lat="46.48949248110816" lon="9.694631466016535"><ele>2702.7</ele></trkpt><trkpt lat="46.489519481028594" lon="9.694619465936574"><ele>2703.1</ele></trkpt><trkpt lat="46.48956548081123" lon="9.694595465716414"><ele>2704.2</ele></trkpt><trkpt lat="46.489619480554374" lon="9.694571465455954"><ele>2705.5</ele></trkpt><trkpt lat="46.489647480376874" lon="9.69452046527791"><ele>2706.4</ele></trkpt><trkpt lat="46.48967548019949" lon="9.69449546509822"><ele>2707.3</ele></trkpt><trkpt lat="46.48967548010168" lon="9.694482464998494"><ele>2707.8</ele></trkpt><trkpt lat="46.489685479944704" lon="9.694443464839988"><ele>2708.6</ele></trkpt><trkpt lat="46.48970347980683" lon="9.694405464701449"><ele>2709.3</ele></trkpt><trkpt lat="46.48972247968853" lon="9.694380464582181"><ele>2709.9</ele></trkpt><trkpt lat="46.48974947956978" lon="9.694355464462836"><ele>2710.5</ele></trkpt><trkpt lat="46.489751479334856" lon="9.69427746422645"><ele>2711.7</ele></trkpt><trkpt lat="46.489770479099036" lon="9.694199463989898"><ele>2712.9</ele></trkpt><trkpt lat="46.48978047896159" lon="9.694161463851449"><ele>2713.6</ele></trkpt><trkpt lat="46.48979947872583" lon="9.694096463614079"><ele>2714.8</ele></trkpt><trkpt lat="46.489809478744725" lon="9.694058463636493"><ele>2714.7</ele></trkpt><trkpt lat="46.48980347895945" lon="9.693940463865244"><ele>2713.6</ele></trkpt><trkpt lat="46.4898074797594" lon="9.693706464704475"><ele>2709.5</ele></trkpt><trkpt lat="46.48979047995543" lon="9.693653464909085"><ele>2708.5</ele></trkpt><trkpt lat="46.48979148022877" lon="9.693601465193874"><ele>2707.1</ele></trkpt><trkpt lat="46.4897834803267" lon="9.69356146529703"><ele>2706.6</ele></trkpt><trkpt lat="46.48978448044371" lon="9.693522465420124"><ele>2706.0</ele></trkpt><trkpt lat="46.489763480931934" lon="9.693209465942822"><ele>2703.5</ele></trkpt><trkpt lat="46.489747480991056" lon="9.6931304660083"><ele>2703.2</ele></trkpt><trkpt lat="46.48974748104949" lon="9.693104466070261"><ele>2702.9</ele></trkpt><trkpt lat="46.48975748116613" lon="9.693065466193268"><ele>2702.3</ele></trkpt><trkpt lat="46.48977548126286" lon="9.693053466294371"><ele>2701.8</ele></trkpt><trkpt lat="46.48977648132127" lon="9.693014466357145"><ele>2701.5</ele></trkpt><trkpt lat="46.48977748136015" lon="9.692975466399812"><ele>2701.3</ele></trkpt><trkpt lat="46.48977048149683" lon="9.692870466547259"><ele>2700.6</ele></trkpt><trkpt lat="46.489771481555" lon="9.692792466612497"><ele>2700.3</ele></trkpt><trkpt lat="46.48976448165266" lon="9.692701466718843"><ele>2699.8</ele></trkpt><trkpt lat="46.4897764818273" lon="9.692545466909516"><ele>2698.9</ele></trkpt><trkpt lat="46.489770481963795" lon="9.692414467058583"><ele>2698.2</ele></trkpt><trkpt lat="46.48978248204072" lon="9.692271467147908"><ele>2697.8</ele></trkpt><trkpt lat="46.48980648217494" lon="9.69196046730801"><ele>2697.1</ele></trkpt><trkpt lat="46.48982748217315" lon="9.69179146731846"><ele>2697.1</ele></trkpt><trkpt lat="46.48985848209264" lon="9.69161046724916"><ele>2697.5</ele></trkpt><trkpt lat="46.48987948218855" lon="9.691442467360057"><ele>2697.0</ele></trkpt><trkpt lat="46.48989948226519" lon="9.691325467447646"><ele>2696.6</ele></trkpt><trkpt lat="46.489900482264986" lon="9.691286467450094"><ele>2696.6</ele></trkpt><trkpt lat="46.48989248224559" lon="9.691234467433354"><ele>2696.7</ele></trkpt><trkpt lat="46.489893482225796" lon="9.691182467416525"><ele>2696.8</ele></trkpt><trkpt lat="46.489895482186284" lon="9.691117467380401"><ele>2697.0</ele></trkpt><trkpt lat="46.48990448220522" lon="9.691078467402871"><ele>2696.9</ele></trkpt><trkpt lat="46.4898964821077" lon="9.691025467305794"><ele>2697.4</ele></trkpt><trkpt lat="46.48989848204863" lon="9.690960467249566"><ele>2697.7</ele></trkpt><trkpt lat="46.48990848193059" lon="9.690896467132896"><ele>2698.3</ele></trkpt><trkpt lat="46.48991848181256" lon="9.69083146701629"><ele>2698.9</ele></trkpt><trkpt lat="46.48991948169504" lon="9.690779466898963"><ele>2699.5</ele></trkpt><trkpt lat="46.4899124815387" lon="9.690713466742395"><ele>2700.3</ele></trkpt><trkpt lat="46.48989548132432" lon="9.690647466525634"><ele>2701.4</ele></trkpt><trkpt lat="46.48989548132432" lon="9.690647466525634"><ele>2701.4</ele></trkpt><trkpt lat="46.48988748134393" lon="9.690569466550748"><ele>2701.3</ele></trkpt><trkpt lat="46.48985348189054" lon="9.6900594671461"><ele>2698.5</ele></trkpt><trkpt lat="46.48985348189054" lon="9.6900594671461"><ele>2698.5</ele></trkpt><trkpt lat="46.48984548200797" lon="9.690007467270059"><ele>2697.9</ele></trkpt><trkpt lat="46.489838482848114" lon="9.689876468142641"><ele>2693.6</ele></trkpt><trkpt lat="46.48983148310221" lon="9.689811468408088"><ele>2692.3</ele></trkpt><trkpt lat="46.48984148349227" lon="9.68974646881405"><ele>2690.3</ele></trkpt><trkpt lat="46.48983348384422" lon="9.689694469179177"><ele>2688.5</ele></trkpt><trkpt lat="46.48984248403909" lon="9.689668469381699"><ele>2687.5</ele></trkpt><trkpt lat="46.48987848429139" lon="9.689670469642488"><ele>2686.2</ele></trkpt><trkpt lat="46.48990548456364" lon="9.689671469923525"><ele>2684.8</ele></trkpt><trkpt lat="46.48993248489454" lon="9.68967247026486"><ele>2683.1</ele></trkpt><trkpt lat="46.489951485069405" lon="9.689646470447183"><ele>2682.2</ele></trkpt><trkpt lat="46.48994348561665" lon="9.689568471014905"><ele>2679.4</ele></trkpt><trkpt lat="46.48994548602664" lon="9.689503471441014"><ele>2677.3</ele></trkpt><trkpt lat="46.48994548622193" lon="9.689464471644436"><ele>2676.3</ele></trkpt><trkpt lat="46.48996348637744" lon="9.689478471804163"><ele>2675.5</ele></trkpt><trkpt lat="46.489982486552314" lon="9.689452471986472"><ele>2674.6</ele></trkpt><trkpt lat="46.489982486669504" lon="9.689439472107871"><ele>2674.0</ele></trkpt><trkpt lat="46.48997448682603" lon="9.689400472271183"><ele>2673.2</ele></trkpt><trkpt lat="46.48998348704049" lon="9.689374472493789"><ele>2672.1</ele></trkpt><trkpt lat="46.490010487273615" lon="9.689362472735436"><ele>2670.9</ele></trkpt><trkpt lat="46.49002848744861" lon="9.689363472916071"><ele>2670.0</ele></trkpt><trkpt lat="46.4900384875848" lon="9.689337473058277"><ele>2669.3</ele></trkpt><trkpt lat="46.490039487838665" lon="9.689298473321971"><ele>2668.0</ele></trkpt><trkpt lat="46.49003948803393" lon="9.689259473525382"><ele>2667.0</ele></trkpt><trkpt lat="46.49006648822811" lon="9.689273473725207"><ele>2666.0</ele></trkpt><trkpt lat="46.490102488578074" lon="9.689275474086477"><ele>2664.2</ele></trkpt><trkpt lat="46.49012048877259" lon="9.689263474288015"><ele>2663.2</ele></trkpt><trkpt lat="46.490147489044936" lon="9.689277474568238"><ele>2661.8</ele></trkpt><trkpt lat="46.49017448923895" lon="9.689265474769691"><ele>2660.8</ele></trkpt><trkpt lat="46.490228489646825" lon="9.689280475190262"><ele>2658.7</ele></trkpt><trkpt lat="46.49023048995912" lon="9.689202475516652"><ele>2657.1</ele></trkpt><trkpt lat="46.49023149031053" lon="9.689137475882433"><ele>2655.3</ele></trkpt><trkpt lat="46.49022349050622" lon="9.689098476085912"><ele>2654.3</ele></trkpt><trkpt lat="46.490214490721456" lon="9.689058476309556"><ele>2653.2</ele></trkpt><trkpt lat="46.490224490877225" lon="9.689032476471843"><ele>2652.4</ele></trkpt><trkpt lat="46.49026949118773" lon="9.689034476792822"><ele>2650.8</ele></trkpt><trkpt lat="46.49034249186808" lon="9.688998477497716"><ele>2647.3</ele></trkpt><trkpt lat="46.490369492101244" lon="9.688999477738546"><ele>2646.1</ele></trkpt><trkpt lat="46.49039649233447" lon="9.689000477979384"><ele>2644.9</ele></trkpt><trkpt lat="46.490414492450824" lon="9.688988478100526"><ele>2644.3</ele></trkpt><trkpt lat="46.490441492586314" lon="9.688989478240877"><ele>2643.6</ele></trkpt><trkpt lat="46.490450492683536" lon="9.68897747834201"><ele>2643.1</ele></trkpt><trkpt lat="46.49044249282057" lon="9.688937478485245"><ele>2642.4</ele></trkpt><trkpt lat="46.4904514929178" lon="9.68892547858638"><ele>2641.9</ele></trkpt><trkpt lat="46.49048749315057" lon="9.688926478827119"><ele>2640.7</ele></trkpt><trkpt lat="46.49050549328644" lon="9.688914478968362"><ele>2640.0</ele></trkpt><trkpt lat="46.49052349340289" lon="9.688928479087897"><ele>2639.4</ele></trkpt><trkpt lat="46.49055049355795" lon="9.688916479249146"><ele>2638.6</ele></trkpt><trkpt lat="46.49057749365437" lon="9.688930479348498"><ele>2638.1</ele></trkpt><trkpt lat="46.49059449373184" lon="9.688957479427046"><ele>2637.7</ele></trkpt><trkpt lat="46.49061249380913" lon="9.688957479507257"><ele>2637.3</ele></trkpt><trkpt lat="46.49064949406137" lon="9.68894647976883"><ele>2636.0</ele></trkpt><trkpt lat="46.490685494352654" lon="9.688921480071468"><ele>2634.5</ele></trkpt><trkpt lat="46.490704494488455" lon="9.688896480213499"><ele>2633.8</ele></trkpt><trkpt lat="46.49074949468167" lon="9.688885480414699"><ele>2632.8</ele></trkpt><trkpt lat="46.49076749481756" lon="9.688873480555937"><ele>2632.1</ele></trkpt><trkpt lat="46.490777494992784" lon="9.688834480739109"><ele>2631.2</ele></trkpt><trkpt lat="46.490795495109104" lon="9.688809480861051"><ele>2630.6</ele></trkpt><trkpt lat="46.490886495593216" lon="9.68878648136398"><ele>2628.1</ele></trkpt><trkpt lat="46.49090449569002" lon="9.688774481465023"><ele>2627.6</ele></trkpt><trkpt lat="46.49091449584574" lon="9.688735481628095"><ele>2626.8</ele></trkpt><trkpt lat="46.490923495982024" lon="9.688710481770219"><ele>2626.1</ele></trkpt><trkpt lat="46.490924496118645" lon="9.688684481912482"><ele>2625.4</ele></trkpt><trkpt lat="46.490924496294454" lon="9.688658482094947"><ele>2624.5</ele></trkpt><trkpt lat="46.4909354966063" lon="9.688580482421171"><ele>2622.9</ele></trkpt><trkpt lat="46.49092749686049" lon="9.68851448268655"><ele>2621.6</ele></trkpt><trkpt lat="46.49092749686049" lon="9.68851448268655"><ele>2621.6</ele></trkpt><trkpt lat="46.49093849713327" lon="9.688437482972507"><ele>2620.2</ele></trkpt><trkpt lat="46.49098449746309" lon="9.68838648331681"><ele>2618.5</ele></trkpt><trkpt lat="46.491029497851756" lon="9.688375483718959"><ele>2616.5</ele></trkpt><trkpt lat="46.49103849798809" lon="9.688350483861072"><ele>2615.8</ele></trkpt><trkpt lat="46.49105749833893" lon="9.688337484223403"><ele>2614.0</ele></trkpt><trkpt lat="46.4910754984748" lon="9.68832548436463"><ele>2613.3</ele></trkpt><trkpt lat="46.491111498805346" lon="9.688314484706577"><ele>2611.6</ele></trkpt><trkpt lat="46.491129498941305" lon="9.68831448484707"><ele>2610.9</ele></trkpt><trkpt lat="46.49114849909664" lon="9.688289485009177"><ele>2610.1</ele></trkpt><trkpt lat="46.491175499212595" lon="9.688277485130222"><ele>2609.5</ele></trkpt><trkpt lat="46.49121249944516" lon="9.68824048537326"><ele>2608.3</ele></trkpt><trkpt lat="46.49129550000755" lon="9.688139485961376"><ele>2605.4</ele></trkpt><trkpt lat="46.49132250016254" lon="9.688114486123395"><ele>2604.6</ele></trkpt><trkpt lat="46.49132250016254" lon="9.688114486123395"><ele>2604.6</ele></trkpt><trkpt lat="46.49136750035579" lon="9.688103486324579"><ele>2603.6</ele></trkpt><trkpt lat="46.4914135004903" lon="9.68807948646625"><ele>2602.9</ele></trkpt><trkpt lat="46.4914315005871" lon="9.688066486567346"><ele>2602.4</ele></trkpt><trkpt lat="46.49145950070285" lon="9.688015486690746"><ele>2601.8</ele></trkpt><trkpt lat="46.49148650083827" lon="9.687990486832668"><ele>2601.1</ele></trkpt><trkpt lat="46.49151550101251" lon="9.687926487017133"><ele>2600.2</ele></trkpt><trkpt lat="46.49152550109001" lon="9.687888487099722"><ele>2599.8</ele></trkpt><trkpt lat="46.491544501167056" lon="9.687823487183872"><ele>2599.4</ele></trkpt><trkpt lat="46.49156350120506" lon="9.687785487226183"><ele>2599.2</ele></trkpt><trkpt lat="46.491573501477966" lon="9.687720487511363"><ele>2597.8</ele></trkpt><trkpt lat="46.491592501574495" lon="9.687656487615536"><ele>2597.3</ele></trkpt><trkpt lat="46.49161150167109" lon="9.687592487719709"><ele>2596.8</ele></trkpt><trkpt lat="46.49163950174771" lon="9.687541487802905"><ele>2596.4</ele></trkpt><trkpt lat="46.4916675018243" lon="9.687490487886105"><ele>2596.0</ele></trkpt><trkpt lat="46.49169550192057" lon="9.68745248798861"><ele>2595.5</ele></trkpt><trkpt lat="46.49174150207458" lon="9.687415488151155"><ele>2594.7</ele></trkpt><trkpt lat="46.491786502228656" lon="9.68739048831298"><ele>2593.9</ele></trkpt><trkpt lat="46.49181350238386" lon="9.687405488472558"><ele>2593.1</ele></trkpt><trkpt lat="46.491930503199164" lon="9.6873834893167"><ele>2588.9</ele></trkpt><trkpt lat="46.4920035036451" lon="9.687347489780331"><ele>2586.6</ele></trkpt><trkpt lat="46.492013503859546" lon="9.687322490002778"><ele>2585.5</ele></trkpt><trkpt lat="46.49206850422815" lon="9.687272490387048"><ele>2583.6</ele></trkpt><trkpt lat="46.492104504519546" lon="9.687247490689614"><ele>2582.1</ele></trkpt><trkpt lat="46.49214050469382" lon="9.68727549086842"><ele>2581.2</ele></trkpt><trkpt lat="46.492194504945374" lon="9.687264491129776"><ele>2579.9</ele></trkpt><trkpt lat="46.49224850521655" lon="9.687279491409662"><ele>2578.5</ele></trkpt><trkpt lat="46.492301505448594" lon="9.68728149165015"><ele>2577.3</ele></trkpt><trkpt lat="46.492347505622284" lon="9.687270491831214"><ele>2576.4</ele></trkpt><trkpt lat="46.49239250573739" lon="9.687259491952004"><ele>2575.8</ele></trkpt><trkpt lat="46.492419505872974" lon="9.687260492092337"><ele>2575.1</ele></trkpt><trkpt lat="46.492473506065856" lon="9.687263492292573"><ele>2574.1</ele></trkpt><trkpt lat="46.49252750635663" lon="9.687278492592558"><ele>2572.6</ele></trkpt><trkpt lat="46.49252750635663" lon="9.687278492592558"><ele>2572.6</ele></trkpt><trkpt lat="46.49262650686017" lon="9.687269493114583"><ele>2570.0</ele></trkpt><trkpt lat="46.49276950753766" lon="9.687288493815354"><ele>2566.5</ele></trkpt><trkpt lat="46.49283250792576" lon="9.68730449421567"><ele>2564.5</ele></trkpt><trkpt lat="46.49291250841092" lon="9.687346494714742"><ele>2562.0</ele></trkpt><trkpt lat="46.49295750878016" lon="9.68733549509676"><ele>2560.1</ele></trkpt><trkpt lat="46.4930575091858" lon="9.687287495520648"><ele>2558.0</ele></trkpt><trkpt lat="46.49311150963302" lon="9.687315495980627"><ele>2555.7</ele></trkpt><trkpt lat="46.493155509963536" lon="9.687369496318585"><ele>2554.0</ele></trkpt><trkpt lat="46.49318051015811" lon="9.687435496515352"><ele>2553.0</ele></trkpt><trkpt lat="46.493242510585524" lon="9.687490496953561"><ele>2550.8</ele></trkpt><trkpt lat="46.493286510916086" lon="9.687557497290761"><ele>2549.1</ele></trkpt><trkpt lat="46.493339511167925" lon="9.687598497549045"><ele>2547.8</ele></trkpt><trkpt lat="46.493392511537174" lon="9.687666497926305"><ele>2545.9</ele></trkpt><trkpt lat="46.493392511537174" lon="9.687666497926305"><ele>2545.9</ele></trkpt><trkpt lat="46.49339151151784" lon="9.687705497903897"><ele>2546.0</ele></trkpt><trkpt lat="46.49339951155666" lon="9.687731497942464"><ele>2545.8</ele></trkpt><trkpt lat="46.49341851175122" lon="9.687719498143952"><ele>2544.8</ele></trkpt><trkpt lat="46.4934625120425" lon="9.68773449844407"><ele>2543.3</ele></trkpt><trkpt lat="46.4935165125093" lon="9.68776249892419"><ele>2540.9</ele></trkpt><trkpt lat="46.49356951280022" lon="9.687803499222685"><ele>2539.4</ele></trkpt><trkpt lat="46.49364051297301" lon="9.687832499401146"><ele>2538.5</ele></trkpt><trkpt lat="46.4936495129922" lon="9.68784649942033"><ele>2538.4</ele></trkpt><trkpt lat="46.49365851307006" lon="9.687872499499077"><ele>2538.0</ele></trkpt><trkpt lat="46.49366651308929" lon="9.687885499518327"><ele>2537.9</ele></trkpt><trkpt lat="46.49369251310787" lon="9.68793949953497"><ele>2537.8</ele></trkpt><trkpt lat="46.49371951318476" lon="9.687940499615038"><ele>2537.4</ele></trkpt><trkpt lat="46.49374651324228" lon="9.687967499673467"><ele>2537.1</ele></trkpt><trkpt lat="46.49379051341625" lon="9.687982499853028"><ele>2536.2</ele></trkpt><trkpt lat="46.493817513493376" lon="9.68802249993078"><ele>2535.8</ele></trkpt><trkpt lat="46.49384351351186" lon="9.688062499948254"><ele>2535.7</ele></trkpt><trkpt lat="46.49388751352952" lon="9.688103499965496"><ele>2535.6</ele></trkpt><trkpt lat="46.49393151366449" lon="9.688144500103325"><ele>2534.9</ele></trkpt><trkpt lat="46.49395851380019" lon="9.688171500242143"><ele>2534.2</ele></trkpt><trkpt lat="46.493976513955765" lon="9.688172500402688"><ele>2533.4</ele></trkpt><trkpt lat="46.49401951426688" lon="9.688239500719863"><ele>2531.8</ele></trkpt><trkpt lat="46.49406451444075" lon="9.688241500900194"><ele>2530.9</ele></trkpt><trkpt lat="46.49412751478983" lon="9.688256501260453"><ele>2529.1</ele></trkpt><trkpt lat="46.4941635150228" lon="9.688271501500386"><ele>2527.9</ele></trkpt><trkpt lat="46.494207515294526" lon="9.688286501780446"><ele>2526.5</ele></trkpt><trkpt lat="46.49420851537252" lon="9.688247501863131"><ele>2526.1</ele></trkpt><trkpt lat="46.49423451556703" lon="9.688287502061499"><ele>2525.1</ele></trkpt><trkpt lat="46.494262515761186" lon="9.688275502262915"><ele>2524.1</ele></trkpt><trkpt lat="46.49428051587766" lon="9.688276502383264"><ele>2523.5</ele></trkpt><trkpt lat="46.49429751599424" lon="9.68829050250286"><ele>2522.9</ele></trkpt><trkpt lat="46.494324516130035" lon="9.688330502640929"><ele>2522.2</ele></trkpt><trkpt lat="46.49436951644074" lon="9.688319502962711"><ele>2520.6</ele></trkpt><trkpt lat="46.49437851653805" lon="9.688319503063116"><ele>2520.1</ele></trkpt><trkpt lat="46.49439651665455" lon="9.68832050318347"><ele>2519.5</ele></trkpt><trkpt lat="46.49441351681029" lon="9.68834650334256"><ele>2518.7</ele></trkpt><trkpt lat="46.49442251686853" lon="9.688347503402706"><ele>2518.4</ele></trkpt><trkpt lat="46.49444051696544" lon="9.688335503503732"><ele>2517.9</ele></trkpt><trkpt lat="46.494450517121294" lon="9.688309503665948"><ele>2517.1</ele></trkpt><trkpt lat="46.49446851723776" lon="9.688310503786305"><ele>2516.5</ele></trkpt><trkpt lat="46.4945225176653" lon="9.688286504229348"><ele>2514.3</ele></trkpt><trkpt lat="46.49458651817068" lon="9.688275504751928"><ele>2511.7</ele></trkpt><trkpt lat="46.49462251844275" lon="9.688277505032836"><ele>2510.3</ele></trkpt><trkpt lat="46.49464951867595" lon="9.68823950527598"><ele>2509.1</ele></trkpt><trkpt lat="46.49467651883118" lon="9.688240505436449"><ele>2508.3</ele></trkpt><trkpt lat="46.49469551896711" lon="9.688228505577653"><ele>2507.6</ele></trkpt><trkpt lat="46.494739519297525" lon="9.68824350591802"><ele>2505.9</ele></trkpt><trkpt lat="46.494748519394896" lon="9.68824350601842"><ele>2505.4</ele></trkpt><trkpt lat="46.49477551956964" lon="9.688244506198991"><ele>2504.5</ele></trkpt><trkpt lat="46.49478551982315" lon="9.688193506463149"><ele>2503.2</ele></trkpt><trkpt lat="46.494848520367704" lon="9.688182507025934"><ele>2500.4</ele></trkpt><trkpt lat="46.494957520968796" lon="9.68817450764839"><ele>2497.3</ele></trkpt><trkpt lat="46.49498452118256" lon="9.688149507870671"><ele>2496.2</ele></trkpt><trkpt lat="46.495056521531204" lon="9.688152508231571"><ele>2494.4</ele></trkpt><trkpt lat="46.49509352176408" lon="9.688127508473853"><ele>2493.2</ele></trkpt><trkpt lat="46.495111521899965" lon="9.688102508615822"><ele>2492.5</ele></trkpt><trkpt lat="46.49518452234624" lon="9.688066509079471"><ele>2490.2</ele></trkpt><trkpt lat="46.49518452254169" lon="9.688040509281963"><ele>2489.2</ele></trkpt><trkpt lat="46.49518552275657" lon="9.688001509505295"><ele>2488.1</ele></trkpt><trkpt lat="46.49520452297067" lon="9.687975509727702"><ele>2487.0</ele></trkpt><trkpt lat="46.495321523747386" lon="9.687941510532468"><ele>2483.0</ele></trkpt><trkpt lat="46.49539452429139" lon="9.687905511096593"><ele>2480.2</ele></trkpt><trkpt lat="46.49540452474052" lon="9.687853511561755"><ele>2477.9</ele></trkpt><trkpt lat="46.495413524857405" lon="9.687841511682949"><ele>2477.3</ele></trkpt><trkpt lat="46.49544052503207" lon="9.687829511864262"><ele>2476.4</ele></trkpt><trkpt lat="46.49547752551906" lon="9.687778512369295"><ele>2473.9</ele></trkpt><trkpt lat="46.495523525986115" lon="9.687728512854084"><ele>2471.5</ele></trkpt><trkpt lat="46.49552452618151" lon="9.687702513056545"><ele>2470.5</ele></trkpt><trkpt lat="46.495570526707134" lon="9.687652513601618"><ele>2467.8</ele></trkpt><trkpt lat="46.495580526980355" lon="9.687613513885132"><ele>2466.4</ele></trkpt><trkpt lat="46.49565352775888" lon="9.687525514693384"><ele>2462.4</ele></trkpt><trkpt lat="46.49564552805238" lon="9.687472514997959"><ele>2460.9</ele></trkpt><trkpt lat="46.49565552826691" lon="9.687447515220365"><ele>2459.8</ele></trkpt><trkpt lat="46.495691528460725" lon="9.68742251542243"><ele>2458.8</ele></trkpt><trkpt lat="46.49569252857796" lon="9.687409515543747"><ele>2458.2</ele></trkpt><trkpt lat="46.4957285288696" lon="9.687385515846236"><ele>2456.7</ele></trkpt><trkpt lat="46.495766529278214" lon="9.687308516272322"><ele>2454.6</ele></trkpt><trkpt lat="46.49582952970549" lon="9.687272516715918"><ele>2452.4</ele></trkpt><trkpt lat="46.49586652993833" lon="9.687247516958159"><ele>2451.2</ele></trkpt><trkpt lat="46.495894530249835" lon="9.687209517281612"><ele>2449.6</ele></trkpt><trkpt lat="46.49593053038505" lon="9.687198517422583"><ele>2448.9</ele></trkpt><trkpt lat="46.495958530637864" lon="9.687160517685745"><ele>2447.6</ele></trkpt><trkpt lat="46.49597653079349" lon="9.687147517847091"><ele>2446.8</ele></trkpt><trkpt lat="46.4959775311842" lon="9.687069518253457"><ele>2444.8</ele></trkpt><trkpt lat="46.49610653215567" lon="9.686931519264922"><ele>2439.8</ele></trkpt><trkpt lat="46.49615253240769" lon="9.686894519527842"><ele>2438.5</ele></trkpt><trkpt lat="46.496198532679244" lon="9.686857519810863"><ele>2437.1</ele></trkpt><trkpt lat="46.49625253279412" lon="9.686846519931564"><ele>2436.5</ele></trkpt><trkpt lat="46.49628853279254" lon="9.686848519931116"><ele>2436.5</ele></trkpt><trkpt lat="46.49635153284839" lon="9.686850519990706"><ele>2436.2</ele></trkpt><trkpt lat="46.496397532806974" lon="9.686800519952934"><ele>2436.4</ele></trkpt><trkpt lat="46.496451532902284" lon="9.686789520053535"><ele>2435.9</ele></trkpt><trkpt lat="46.49648753293975" lon="9.686778520094016"><ele>2435.7</ele></trkpt><trkpt lat="46.49652453303558" lon="9.686714520197796"><ele>2435.2</ele></trkpt><trkpt lat="46.49652553295717" lon="9.686675520119628"><ele>2435.6</ele></trkpt><trkpt lat="46.49655253317111" lon="9.686676520340365"><ele>2434.5</ele></trkpt><trkpt lat="46.49658053332619" lon="9.68665152050229"><ele>2433.7</ele></trkpt><trkpt lat="46.49660753355963" lon="9.686639520743864"><ele>2432.5</ele></trkpt><trkpt lat="46.49663553379291" lon="9.686601520986905"><ele>2431.3</ele></trkpt><trkpt lat="46.49665453400697" lon="9.686550521210672"><ele>2430.2</ele></trkpt><trkpt lat="46.49668153420124" lon="9.686512521413526"><ele>2429.2</ele></trkpt><trkpt lat="46.49671753449302" lon="9.686527521713765"><ele>2427.7</ele></trkpt><trkpt lat="46.49675353470656" lon="9.686528521934424"><ele>2426.6</ele></trkpt><trkpt lat="46.49680853499729" lon="9.68649152223744"><ele>2425.1</ele></trkpt><trkpt lat="46.49684453523034" lon="9.686467522479607"><ele>2423.9</ele></trkpt><trkpt lat="46.49686353538581" lon="9.686441522641662"><ele>2423.1</ele></trkpt><trkpt lat="46.496864535600736" lon="9.686402522864899"><ele>2422.0</ele></trkpt><trkpt lat="46.49688253585406" lon="9.686364523128118"><ele>2420.7</ele></trkpt><trkpt lat="46.496883535990804" lon="9.686338523270239"><ele>2420.0</ele></trkpt><trkpt lat="46.4968655362458" lon="9.68631152353316"><ele>2418.7</ele></trkpt><trkpt lat="46.49687553644071" lon="9.686259523736954"><ele>2417.7</ele></trkpt><trkpt lat="46.49685853663697" lon="9.686233523939519"><ele>2416.7</ele></trkpt><trkpt lat="46.496868536910085" lon="9.686181524223683"><ele>2415.3</ele></trkpt><trkpt lat="46.49686953718367" lon="9.686129524507926"><ele>2413.9</ele></trkpt><trkpt lat="46.496851537321355" lon="9.686115524649537"><ele>2413.2</ele></trkpt><trkpt lat="46.496870537555004" lon="9.686064524893366"><ele>2412.0</ele></trkpt><trkpt lat="46.49686253769218" lon="9.686037525035617"><ele>2411.3</ele></trkpt><trkpt lat="46.49688153794535" lon="9.68598652529954"><ele>2410.0</ele></trkpt><trkpt lat="46.49690853806144" lon="9.685961525421263"><ele>2409.4</ele></trkpt><trkpt lat="46.49691953849088" lon="9.685870525868344"><ele>2407.2</ele></trkpt><trkpt lat="46.496956538528146" lon="9.685820525911005"><ele>2407.0</ele></trkpt><trkpt lat="46.496993538682865" lon="9.685795526072818"><ele>2406.2</ele></trkpt><trkpt lat="46.49701153881883" lon="9.685757526215443"><ele>2405.5</ele></trkpt><trkpt lat="46.49705753899265" lon="9.68570752639867"><ele>2404.6</ele></trkpt><trkpt lat="46.49710453918577" lon="9.685617526604227"><ele>2403.6</ele></trkpt><trkpt lat="46.497131539184515" lon="9.685606526604598"><ele>2403.6</ele></trkpt><trkpt lat="46.4971605394372" lon="9.685528526869918"><ele>2402.3</ele></trkpt><trkpt lat="46.49717053971045" lon="9.685490527153261"><ele>2400.9</ele></trkpt><trkpt lat="46.497188539709626" lon="9.685491527153038"><ele>2400.9</ele></trkpt><trkpt lat="46.497215539708336" lon="9.685466527154192"><ele>2400.9</ele></trkpt><trkpt lat="46.49722553961001" lon="9.685440527055098"><ele>2401.4</ele></trkpt><trkpt lat="46.49723453980502" lon="9.68540152725813"><ele>2400.4</ele></trkpt><trkpt lat="46.497235540078655" lon="9.685362527541605"><ele>2399.0</ele></trkpt><trkpt lat="46.497255540468615" lon="9.685259527949036"><ele>2397.0</ele></trkpt><trkpt lat="46.497292540564565" lon="9.685221528051292"><ele>2396.5</ele></trkpt><trkpt lat="46.49730254087685" lon="9.685156528376314"><ele>2394.9</ele></trkpt><trkpt lat="46.49733054097319" lon="9.685106528479315"><ele>2394.4</ele></trkpt><trkpt lat="46.49736754106917" lon="9.685055528582287"><ele>2393.9</ele></trkpt><trkpt lat="46.497377541146854" lon="9.685029528664018"><ele>2393.5</ele></trkpt><trkpt lat="46.49738654114639" lon="9.685004528665338"><ele>2393.5</ele></trkpt><trkpt lat="46.49741454126238" lon="9.684979528787025"><ele>2392.9</ele></trkpt><trkpt lat="46.49742354139881" lon="9.684953528929041"><ele>2392.2</ele></trkpt><trkpt lat="46.49743254155485" lon="9.684940529090426"><ele>2391.4</ele></trkpt><trkpt lat="46.49741454173169" lon="9.68494052927141"><ele>2390.5</ele></trkpt><trkpt lat="46.49741554194664" lon="9.684901529494583"><ele>2389.4</ele></trkpt><trkpt lat="46.49743354210224" lon="9.684888529655879"><ele>2388.6</ele></trkpt><trkpt lat="46.49740754233804" lon="9.684861529898718"><ele>2387.4</ele></trkpt><trkpt lat="46.497416542611354" lon="9.684835530181365"><ele>2386.0</ele></trkpt><trkpt lat="46.497381542945384" lon="9.684821530524019"><ele>2384.3</ele></trkpt><trkpt lat="46.4973725430826" lon="9.684795530666186"><ele>2383.6</ele></trkpt><trkpt lat="46.497354543220325" lon="9.684807530806323"><ele>2382.9</ele></trkpt><trkpt lat="46.49734754368977" lon="9.684728531292972"><ele>2380.5</ele></trkpt><trkpt lat="46.49735654380666" lon="9.684703531414826"><ele>2379.9</ele></trkpt><trkpt lat="46.49737554400127" lon="9.684664531617733"><ele>2378.9</ele></trkpt><trkpt lat="46.49735854423659" lon="9.684625531861148"><ele>2377.7</ele></trkpt><trkpt lat="46.49736754435343" lon="9.684599531983054"><ele>2377.1</ele></trkpt><trkpt lat="46.49735954445144" lon="9.6845595320858"><ele>2376.6</ele></trkpt><trkpt lat="46.49737754452883" lon="9.684547532166665"><ele>2376.2</ele></trkpt><trkpt lat="46.49737854468514" lon="9.68450853232955"><ele>2375.4</ele></trkpt><trkpt lat="46.49741454480084" lon="9.684497532450377"><ele>2374.8</ele></trkpt><trkpt lat="46.49742354487866" lon="9.684484532531378"><ele>2374.4</ele></trkpt><trkpt lat="46.49743354491725" lon="9.684458532572917"><ele>2374.2</ele></trkpt><trkpt lat="46.4974615450135" lon="9.68439453267666"><ele>2373.7</ele></trkpt><trkpt lat="46.49747154518903" lon="9.684356532859493"><ele>2372.8</ele></trkpt><trkpt lat="46.49748054536455" lon="9.684330533041665"><ele>2371.9</ele></trkpt><trkpt lat="46.49749954546142" lon="9.68430553314333"><ele>2371.4</ele></trkpt><trkpt lat="46.497509545676024" lon="9.68427953336567"><ele>2370.3</ele></trkpt><trkpt lat="46.49751854567561" lon="9.684266533366312"><ele>2370.3</ele></trkpt><trkpt lat="46.49755454575212" lon="9.684229533448395"><ele>2369.9</ele></trkpt><trkpt lat="46.49759154610246" lon="9.684191533811786"><ele>2368.1</ele></trkpt><trkpt lat="46.497583546396015" lon="9.684139534116087"><ele>2366.6</ele></trkpt><trkpt lat="46.497602546551526" lon="9.684113534278067"><ele>2365.8</ele></trkpt><trkpt lat="46.497602546668844" lon="9.68410053439933"><ele>2365.2</ele></trkpt><trkpt lat="46.49759454696253" lon="9.684074534702185"><ele>2363.7</ele></trkpt><trkpt lat="46.49758654715822" lon="9.684008534906795"><ele>2362.7</ele></trkpt><trkpt lat="46.49761354729388" lon="9.683984535048502"><ele>2362.0</ele></trkpt><trkpt lat="46.497632547449335" lon="9.683932535211918"><ele>2361.2</ele></trkpt><trkpt lat="46.49765154764395" lon="9.683894535414735"><ele>2360.2</ele></trkpt><trkpt lat="46.497642547703016" lon="9.683880535475856"><ele>2359.9</ele></trkpt><trkpt lat="46.49765254783941" lon="9.683855535617772"><ele>2359.2</ele></trkpt><trkpt lat="46.49765354799567" lon="9.683816535780627"><ele>2358.4</ele></trkpt><trkpt lat="46.49768054809213" lon="9.683778535882919"><ele>2357.9</ele></trkpt><trkpt lat="46.497699548228155" lon="9.683753536024753"><ele>2357.2</ele></trkpt><trkpt lat="46.497709548383966" lon="9.683701536188238"><ele>2356.4</ele></trkpt><trkpt lat="46.49770954863821" lon="9.683688536450108"><ele>2355.1</ele></trkpt><trkpt lat="46.497710548833574" lon="9.683636536653848"><ele>2354.1</ele></trkpt><trkpt lat="46.49772054900898" lon="9.683571536838132"><ele>2353.2</ele></trkpt><trkpt lat="46.497749549203085" lon="9.68350753704228"><ele>2352.2</ele></trkpt><trkpt lat="46.49776754922187" lon="9.683508537062151"><ele>2352.1</ele></trkpt><trkpt lat="46.497767549358656" lon="9.683482537204199"><ele>2351.4</ele></trkpt><trkpt lat="46.4977595494371" lon="9.683442537286819"><ele>2351.0</ele></trkpt><trkpt lat="46.49780454957202" lon="9.683418537428354"><ele>2350.3</ele></trkpt><trkpt lat="46.497833549766064" lon="9.683341537633204"><ele>2349.3</ele></trkpt><trkpt lat="46.497860549725694" lon="9.683329537593446"><ele>2349.5</ele></trkpt><trkpt lat="46.497870549686134" lon="9.683317537553837"><ele>2349.7</ele></trkpt><trkpt lat="46.49789754960656" lon="9.683279537475327"><ele>2350.1</ele></trkpt><trkpt lat="46.49793454956574" lon="9.683254537436195"><ele>2350.3</ele></trkpt><trkpt lat="46.497971549857255" lon="9.683177537741408"><ele>2348.8</ele></trkpt><trkpt lat="46.4979895498956" lon="9.683178537781368"><ele>2348.6</ele></trkpt><trkpt lat="46.49801654995308" lon="9.683166537842048"><ele>2348.3</ele></trkpt><trkpt lat="46.498063550165924" lon="9.683090538066763"><ele>2347.2</ele></trkpt><trkpt lat="46.49807355018488" lon="9.683051538088897"><ele>2347.1</ele></trkpt><trkpt lat="46.498082550164824" lon="9.683013538070814"><ele>2347.2</ele></trkpt><trkpt lat="46.49811055012438" lon="9.682988538031756"><ele>2347.4</ele></trkpt><trkpt lat="46.49811955016302" lon="9.682962538073276"><ele>2347.2</ele></trkpt><trkpt lat="46.49815655022001" lon="9.682937538134581"><ele>2346.9</ele></trkpt><trkpt lat="46.49818355027748" lon="9.682926538195202"><ele>2346.6</ele></trkpt><trkpt lat="46.49821155029558" lon="9.682862538218545"><ele>2346.5</ele></trkpt><trkpt lat="46.49823955039211" lon="9.682850538319391"><ele>2346.0</ele></trkpt><trkpt lat="46.498257550547756" lon="9.682824538481356"><ele>2345.2</ele></trkpt><trkpt lat="46.49827655058595" lon="9.682799538522728"><ele>2345.0</ele></trkpt><trkpt lat="46.49829555058492" lon="9.682748538525349"><ele>2345.0</ele></trkpt><trkpt lat="46.498304550643034" lon="9.682709538587664"><ele>2344.7</ele></trkpt><trkpt lat="46.49833355077849" lon="9.68264553873152"><ele>2344.0</ele></trkpt><trkpt lat="46.498351550875505" lon="9.682633538832455"><ele>2343.5</ele></trkpt><trkpt lat="46.49837855091341" lon="9.68262153887304"><ele>2343.3</ele></trkpt><trkpt lat="46.49839855083398" lon="9.682543538796786"><ele>2343.7</ele></trkpt><trkpt lat="46.49840955081353" lon="9.68242753878295"><ele>2343.8</ele></trkpt><trkpt lat="46.49843855092924" lon="9.682324538908844"><ele>2343.2</ele></trkpt><trkpt lat="46.49844855098734" lon="9.682285538971147"><ele>2342.9</ele></trkpt><trkpt lat="46.49845855100619" lon="9.682220538994697"><ele>2342.8</ele></trkpt><trkpt lat="46.49843255096807" lon="9.682180538956947"><ele>2343.0</ele></trkpt><trkpt lat="46.49844355124106" lon="9.682076539243738"><ele>2341.6</ele></trkpt><trkpt lat="46.49843455133913" lon="9.682050539345662"><ele>2341.1</ele></trkpt><trkpt lat="46.4984175513985" lon="9.682023539407547"><ele>2340.8</ele></trkpt><trkpt lat="46.49840955159431" lon="9.681984539610605"><ele>2339.8</ele></trkpt><trkpt lat="46.49840055173153" lon="9.681957539752759"><ele>2339.1</ele></trkpt><trkpt lat="46.49840155177043" lon="9.681918539795051"><ele>2338.9</ele></trkpt><trkpt lat="46.4984115518873" lon="9.68189253991689"><ele>2338.3</ele></trkpt><trkpt lat="46.498394552200814" lon="9.681827540241953"><ele>2336.7</ele></trkpt><trkpt lat="46.49839455229848" lon="9.681801540343791"><ele>2336.2</ele></trkpt><trkpt lat="46.49838655243561" lon="9.681748540487348"><ele>2335.5</ele></trkpt><trkpt lat="46.498389552572" lon="9.681644540633584"><ele>2334.8</ele></trkpt><trkpt lat="46.4984255527268" lon="9.681606540796015"><ele>2334.0</ele></trkpt><trkpt lat="46.49843555286311" lon="9.681555540939296"><ele>2333.3</ele></trkpt><trkpt lat="46.49845455295993" lon="9.68151654104167"><ele>2332.8</ele></trkpt><trkpt lat="46.49847455327172" lon="9.68142654136774"><ele>2331.2</ele></trkpt><trkpt lat="46.49850255344649" lon="9.681388541550318"><ele>2330.3</ele></trkpt><trkpt lat="46.4985115535047" lon="9.681362541611906"><ele>2330.0</ele></trkpt><trkpt lat="46.49853055367979" lon="9.68132454179456"><ele>2329.1</ele></trkpt><trkpt lat="46.498531553953455" lon="9.681285542077843"><ele>2327.7</ele></trkpt><trkpt lat="46.49853255407063" lon="9.68123354220116"><ele>2327.1</ele></trkpt><trkpt lat="46.49855055420672" lon="9.681208542342949"><ele>2326.4</ele></trkpt><trkpt lat="46.49856855432328" lon="9.681195542463994"><ele>2325.8</ele></trkpt><trkpt lat="46.49860555467371" lon="9.681171542826474"><ele>2324.0</ele></trkpt><trkpt lat="46.498641554848156" lon="9.681146543008262"><ele>2323.1</ele></trkpt><trkpt lat="46.49866955484682" lon="9.681121543009374"><ele>2323.1</ele></trkpt><trkpt lat="46.49868855494372" lon="9.681083543111681"><ele>2322.6</ele></trkpt><trkpt lat="46.49869755511929" lon="9.681057543293768"><ele>2321.7</ele></trkpt><trkpt lat="46.498707555196994" lon="9.681032543375364"><ele>2321.3</ele></trkpt><trkpt lat="46.49870755525549" lon="9.680992543437782"><ele>2321.0</ele></trkpt><trkpt lat="46.49872655543078" lon="9.680980543619011"><ele>2320.1</ele></trkpt><trkpt lat="46.49874455558641" lon="9.680955543780879"><ele>2319.3</ele></trkpt><trkpt lat="46.498736555645266" lon="9.680915543843359"><ele>2319.0</ele></trkpt><trkpt lat="46.49874655593815" lon="9.680877544146576"><ele>2317.5</ele></trkpt><trkpt lat="46.49876455619158" lon="9.680838544409603"><ele>2316.2</ele></trkpt><trkpt lat="46.49879255634679" lon="9.68080154457202"><ele>2315.4</ele></trkpt><trkpt lat="46.49881155648264" lon="9.680736544715945"><ele>2314.7</ele></trkpt><trkpt lat="46.49882255702954" lon="9.680632545283775"><ele>2311.9</ele></trkpt><trkpt lat="46.49885055716516" lon="9.680594545426157"><ele>2311.2</ele></trkpt><trkpt lat="46.498869557398955" lon="9.680556545669026"><ele>2310.0</ele></trkpt><trkpt lat="46.498897557691045" lon="9.680505545972764"><ele>2308.5</ele></trkpt><trkpt lat="46.498897557691045" lon="9.680505545972764"><ele>2308.5</ele></trkpt><trkpt lat="46.49893455784577" lon="9.680442546136494"><ele>2307.7</ele></trkpt><trkpt lat="46.49898055798049" lon="9.68039154627941"><ele>2307.0</ele></trkpt><trkpt lat="46.498990558136526" lon="9.680366546441322"><ele>2306.2</ele></trkpt><trkpt lat="46.499000558409804" lon="9.680314546725183"><ele>2304.8</ele></trkpt><trkpt lat="46.4990275586237" lon="9.680276546947889"><ele>2303.7</ele></trkpt><trkpt lat="46.499082558719095" lon="9.680252547049102"><ele>2303.2</ele></trkpt><trkpt lat="46.49912055912802" lon="9.680163547475269"><ele>2301.1</ele></trkpt><trkpt lat="46.499121559440745" lon="9.680097547800107"><ele>2299.5</ele></trkpt><trkpt lat="46.499158559673795" lon="9.680060548042743"><ele>2298.3</ele></trkpt><trkpt lat="46.499159560025774" lon="9.68002154840629"><ele>2296.5</ele></trkpt><trkpt lat="46.49915956004526" lon="9.680008548427066"><ele>2296.4</ele></trkpt><trkpt lat="46.49916956008386" lon="9.679969548469236"><ele>2296.2</ele></trkpt><trkpt lat="46.499169560161995" lon="9.679930548551647"><ele>2295.8</ele></trkpt><trkpt lat="46.49917956020061" lon="9.679904548593115"><ele>2295.6</ele></trkpt><trkpt lat="46.49917956020048" lon="9.679878548594505"><ele>2295.6</ele></trkpt><trkpt lat="46.499162560279366" lon="9.679851548676428"><ele>2295.2</ele></trkpt><trkpt lat="46.499162560279366" lon="9.679851548676428"><ele>2295.2</ele></trkpt><trkpt lat="46.49915456010348" lon="9.679812548497859"><ele>2296.1</ele></trkpt><trkpt lat="46.49915455994681" lon="9.679773548339307"><ele>2296.9</ele></trkpt><trkpt lat="46.49916455990714" lon="9.679734548301148"><ele>2297.1</ele></trkpt><trkpt lat="46.4991845598668" lon="9.679644548265642"><ele>2297.3</ele></trkpt><trkpt lat="46.499222559943" lon="9.679528548351849"><ele>2296.9</ele></trkpt><trkpt lat="46.49927755986222" lon="9.679478548273728"><ele>2297.3</ele></trkpt><trkpt lat="46.49934155958541" lon="9.679416547995375"><ele>2298.7</ele></trkpt><trkpt lat="46.499360559506144" lon="9.67937854791693"><ele>2299.1</ele></trkpt><trkpt lat="46.49939755940657" lon="9.679327547818943"><ele>2299.6</ele></trkpt><trkpt lat="46.499399559190856" lon="9.679210547604338"><ele>2300.7</ele></trkpt><trkpt lat="46.49943855934529" lon="9.679107547770155"><ele>2299.9</ele></trkpt><trkpt lat="46.49943855934518" lon="9.679068547772255"><ele>2299.9</ele></trkpt><trkpt lat="46.49943055932582" lon="9.679029547754336"><ele>2300.0</ele></trkpt><trkpt lat="46.49941355932645" lon="9.679002547755937"><ele>2300.0</ele></trkpt><trkpt lat="46.499405559287474" lon="9.678949547718695"><ele>2300.2</ele></trkpt><trkpt lat="46.49937055922993" lon="9.678870547663005"><ele>2300.5</ele></trkpt><trkpt lat="46.49936255919093" lon="9.678817547625764"><ele>2300.7</ele></trkpt><trkpt lat="46.49936455915147" lon="9.678739547589778"><ele>2300.9</ele></trkpt><trkpt lat="46.49936455907309" lon="9.678713547510862"><ele>2301.3</ele></trkpt><trkpt lat="46.49939255903264" lon="9.678688547471806"><ele>2301.5</ele></trkpt><trkpt lat="46.49939355893466" lon="9.678649547373501"><ele>2302.0</ele></trkpt><trkpt lat="46.49940255889499" lon="9.678610547335362"><ele>2302.2</ele></trkpt><trkpt lat="46.49943955885423" lon="9.67858654729617"><ele>2302.4</ele></trkpt><trkpt lat="46.49946655883341" lon="9.6785615472772"><ele>2302.5</ele></trkpt><trkpt lat="46.499485558793346" lon="9.67853654723822"><ele>2302.7</ele></trkpt><trkpt lat="46.49950455883138" lon="9.678458547282405"><ele>2302.5</ele></trkpt><trkpt lat="46.49951455883086" lon="9.678433547283662"><ele>2302.5</ele></trkpt><trkpt lat="46.49953255875181" lon="9.67842054720389"><ele>2302.9</ele></trkpt><trkpt lat="46.49955955851589" lon="9.67842154696267"><ele>2304.1</ele></trkpt><trkpt lat="46.499568558437275" lon="9.67842254688223"><ele>2304.5</ele></trkpt><trkpt lat="46.49962355825862" lon="9.67837254670374"><ele>2305.4</ele></trkpt><trkpt lat="46.49964155808168" lon="9.67836054652353"><ele>2306.3</ele></trkpt><trkpt lat="46.4996685580218" lon="9.678348546463706"><ele>2306.6</ele></trkpt><trkpt lat="46.499704557863744" lon="9.678349546302718"><ele>2307.4</ele></trkpt><trkpt lat="46.49971355780469" lon="9.678350546242354"><ele>2307.7</ele></trkpt><trkpt lat="46.499732557803725" lon="9.678311546244288"><ele>2307.7</ele></trkpt><trkpt lat="46.49976855762608" lon="9.678300546063872"><ele>2308.6</ele></trkpt><trkpt lat="46.499777557566944" lon="9.678300546003555"><ele>2308.9</ele></trkpt><trkpt lat="46.499803557292154" lon="9.678353545719387"><ele>2310.3</ele></trkpt><trkpt lat="46.49982155717402" lon="9.678367545598007"><ele>2310.9</ele></trkpt><trkpt lat="46.499830557114905" lon="9.678354545538397"><ele>2311.2</ele></trkpt><trkpt lat="46.49985855703542" lon="9.678343545458441"><ele>2311.6</ele></trkpt><trkpt lat="46.499921556836924" lon="9.678306545259108"><ele>2312.6</ele></trkpt><trkpt lat="46.4999305567778" lon="9.678306545198799"><ele>2312.9</ele></trkpt><trkpt lat="46.499957556737606" lon="9.678321545157594"><ele>2313.1</ele></trkpt><trkpt lat="46.50000155636406" lon="9.678348544774279"><ele>2315.0</ele></trkpt><trkpt lat="46.50001955630472" lon="9.67837554471243"><ele>2315.3</ele></trkpt><trkpt lat="46.50002855620647" lon="9.678376544611906"><ele>2315.8</ele></trkpt><trkpt lat="46.500037556147426" lon="9.678376544551597"><ele>2316.1</ele></trkpt><trkpt lat="46.50005555604874" lon="9.678364544451698"><ele>2316.6</ele></trkpt><trkpt lat="46.50005555604874" lon="9.678364544451698"><ele>2316.6</ele></trkpt><trkpt lat="46.50007455602826" lon="9.678338544432858"><ele>2316.7</ele></trkpt><trkpt lat="46.500084556027645" lon="9.678287544435532"><ele>2316.7</ele></trkpt><trkpt lat="46.500093556242355" lon="9.678248544658409"><ele>2315.6</ele></trkpt><trkpt lat="46.5000945562814" lon="9.678235544699255"><ele>2315.4</ele></trkpt><trkpt lat="46.50008555634041" lon="9.678209544760975"><ele>2315.1</ele></trkpt><trkpt lat="46.50007655637982" lon="9.678195544801966"><ele>2314.9</ele></trkpt><trkpt lat="46.50005055651779" lon="9.678168544944192"><ele>2314.2</ele></trkpt><trkpt lat="46.500041556518156" lon="9.678155544944971"><ele>2314.2</ele></trkpt><trkpt lat="46.500042556478945" lon="9.678142544905517"><ele>2314.4</ele></trkpt><trkpt lat="46.50004255643972" lon="9.678116544866766"><ele>2314.6</ele></trkpt><trkpt lat="46.50006155643868" lon="9.678051544870108"><ele>2314.6</ele></trkpt><trkpt lat="46.50007155641859" lon="9.678026544851294"><ele>2314.7</ele></trkpt><trkpt lat="46.500080556418084" lon="9.67800054485262"><ele>2314.7</ele></trkpt><trkpt lat="46.500117556396816" lon="9.67797554483357"><ele>2314.8</ele></trkpt><trkpt lat="46.50013655625891" lon="9.677937544694919"><ele>2315.5</ele></trkpt><trkpt lat="46.50014555637582" lon="9.677911544816704"><ele>2314.9</ele></trkpt><trkpt lat="46.50014555637578" lon="9.67789854481741"><ele>2314.9</ele></trkpt><trkpt lat="46.500164556296596" lon="9.677860544738987"><ele>2315.3</ele></trkpt><trkpt lat="46.50017355621787" lon="9.677847544659306"><ele>2315.7</ele></trkpt><trkpt lat="46.500192556119146" lon="9.677822544560112"><ele>2316.2</ele></trkpt><trkpt lat="46.50019255607995" lon="9.677809544520658"><ele>2316.4</ele></trkpt><trkpt lat="46.500202556020604" lon="9.677757544463157"><ele>2316.7</ele></trkpt><trkpt lat="46.50019455590329" lon="9.677692544346284"><ele>2317.3</ele></trkpt><trkpt lat="46.50018655586437" lon="9.677665544307668"><ele>2317.5</ele></trkpt><trkpt lat="46.50016855576732" lon="9.677652544208147"><ele>2318.0</ele></trkpt><trkpt lat="46.50016055568925" lon="9.67761254413008"><ele>2318.4</ele></trkpt><trkpt lat="46.50015155563087" lon="9.677599544070635"><ele>2318.7</ele></trkpt><trkpt lat="46.500142555592056" lon="9.67758554403132"><ele>2318.9</ele></trkpt><trkpt lat="46.50011755551461" lon="9.677519543954814"><ele>2319.3</ele></trkpt><trkpt lat="46.500100555436894" lon="9.677479543876828"><ele>2319.7</ele></trkpt><trkpt lat="46.5001005553977" lon="9.677453543838084"><ele>2319.9</ele></trkpt><trkpt lat="46.50010055539769" lon="9.677440543838793"><ele>2319.9</ele></trkpt><trkpt lat="46.50010155529967" lon="9.67740154374052"><ele>2320.4</ele></trkpt><trkpt lat="46.50010255522122" lon="9.677375543661618"><ele>2320.8</ele></trkpt><trkpt lat="46.500121555083155" lon="9.677298543525096"><ele>2321.5</ele></trkpt><trkpt lat="46.5001225550438" lon="9.677246543487756"><ele>2321.7</ele></trkpt><trkpt lat="46.50012355504359" lon="9.677207543489866"><ele>2321.7</ele></trkpt><trkpt lat="46.50011555508286" lon="9.677154543532955"><ele>2321.5</ele></trkpt><trkpt lat="46.500107554906876" lon="9.677089543355878"><ele>2322.4</ele></trkpt><trkpt lat="46.500100554848146" lon="9.677023543299294"><ele>2322.7</ele></trkpt><trkpt lat="46.500101554769685" lon="9.67697154322181"><ele>2323.1</ele></trkpt><trkpt lat="46.50009455463247" lon="9.67682854308911"><ele>2323.8</ele></trkpt><trkpt lat="46.50009955445532" lon="9.676593542921156"><ele>2324.7</ele></trkpt><trkpt lat="46.50010055439635" lon="9.67652854286446"><ele>2325.0</ele></trkpt><trkpt lat="46.50011955431703" lon="9.676477542786763"><ele>2325.4</ele></trkpt><trkpt lat="46.50013055433589" lon="9.67641254281027"><ele>2325.3</ele></trkpt><trkpt lat="46.500123554433614" lon="9.6763075429164"><ele>2324.8</ele></trkpt><trkpt lat="46.500115554512035" lon="9.676255542999577"><ele>2324.4</ele></trkpt><trkpt lat="46.50013455458914" lon="9.676165543084586"><ele>2324.0</ele></trkpt><trkpt lat="46.50015655452881" lon="9.67598354303405"><ele>2324.3</ele></trkpt><trkpt lat="46.50017655464504" lon="9.67590654315848"><ele>2323.7</ele></trkpt><trkpt lat="46.50017655464504" lon="9.67590654315848"><ele>2323.7</ele></trkpt><trkpt lat="46.500240554642076" lon="9.67584354316133"><ele>2323.7</ele></trkpt><trkpt lat="46.50028655460085" lon="9.675806543122794"><ele>2323.9</ele></trkpt><trkpt lat="46.50046055455361" lon="9.6756445430899"><ele>2324.1</ele></trkpt><trkpt lat="46.50053355458941" lon="9.67559554313206"><ele>2323.9</ele></trkpt><trkpt lat="46.5006065547621" lon="9.675506543316883"><ele>2323.0</ele></trkpt><trkpt lat="46.500662554955056" lon="9.675430543521216"><ele>2322.0</ele></trkpt><trkpt lat="46.500662554955056" lon="9.675430543521216"><ele>2322.0</ele></trkpt><trkpt lat="46.50071755526553" lon="9.675368543845218"><ele>2320.4</ele></trkpt><trkpt lat="46.50075455530287" lon="9.675304543888501"><ele>2320.2</ele></trkpt><trkpt lat="46.50080055514419" lon="9.675254543730238"><ele>2321.0</ele></trkpt><trkpt lat="46.50087355516045" lon="9.675218543751619"><ele>2320.9</ele></trkpt><trkpt lat="46.5008925552182" lon="9.675179543813774"><ele>2320.6</ele></trkpt><trkpt lat="46.50092955525558" lon="9.675129543856295"><ele>2320.4</ele></trkpt><trkpt lat="46.50099355544836" lon="9.675079544059145"><ele>2319.4</ele></trkpt><trkpt lat="46.501011555467024" lon="9.67505454408041"><ele>2319.3</ele></trkpt><trkpt lat="46.501040555347984" lon="9.67495154396531"><ele>2319.9</ele></trkpt><trkpt lat="46.501068555307505" lon="9.674913543926982"><ele>2320.1</ele></trkpt><trkpt lat="46.50110455526677" lon="9.674901543887175"><ele>2320.3</ele></trkpt><trkpt lat="46.501140555382705" lon="9.674916544006468"><ele>2319.7</ele></trkpt><trkpt lat="46.50117655545939" lon="9.674904544087076"><ele>2319.3</ele></trkpt><trkpt lat="46.50124055551521" lon="9.67486854414867"><ele>2319.0</ele></trkpt><trkpt lat="46.501277555513504" lon="9.674830544150394"><ele>2319.0</ele></trkpt><trkpt lat="46.50131455539433" lon="9.674780544032366"><ele>2319.6</ele></trkpt><trkpt lat="46.501342555510185" lon="9.674690544157404"><ele>2319.0</ele></trkpt><trkpt lat="46.501370555489345" lon="9.674665544138447"><ele>2319.1</ele></trkpt><trkpt lat="46.501398555507556" lon="9.674627544160328"><ele>2319.0</ele></trkpt><trkpt lat="46.501445555289806" lon="9.67449854394614"><ele>2320.1</ele></trkpt><trkpt lat="46.50150055532639" lon="9.674449543988445"><ele>2319.9</ele></trkpt><trkpt lat="46.50153855530478" lon="9.67434654397362"><ele>2320.0</ele></trkpt><trkpt lat="46.50154855520627" lon="9.67428154387671"><ele>2320.5</ele></trkpt><trkpt lat="46.50155955512722" lon="9.674203543800568"><ele>2320.9</ele></trkpt><trkpt lat="46.50158755489094" lon="9.674152543562267"><ele>2322.1</ele></trkpt><trkpt lat="46.50160955461532" lon="9.673958543291644"><ele>2323.5</ele></trkpt><trkpt lat="46.50161155449741" lon="9.673841543177572"><ele>2324.1</ele></trkpt><trkpt lat="46.50162155447717" lon="9.673789543160233"><ele>2324.2</ele></trkpt><trkpt lat="46.501631554554834" lon="9.673737543243242"><ele>2323.8</ele></trkpt><trkpt lat="46.50161555451614" lon="9.673658543207534"><ele>2324.0</ele></trkpt><trkpt lat="46.50161655455502" lon="9.673606543250479"><ele>2323.8</ele></trkpt><trkpt lat="46.501635554651834" lon="9.67355554335341"><ele>2323.3</ele></trkpt><trkpt lat="46.501654554650905" lon="9.673517543355306"><ele>2323.3</ele></trkpt><trkpt lat="46.50166455465026" lon="9.673465543358038"><ele>2323.3</ele></trkpt><trkpt lat="46.501683554551356" lon="9.67340154326101"><ele>2323.8</ele></trkpt><trkpt lat="46.50172055447124" lon="9.673337543183893"><ele>2324.2</ele></trkpt><trkpt lat="46.50174955437177" lon="9.673234543088894"><ele>2324.7</ele></trkpt><trkpt lat="46.50182455427023" lon="9.6731075429948"><ele>2325.2</ele></trkpt><trkpt lat="46.501860554170676" lon="9.673082542895509"><ele>2325.7</ele></trkpt><trkpt lat="46.501879553993525" lon="9.673018542718227"><ele>2326.6</ele></trkpt><trkpt lat="46.50191755377621" lon="9.672915542502771"><ele>2327.7</ele></trkpt><trkpt lat="46.50191855379559" lon="9.672876542524948"><ele>2327.6</ele></trkpt><trkpt lat="46.5019465536572" lon="9.672825542387015"><ele>2328.3</ele></trkpt><trkpt lat="46.50194755373525" lon="9.672773542470095"><ele>2327.9</ele></trkpt><trkpt lat="46.50195755367593" lon="9.672734542411927"><ele>2328.2</ele></trkpt><trkpt lat="46.50195255365586" lon="9.672538542402565"><ele>2328.3</ele></trkpt><trkpt lat="46.501971553537395" lon="9.672487542284783"><ele>2328.9</ele></trkpt><trkpt lat="46.50198055343901" lon="9.672448542186505"><ele>2329.4</ele></trkpt><trkpt lat="46.50199055339942" lon="9.67243654214694"><ele>2329.6</ele></trkpt><trkpt lat="46.50200055328142" lon="9.672397542028591"><ele>2330.2</ele></trkpt><trkpt lat="46.502028553142964" lon="9.672333541891373"><ele>2330.9</ele></trkpt><trkpt lat="46.50205755300439" lon="9.672243541755572"><ele>2331.6</ele></trkpt><trkpt lat="46.50210355284559" lon="9.67218054159809"><ele>2332.4</ele></trkpt><trkpt lat="46.50212355296182" lon="9.672089541723247"><ele>2331.8</ele></trkpt><trkpt lat="46.502161552920654" lon="9.671987541688335"><ele>2332.0</ele></trkpt><trkpt lat="46.50218955288007" lon="9.671936541650739"><ele>2332.2</ele></trkpt><trkpt lat="46.50221655291797" lon="9.671911541691985"><ele>2332.0</ele></trkpt><trkpt lat="46.50223555293664" lon="9.6718855417133"><ele>2331.9</ele></trkpt><trkpt lat="46.50225455289648" lon="9.671834541675782"><ele>2332.1</ele></trkpt><trkpt lat="46.50229155293373" lon="9.671757541719774"><ele>2331.9</ele></trkpt><trkpt lat="46.50235655283275" lon="9.671669541623677"><ele>2332.4</ele></trkpt><trkpt lat="46.502375552792486" lon="9.671591541587631"><ele>2332.6</ele></trkpt><trkpt lat="46.5023945527915" lon="9.671553541589535"><ele>2332.6</ele></trkpt><trkpt lat="46.50239555281092" lon="9.671514541611709"><ele>2332.5</ele></trkpt><trkpt lat="46.50240555279069" lon="9.671449541595099"><ele>2332.6</ele></trkpt><trkpt lat="46.502424552730986" lon="9.671411541536816"><ele>2332.9</ele></trkpt><trkpt lat="46.50245155276888" lon="9.671386541578062"><ele>2332.7</ele></trkpt><trkpt lat="46.50247055280713" lon="9.67136154161938"><ele>2332.5</ele></trkpt><trkpt lat="46.50250755276613" lon="9.671297541582412"><ele>2332.7</ele></trkpt><trkpt lat="46.50261055280015" lon="9.671106541632021"><ele>2332.5</ele></trkpt><trkpt lat="46.50263755275967" lon="9.671081541593024"><ele>2332.7</ele></trkpt><trkpt lat="46.50264755275926" lon="9.671068541593648"><ele>2332.7</ele></trkpt><trkpt lat="46.5026485528372" lon="9.671003541677416"><ele>2332.3</ele></trkpt><trkpt lat="46.50271555283362" lon="9.67081054168734"><ele>2332.3</ele></trkpt><trkpt lat="46.50275355292941" lon="9.670708541792857"><ele>2331.8</ele></trkpt><trkpt lat="46.50278155290831" lon="9.670618541777449"><ele>2331.9</ele></trkpt><trkpt lat="46.50281055296554" lon="9.670554541840858"><ele>2331.6</ele></trkpt><trkpt lat="46.502829552984096" lon="9.670502541863577"><ele>2331.5</ele></trkpt><trkpt lat="46.502866552904045" lon="9.670452541785735"><ele>2331.9</ele></trkpt><trkpt lat="46.50291255286272" lon="9.670402541747931"><ele>2332.1</ele></trkpt><trkpt lat="46.50294955282175" lon="9.67035154171026"><ele>2332.3</ele></trkpt><trkpt lat="46.502996552936764" lon="9.670236541836465"><ele>2331.7</ele></trkpt><trkpt lat="46.50305155301248" lon="9.670186541918932"><ele>2331.3</ele></trkpt><trkpt lat="46.5031065532447" lon="9.670110542163291"><ele>2330.1</ele></trkpt><trkpt lat="46.50315255332094" lon="9.670086542244427"><ele>2329.7</ele></trkpt><trkpt lat="46.50327055349177" lon="9.670025542427231"><ele>2328.8</ele></trkpt><trkpt lat="46.50328055366744" lon="9.670000542609024"><ele>2327.9</ele></trkpt><trkpt lat="46.50331655392022" lon="9.669975542870835"><ele>2326.6</ele></trkpt><trkpt lat="46.503407554307664" lon="9.669940543273103"><ele>2324.6</ele></trkpt><trkpt lat="46.50343455442382" lon="9.66990254339528"><ele>2324.0</ele></trkpt><trkpt lat="46.503488554578134" lon="9.669904543555162"><ele>2323.2</ele></trkpt><trkpt lat="46.50354355477136" lon="9.669867543757263"><ele>2322.2</ele></trkpt><trkpt lat="46.503579554769814" lon="9.669869543756844"><ele>2322.2</ele></trkpt><trkpt lat="46.503615554670446" lon="9.669883543655475"><ele>2322.7</ele></trkpt><trkpt lat="46.503642554591" lon="9.669884543574947"><ele>2323.1</ele></trkpt><trkpt lat="46.50367855453074" lon="9.669886543514345"><ele>2323.4</ele></trkpt><trkpt lat="46.50370555452952" lon="9.669874543514755"><ele>2323.4</ele></trkpt><trkpt lat="46.50372455446987" lon="9.669836543456473"><ele>2323.7</ele></trkpt><trkpt lat="46.50374255446903" lon="9.66982354345702"><ele>2323.7</ele></trkpt><trkpt lat="46.50376055442902" lon="9.669798543418102"><ele>2323.9</ele></trkpt><trkpt lat="46.50377955448685" lon="9.669786543478757"><ele>2323.6</ele></trkpt><trkpt lat="46.503806554524786" lon="9.66977454351929"><ele>2323.4</ele></trkpt><trkpt lat="46.503842554523295" lon="9.669775543518918"><ele>2323.4</ele></trkpt><trkpt lat="46.50389655456001" lon="9.66975154355986"><ele>2323.2</ele></trkpt><trkpt lat="46.50392455457831" lon="9.669726543581024"><ele>2323.1</ele></trkpt><trkpt lat="46.50394355457735" lon="9.669688543582918"><ele>2323.1</ele></trkpt><trkpt lat="46.50394455445968" lon="9.669636543465387"><ele>2323.7</ele></trkpt><trkpt lat="46.50394455461611" lon="9.669597543627964"><ele>2322.9</ele></trkpt><trkpt lat="46.503927554714586" lon="9.669557543730573"><ele>2322.4</ele></trkpt><trkpt lat="46.50392855471438" lon="9.669518543732682"><ele>2322.4</ele></trkpt><trkpt lat="46.503911554773566" lon="9.669452543796577"><ele>2322.1</ele></trkpt><trkpt lat="46.50391355481235" lon="9.66937454384091"><ele>2321.9</ele></trkpt><trkpt lat="46.503923554811756" lon="9.669335543842935"><ele>2321.9</ele></trkpt><trkpt lat="46.503951554751495" lon="9.669245543787396"><ele>2322.2</ele></trkpt><trkpt lat="46.50400655470982" lon="9.669209543748746"><ele>2322.4</ele></trkpt><trkpt lat="46.50405155470792" lon="9.669210543748294"><ele>2322.4</ele></trkpt><trkpt lat="46.50409655474517" lon="9.669212543787905"><ele>2322.2</ele></trkpt><trkpt lat="46.504158554801336" lon="9.669241543845953"><ele>2321.9</ele></trkpt><trkpt lat="46.50419555483884" lon="9.669229543886397"><ele>2321.7</ele></trkpt><trkpt lat="46.50422255491589" lon="9.669204543967739"><ele>2321.3</ele></trkpt><trkpt lat="46.504250554934096" lon="9.66915354399032"><ele>2321.2</ele></trkpt><trkpt lat="46.50425155473818" lon="9.66912754379115"><ele>2322.2</ele></trkpt><trkpt lat="46.50423555464059" lon="9.669022543696691"><ele>2322.7</ele></trkpt><trkpt lat="46.50423655458147" lon="9.668931543641452"><ele>2323.0</ele></trkpt><trkpt lat="46.50424755463949" lon="9.668867543704998"><ele>2322.7</ele></trkpt><trkpt lat="46.50425755467802" lon="9.66881554374784"><ele>2322.5</ele></trkpt><trkpt lat="46.504267554696995" lon="9.66876354377063"><ele>2322.4</ele></trkpt><trkpt lat="46.50429555473466" lon="9.668699543813961"><ele>2322.2</ele></trkpt><trkpt lat="46.504306554910066" lon="9.668608543999305"><ele>2321.3</ele></trkpt><trkpt lat="46.50442655543283" lon="9.668444544548633"><ele>2318.6</ele></trkpt><trkpt lat="46.50444555564711" lon="9.668379544772597"><ele>2317.5</ele></trkpt><trkpt lat="46.50444755566638" lon="9.66831454479615"><ele>2317.4</ele></trkpt><trkpt lat="46.50439755627451" lon="9.66809154543035"><ele>2314.3</ele></trkpt><trkpt lat="46.50438055635343" lon="9.668051545512883"><ele>2313.9</ele></trkpt><trkpt lat="46.504371556510264" lon="9.668012545675507"><ele>2313.1</ele></trkpt><trkpt lat="46.50436455676484" lon="9.667946545939841"><ele>2311.8</ele></trkpt><trkpt lat="46.504337557000774" lon="9.667919546182182"><ele>2310.6</ele></trkpt><trkpt lat="46.504376557057434" lon="9.667803546248264"><ele>2310.3</ele></trkpt><trkpt lat="46.50438655711549" lon="9.667738546311842"><ele>2310.0</ele></trkpt><trkpt lat="46.504406557290416" lon="9.667635546497703"><ele>2309.1</ele></trkpt><trkpt lat="46.50444355746488" lon="9.667597546679914"><ele>2308.2</ele></trkpt><trkpt lat="46.50443455744561" lon="9.667571546661335"><ele>2308.3</ele></trkpt><trkpt lat="46.504403557602686" lon="9.66734854683405"><ele>2307.5</ele></trkpt><trkpt lat="46.504413557660705" lon="9.667270546898328"><ele>2307.2</ele></trkpt><trkpt lat="46.50439755781761" lon="9.667165547064544"><ele>2306.4</ele></trkpt><trkpt lat="46.5043905577" lon="9.66704854695059"><ele>2307.0</ele></trkpt><trkpt lat="46.50437455781792" lon="9.6669825470746"><ele>2306.4</ele></trkpt><trkpt lat="46.504358557544116" lon="9.666877546799663"><ele>2307.8</ele></trkpt><trkpt lat="46.50435055742668" lon="9.666799546683631"><ele>2308.4</ele></trkpt><trkpt lat="46.504351557524366" lon="9.666746546786735"><ele>2307.9</ele></trkpt><trkpt lat="46.50435255758292" lon="9.66672054684828"><ele>2307.6</ele></trkpt><trkpt lat="46.50433555756394" lon="9.666681546830477"><ele>2307.7</ele></trkpt><trkpt lat="46.50430255760375" lon="9.666484546881486"><ele>2307.5</ele></trkpt><trkpt lat="46.50429555764296" lon="9.666418546925202"><ele>2307.3</ele></trkpt><trkpt lat="46.50427855762384" lon="9.66635254690886"><ele>2307.4</ele></trkpt><trkpt lat="46.50427055758488" lon="9.666300546871627"><ele>2307.6</ele></trkpt><trkpt lat="46.504280557584366" lon="9.666274546872936"><ele>2307.6</ele></trkpt><trkpt lat="46.50428955762299" lon="9.666249546914308"><ele>2307.4</ele></trkpt><trkpt lat="46.504290557740234" lon="9.666197547037404"><ele>2306.8</ele></trkpt><trkpt lat="46.504282557818634" lon="9.666131547121227"><ele>2306.4</ele></trkpt><trkpt lat="46.50427555781863" lon="9.666053547125491"><ele>2306.4</ele></trkpt><trkpt lat="46.50423255789851" lon="9.665973547210374"><ele>2306.0</ele></trkpt><trkpt lat="46.50419655797821" lon="9.665945547292395"><ele>2305.6</ele></trkpt><trkpt lat="46.504170557998805" lon="9.665918547314128"><ele>2305.5</ele></trkpt><trkpt lat="46.504144558019256" lon="9.665865547337253"><ele>2305.4</ele></trkpt><trkpt lat="46.504064558120234" lon="9.665783547442613"><ele>2304.9</ele></trkpt><trkpt lat="46.504002558142346" lon="9.665755547464714"><ele>2304.8</ele></trkpt><trkpt lat="46.503966558085075" lon="9.665727547406387"><ele>2305.1</ele></trkpt><trkpt lat="46.503904558028964" lon="9.665712547347592"><ele>2305.4</ele></trkpt><trkpt lat="46.503877557990805" lon="9.665684547309237"><ele>2305.6</ele></trkpt><trkpt lat="46.503772558092614" lon="9.66553754741831"><ele>2305.1</ele></trkpt><trkpt lat="46.503737558270096" lon="9.665483547601958"><ele>2304.2</ele></trkpt><trkpt lat="46.503720558349045" lon="9.665456547683759"><ele>2303.8</ele></trkpt><trkpt lat="46.50370355848652" lon="9.66539054782779"><ele>2303.1</ele></trkpt><trkpt lat="46.50369655862339" lon="9.665273547974477"><ele>2302.4</ele></trkpt><trkpt lat="46.50368055866291" lon="9.665181548019657"><ele>2302.2</ele></trkpt><trkpt lat="46.503655558565754" lon="9.665102547923883"><ele>2302.7</ele></trkpt><trkpt lat="46.5036485586048" lon="9.664984547970384"><ele>2302.5</ele></trkpt><trkpt lat="46.50364055878105" lon="9.664919548154373"><ele>2301.6</ele></trkpt><trkpt lat="46.50362455880106" lon="9.664853548178103"><ele>2301.5</ele></trkpt><trkpt lat="46.5036165588208" lon="9.664800548201068"><ele>2301.4</ele></trkpt><trkpt lat="46.50360955893802" lon="9.66465754832909"><ele>2300.8</ele></trkpt><trkpt lat="46.50359355901667" lon="9.66456554841436"><ele>2300.4</ele></trkpt><trkpt lat="46.503585559114626" lon="9.664499548518203"><ele>2299.9</ele></trkpt><trkpt lat="46.50356055925244" lon="9.66443354866228"><ele>2299.2</ele></trkpt><trkpt lat="46.50355255935056" lon="9.664394548764678"><ele>2298.7</ele></trkpt><trkpt lat="46.50356255942824" lon="9.664342548847562"><ele>2298.3</ele></trkpt><trkpt lat="46.50356355964318" lon="9.664251549072935"><ele>2297.2</ele></trkpt><trkpt lat="46.503547559702355" lon="9.664185549136755"><ele>2296.9</ele></trkpt><trkpt lat="46.503539559800345" lon="9.664133549239835"><ele>2296.4</ele></trkpt><trkpt lat="46.50355855995589" lon="9.66405554940421"><ele>2295.6</ele></trkpt><trkpt lat="46.50355156009293" lon="9.663977549548767"><ele>2294.9</ele></trkpt><trkpt lat="46.503552560288284" lon="9.663886549754077"><ele>2293.9</ele></trkpt><trkpt lat="46.503571560561326" lon="9.663834550037317"><ele>2292.5</ele></trkpt><trkpt lat="46.503590560697475" lon="9.6638095501788"><ele>2291.8</ele></trkpt><trkpt lat="46.50361756089205" lon="9.663797550379654"><ele>2290.8</ele></trkpt><trkpt lat="46.50363656106726" lon="9.663759550561918"><ele>2289.9</ele></trkpt><trkpt lat="46.503636561184614" lon="9.663733550683574"><ele>2289.3</ele></trkpt><trkpt lat="46.503664561437766" lon="9.663682550946632"><ele>2288.0</ele></trkpt><trkpt lat="46.50368356145644" lon="9.6636565509679"><ele>2287.9</ele></trkpt><trkpt lat="46.503711561513676" lon="9.663579551031898"><ele>2287.6</ele></trkpt><trkpt lat="46.50375756143332" lon="9.663542550953293"><ele>2288.0</ele></trkpt><trkpt lat="46.503813561489316" lon="9.663453551017694"><ele>2287.7</ele></trkpt><trkpt lat="46.503879561446816" lon="9.663299550985261"><ele>2287.9</ele></trkpt><trkpt lat="46.50389856146532" lon="9.663235551008558"><ele>2287.8</ele></trkpt><trkpt lat="46.50390856142564" lon="9.663196550970463"><ele>2288.0</ele></trkpt><trkpt lat="46.503917561425226" lon="9.663184550971025"><ele>2288.0</ele></trkpt><trkpt lat="46.50394456138498" lon="9.663198550929959"><ele>2288.2</ele></trkpt><trkpt lat="46.50397156134459" lon="9.663186550890279"><ele>2288.4</ele></trkpt><trkpt lat="46.50398056132462" lon="9.663173550870853"><ele>2288.5</ele></trkpt><trkpt lat="46.503981561324494" lon="9.663147550872232"><ele>2288.5</ele></trkpt><trkpt lat="46.50398156142228" lon="9.663121550973836"><ele>2288.0</ele></trkpt><trkpt lat="46.50396456142291" lon="9.66310755097473"><ele>2288.0</ele></trkpt><trkpt lat="46.50396556144225" lon="9.663042550998242"><ele>2287.9</ele></trkpt><trkpt lat="46.503965561540035" lon="9.663029551099145"><ele>2287.4</ele></trkpt><trkpt lat="46.50396656171602" lon="9.662990551281602"><ele>2286.5</ele></trkpt><trkpt lat="46.50396856208756" lon="9.662899551667252"><ele>2284.6</ele></trkpt><trkpt lat="46.50396056232267" lon="9.662847551910602"><ele>2283.4</ele></trkpt><trkpt lat="46.503943562636394" lon="9.662794552234248"><ele>2281.8</ele></trkpt><trkpt lat="46.50392556281323" lon="9.662767552416216"><ele>2280.9</ele></trkpt><trkpt lat="46.503935562891094" lon="9.662754552496992"><ele>2280.5</ele></trkpt><trkpt lat="46.50393656318435" lon="9.662663552802456"><ele>2279.0</ele></trkpt><trkpt lat="46.5039465632426" lon="9.662651552863133"><ele>2278.7</ele></trkpt><trkpt lat="46.5039475634186" lon="9.66259855304632"><ele>2277.8</ele></trkpt><trkpt lat="46.503949563770476" lon="9.662481553413276"><ele>2276.0</ele></trkpt><trkpt lat="46.503959563848206" lon="9.662443553495374"><ele>2275.6</ele></trkpt><trkpt lat="46.5039685638868" lon="9.662404553537446"><ele>2275.4</ele></trkpt><trkpt lat="46.503969564004144" lon="9.662378553659064"><ele>2274.8</ele></trkpt><trkpt lat="46.50396156416095" lon="9.66232555382228"><ele>2274.0</ele></trkpt><trkpt lat="46.50397156425821" lon="9.662287553924415"><ele>2273.5</ele></trkpt><trkpt lat="46.50398056431649" lon="9.662261553985838"><ele>2273.2</ele></trkpt><trkpt lat="46.50399956433522" lon="9.662249554006355"><ele>2273.1</ele></trkpt><trkpt lat="46.50401856452995" lon="9.662184554210045"><ele>2272.1</ele></trkpt><trkpt lat="46.504019564940755" lon="9.662106554635026"><ele>2270.0</ele></trkpt><trkpt lat="46.50402256537084" lon="9.661989555082084"><ele>2267.8</ele></trkpt><trkpt lat="46.50401456574284" lon="9.661897555467792"><ele>2265.9</ele></trkpt><trkpt lat="46.5040255658987" lon="9.66182055563209"><ele>2265.1</ele></trkpt><trkpt lat="46.504054566092904" lon="9.661730555836996"><ele>2264.1</ele></trkpt><trkpt lat="46.5040555662689" lon="9.661678556020092"><ele>2263.2</ele></trkpt><trkpt lat="46.504074566424556" lon="9.661626556182991"><ele>2262.4</ele></trkpt><trkpt lat="46.50408356646315" lon="9.661587556225053"><ele>2262.2</ele></trkpt><trkpt lat="46.50408456648259" lon="9.661561556246454"><ele>2262.1</ele></trkpt><trkpt lat="46.50410256652088" lon="9.6615365562877"><ele>2261.9</ele></trkpt><trkpt lat="46.50411356671593" lon="9.66145855649212"><ele>2260.9</ele></trkpt><trkpt lat="46.50411456687236" lon="9.66141955665448"><ele>2260.1</ele></trkpt><trkpt lat="46.504123566911026" lon="9.661394556695795"><ele>2259.9</ele></trkpt><trkpt lat="46.50415156696844" lon="9.661343556758363"><ele>2259.6</ele></trkpt><trkpt lat="46.50415356710516" lon="9.661278556902047"><ele>2258.9</ele></trkpt><trkpt lat="46.50417256724123" lon="9.661226557044895"><ele>2258.2</ele></trkpt><trkpt lat="46.504172567319394" lon="9.661187557127105"><ele>2257.8</ele></trkpt><trkpt lat="46.504191567435896" lon="9.661136557249861"><ele>2257.2</ele></trkpt><trkpt lat="46.50421056751319" lon="9.66108455733259"><ele>2256.8</ele></trkpt><trkpt lat="46.504229567512276" lon="9.66104655733443"><ele>2256.8</ele></trkpt><trkpt lat="46.50423056759028" lon="9.660981557417998"><ele>2256.4</ele></trkpt><trkpt lat="46.504232567805275" lon="9.660890557643189"><ele>2255.3</ele></trkpt><trkpt lat="46.504307568036445" lon="9.660723557891787"><ele>2254.1</ele></trkpt><trkpt lat="46.50431756813378" lon="9.660685557993888"><ele>2253.6</ele></trkpt><trkpt lat="46.504318568251044" lon="9.660646558116156"><ele>2253.0</ele></trkpt><trkpt lat="46.504300568271304" lon="9.660632558137085"><ele>2252.9</ele></trkpt><trkpt lat="46.50429256838894" lon="9.660579558260167"><ele>2252.3</ele></trkpt><trkpt lat="46.50429356848669" lon="9.660553558361707"><ele>2251.8</ele></trkpt><trkpt lat="46.50430356870128" lon="9.660463558586759"><ele>2250.7</ele></trkpt><trkpt lat="46.50430556872057" lon="9.66039855861019"><ele>2250.6</ele></trkpt><trkpt lat="46.504314568720005" lon="9.660359558612164"><ele>2250.6</ele></trkpt><trkpt lat="46.50430656875929" lon="9.660306558655085"><ele>2250.4</ele></trkpt><trkpt lat="46.50431756879782" lon="9.660255558697745"><ele>2250.2</ele></trkpt><trkpt lat="46.50433556871869" lon="9.660229558618814"><ele>2250.6</ele></trkpt><trkpt lat="46.50434556867898" lon="9.66019155858065"><ele>2250.8</ele></trkpt><trkpt lat="46.50437356863849" lon="9.660140558543016"><ele>2251.0</ele></trkpt><trkpt lat="46.50441856851901" lon="9.66010255842441"><ele>2251.6</ele></trkpt><trkpt lat="46.50442856851844" lon="9.66006455842632"><ele>2251.6</ele></trkpt><trkpt lat="46.50443856855701" lon="9.660025558468357"><ele>2251.4</ele></trkpt><trkpt lat="46.5044575685561" lon="9.65998755847019"><ele>2251.4</ele></trkpt><trkpt lat="46.50445856861467" lon="9.659948558532339"><ele>2251.1</ele></trkpt><trkpt lat="46.50445856865365" lon="9.659909558574459"><ele>2250.9</ele></trkpt><trkpt lat="46.50445956867311" lon="9.65988355859585"><ele>2250.8</ele></trkpt><trkpt lat="46.50446056859457" lon="9.659830558518488"><ele>2251.2</ele></trkpt><trkpt lat="46.50446156867266" lon="9.65977855860135"><ele>2250.8</ele></trkpt><trkpt lat="46.504490568945165" lon="9.659675558887004"><ele>2249.4</ele></trkpt><trkpt lat="46.50450956904205" lon="9.659611558990376"><ele>2248.9</ele></trkpt><trkpt lat="46.504528569080314" lon="9.65957355903228"><ele>2248.7</ele></trkpt><trkpt lat="46.50455656921588" lon="9.65949655917632"><ele>2248.0</ele></trkpt><trkpt lat="46.50456856946941" lon="9.65936655944349"><ele>2246.7</ele></trkpt><trkpt lat="46.50459656968335" lon="9.659289559667664"><ele>2245.6</ele></trkpt><trkpt lat="46.504616569780204" lon="9.65922455977107"><ele>2245.1</ele></trkpt><trkpt lat="46.504653569993835" lon="9.659174559993753"><ele>2244.0</ele></trkpt><trkpt lat="46.50470957026521" lon="9.65905956027977"><ele>2242.6</ele></trkpt><trkpt lat="46.50473657030314" lon="9.659034560320915"><ele>2242.4</ele></trkpt><trkpt lat="46.504773570360214" lon="9.65899656038269"><ele>2242.1</ele></trkpt><trkpt lat="46.50481057039773" lon="9.658972560423697"><ele>2241.9</ele></trkpt><trkpt lat="46.504837570435804" lon="9.658973560463487"><ele>2241.7</ele></trkpt><trkpt lat="46.504837570435804" lon="9.658973560463487"><ele>2241.7</ele></trkpt><trkpt lat="46.50486457043462" lon="9.658961560463881"><ele>2241.7</ele></trkpt><trkpt lat="46.50490957045227" lon="9.658937560484791"><ele>2241.6</ele></trkpt><trkpt lat="46.50493657039242" lon="9.658938560424405"><ele>2241.9</ele></trkpt><trkpt lat="46.50496457035205" lon="9.658913560385406"><ele>2242.1</ele></trkpt><trkpt lat="46.50503657021192" lon="9.65890356024508"><ele>2242.8</ele></trkpt><trkpt lat="46.50506357009336" lon="9.658917560123914"><ele>2243.4</ele></trkpt><trkpt lat="46.50507257009301" lon="9.65891756012384"><ele>2243.4</ele></trkpt><trkpt lat="46.50508157003387" lon="9.658904560064345"><ele>2243.7</ele></trkpt><trkpt lat="46.505126569797085" lon="9.658919559822769"><ele>2244.9</ele></trkpt><trkpt lat="46.50516256971722" lon="9.658895559743586"><ele>2245.3</ele></trkpt><trkpt lat="46.50518956963773" lon="9.658883559663849"><ele>2245.7</ele></trkpt><trkpt lat="46.505225569499096" lon="9.658871559523934"><ele>2246.4</ele></trkpt><trkpt lat="46.50526256945841" lon="9.65886055948413"><ele>2246.6</ele></trkpt><trkpt lat="46.505316569416905" lon="9.65883655944486"><ele>2246.8</ele></trkpt><trkpt lat="46.50536356945381" lon="9.65876055948851"><ele>2246.6</ele></trkpt><trkpt lat="46.50538156947249" lon="9.658721559510436"><ele>2246.5</ele></trkpt><trkpt lat="46.505427569333385" lon="9.658684559371746"><ele>2247.2</ele></trkpt><trkpt lat="46.505428569333276" lon="9.658658559373105"><ele>2247.2</ele></trkpt><trkpt lat="46.505464569233766" lon="9.658620559274627"><ele>2247.7</ele></trkpt><trkpt lat="46.505511569348954" lon="9.65853155939909"><ele>2247.1</ele></trkpt><trkpt lat="46.50553056932849" lon="9.658506559380204"><ele>2247.2</ele></trkpt><trkpt lat="46.505557569307655" lon="9.65848155936125"><ele>2247.3</ele></trkpt><trkpt lat="46.50561256928574" lon="9.658457559342008"><ele>2247.4</ele></trkpt><trkpt lat="46.5056395692259" lon="9.65845855928163"><ele>2247.7</ele></trkpt><trkpt lat="46.50565756926425" lon="9.65844655932217"><ele>2247.5</ele></trkpt><trkpt lat="46.505729569202515" lon="9.658449559261296"><ele>2247.8</ele></trkpt><trkpt lat="46.50575656918175" lon="9.658437559241662"><ele>2247.9</ele></trkpt><trkpt lat="46.505801569258175" lon="9.658413559322673"><ele>2247.5</ele></trkpt><trkpt lat="46.505838569334905" lon="9.658401559403119"><ele>2247.1</ele></trkpt><trkpt lat="46.50586556941203" lon="9.658389559483647"><ele>2246.7</ele></trkpt><trkpt lat="46.50588356958755" lon="9.658390559663731"><ele>2245.8</ele></trkpt><trkpt lat="46.505919569723034" lon="9.658365559804963"><ele>2245.1</ele></trkpt><trkpt lat="46.50594656983943" lon="9.658366559924875"><ele>2244.5</ele></trkpt><trkpt lat="46.505983569857385" lon="9.658342559945849"><ele>2244.4</ele></trkpt><trkpt lat="46.50602856997294" lon="9.658331560066237"><ele>2243.8</ele></trkpt><trkpt lat="46.50608257002939" lon="9.65830756012713"><ele>2243.5</ele></trkpt><trkpt lat="46.5061465701245" lon="9.658270560228685"><ele>2243.0</ele></trkpt><trkpt lat="46.50618257014252" lon="9.658259560248988"><ele>2242.9</ele></trkpt><trkpt lat="46.50620057012219" lon="9.658260560228747"><ele>2243.0</ele></trkpt><trkpt lat="46.50622757012113" lon="9.658261560228466"><ele>2243.0</ele></trkpt><trkpt lat="46.506236570101194" lon="9.658274560207678"><ele>2243.1</ele></trkpt><trkpt lat="46.506263570100096" lon="9.658275560207397"><ele>2243.1</ele></trkpt><trkpt lat="46.50628157009938" lon="9.658289560206507"><ele>2243.1</ele></trkpt><trkpt lat="46.50631757009787" lon="9.658277560206825"><ele>2243.1</ele></trkpt><trkpt lat="46.506335570097136" lon="9.65827856020662"><ele>2243.1</ele></trkpt><trkpt lat="46.50634457009672" lon="9.658279560206497"><ele>2243.1</ele></trkpt><trkpt lat="46.50635357009634" lon="9.658266560207098"><ele>2243.1</ele></trkpt><trkpt lat="46.50637157011511" lon="9.658254560227604"><ele>2243.0</ele></trkpt><trkpt lat="46.50639957013348" lon="9.658242560248029"><ele>2242.9</ele></trkpt><trkpt lat="46.50643557001451" lon="9.658243560127474"><ele>2243.5</ele></trkpt><trkpt lat="46.5064625700133" lon="9.658218560128553"><ele>2243.5</ele></trkpt><trkpt lat="46.50648057001258" lon="9.65821956012835"><ele>2243.5</ele></trkpt><trkpt lat="46.506498570011765" lon="9.658207560128822"><ele>2243.5</ele></trkpt><trkpt lat="46.50651657001101" lon="9.65820756012867"><ele>2243.5</ele></trkpt><trkpt lat="46.50654357000997" lon="9.658222560127651"><ele>2243.5</ele></trkpt><trkpt lat="46.50658857008639" lon="9.658210560208024"><ele>2243.1</ele></trkpt><trkpt lat="46.50661557008525" lon="9.658211560207745"><ele>2243.1</ele></trkpt><trkpt lat="46.506633570025905" lon="9.658238560146078"><ele>2243.4</ele></trkpt><trkpt lat="46.50665156996639" lon="9.658239560085773"><ele>2243.7</ele></trkpt><trkpt lat="46.50666856996573" lon="9.658253560084894"><ele>2243.7</ele></trkpt><trkpt lat="46.50668656994541" lon="9.658253560064708"><ele>2243.8</ele></trkpt><trkpt lat="46.50671456994415" lon="9.65822956006573"><ele>2243.8</ele></trkpt><trkpt lat="46.50675057000137" lon="9.658217560126147"><ele>2243.5</ele></trkpt><trkpt lat="46.506840570036815" lon="9.658221560165241"><ele>2243.3</ele></trkpt><trkpt lat="46.50690357005376" lon="9.658210560185308"><ele>2243.2</ele></trkpt><trkpt lat="46.50694857011064" lon="9.658212560244918"><ele>2242.9</ele></trkpt><trkpt lat="46.506993570148005" lon="9.658227560283812"><ele>2242.7</ele></trkpt><trkpt lat="46.50705657022374" lon="9.658230560363254"><ele>2242.3</ele></trkpt><trkpt lat="46.50709257030061" lon="9.658244560442347"><ele>2241.9</ele></trkpt><trkpt lat="46.50711957031912" lon="9.65824556046209"><ele>2241.8</ele></trkpt><trkpt lat="46.5071365703576" lon="9.658259560501282"><ele>2241.6</ele></trkpt><trkpt lat="46.50719957047253" lon="9.658261560620842"><ele>2241.0</ele></trkpt><trkpt lat="46.507298570723066" lon="9.658279560879484"><ele>2239.7</ele></trkpt><trkpt lat="46.507361570857455" lon="9.658255561020432"><ele>2239.0</ele></trkpt><trkpt lat="46.507434571011075" lon="9.658245561180596"><ele>2238.2</ele></trkpt><trkpt lat="46.50749657114567" lon="9.658261561319465"><ele>2237.5</ele></trkpt><trkpt lat="46.50750557116488" lon="9.658248561340098"><ele>2237.4</ele></trkpt><trkpt lat="46.50755057120218" lon="9.658263561379"><ele>2237.2</ele></trkpt><trkpt lat="46.5075955712199" lon="9.658265561398547"><ele>2237.1</ele></trkpt><trkpt lat="46.50761357127791" lon="9.658265561458492"><ele>2236.8</ele></trkpt><trkpt lat="46.50763157129676" lon="9.65826656147832"><ele>2236.7</ele></trkpt><trkpt lat="46.50772157137135" lon="9.658257561558154"><ele>2236.3</ele></trkpt><trkpt lat="46.50775857142858" lon="9.658245561618568"><ele>2236.0</ele></trkpt><trkpt lat="46.50778457144708" lon="9.658246561638329"><ele>2235.9</ele></trkpt><trkpt lat="46.50782057144562" lon="9.658248561637917"><ele>2235.9</ele></trkpt><trkpt lat="46.507857571541926" lon="9.658236561738395"><ele>2235.4</ele></trkpt><trkpt lat="46.50792957161727" lon="9.658226561818434"><ele>2235.0</ele></trkpt><trkpt lat="46.50798357177168" lon="9.658215561978817"><ele>2234.2</ele></trkpt><trkpt lat="46.50799257181046" lon="9.658203562019434"><ele>2234.0</ele></trkpt><trkpt lat="46.50803757184774" lon="9.65820556205901"><ele>2233.8</ele></trkpt><trkpt lat="46.50806457186622" lon="9.658206562078762"><ele>2233.7</ele></trkpt><trkpt lat="46.50808257190468" lon="9.658206562118679"><ele>2233.5</ele></trkpt><trkpt lat="46.508182571978665" lon="9.658145562201138"><ele>2233.1</ele></trkpt><trkpt lat="46.50821057197743" lon="9.658120562202203"><ele>2233.1</ele></trkpt><trkpt lat="46.50823757201545" lon="9.658108562242665"><ele>2232.9</ele></trkpt><trkpt lat="46.50843757220273" lon="9.658025562445623"><ele>2231.9</ele></trkpt><trkpt lat="46.50847357225995" lon="9.65800156250667"><ele>2231.6</ele></trkpt><trkpt lat="46.50851857231681" lon="9.657990562566955"><ele>2231.3</ele></trkpt><trkpt lat="46.508572572392985" lon="9.65800556264585"><ele>2230.9</ele></trkpt><trkpt lat="46.50862657248869" lon="9.65799456274613"><ele>2230.4</ele></trkpt><trkpt lat="46.508724572700196" lon="9.65803756296342"><ele>2229.3</ele></trkpt><trkpt lat="46.508751572816685" lon="9.658051563082662"><ele>2228.7</ele></trkpt><trkpt lat="46.50883257318558" lon="9.658068563461716"><ele>2226.8</ele></trkpt><trkpt lat="46.508895573594216" lon="9.658044563883127"><ele>2224.7</ele></trkpt><trkpt lat="46.50893257382768" lon="9.658033564123786"><ele>2223.5</ele></trkpt><trkpt lat="46.50896857392412" lon="9.658034564223593"><ele>2223.0</ele></trkpt><trkpt lat="46.50900357405982" lon="9.658036564363426"><ele>2222.3</ele></trkpt><trkpt lat="46.5090225741569" lon="9.6580235644641"><ele>2221.8</ele></trkpt><trkpt lat="46.509041574273496" lon="9.657972564586785"><ele>2221.2</ele></trkpt><trkpt lat="46.50906957438969" lon="9.657921564709389"><ele>2220.6</ele></trkpt><trkpt lat="46.50909657444725" lon="9.657896564770553"><ele>2220.3</ele></trkpt><trkpt lat="46.509123574544084" lon="9.657897564870439"><ele>2219.8</ele></trkpt><trkpt lat="46.509150574660474" lon="9.65788556499103"><ele>2219.2</ele></trkpt><trkpt lat="46.50916957475747" lon="9.657847565093"><ele>2218.7</ele></trkpt><trkpt lat="46.509188574815376" lon="9.657822565154236"><ele>2218.4</ele></trkpt><trkpt lat="46.5092065749125" lon="9.657809565254915"><ele>2217.9</ele></trkpt><trkpt lat="46.50926957518414" lon="9.657799565535363"><ele>2216.5</ele></trkpt><trkpt lat="46.50930557531976" lon="9.657787565675914"><ele>2215.8</ele></trkpt><trkpt lat="46.50933257543621" lon="9.657801565795156"><ele>2215.2</ele></trkpt><trkpt lat="46.509385575728004" lon="9.6578305660937"><ele>2213.7</ele></trkpt><trkpt lat="46.5094125758052" lon="9.657831566173552"><ele>2213.3</ele></trkpt><trkpt lat="46.50943057590243" lon="9.65783256627351"><ele>2212.8</ele></trkpt><trkpt lat="46.50945757601892" lon="9.657846566392763"><ele>2212.2</ele></trkpt><trkpt lat="46.50951057625202" lon="9.657900566629925"><ele>2211.0</ele></trkpt><trkpt lat="46.50958257667998" lon="9.657903567069893"><ele>2208.8</ele></trkpt><trkpt lat="46.509600576796785" lon="9.657891567190557"><ele>2208.2</ele></trkpt><trkpt lat="46.50964557708871" lon="9.657879567491296"><ele>2206.7</ele></trkpt><trkpt lat="46.50968257730265" lon="9.657868567711914"><ele>2205.6</ele></trkpt><trkpt lat="46.509700577478235" lon="9.657869567892012"><ele>2204.7</ele></trkpt><trkpt lat="46.50972757761417" lon="9.65785756803263"><ele>2204.0</ele></trkpt><trkpt lat="46.50977257796489" lon="9.657846568393419"><ele>2202.2</ele></trkpt><trkpt lat="46.50982757819766" lon="9.657822568634586"><ele>2201.0</ele></trkpt><trkpt lat="46.50985457839246" lon="9.657823568834637"><ele>2200.0</ele></trkpt><trkpt lat="46.50988957874374" lon="9.657850569193558"><ele>2198.2</ele></trkpt><trkpt lat="46.50992557897732" lon="9.65785256943355"><ele>2197.0</ele></trkpt><trkpt lat="46.50998957942515" lon="9.65780256989634"><ele>2194.7</ele></trkpt><trkpt lat="46.51000757963993" lon="9.657816570115834"><ele>2193.6</ele></trkpt><trkpt lat="46.51006058012767" lon="9.65785757061413"><ele>2191.1</ele></trkpt><trkpt lat="46.51008758036173" lon="9.657871570853588"><ele>2189.9</ele></trkpt><trkpt lat="46.51015958098561" lon="9.657861571494564"><ele>2186.7</ele></trkpt><trkpt lat="46.5102055814342" lon="9.657824571956839"><ele>2184.4</ele></trkpt><trkpt lat="46.51023258155063" lon="9.657825572076762"><ele>2183.8</ele></trkpt><trkpt lat="46.51025058170658" lon="9.657813572237488"><ele>2183.0</ele></trkpt><trkpt lat="46.51026858188208" lon="9.657788572418914"><ele>2182.1</ele></trkpt><trkpt lat="46.51027858203829" lon="9.657749572581078"><ele>2181.3</ele></trkpt><trkpt lat="46.510314582330594" lon="9.657724572882552"><ele>2179.8</ele></trkpt><trkpt lat="46.51033258252573" lon="9.657725573082683"><ele>2178.8</ele></trkpt><trkpt lat="46.51036058264203" lon="9.65768757320458"><ele>2178.2</ele></trkpt><trkpt lat="46.51038858279749" lon="9.657649573366541"><ele>2177.4</ele></trkpt><trkpt lat="46.51038858291494" lon="9.65762357348806"><ele>2176.8</ele></trkpt><trkpt lat="46.51041658314877" lon="9.65758557373015"><ele>2175.6</ele></trkpt><trkpt lat="46.51043558332419" lon="9.657547573912218"><ele>2174.7</ele></trkpt><trkpt lat="46.51046358357754" lon="9.657496574174996"><ele>2173.4</ele></trkpt><trkpt lat="46.51046458371451" lon="9.657444574317852"><ele>2172.7</ele></trkpt><trkpt lat="46.51048258385087" lon="9.657431574458595"><ele>2172.0</ele></trkpt><trkpt lat="46.51049258392872" lon="9.657406574539907"><ele>2171.6</ele></trkpt><trkpt lat="46.51049258402661" lon="9.657393574640727"><ele>2171.1</ele></trkpt><trkpt lat="46.5105105841825" lon="9.657367574802157"><ele>2170.3</ele></trkpt><trkpt lat="46.5105305843578" lon="9.65729057498618"><ele>2169.4</ele></trkpt><trkpt lat="46.510558584532795" lon="9.657239575168816"><ele>2168.5</ele></trkpt><trkpt lat="46.510595584825055" lon="9.657201575470916"><ele>2167.0</ele></trkpt><trkpt lat="46.51065858521427" lon="9.657178575872198"><ele>2165.0</ele></trkpt><trkpt lat="46.510695585388945" lon="9.657140576054102"><ele>2164.1</ele></trkpt><trkpt lat="46.51073158554421" lon="9.657129576214615"><ele>2163.3</ele></trkpt><trkpt lat="46.51077658579707" lon="9.657118576475215"><ele>2162.0</ele></trkpt><trkpt lat="46.5108675863026" lon="9.657069576997763"><ele>2159.4</ele></trkpt><trkpt lat="46.51090458647733" lon="9.657032577179612"><ele>2158.5</ele></trkpt><trkpt lat="46.510931586613296" lon="9.657007577320869"><ele>2157.8</ele></trkpt><trkpt lat="46.5109865868265" lon="9.656970577542632"><ele>2156.7</ele></trkpt><trkpt lat="46.5110045869041" lon="9.656958577623215"><ele>2156.3</ele></trkpt><trkpt lat="46.51104058705944" lon="9.656959577783123"><ele>2155.5</ele></trkpt><trkpt lat="46.51105058707856" lon="9.656946577803726"><ele>2155.4</ele></trkpt><trkpt lat="46.51112258738918" lon="9.656949578123493"><ele>2153.8</ele></trkpt><trkpt lat="46.511139587584466" lon="9.656976578322313"><ele>2152.8</ele></trkpt><trkpt lat="46.51115758768182" lon="9.656990578421626"><ele>2152.3</ele></trkpt><trkpt lat="46.511166587759774" lon="9.656977578502328"><ele>2151.9</ele></trkpt><trkpt lat="46.51117658791596" lon="9.656939578664408"><ele>2151.1</ele></trkpt><trkpt lat="46.51119458795445" lon="9.656939578704325"><ele>2150.9</ele></trkpt><trkpt lat="46.51123858808988" lon="9.656954578843434"><ele>2150.2</ele></trkpt><trkpt lat="46.511310588498525" lon="9.656983579262064"><ele>2148.1</ele></trkpt><trkpt lat="46.511382589024755" lon="9.656999579801534"><ele>2145.4</ele></trkpt><trkpt lat="46.51141758939572" lon="9.657027580180458"><ele>2143.5</ele></trkpt><trkpt lat="46.51142558963064" lon="9.65706658041883"><ele>2142.3</ele></trkpt><trkpt lat="46.511424589807206" lon="9.65711858059653"><ele>2141.4</ele></trkpt><trkpt lat="46.51141458998406" lon="9.657157580774957"><ele>2140.5</ele></trkpt><trkpt lat="46.51141459006245" lon="9.65717058085444"><ele>2140.1</ele></trkpt><trkpt lat="46.511422590317025" lon="9.65720958111285"><ele>2138.8</ele></trkpt><trkpt lat="46.511413590395826" lon="9.657235581191756"><ele>2138.4</ele></trkpt><trkpt lat="46.51141359049383" lon="9.657248581291272"><ele>2137.9</ele></trkpt><trkpt lat="46.51142159082671" lon="9.657287581629816"><ele>2136.2</ele></trkpt><trkpt lat="46.51142959106167" lon="9.65734058186751"><ele>2135.0</ele></trkpt><trkpt lat="46.51141859141505" lon="9.657418582224313"><ele>2133.2</ele></trkpt><trkpt lat="46.51141759198358" lon="9.657509582800758"><ele>2130.3</ele></trkpt><trkpt lat="46.511425592159725" lon="9.657548582979052"><ele>2129.4</ele></trkpt><trkpt lat="46.51143459227702" lon="9.65756258309849"><ele>2128.8</ele></trkpt><trkpt lat="46.51146159253053" lon="9.657537583359945"><ele>2127.5</ele></trkpt><trkpt lat="46.511479592745346" lon="9.65753858358012"><ele>2126.4</ele></trkpt><trkpt lat="46.51149659296026" lon="9.657564583799063"><ele>2125.3</ele></trkpt><trkpt lat="46.51154259329136" lon="9.657514584141737"><ele>2123.6</ele></trkpt><trkpt lat="46.51156059356499" lon="9.657515584422008"><ele>2122.2</ele></trkpt><trkpt lat="46.51156959366265" lon="9.657528584521456"><ele>2121.7</ele></trkpt><trkpt lat="46.51161559395455" lon="9.657478584824062"><ele>2120.2</ele></trkpt><trkpt lat="46.51164259422775" lon="9.657466585104908"><ele>2118.8</ele></trkpt><trkpt lat="46.51170759483233" lon="9.657390585729168"><ele>2115.7</ele></trkpt><trkpt lat="46.51175359516346" lon="9.657340586071829"><ele>2114.0</ele></trkpt><trkpt lat="46.51179159543598" lon="9.657250586356412"><ele>2112.6</ele></trkpt><trkpt lat="46.511809595591934" lon="9.657225586517765"><ele>2111.8</ele></trkpt><trkpt lat="46.5118375957474" lon="9.657174586680313"><ele>2111.0</ele></trkpt><trkpt lat="46.51185659586418" lon="9.657149586801589"><ele>2110.4</ele></trkpt><trkpt lat="46.51190259607768" lon="9.65708658702468"><ele>2109.3</ele></trkpt><trkpt lat="46.511902596155934" lon="9.657060587106086"><ele>2108.9</ele></trkpt><trkpt lat="46.51192159625304" lon="9.65702158720801"><ele>2108.4</ele></trkpt><trkpt lat="46.511930596311466" lon="9.65700958726863"><ele>2108.1</ele></trkpt><trkpt lat="46.51197659656426" lon="9.656984587529909"><ele>2106.8</ele></trkpt><trkpt lat="46.51199459675943" lon="9.656959587731317"><ele>2105.8</ele></trkpt><trkpt lat="46.51202159697391" lon="9.656960587951408"><ele>2104.7</ele></trkpt><trkpt lat="46.512058597187796" lon="9.656896588174611"><ele>2103.6</ele></trkpt><trkpt lat="46.512068597246156" lon="9.656884588235211"><ele>2103.3</ele></trkpt><trkpt lat="46.512095597323466" lon="9.656885588315077"><ele>2102.9</ele></trkpt><trkpt lat="46.51214059759595" lon="9.656861588596339"><ele>2101.5</ele></trkpt><trkpt lat="46.512167597790864" lon="9.6568625887964"><ele>2100.5</ele></trkpt><trkpt lat="46.51220359796578" lon="9.65685058897699"><ele>2099.6</ele></trkpt><trkpt lat="46.51222159812183" lon="9.656851589137055"><ele>2098.8</ele></trkpt><trkpt lat="46.51225859835548" lon="9.656839589377734"><ele>2097.6</ele></trkpt><trkpt lat="46.512294598667516" lon="9.656815589699136"><ele>2096.0</ele></trkpt><trkpt lat="46.512321598881954" lon="9.656803589919857"><ele>2094.9</ele></trkpt><trkpt lat="46.512340599018316" lon="9.656778590061156"><ele>2094.2</ele></trkpt><trkpt lat="46.51237659931085" lon="9.656766590361933"><ele>2092.7</ele></trkpt><trkpt lat="46.512386599427835" lon="9.65672759048395"><ele>2092.1</ele></trkpt><trkpt lat="46.512404599525034" lon="9.656702590585187"><ele>2091.6</ele></trkpt><trkpt lat="46.51242259966158" lon="9.656729590723952"><ele>2090.9</ele></trkpt><trkpt lat="46.51246760001244" lon="9.65669259108597"><ele>2089.1</ele></trkpt><trkpt lat="46.51248560012936" lon="9.656692591206024"><ele>2088.5</ele></trkpt><trkpt lat="46.512494600285756" lon="9.656693591366162"><ele>2087.7</ele></trkpt><trkpt lat="46.51250460038327" lon="9.656667591467501"><ele>2087.2</ele></trkpt><trkpt lat="46.51252260048045" lon="9.656655591568104"><ele>2086.7</ele></trkpt><trkpt lat="46.512558600635984" lon="9.65668259172676"><ele>2085.9</ele></trkpt><trkpt lat="46.51261260098648" lon="9.656658592088073"><ele>2084.1</ele></trkpt><trkpt lat="46.5126406011225" lon="9.656634592229244"><ele>2083.4</ele></trkpt><trkpt lat="46.51266860149342" lon="9.656543592614042"><ele>2081.5</ele></trkpt><trkpt lat="46.51269660176652" lon="9.656492592896736"><ele>2080.1</ele></trkpt><trkpt lat="46.51275360233207" lon="9.656338593484659"><ele>2077.2</ele></trkpt><trkpt lat="46.512801602662954" lon="9.656223593830381"><ele>2075.5</ele></trkpt><trkpt lat="46.512875603169256" lon="9.656109594356117"><ele>2072.9</ele></trkpt><trkpt lat="46.51287560320841" lon="9.656096594396805"><ele>2072.7</ele></trkpt><trkpt lat="46.51288560348211" lon="9.656031594680298"><ele>2071.3</ele></trkpt><trkpt lat="46.512905603559574" lon="9.655967594763348"><ele>2070.9</ele></trkpt><trkpt lat="46.512923603774304" lon="9.655928594985427"><ele>2069.8</ele></trkpt><trkpt lat="46.512979604222565" lon="9.655852595449346"><ele>2067.5</ele></trkpt><trkpt lat="46.513044604650936" lon="9.655764595893741"><ele>2065.3</ele></trkpt><trkpt lat="46.513090604982075" lon="9.655687596237595"><ele>2063.6</ele></trkpt><trkpt lat="46.51315560513593" lon="9.655560596403427"><ele>2062.8</ele></trkpt><trkpt lat="46.513229605426815" lon="9.655485596706894"><ele>2061.3</ele></trkpt><trkpt lat="46.51323860556358" lon="9.655459596848283"><ele>2060.6</ele></trkpt><trkpt lat="46.513284605738036" lon="9.655409597030587"><ele>2059.7</ele></trkpt><trkpt lat="46.5133766062437" lon="9.655308597555468"><ele>2057.1</ele></trkpt><trkpt lat="46.513395606399676" lon="9.655283597716757"><ele>2056.3</ele></trkpt><trkpt lat="46.51341360649696" lon="9.655270597817383"><ele>2055.8</ele></trkpt><trkpt lat="46.513441606652485" lon="9.655219597979842"><ele>2055.0</ele></trkpt><trkpt lat="46.513478606866435" lon="9.655156598202888"><ele>2053.9</ele></trkpt><trkpt lat="46.51349760708118" lon="9.655130598424302"><ele>2052.8</ele></trkpt><trkpt lat="46.51353460717769" lon="9.655093598525923"><ele>2052.3</ele></trkpt><trkpt lat="46.51358060754806" lon="9.655017598909744"><ele>2050.4</ele></trkpt><trkpt lat="46.51361760772288" lon="9.654979599091531"><ele>2049.5</ele></trkpt><trkpt lat="46.51369960820954" lon="9.654930599593945"><ele>2047.0</ele></trkpt><trkpt lat="46.51373660842358" lon="9.65488059981635"><ele>2045.9</ele></trkpt><trkpt lat="46.513763608618405" lon="9.654842600018236"><ele>2044.9</ele></trkpt><trkpt lat="46.51383760898772" lon="9.654766600401818"><ele>2043.0</ele></trkpt><trkpt lat="46.51386560914335" lon="9.654728600563635"><ele>2042.2</ele></trkpt><trkpt lat="46.51392960937583" lon="9.65464060080766"><ele>2041.0</ele></trkpt><trkpt lat="46.51408561027094" lon="9.654490601734855"><ele>2036.4</ele></trkpt><trkpt lat="46.5141226104263" lon="9.654465601895977"><ele>2035.6</ele></trkpt><trkpt lat="46.51418561071778" lon="9.654429602197608"><ele>2034.1</ele></trkpt><trkpt lat="46.514213610795096" lon="9.654417602278068"><ele>2033.7</ele></trkpt><trkpt lat="46.51423161081392" lon="9.654391602299189"><ele>2033.6</ele></trkpt><trkpt lat="46.51427761091004" lon="9.654354602400725"><ele>2033.1</ele></trkpt><trkpt lat="46.5143606115142" lon="9.654253603025712"><ele>2030.0</ele></trkpt><trkpt lat="46.5143876116699" lon="9.6542286031869"><ele>2029.2</ele></trkpt><trkpt lat="46.514415611727586" lon="9.654216603247331"><ele>2028.9</ele></trkpt><trkpt lat="46.51442461184475" lon="9.654178603369221"><ele>2028.3</ele></trkpt><trkpt lat="46.51448861217541" lon="9.654128603711552"><ele>2026.6</ele></trkpt><trkpt lat="46.51452561231115" lon="9.654104603852588"><ele>2025.9</ele></trkpt><trkpt lat="46.51455361256461" lon="9.654027604116356"><ele>2024.6</ele></trkpt><trkpt lat="46.51460961295417" lon="9.65392560452127"><ele>2022.6</ele></trkpt><trkpt lat="46.51464661316825" lon="9.653887604743064"><ele>2021.5</ele></trkpt><trkpt lat="46.5147286134786" lon="9.653825605065776"><ele>2019.9</ele></trkpt><trkpt lat="46.51479261377011" lon="9.653789605367372"><ele>2018.4</ele></trkpt><trkpt lat="46.514901614314695" lon="9.65372860593014"><ele>2015.6</ele></trkpt><trkpt lat="46.514920614490215" lon="9.653703606111403"><ele>2014.7</ele></trkpt><trkpt lat="46.51497561491918" lon="9.653627606555123"><ele>2012.5</ele></trkpt><trkpt lat="46.51511261556056" lon="9.653515607220177"><ele>2009.2</ele></trkpt><trkpt lat="46.51523161626145" lon="9.653416607944829"><ele>2005.6</ele></trkpt><trkpt lat="46.51525061639792" lon="9.65339060808608"><ele>2004.9</ele></trkpt><trkpt lat="46.515324616963234" lon="9.653276608671575"><ele>2002.0</ele></trkpt><trkpt lat="46.51537961735305" lon="9.653213609074601"><ele>2000.0</ele></trkpt><trkpt lat="46.51545261766375" lon="9.653151609397336"><ele>1998.4</ele></trkpt><trkpt lat="46.51550861789672" lon="9.653088609640141"><ele>1997.2</ele></trkpt><trkpt lat="46.51559061810908" lon="9.653013609863285"><ele>1996.1</ele></trkpt><trkpt lat="46.51565561838081" lon="9.652925610147228"><ele>1994.7</ele></trkpt><trkpt lat="46.51571961886825" lon="9.652836610651493"><ele>1992.2</ele></trkpt><trkpt lat="46.515775619022726" lon="9.652747610815391"><ele>1991.4</ele></trkpt><trkpt lat="46.5157936190416" lon="9.652735610835833"><ele>1991.3</ele></trkpt><trkpt lat="46.515857619078346" lon="9.652698610877113"><ele>1991.1</ele></trkpt><trkpt lat="46.515893619135795" lon="9.652687610937424"><ele>1990.8</ele></trkpt><trkpt lat="46.51594861925124" lon="9.652637611059468"><ele>1990.2</ele></trkpt><trkpt lat="46.51600261940603" lon="9.652626611219764"><ele>1989.4</ele></trkpt><trkpt lat="46.516038619483155" lon="9.652627611299543"><ele>1989.0</ele></trkpt><trkpt lat="46.51611061983337" lon="9.652630611659292"><ele>1987.2</ele></trkpt><trkpt lat="46.516155619949345" lon="9.652632611779007"><ele>1986.6</ele></trkpt><trkpt lat="46.5162016200848" lon="9.652608611919941"><ele>1985.9</ele></trkpt><trkpt lat="46.516283620238404" lon="9.652546612082379"><ele>1985.1</ele></trkpt><trkpt lat="46.51631062027662" lon="9.652534612122777"><ele>1984.9</ele></trkpt><trkpt lat="46.516445621095116" lon="9.652566612961298"><ele>1980.7</ele></trkpt><trkpt lat="46.51649962126953" lon="9.652555613141617"><ele>1979.8</ele></trkpt><trkpt lat="46.516527621268374" lon="9.652517613143155"><ele>1979.8</ele></trkpt><trkpt lat="46.51656462124718" lon="9.652440613126403"><ele>1979.9</ele></trkpt><trkpt lat="46.51656462124718" lon="9.652440613126403"><ele>1979.9</ele></trkpt><trkpt lat="46.516599621285245" lon="9.652481613164296"><ele>1979.7</ele></trkpt><trkpt lat="46.516759621573804" lon="9.652592613458337"><ele>1978.2</ele></trkpt><trkpt lat="46.51686562182505" lon="9.652674613714083"><ele>1976.9</ele></trkpt><trkpt lat="46.5169286219209" lon="9.6527166138118"><ele>1976.4</ele></trkpt><trkpt lat="46.5169286219209" lon="9.6527166138118"><ele>1976.4</ele></trkpt><trkpt lat="46.51702262217304" lon="9.652928614061663"><ele>1975.1</ele></trkpt><trkpt lat="46.51717962248189" lon="9.653222614367378"><ele>1973.5</ele></trkpt><trkpt lat="46.517283622596395" lon="9.653421614477608"><ele>1972.9</ele></trkpt><trkpt lat="46.51746662274747" lon="9.653716614622894"><ele>1972.1</ele></trkpt><trkpt lat="46.517615622860326" lon="9.653930614732111"><ele>1971.5</ele></trkpt><trkpt lat="46.51799262290705" lon="9.6544416147659"><ele>1971.2</ele></trkpt><trkpt lat="46.51805462288543" lon="9.654496614742879"><ele>1971.3</ele></trkpt><trkpt lat="46.51808962288421" lon="9.654523614741377"><ele>1971.3</ele></trkpt><trkpt lat="46.51817862292041" lon="9.654592614777599"><ele>1971.1</ele></trkpt><trkpt lat="46.51824962283958" lon="9.654647614694419"><ele>1971.5</ele></trkpt><trkpt lat="46.51829362277928" lon="9.654688614632112"><ele>1971.8</ele></trkpt><trkpt lat="46.51829362277928" lon="9.654688614632112"><ele>1971.8</ele></trkpt><trkpt lat="46.51832862279777" lon="9.654729614650003"><ele>1971.7</ele></trkpt><trkpt lat="46.51832862279777" lon="9.654729614650003"><ele>1971.7</ele></trkpt><trkpt lat="46.518461622754096" lon="9.654851614603334"><ele>1971.9</ele></trkpt><trkpt lat="46.51872662274527" lon="9.655110614589447"><ele>1971.9</ele></trkpt><trkpt lat="46.51881462282071" lon="9.655192614665141"><ele>1971.5</ele></trkpt><trkpt lat="46.51893862297346" lon="9.655314614818861"><ele>1970.7</ele></trkpt><trkpt lat="46.51898262299161" lon="9.655355614836678"><ele>1970.6</ele></trkpt><trkpt lat="46.51902762304887" lon="9.655370614895753"><ele>1970.3</ele></trkpt><trkpt lat="46.51908962306624" lon="9.655386614914578"><ele>1970.2</ele></trkpt><trkpt lat="46.51914362308396" lon="9.655401614933517"><ele>1970.1</ele></trkpt><trkpt lat="46.51920662304246" lon="9.655403614892888"><ele>1970.3</ele></trkpt><trkpt lat="46.51927862303981" lon="9.655393614892803"><ele>1970.3</ele></trkpt><trkpt lat="46.519341623017915" lon="9.65539661487216"><ele>1970.4</ele></trkpt><trkpt lat="46.51941362299575" lon="9.655412614850851"><ele>1970.5</ele></trkpt><trkpt lat="46.51945762295502" lon="9.655440614809171"><ele>1970.7</ele></trkpt><trkpt lat="46.519529622932865" lon="9.655456614787864"><ele>1970.8</ele></trkpt><trkpt lat="46.5195836229308" lon="9.65544561478796"><ele>1970.8</ele></trkpt><trkpt lat="46.51962962292904" lon="9.655408614789312"><ele>1970.8</ele></trkpt><trkpt lat="46.519712622925766" lon="9.655320614792727"><ele>1970.8</ele></trkpt><trkpt lat="46.51977662290367" lon="9.655270614774507"><ele>1970.9</ele></trkpt><trkpt lat="46.519865622920044" lon="9.655274614793685"><ele>1970.8</ele></trkpt><trkpt lat="46.520000622993656" lon="9.65529261487197"><ele>1970.4</ele></trkpt><trkpt lat="46.52011762302866" lon="9.655310614910327"><ele>1970.2</ele></trkpt><trkpt lat="46.520215623025145" lon="9.655327614908813"><ele>1970.2</ele></trkpt><trkpt lat="46.520836622551585" lon="9.65534061444279"><ele>1972.5</ele></trkpt><trkpt lat="46.52123262220387" lon="9.655369614097912"><ele>1974.2</ele></trkpt><trkpt lat="46.521438622039526" lon="9.655390613935129"><ele>1975.0</ele></trkpt><trkpt lat="46.52149262205716" lon="9.655393613954619"><ele>1974.9</ele></trkpt><trkpt lat="46.52149262205716" lon="9.655393613954619"><ele>1974.9</ele></trkpt><trkpt lat="46.5215286220363" lon="9.655407613933669"><ele>1975.0</ele></trkpt><trkpt lat="46.5215286220363" lon="9.655407613933669"><ele>1975.0</ele></trkpt><trkpt lat="46.521590621994875" lon="9.655436613891796"><ele>1975.2</ele></trkpt><trkpt lat="46.521590621994875" lon="9.655436613891796"><ele>1975.2</ele></trkpt><trkpt lat="46.52162762197385" lon="9.655411613872639"><ele>1975.3</ele></trkpt><trkpt lat="46.52166462193314" lon="9.655361613834597"><ele>1975.5</ele></trkpt><trkpt lat="46.5217286218717" lon="9.65528561377751"><ele>1975.8</ele></trkpt></trkseg></trk></gpx>