<?xml version="1.0" encoding="utf-8"?><gpx version="1.1" creator="MySchweizMobil - https://map.schweizmobil.ch/" xmlns:xsi="http://www.w3.org/2001/XMLSchema-instance" xmlns="http://www.topografix.com/GPX/1/1" xsi:schemaLocation="http://www.topografix.com/GPX/1/1 http://www.topografix.com/GPX/1/1/gpx.xsd"><metadata><name>6 Alpine Passes Trail - Stage 20</name><bounds minlat="46.10881266505778" minlon="7.838605754783274" maxlat="46.20795459446896" maxlon="7.932876721797763" /></metadata><trk><name>6 Alpine Passes Trail - Stage 20</name><trkseg><trkpt lat="46.10881266505778" lon="7.929232722998273"><ele>1803.1</ele></trkpt><trkpt lat="46.10883966507594" lon="7.929194723015514"><ele>1803.0</ele></trkpt><trkpt lat="46.108857665094426" lon="7.92918172303177"><ele>1802.9</ele></trkpt><trkpt lat="46.10888466511265" lon="7.929168723047969"><ele>1802.8</ele></trkpt><trkpt lat="46.10892966513024" lon="7.929181723062999"><ele>1802.7</ele></trkpt><trkpt lat="46.10896566516737" lon="7.929208723093294"><ele>1802.5</ele></trkpt><trkpt lat="46.109001665185374" lon="7.929247723107288"><ele>1802.4</ele></trkpt><trkpt lat="46.109045665184" lon="7.929299723104889"><ele>1802.4</ele></trkpt><trkpt lat="46.10907266514498" lon="7.929351723070961"><ele>1802.6</ele></trkpt><trkpt lat="46.10907266514498" lon="7.929351723070961"><ele>1802.6</ele></trkpt><trkpt lat="46.109099665106015" lon="7.929416723036499"><ele>1802.8</ele></trkpt><trkpt lat="46.109099665106015" lon="7.929416723036499"><ele>1802.8</ele></trkpt><trkpt lat="46.10917166506527" lon="7.929352723007161"><ele>1803.0</ele></trkpt><trkpt lat="46.10918066504585" lon="7.929352722991307"><ele>1803.1</ele></trkpt><trkpt lat="46.10918066504585" lon="7.929352722991307"><ele>1803.1</ele></trkpt><trkpt lat="46.109225665025164" lon="7.929339722975791"><ele>1803.2</ele></trkpt><trkpt lat="46.109279664946925" lon="7.929327722912772"><ele>1803.6</ele></trkpt><trkpt lat="46.109306664926905" lon="7.9293277228968195"><ele>1803.7</ele></trkpt><trkpt lat="46.109306664926905" lon="7.9293277228968195"><ele>1803.7</ele></trkpt><trkpt lat="46.10933366486872" lon="7.929340722848711"><ele>1804.0</ele></trkpt><trkpt lat="46.1093786648099" lon="7.92935472280046"><ele>1804.3</ele></trkpt><trkpt lat="46.10941466477056" lon="7.929406722766486"><ele>1804.5</ele></trkpt><trkpt lat="46.10943266473185" lon="7.929445722733149"><ele>1804.7</ele></trkpt><trkpt lat="46.10945866467381" lon="7.929522722682374"><ele>1805.0</ele></trkpt><trkpt lat="46.109476664654146" lon="7.929561722664844"><ele>1805.1</ele></trkpt><trkpt lat="46.109476664654146" lon="7.929561722664844"><ele>1805.1</ele></trkpt><trkpt lat="46.1095036645579" lon="7.929639722582405"><ele>1805.6</ele></trkpt><trkpt lat="46.109529664404256" lon="7.929717722452545"><ele>1806.4</ele></trkpt><trkpt lat="46.10958366417332" lon="7.929834722257664"><ele>1807.6</ele></trkpt><trkpt lat="46.10963666399983" lon="7.929964722109669"><ele>1808.5</ele></trkpt><trkpt lat="46.10965466396115" lon="7.930016722075782"><ele>1808.7</ele></trkpt><trkpt lat="46.10965466396115" lon="7.930016722075782"><ele>1808.7</ele></trkpt><trkpt lat="46.10972566384454" lon="7.93021072197244"><ele>1809.3</ele></trkpt><trkpt lat="46.10986866382143" lon="7.930561721941198"><ele>1809.4</ele></trkpt><trkpt lat="46.109912663801055" lon="7.930665721920807"><ele>1809.5</ele></trkpt><trkpt lat="46.109948663800054" lon="7.930743721917356"><ele>1809.5</ele></trkpt><trkpt lat="46.109948663800054" lon="7.930743721917356"><ele>1809.5</ele></trkpt><trkpt lat="46.11018866383154" lon="7.931314721923838"><ele>1809.3</ele></trkpt><trkpt lat="46.11024266388739" lon="7.931431721966101"><ele>1809.0</ele></trkpt><trkpt lat="46.11029566394312" lon="7.931509722009999"><ele>1808.7</ele></trkpt><trkpt lat="46.11034066399913" lon="7.931574722054483"><ele>1808.4</ele></trkpt><trkpt lat="46.11040366405457" lon="7.93165272209833"><ele>1808.1</ele></trkpt><trkpt lat="46.11047466410964" lon="7.931705722143177"><ele>1807.8</ele></trkpt><trkpt lat="46.1105826641636" lon="7.931796722186241"><ele>1807.5</ele></trkpt><trkpt lat="46.11107566412899" lon="7.9321887221514205"><ele>1807.6</ele></trkpt><trkpt lat="46.11107566412899" lon="7.9321887221514205"><ele>1807.6</ele></trkpt><trkpt lat="46.1111566640882" lon="7.932254722116601"><ele>1807.8</ele></trkpt><trkpt lat="46.111236664028375" lon="7.932319722066008"><ele>1808.1</ele></trkpt><trkpt lat="46.11135366390986" lon="7.932385721967731"><ele>1808.7</ele></trkpt><trkpt lat="46.11143466381167" lon="7.932425721886545"><ele>1809.2</ele></trkpt><trkpt lat="46.111622663633455" lon="7.932478721740971"><ele>1810.1</ele></trkpt><trkpt lat="46.11173066349613" lon="7.932531721627461"><ele>1810.8</ele></trkpt><trkpt lat="46.11173066349613" lon="7.932531721627461"><ele>1810.8</ele></trkpt><trkpt lat="46.111784663437" lon="7.932544721579176"><ele>1811.1</ele></trkpt><trkpt lat="46.11182066337842" lon="7.932557721530988"><ele>1811.4</ele></trkpt><trkpt lat="46.11185666333907" lon="7.932558721499122"><ele>1811.6</ele></trkpt><trkpt lat="46.11186566333875" lon="7.932558721499076"><ele>1811.6</ele></trkpt><trkpt lat="46.11186566333875" lon="7.932558721499076"><ele>1811.6</ele></trkpt><trkpt lat="46.11199166337274" lon="7.932559721529984"><ele>1811.4</ele></trkpt><trkpt lat="46.112018663371884" lon="7.932559721529841"><ele>1811.4</ele></trkpt><trkpt lat="46.112018663371884" lon="7.932559721529841"><ele>1811.4</ele></trkpt><trkpt lat="46.11210866344537" lon="7.932573721592035"><ele>1811.0</ele></trkpt><trkpt lat="46.11231466368722" lon="7.93263972179378"><ele>1809.7</ele></trkpt><trkpt lat="46.11231466368722" lon="7.93263972179378"><ele>1809.7</ele></trkpt><trkpt lat="46.11248566377729" lon="7.932719721868602"><ele>1809.2</ele></trkpt><trkpt lat="46.1125756637553" lon="7.932771721850128"><ele>1809.3</ele></trkpt><trkpt lat="46.11263766371514" lon="7.93282372181599"><ele>1809.5</ele></trkpt><trkpt lat="46.11267366369491" lon="7.932876721797763"><ele>1809.6</ele></trkpt><trkpt lat="46.11267366369491" lon="7.932876721797763"><ele>1809.6</ele></trkpt><trkpt lat="46.112736663635324" lon="7.932824721752143"><ele>1809.9</ele></trkpt><trkpt lat="46.112736663635324" lon="7.932824721752143"><ele>1809.9</ele></trkpt><trkpt lat="46.1127546636347" lon="7.9328127217525495"><ele>1809.9</ele></trkpt><trkpt lat="46.11280966363279" lon="7.932760721754428"><ele>1809.9</ele></trkpt><trkpt lat="46.112836663631725" lon="7.932709721756411"><ele>1809.9</ele></trkpt><trkpt lat="46.112863663668975" lon="7.932657721790072"><ele>1809.7</ele></trkpt><trkpt lat="46.11288166372553" lon="7.932580721840639"><ele>1809.4</ele></trkpt><trkpt lat="46.11290066378212" lon="7.932502721891248"><ele>1809.1</ele></trkpt><trkpt lat="46.1129366639526" lon="7.932322722040914"><ele>1808.2</ele></trkpt><trkpt lat="46.1129366639526" lon="7.932322722040914"><ele>1808.2</ele></trkpt><trkpt lat="46.11291066402973" lon="7.932218722108659"><ele>1807.8</ele></trkpt><trkpt lat="46.112901664010664" lon="7.932114722097229"><ele>1807.9</ele></trkpt><trkpt lat="46.11287566403035" lon="7.9319857221185694"><ele>1807.8</ele></trkpt><trkpt lat="46.11283166399283" lon="7.931661722100697"><ele>1808.0</ele></trkpt><trkpt lat="46.112805663993406" lon="7.9315327221062235"><ele>1808.0</ele></trkpt><trkpt lat="46.11277966384081" lon="7.931311721989075"><ele>1808.8</ele></trkpt><trkpt lat="46.11277066374534" lon="7.931234721913274"><ele>1809.3</ele></trkpt><trkpt lat="46.112770663668734" lon="7.931182721852192"><ele>1809.7</ele></trkpt><trkpt lat="46.112780663610906" lon="7.931130721806864"><ele>1810.0</ele></trkpt><trkpt lat="46.112780663610906" lon="7.931130721806864"><ele>1810.0</ele></trkpt><trkpt lat="46.112995663527606" lon="7.9312877217358935"><ele>1810.4</ele></trkpt><trkpt lat="46.11305866348733" lon="7.931327721702257"><ele>1810.6</ele></trkpt><trkpt lat="46.11312166344708" lon="7.9313537216692"><ele>1810.8</ele></trkpt><trkpt lat="46.11329166334598" lon="7.931432721585914"><ele>1811.3</ele></trkpt><trkpt lat="46.113408663284844" lon="7.9314857215356245"><ele>1811.6</ele></trkpt><trkpt lat="46.113489663243975" lon="7.9315257215018855"><ele>1811.8</ele></trkpt><trkpt lat="46.113489663243975" lon="7.9315257215018855"><ele>1811.8</ele></trkpt><trkpt lat="46.1136596631046" lon="7.931591721387505"><ele>1812.5</ele></trkpt><trkpt lat="46.113893662848426" lon="7.931709721175711"><ele>1813.8</ele></trkpt><trkpt lat="46.11404566259494" lon="7.9318017209654395"><ele>1815.1</ele></trkpt><trkpt lat="46.11418966236077" lon="7.931867720772113"><ele>1816.3</ele></trkpt><trkpt lat="46.11425266226312" lon="7.93189472069156"><ele>1816.8</ele></trkpt><trkpt lat="46.114395662048146" lon="7.931960720514049"><ele>1817.9</ele></trkpt><trkpt lat="46.114395662048146" lon="7.931960720514049"><ele>1817.9</ele></trkpt><trkpt lat="46.114539661871355" lon="7.9320267203681585"><ele>1818.8</ele></trkpt><trkpt lat="46.11459366179305" lon="7.932039720304053"><ele>1819.2</ele></trkpt><trkpt lat="46.114656661733605" lon="7.932053720255674"><ele>1819.5</ele></trkpt><trkpt lat="46.114737661654424" lon="7.932066720191429"><ele>1819.9</ele></trkpt><trkpt lat="46.11479966159502" lon="7.932093720142509"><ele>1820.2</ele></trkpt><trkpt lat="46.11486266153563" lon="7.93213272009308"><ele>1820.5</ele></trkpt><trkpt lat="46.11486266153563" lon="7.93213272009308"><ele>1820.5</ele></trkpt><trkpt lat="46.11494366149483" lon="7.932198720058237"><ele>1820.7</ele></trkpt><trkpt lat="46.11522166167726" lon="7.932433720205019"><ele>1819.7</ele></trkpt><trkpt lat="46.115266661733244" lon="7.932472720250585"><ele>1819.4</ele></trkpt><trkpt lat="46.11529366177061" lon="7.9324857202815275"><ele>1819.2</ele></trkpt><trkpt lat="46.11532866178864" lon="7.932499720296569"><ele>1819.1</ele></trkpt><trkpt lat="46.11539166184385" lon="7.93249972034368"><ele>1818.8</ele></trkpt><trkpt lat="46.115454661899165" lon="7.932500720390748"><ele>1818.5</ele></trkpt><trkpt lat="46.115454661899165" lon="7.932500720390748"><ele>1818.5</ele></trkpt><trkpt lat="46.115535661953786" lon="7.932487720438305"><ele>1818.2</ele></trkpt><trkpt lat="46.115886662209746" lon="7.9324657206587705"><ele>1816.8</ele></trkpt><trkpt lat="46.11606666220367" lon="7.932441720658805"><ele>1816.8</ele></trkpt><trkpt lat="46.116318662099516" lon="7.932417720579359"><ele>1817.3</ele></trkpt><trkpt lat="46.11636366207886" lon="7.932404720563845"><ele>1817.4</ele></trkpt><trkpt lat="46.11641766203875" lon="7.9323797205329685"><ele>1817.6</ele></trkpt><trkpt lat="46.11641766203875" lon="7.9323797205329685"><ele>1817.6</ele></trkpt><trkpt lat="46.11654466197687" lon="7.932277720489111"><ele>1817.9</ele></trkpt><trkpt lat="46.11657166195681" lon="7.932251720474239"><ele>1818.0</ele></trkpt><trkpt lat="46.11657166195681" lon="7.932251720474239"><ele>1818.0</ele></trkpt><trkpt lat="46.11660766193639" lon="7.9322267204592745"><ele>1818.1</ele></trkpt><trkpt lat="46.1166616618388" lon="7.93216172038263"><ele>1818.6</ele></trkpt><trkpt lat="46.11667966176161" lon="7.932123720320858"><ele>1819.0</ele></trkpt><trkpt lat="46.11670766162661" lon="7.932058720212719"><ele>1819.7</ele></trkpt><trkpt lat="46.11673466152988" lon="7.931981720136729"><ele>1820.2</ele></trkpt><trkpt lat="46.116743661472185" lon="7.9319557200903255"><ele>1820.5</ele></trkpt><trkpt lat="46.11677066141373" lon="7.931904720044874"><ele>1820.8</ele></trkpt><trkpt lat="46.11679766135543" lon="7.9318787199983785"><ele>1821.1</ele></trkpt><trkpt lat="46.11684366125813" lon="7.931840719920638"><ele>1821.6</ele></trkpt><trkpt lat="46.11689766114143" lon="7.9317887198276384"><ele>1822.2</ele></trkpt><trkpt lat="46.11696966102415" lon="7.9317507197339525"><ele>1822.8</ele></trkpt><trkpt lat="46.11705066092567" lon="7.931712719656032"><ele>1823.3</ele></trkpt><trkpt lat="46.11705066092567" lon="7.931712719656032"><ele>1823.3</ele></trkpt><trkpt lat="46.117113660846975" lon="7.931674719594029"><ele>1823.7</ele></trkpt><trkpt lat="46.11714966078829" lon="7.931635719548028"><ele>1824.0</ele></trkpt><trkpt lat="46.11714966078829" lon="7.931635719548028"><ele>1824.0</ele></trkpt><trkpt lat="46.117159660768756" lon="7.931597719533759"><ele>1824.1</ele></trkpt><trkpt lat="46.1171686607492" lon="7.931558719519536"><ele>1824.2</ele></trkpt><trkpt lat="46.117168660672505" lon="7.931480719459557"><ele>1824.6</ele></trkpt><trkpt lat="46.1171596606152" lon="7.931390719415956"><ele>1824.9</ele></trkpt><trkpt lat="46.11713366046286" lon="7.931299719293412"><ele>1825.7</ele></trkpt><trkpt lat="46.11713366046286" lon="7.931299719293412"><ele>1825.7</ele></trkpt><trkpt lat="46.11706166031233" lon="7.9313247191662315"><ele>1826.5</ele></trkpt><trkpt lat="46.11698966008512" lon="7.9312987189779465"><ele>1827.7</ele></trkpt><trkpt lat="46.116917659857855" lon="7.9312457187907945"><ele>1828.9</ele></trkpt><trkpt lat="46.11678365940306" lon="7.931128718416919"><ele>1831.3</ele></trkpt><trkpt lat="46.11661365902575" lon="7.930945718109314"><ele>1833.3</ele></trkpt><trkpt lat="46.11655965879791" lon="7.930880717922596"><ele>1834.5</ele></trkpt><trkpt lat="46.11652365860773" lon="7.930815717767413"><ele>1835.5</ele></trkpt><trkpt lat="46.11649765841711" lon="7.930724717613281"><ele>1836.5</ele></trkpt><trkpt lat="46.11647965834111" lon="7.930685717551779"><ele>1836.9</ele></trkpt><trkpt lat="46.1164616582652" lon="7.930672717489175"><ele>1837.3</ele></trkpt><trkpt lat="46.1164616582652" lon="7.930672717489175"><ele>1837.3</ele></trkpt><trkpt lat="46.11645265824629" lon="7.930646717474518"><ele>1837.4</ele></trkpt><trkpt lat="46.11644365818912" lon="7.930607717428782"><ele>1837.7</ele></trkpt><trkpt lat="46.11642565807486" lon="7.930568717335658"><ele>1838.3</ele></trkpt><trkpt lat="46.11642565807486" lon="7.930568717335658"><ele>1838.3</ele></trkpt><trkpt lat="46.116471658168884" lon="7.930530717416083"><ele>1837.8</ele></trkpt><trkpt lat="46.116471658168884" lon="7.930530717416083"><ele>1837.8</ele></trkpt><trkpt lat="46.11647165814967" lon="7.930491717401924"><ele>1837.9</ele></trkpt><trkpt lat="46.11648065824484" lon="7.930426717483699"><ele>1837.4</ele></trkpt><trkpt lat="46.11648065822559" lon="7.93037571747005"><ele>1837.5</ele></trkpt><trkpt lat="46.11647165824494" lon="7.930336717487562"><ele>1837.4</ele></trkpt><trkpt lat="46.11647265826394" lon="7.930297717505026"><ele>1837.3</ele></trkpt><trkpt lat="46.116481658244446" lon="7.930271717490267"><ele>1837.4</ele></trkpt><trkpt lat="46.116481658244446" lon="7.930271717490267"><ele>1837.4</ele></trkpt><trkpt lat="46.11649065816749" lon="7.930207717429687"><ele>1837.8</ele></trkpt><trkpt lat="46.11649965812877" lon="7.930155717400225"><ele>1838.0</ele></trkpt><trkpt lat="46.11651765818548" lon="7.930116717449213"><ele>1837.7</ele></trkpt><trkpt lat="46.1165446581654" lon="7.930091717434318"><ele>1837.8</ele></trkpt><trkpt lat="46.11658965814471" lon="7.930078717418809"><ele>1837.9</ele></trkpt><trkpt lat="46.11666165798923" lon="7.930066717292432"><ele>1838.7</ele></trkpt><trkpt lat="46.11670765789195" lon="7.930040717214224"><ele>1839.2</ele></trkpt><trkpt lat="46.11674365775673" lon="7.930002717104961"><ele>1839.9</ele></trkpt><trkpt lat="46.11677965777451" lon="7.929938717123296"><ele>1839.8</ele></trkpt><trkpt lat="46.11680665775439" lon="7.929899717108994"><ele>1839.9</ele></trkpt><trkpt lat="46.11694165750097" lon="7.92982371690594"><ele>1841.2</ele></trkpt><trkpt lat="46.11703265722992" lon="7.929772716686254"><ele>1842.6</ele></trkpt><trkpt lat="46.11712265697808" lon="7.929721716482386"><ele>1843.9</ele></trkpt><trkpt lat="46.11721265672623" lon="7.929683716277969"><ele>1845.2</ele></trkpt><trkpt lat="46.11728465653246" lon="7.929683716119467"><ele>1846.2</ele></trkpt><trkpt lat="46.11736565631929" lon="7.929671715945613"><ele>1847.3</ele></trkpt><trkpt lat="46.11742865614497" lon="7.929672715802923"><ele>1848.2</ele></trkpt><trkpt lat="46.11750065602771" lon="7.929647715708733"><ele>1848.8</ele></trkpt><trkpt lat="46.117617655928" lon="7.929622715630104"><ele>1849.3</ele></trkpt><trkpt lat="46.11768065577277" lon="7.929622715503265"><ele>1850.1</ele></trkpt><trkpt lat="46.11775265559814" lon="7.929597715361642"><ele>1851.0</ele></trkpt><trkpt lat="46.117824655423426" lon="7.92957271522002"><ele>1851.9</ele></trkpt><trkpt lat="46.11792365519039" lon="7.929547715030814"><ele>1853.1</ele></trkpt><trkpt lat="46.11802265493825" lon="7.92949671482691"><ele>1854.4</ele></trkpt><trkpt lat="46.11813065474311" lon="7.929471714669276"><ele>1855.4</ele></trkpt><trkpt lat="46.11824765447124" lon="7.929433714448914"><ele>1856.8</ele></trkpt><trkpt lat="46.11836465421845" lon="7.9294217142432455"><ele>1858.1</ele></trkpt><trkpt lat="46.11843765402459" lon="7.92939671408581"><ele>1859.1</ele></trkpt><trkpt lat="46.11850065390758" lon="7.929371713991671"><ele>1859.7</ele></trkpt><trkpt lat="46.11859065371307" lon="7.92930771383582"><ele>1860.7</ele></trkpt><trkpt lat="46.11863565359669" lon="7.929295713741226"><ele>1861.3</ele></trkpt><trkpt lat="46.11868965347999" lon="7.929269713647181"><ele>1861.9</ele></trkpt><trkpt lat="46.11877965336202" lon="7.9292317135534605"><ele>1862.5</ele></trkpt><trkpt lat="46.11884265324499" lon="7.929206713459323"><ele>1863.1</ele></trkpt><trkpt lat="46.11899565287602" lon="7.929117713161916"><ele>1865.0</ele></trkpt><trkpt lat="46.119041652836096" lon="7.929091713131164"><ele>1865.2</ele></trkpt><trkpt lat="46.11914965266015" lon="7.929079712988794"><ele>1866.1</ele></trkpt><trkpt lat="46.119212652619694" lon="7.929054712957901"><ele>1866.3</ele></trkpt><trkpt lat="46.119257652579776" lon="7.929028712927151"><ele>1866.5</ele></trkpt><trkpt lat="46.11929365254022" lon="7.929003712896409"><ele>1866.7</ele></trkpt><trkpt lat="46.119356652461384" lon="7.92895271283502"><ele>1867.1</ele></trkpt><trkpt lat="46.11941965236351" lon="7.928926712756745"><ele>1867.6</ele></trkpt><trkpt lat="46.11950065224594" lon="7.928927712661391"><ele>1868.2</ele></trkpt><trkpt lat="46.119599652031965" lon="7.928902712488016"><ele>1869.3</ele></trkpt><trkpt lat="46.11979765150843" lon="7.928852712062217"><ele>1872.0</ele></trkpt><trkpt lat="46.11985165139164" lon="7.9288277119681405"><ele>1872.6</ele></trkpt><trkpt lat="46.119932651254814" lon="7.928776711859228"><ele>1873.3</ele></trkpt><trkpt lat="46.11998765115718" lon="7.928737711781567"><ele>1873.8</ele></trkpt><trkpt lat="46.12004165107861" lon="7.928673711720799"><ele>1874.2</ele></trkpt><trkpt lat="46.12011365098026" lon="7.928609711644123"><ele>1874.7</ele></trkpt><trkpt lat="46.1201856508055" lon="7.928558711503651"><ele>1875.6</ele></trkpt><trkpt lat="46.12024865066929" lon="7.928520711394284"><ele>1876.3</ele></trkpt><trkpt lat="46.120320650532825" lon="7.928508711283741"><ele>1877.0</ele></trkpt><trkpt lat="46.12039265035806" lon="7.928495711141627"><ele>1877.9</ele></trkpt><trkpt lat="46.12044765022217" lon="7.928470711031742"><ele>1878.6</ele></trkpt><trkpt lat="46.12052865002792" lon="7.928432710874852"><ele>1879.6</ele></trkpt><trkpt lat="46.1205826498921" lon="7.928419710764456"><ele>1880.3</ele></trkpt><trkpt lat="46.12065464981303" lon="7.928407710701341"><ele>1880.7</ele></trkpt><trkpt lat="46.12076264967516" lon="7.928356710592285"><ele>1881.4</ele></trkpt><trkpt lat="46.12080764961613" lon="7.9283317105457"><ele>1881.7</ele></trkpt><trkpt lat="46.12086164951856" lon="7.928318710466924"><ele>1882.2</ele></trkpt><trkpt lat="46.120897649440764" lon="7.928319710403441"><ele>1882.6</ele></trkpt><trkpt lat="46.12096064941943" lon="7.928319710387281"><ele>1882.7</ele></trkpt><trkpt lat="46.12126664927478" lon="7.9282837102764745"><ele>1883.4</ele></trkpt><trkpt lat="46.12133864925307" lon="7.928258710261351"><ele>1883.5</ele></trkpt><trkpt lat="46.121419649154504" lon="7.928233710182941"><ele>1884.0</ele></trkpt><trkpt lat="46.12151864915098" lon="7.928195710184041"><ele>1884.0</ele></trkpt><trkpt lat="46.121608649186086" lon="7.928170710216239"><ele>1883.8</ele></trkpt><trkpt lat="46.12171664916315" lon="7.92814571020092"><ele>1883.9</ele></trkpt><trkpt lat="46.12179764921774" lon="7.92814671024785"><ele>1883.6</ele></trkpt><trkpt lat="46.12187864896605" lon="7.928121710042973"><ele>1884.9</ele></trkpt><trkpt lat="46.12197764894342" lon="7.928096710027698"><ele>1885.0</ele></trkpt><trkpt lat="46.12205964911273" lon="7.928045710171735"><ele>1884.1</ele></trkpt><trkpt lat="46.12209564899649" lon="7.9279937100789475"><ele>1884.7</ele></trkpt><trkpt lat="46.122113648919225" lon="7.927942710017838"><ele>1885.1</ele></trkpt><trkpt lat="46.122131648803624" lon="7.927890709925155"><ele>1885.7</ele></trkpt><trkpt lat="46.122131648803624" lon="7.927890709925155"><ele>1885.7</ele></trkpt><trkpt lat="46.12216764882148" lon="7.927877709941326"><ele>1885.6</ele></trkpt><trkpt lat="46.12219464885882" lon="7.927878709972749"><ele>1885.4</ele></trkpt><trkpt lat="46.12223064893414" lon="7.927891710035209"><ele>1885.0</ele></trkpt><trkpt lat="46.12226664912432" lon="7.9279047101925215"><ele>1884.0</ele></trkpt><trkpt lat="46.12226664912432" lon="7.9279047101925215"><ele>1884.0</ele></trkpt><trkpt lat="46.12240164923439" lon="7.9278797102877006"><ele>1883.4</ele></trkpt><trkpt lat="46.12247364938495" lon="7.927841710415415"><ele>1882.6</ele></trkpt><trkpt lat="46.122527649497854" lon="7.927816710511048"><ele>1882.0</ele></trkpt><trkpt lat="46.12259164953384" lon="7.927778710543961"><ele>1881.8</ele></trkpt><trkpt lat="46.122663649626986" lon="7.927752710623724"><ele>1881.3</ele></trkpt><trkpt lat="46.12269964964482" lon="7.9277407106398545"><ele>1881.2</ele></trkpt><trkpt lat="46.12280764979396" lon="7.927650710769623"><ele>1880.4</ele></trkpt><trkpt lat="46.12284364977353" lon="7.927625710754702"><ele>1880.5</ele></trkpt><trkpt lat="46.12284364977353" lon="7.927625710754702"><ele>1880.5</ele></trkpt><trkpt lat="46.1228886497336" lon="7.9275737107250945"><ele>1880.7</ele></trkpt><trkpt lat="46.122952649692905" lon="7.927496710696467"><ele>1880.9</ele></trkpt><trkpt lat="46.12300664959521" lon="7.92744571061935"><ele>1881.4</ele></trkpt><trkpt lat="46.123069649497154" lon="7.927381710542744"><ele>1881.9</ele></trkpt><trkpt lat="46.12315064936023" lon="7.9273177104344255"><ele>1882.6</ele></trkpt><trkpt lat="46.12324064924214" lon="7.927266710341304"><ele>1883.2</ele></trkpt><trkpt lat="46.1232866491639" lon="7.927241710278903"><ele>1883.6</ele></trkpt><trkpt lat="46.1232866491639" lon="7.927241710278903"><ele>1883.6</ele></trkpt><trkpt lat="46.12352964881085" lon="7.927204709994634"><ele>1885.4</ele></trkpt><trkpt lat="46.12358364873232" lon="7.927178709932239"><ele>1885.8</ele></trkpt><trkpt lat="46.123628648615835" lon="7.927140709838806"><ele>1886.4</ele></trkpt><trkpt lat="46.123646648557695" lon="7.927114709792418"><ele>1886.7</ele></trkpt><trkpt lat="46.123646648557695" lon="7.927114709792418"><ele>1886.7</ele></trkpt><trkpt lat="46.12364664851931" lon="7.927063709763027"><ele>1886.9</ele></trkpt><trkpt lat="46.12364664848092" lon="7.927037709732549"><ele>1887.1</ele></trkpt><trkpt lat="46.123628648443244" lon="7.92699870970274"><ele>1887.3</ele></trkpt><trkpt lat="46.12358464836811" lon="7.926971709640941"><ele>1887.7</ele></trkpt><trkpt lat="46.12342264818223" lon="7.926918709486105"><ele>1888.7</ele></trkpt><trkpt lat="46.12333264808956" lon="7.9268797094092776"><ele>1889.2</ele></trkpt><trkpt lat="46.12326064801545" lon="7.926865709347074"><ele>1889.6</ele></trkpt><trkpt lat="46.12326064801545" lon="7.926865709347074"><ele>1889.6</ele></trkpt><trkpt lat="46.1231796479034" lon="7.926839709253828"><ele>1890.2</ele></trkpt><trkpt lat="46.123107647791095" lon="7.926851709158873"><ele>1890.8</ele></trkpt><trkpt lat="46.12306264769693" lon="7.926863709079575"><ele>1891.3</ele></trkpt><trkpt lat="46.12300864760318" lon="7.926876709000281"><ele>1891.8</ele></trkpt><trkpt lat="46.12300864760318" lon="7.926876709000281"><ele>1891.8</ele></trkpt><trkpt lat="46.12296364752819" lon="7.926888708936787"><ele>1892.2</ele></trkpt><trkpt lat="46.12296364752819" lon="7.926888708936787"><ele>1892.2</ele></trkpt><trkpt lat="46.12297264727892" lon="7.926837708733493"><ele>1893.5</ele></trkpt><trkpt lat="46.122991647048515" lon="7.926798708545427"><ele>1894.7</ele></trkpt><trkpt lat="46.123009646799" lon="7.926759708341565"><ele>1896.0</ele></trkpt><trkpt lat="46.12307264629888" lon="7.926656707934789"><ele>1898.6</ele></trkpt><trkpt lat="46.12313564583709" lon="7.926579707558496"><ele>1901.0</ele></trkpt><trkpt lat="46.12324464499085" lon="7.926477706866953"><ele>1905.4</ele></trkpt><trkpt lat="46.123425644524694" lon="7.926310706493978"><ele>1907.8</ele></trkpt><trkpt lat="46.12350664390907" lon="7.926208705992286"><ele>1911.0</ele></trkpt><trkpt lat="46.12350664390907" lon="7.926208705992286"><ele>1911.0</ele></trkpt><trkpt lat="46.123560643351844" lon="7.926117705537682"><ele>1913.9</ele></trkpt><trkpt lat="46.12363364265993" lon="7.926015704972851"><ele>1917.5</ele></trkpt><trkpt lat="46.12370564233181" lon="7.925951704706615"><ele>1919.2</ele></trkpt><trkpt lat="46.12375064238759" lon="7.9259257047549205"><ele>1918.9</ele></trkpt><trkpt lat="46.12380464238562" lon="7.925887704756298"><ele>1918.9</ele></trkpt><trkpt lat="46.12384064232685" lon="7.925861704709839"><ele>1919.2</ele></trkpt><trkpt lat="46.123867642306735" lon="7.925874704693304"><ele>1919.3</ele></trkpt><trkpt lat="46.12390364228644" lon="7.9259147046755185"><ele>1919.4</ele></trkpt><trkpt lat="46.12393964218959" lon="7.925966704593989"><ele>1919.9</ele></trkpt><trkpt lat="46.123975642035255" lon="7.92600570446562"><ele>1920.7</ele></trkpt><trkpt lat="46.12401064188094" lon="7.926018704338416"><ele>1921.5</ele></trkpt><trkpt lat="46.124091642088686" lon="7.926058704510017"><ele>1920.4</ele></trkpt><trkpt lat="46.12414564206771" lon="7.926071704493328"><ele>1920.5</ele></trkpt><trkpt lat="46.1242626418147" lon="7.926059704287745"><ele>1921.8</ele></trkpt><trkpt lat="46.12428964169881" lon="7.926059704192764"><ele>1922.4</ele></trkpt><trkpt lat="46.1243166414491" lon="7.926072703986583"><ele>1923.7</ele></trkpt><trkpt lat="46.12436164117945" lon="7.926073703765024"><ele>1925.1</ele></trkpt><trkpt lat="46.12440664083327" lon="7.926060703480872"><ele>1926.9</ele></trkpt><trkpt lat="46.124433640679094" lon="7.926035703355399"><ele>1927.7</ele></trkpt><trkpt lat="46.124442640391514" lon="7.92599670312003"><ele>1929.2</ele></trkpt><trkpt lat="46.12442564012403" lon="7.925957702900614"><ele>1930.6</ele></trkpt><trkpt lat="46.124398639952666" lon="7.925931702759698"><ele>1931.5</ele></trkpt><trkpt lat="46.12437163972383" lon="7.925892702571951"><ele>1932.7</ele></trkpt><trkpt lat="46.124353639590346" lon="7.9258537024631766"><ele>1933.4</ele></trkpt><trkpt lat="46.12429163907544" lon="7.925749702041495"><ele>1936.1</ele></trkpt><trkpt lat="46.12424663871306" lon="7.925619701747323"><ele>1938.0</ele></trkpt><trkpt lat="46.12429163848177" lon="7.925632701556843"><ele>1939.2</ele></trkpt><trkpt lat="46.124318638327644" lon="7.92563370143022"><ele>1940.0</ele></trkpt><trkpt lat="46.124318638136145" lon="7.925594701273943"><ele>1941.0</ele></trkpt><trkpt lat="46.12430963790663" lon="7.925555701086113"><ele>1942.2</ele></trkpt><trkpt lat="46.12422063716293" lon="7.925399700477345"><ele>1946.1</ele></trkpt><trkpt lat="46.12420263702944" lon="7.925360700368589"><ele>1946.8</ele></trkpt><trkpt lat="46.12418463685771" lon="7.9253217002282295"><ele>1947.7</ele></trkpt><trkpt lat="46.12424863639592" lon="7.925283699850325"><ele>1950.1</ele></trkpt><trkpt lat="46.124284636356315" lon="7.925283699818512"><ele>1950.3</ele></trkpt><trkpt lat="46.12431163631706" lon="7.925283699786752"><ele>1950.5</ele></trkpt><trkpt lat="46.12433863622034" lon="7.925258699708711"><ele>1951.0</ele></trkpt><trkpt lat="46.12438363593145" lon="7.925219699473185"><ele>1952.5</ele></trkpt><trkpt lat="46.12446463550713" lon="7.92511669912973"><ele>1954.7</ele></trkpt><trkpt lat="46.124491635238066" lon="7.925078698910072"><ele>1956.1</ele></trkpt><trkpt lat="46.12455463489118" lon="7.925065698625867"><ele>1957.9</ele></trkpt><trkpt lat="46.12463563446713" lon="7.925066698277718"><ele>1960.1</ele></trkpt><trkpt lat="46.124716633966464" lon="7.9250676978663614"><ele>1962.7</ele></trkpt><trkpt lat="46.124779633619546" lon="7.92505569758211"><ele>1964.5</ele></trkpt><trkpt lat="46.124824633483826" lon="7.925016697473007"><ele>1965.2</ele></trkpt><trkpt lat="46.12488863328994" lon="7.924978697316351"><ele>1966.2</ele></trkpt><trkpt lat="46.12491563317406" lon="7.9249656972219755"><ele>1966.8</ele></trkpt><trkpt lat="46.124951632942945" lon="7.924914697034476"><ele>1968.0</ele></trkpt><trkpt lat="46.124987632788375" lon="7.9248756969096315"><ele>1968.8</ele></trkpt><trkpt lat="46.125032632652584" lon="7.924837696800489"><ele>1969.5</ele></trkpt><trkpt lat="46.12507763244032" lon="7.924798696628196"><ele>1970.6</ele></trkpt><trkpt lat="46.12513263190211" lon="7.924721696188962"><ele>1973.4</ele></trkpt><trkpt lat="46.12516863174757" lon="7.924696696063484"><ele>1974.2</ele></trkpt><trkpt lat="46.12519563157415" lon="7.9246576959229005"><ele>1975.1</ele></trkpt><trkpt lat="46.12524963124661" lon="7.9245936956569025"><ele>1976.8</ele></trkpt><trkpt lat="46.12530363086156" lon="7.924516695344101"><ele>1978.8</ele></trkpt><trkpt lat="46.125366630552875" lon="7.924478695092663"><ele>1980.4</ele></trkpt><trkpt lat="46.125376630322684" lon="7.924452694904196"><ele>1981.6</ele></trkpt><trkpt lat="46.12543962988002" lon="7.924439694541016"><ele>1983.9</ele></trkpt><trkpt lat="46.12549362955242" lon="7.924388694274438"><ele>1985.6</ele></trkpt><trkpt lat="46.12552062891955" lon="7.924337693755229"><ele>1988.9</ele></trkpt><trkpt lat="46.12557462811343" lon="7.92431169309251"><ele>1993.1</ele></trkpt><trkpt lat="46.12561062793975" lon="7.924286692951257"><ele>1994.0</ele></trkpt><trkpt lat="46.125646627517064" lon="7.9242346926058485"><ele>1996.2</ele></trkpt><trkpt lat="46.12573662693938" lon="7.924235692131277"><ele>1999.2</ele></trkpt><trkpt lat="46.12578262647811" lon="7.924184691754173"><ele>2001.6</ele></trkpt><trkpt lat="46.12589062624413" lon="7.9240946915681105"><ele>2002.8</ele></trkpt><trkpt lat="46.12594462595479" lon="7.924043691333167"><ele>2004.3</ele></trkpt><trkpt lat="46.12594462578239" lon="7.924004691192782"><ele>2005.2</ele></trkpt><trkpt lat="46.12593562566776" lon="7.9239656910998555"><ele>2005.8</ele></trkpt><trkpt lat="46.125900625343434" lon="7.923900690834495"><ele>2007.5</ele></trkpt><trkpt lat="46.125900625266695" lon="7.923848690773719"><ele>2007.9</ele></trkpt><trkpt lat="46.12589162530525" lon="7.923809690807184"><ele>2007.7</ele></trkpt><trkpt lat="46.12588262534371" lon="7.9237586908412005"><ele>2007.5</ele></trkpt><trkpt lat="46.12589162522847" lon="7.923732690747568"><ele>2008.1</ele></trkpt><trkpt lat="46.12591062509365" lon="7.923693690638678"><ele>2008.8</ele></trkpt><trkpt lat="46.1259376250925" lon="7.923642690640887"><ele>2008.8</ele></trkpt><trkpt lat="46.1259646250146" lon="7.923526690582928"><ele>2009.2</ele></trkpt><trkpt lat="46.12598362514767" lon="7.923422690698238"><ele>2008.5</ele></trkpt><trkpt lat="46.12600162489771" lon="7.923267690499969"><ele>2009.8</ele></trkpt><trkpt lat="46.12600162489771" lon="7.923267690499969"><ele>2009.8</ele></trkpt><trkpt lat="46.126020624896924" lon="7.923228690501669"><ele>2009.8</ele></trkpt><trkpt lat="46.12603862485782" lon="7.923177690472338"><ele>2010.0</ele></trkpt><trkpt lat="46.12610162481717" lon="7.923152690441534"><ele>2010.2</ele></trkpt><trkpt lat="46.12611962466319" lon="7.923100690317471"><ele>2011.0</ele></trkpt><trkpt lat="46.12611962449071" lon="7.923048690177719"><ele>2011.9</ele></trkpt><trkpt lat="46.126219624007966" lon="7.922907689788773"><ele>2014.4</ele></trkpt><trkpt lat="46.12628262400539" lon="7.922817689792597"><ele>2014.4</ele></trkpt><trkpt lat="46.12636462367645" lon="7.922649689531405"><ele>2016.1</ele></trkpt><trkpt lat="46.12648162267607" lon="7.922495688716518"><ele>2021.3</ele></trkpt><trkpt lat="46.12650062244558" lon="7.922469688528072"><ele>2022.5</ele></trkpt><trkpt lat="46.126581621906325" lon="7.922431688087091"><ele>2025.3</ele></trkpt><trkpt lat="46.12669862182515" lon="7.922342688027384"><ele>2025.7</ele></trkpt><trkpt lat="46.12687962208604" lon="7.922188688254649"><ele>2024.3</ele></trkpt><trkpt lat="46.12692462225656" lon="7.922124688399536"><ele>2023.4</ele></trkpt><trkpt lat="46.1269516219489" lon="7.9220346881508705"><ele>2025.0</ele></trkpt><trkpt lat="46.12698862164096" lon="7.921956687901595"><ele>2026.6</ele></trkpt><trkpt lat="46.12701562108447" lon="7.921866687447622"><ele>2029.5</ele></trkpt><trkpt lat="46.12702462089251" lon="7.921814687292072"><ele>2030.5</ele></trkpt><trkpt lat="46.12706962071841" lon="7.921776687151433"><ele>2031.4</ele></trkpt><trkpt lat="46.12716062044667" lon="7.921686686934008"><ele>2032.8</ele></trkpt><trkpt lat="46.12718762027317" lon="7.9216356867941"><ele>2033.7</ele></trkpt><trkpt lat="46.12724162007951" lon="7.921570686638902"><ele>2034.7</ele></trkpt><trkpt lat="46.12726861992512" lon="7.921506686515403"><ele>2035.5</ele></trkpt><trkpt lat="46.127341619749785" lon="7.921390686378296"><ele>2036.4</ele></trkpt><trkpt lat="46.127395619805085" lon="7.921352686427138"><ele>2036.1</ele></trkpt><trkpt lat="46.127440619764876" lon="7.921262686399524"><ele>2036.3</ele></trkpt><trkpt lat="46.12749561985828" lon="7.921171686482447"><ele>2035.8</ele></trkpt><trkpt lat="46.127486619973354" lon="7.9210946865808864"><ele>2035.2</ele></trkpt><trkpt lat="46.127477620030994" lon="7.921042686630772"><ele>2034.9</ele></trkpt><trkpt lat="46.12748762027932" lon="7.920939686840863"><ele>2033.6</ele></trkpt><trkpt lat="46.12751462041215" lon="7.920874686954301"><ele>2032.9</ele></trkpt><trkpt lat="46.12755062033398" lon="7.920784686895153"><ele>2033.3</ele></trkpt><trkpt lat="46.12755962019946" lon="7.920732686787009"><ele>2034.0</ele></trkpt><trkpt lat="46.12758762017912" lon="7.920681686773449"><ele>2034.1</ele></trkpt><trkpt lat="46.12760562008258" lon="7.920616686697444"><ele>2034.6</ele></trkpt><trkpt lat="46.127659619812235" lon="7.920539686479668"><ele>2036.0</ele></trkpt><trkpt lat="46.127705619810364" lon="7.920475686482408"><ele>2036.0</ele></trkpt><trkpt lat="46.12773261984755" lon="7.920436686515666"><ele>2035.8</ele></trkpt><trkpt lat="46.12777761997979" lon="7.9204116866271095"><ele>2035.1</ele></trkpt><trkpt lat="46.127804620131776" lon="7.92033368675695"><ele>2034.3</ele></trkpt><trkpt lat="46.12782262013097" lon="7.9202956867586325"><ele>2034.3</ele></trkpt><trkpt lat="46.12784962014916" lon="7.92029568677426"><ele>2034.2</ele></trkpt><trkpt lat="46.12787662009058" lon="7.92025668672856"><ele>2034.5</ele></trkpt><trkpt lat="46.127904619897954" lon="7.920218686572278"><ele>2035.5</ele></trkpt><trkpt lat="46.12792261972476" lon="7.920153686433118"><ele>2036.4</ele></trkpt><trkpt lat="46.12797661964602" lon="7.920115686371426"><ele>2036.8</ele></trkpt><trkpt lat="46.12802161960604" lon="7.920115686339573"><ele>2037.0</ele></trkpt><trkpt lat="46.12806661954692" lon="7.920103686292491"><ele>2037.3</ele></trkpt><trkpt lat="46.128093619335075" lon="7.920051686121089"><ele>2038.4</ele></trkpt><trkpt lat="46.12812961914212" lon="7.920026685964152"><ele>2039.4</ele></trkpt><trkpt lat="46.12816561906411" lon="7.920000685902"><ele>2039.8</ele></trkpt><trkpt lat="46.12818461896754" lon="7.91994868582539"><ele>2040.3</ele></trkpt><trkpt lat="46.12823861888884" lon="7.919910685763701"><ele>2040.7</ele></trkpt><trkpt lat="46.12828361871459" lon="7.919846685624347"><ele>2041.6</ele></trkpt><trkpt lat="46.128337618674145" lon="7.919807685594281"><ele>2041.8</ele></trkpt><trkpt lat="46.128364618577336" lon="7.919782685516353"><ele>2042.3</ele></trkpt><trkpt lat="46.12837361844284" lon="7.919743685407616"><ele>2043.0</ele></trkpt><trkpt lat="46.12840061834594" lon="7.919705685330304"><ele>2043.5</ele></trkpt><trkpt lat="46.128437618325336" lon="7.91967968531552"><ele>2043.6</ele></trkpt><trkpt lat="46.128473618285675" lon="7.919666685284341"><ele>2043.8</ele></trkpt><trkpt lat="46.12850061830374" lon="7.919641685301148"><ele>2043.7</ele></trkpt><trkpt lat="46.12855461832059" lon="7.919551685320874"><ele>2043.6</ele></trkpt><trkpt lat="46.12858161845353" lon="7.919512685433079"><ele>2042.9</ele></trkpt><trkpt lat="46.128635618279034" lon="7.919474685292445"><ele>2043.8</ele></trkpt><trkpt lat="46.12868961810453" lon="7.919448685151249"><ele>2044.7</ele></trkpt><trkpt lat="46.12873461814118" lon="7.919449685182505"><ele>2044.5</ele></trkpt><trkpt lat="46.12887861794419" lon="7.919424685024933"><ele>2045.5</ele></trkpt><trkpt lat="46.129103617935655" lon="7.919426685023469"><ele>2045.5</ele></trkpt><trkpt lat="46.129157617972" lon="7.919439685054107"><ele>2045.3</ele></trkpt><trkpt lat="46.12921161795088" lon="7.919479685036097"><ele>2045.4</ele></trkpt><trkpt lat="46.12927461787194" lon="7.919492684971942"><ele>2045.8</ele></trkpt><trkpt lat="46.12931961798517" lon="7.9194936850663575"><ele>2045.2</ele></trkpt><trkpt lat="46.12937361792566" lon="7.919493685018665"><ele>2045.5</ele></trkpt><trkpt lat="46.129400617848084" lon="7.919519684954112"><ele>2045.9</ele></trkpt><trkpt lat="46.12943661769361" lon="7.919545684826345"><ele>2046.7</ele></trkpt><trkpt lat="46.12946261750118" lon="7.919585684666398"><ele>2047.7</ele></trkpt><trkpt lat="46.12948961738538" lon="7.919624684569647"><ele>2048.3</ele></trkpt><trkpt lat="46.129516617480164" lon="7.919650684647201"><ele>2047.8</ele></trkpt><trkpt lat="46.12957961730542" lon="7.919663684504091"><ele>2048.7</ele></trkpt><trkpt lat="46.129615617514894" lon="7.919702684675712"><ele>2047.6</ele></trkpt><trkpt lat="46.12972361797056" lon="7.91974268505212"><ele>2045.2</ele></trkpt><trkpt lat="46.12976861812213" lon="7.919755685177551"><ele>2044.4</ele></trkpt><trkpt lat="46.12976861812213" lon="7.919755685177551"><ele>2044.4</ele></trkpt><trkpt lat="46.129804618139936" lon="7.919769685192462"><ele>2044.3</ele></trkpt><trkpt lat="46.129848618061764" lon="7.919782685128418"><ele>2044.7</ele></trkpt><trkpt lat="46.129875617926665" lon="7.919782685017723"><ele>2045.4</ele></trkpt><trkpt lat="46.12992061773342" lon="7.919783684859506"><ele>2046.4</ele></trkpt><trkpt lat="46.12995661746388" lon="7.919796684637603"><ele>2047.8</ele></trkpt><trkpt lat="46.12998361725226" lon="7.919809684463133"><ele>2048.9</ele></trkpt><trkpt lat="46.13001961704019" lon="7.919809684289227"><ele>2050.0</ele></trkpt><trkpt lat="46.13005561684728" lon="7.919797684131674"><ele>2051.0</ele></trkpt><trkpt lat="46.13010061648162" lon="7.919797683831388"><ele>2052.9</ele></trkpt><trkpt lat="46.13022661567241" lon="7.919798683167388"><ele>2057.1</ele></trkpt><trkpt lat="46.13028061540216" lon="7.919786682946566"><ele>2058.5</ele></trkpt><trkpt lat="46.130343615323156" lon="7.919786682883026"><ele>2058.9</ele></trkpt><trkpt lat="46.13042461520516" lon="7.919800682787119"><ele>2059.5</ele></trkpt><trkpt lat="46.1304696150311" lon="7.919813682644113"><ele>2060.4</ele></trkpt><trkpt lat="46.13050561495317" lon="7.919814682580686"><ele>2060.8</ele></trkpt><trkpt lat="46.13055061474074" lon="7.919840682405472"><ele>2061.9</ele></trkpt><trkpt lat="46.13058661454792" lon="7.919866682246111"><ele>2062.9</ele></trkpt><trkpt lat="46.130622614355026" lon="7.919866682087985"><ele>2063.9</ele></trkpt><trkpt lat="46.13067661408488" lon="7.919906681864678"><ele>2065.3</ele></trkpt><trkpt lat="46.1307126139686" lon="7.919906681769713"><ele>2065.9</ele></trkpt><trkpt lat="46.13074761390979" lon="7.919906681722127"><ele>2066.2</ele></trkpt><trkpt lat="46.13083861373387" lon="7.919881681580651"><ele>2067.1</ele></trkpt><trkpt lat="46.13090161350158" lon="7.919882681390729"><ele>2068.3</ele></trkpt><trkpt lat="46.13095461346134" lon="7.919895681358206"><ele>2068.5</ele></trkpt><trkpt lat="46.13098161340282" lon="7.919895681310666"><ele>2068.8</ele></trkpt><trkpt lat="46.131017613075784" lon="7.919883681042584"><ele>2070.5</ele></trkpt><trkpt lat="46.13106261305491" lon="7.919883681026512"><ele>2070.6</ele></trkpt><trkpt lat="46.13108961280482" lon="7.9198716808216485"><ele>2071.9</ele></trkpt><trkpt lat="46.13116261280198" lon="7.919858680821827"><ele>2071.9</ele></trkpt><trkpt lat="46.13123461274165" lon="7.919820680775837"><ele>2072.2</ele></trkpt><trkpt lat="46.13127961250997" lon="7.9197826805878995"><ele>2073.4</ele></trkpt><trkpt lat="46.13134261245005" lon="7.919756680541392"><ele>2073.7</ele></trkpt><trkpt lat="46.1314776122916" lon="7.919745680414767"><ele>2074.5</ele></trkpt><trkpt lat="46.13154961219288" lon="7.919681680338451"><ele>2075.0</ele></trkpt><trkpt lat="46.13171161203316" lon="7.9195786802160875"><ele>2075.8</ele></trkpt><trkpt lat="46.13174861187834" lon="7.919527680091995"><ele>2076.6</ele></trkpt><trkpt lat="46.1319016116997" lon="7.919399679955105"><ele>2077.5</ele></trkpt><trkpt lat="46.13198361152392" lon="7.919296679817454"><ele>2078.4</ele></trkpt><trkpt lat="46.1320376114642" lon="7.919232679772836"><ele>2078.7</ele></trkpt><trkpt lat="46.13215461138282" lon="7.9191426797132936"><ele>2079.1</ele></trkpt><trkpt lat="46.13226261120602" lon="7.919053679574815"><ele>2080.0</ele></trkpt><trkpt lat="46.13236261093378" lon="7.918989679356242"><ele>2081.4</ele></trkpt><trkpt lat="46.13246161043167" lon="7.9188996789494706"><ele>2084.0</ele></trkpt><trkpt lat="46.13253361021806" lon="7.918861678777191"><ele>2085.1</ele></trkpt><trkpt lat="46.13262360981199" lon="7.918758678450053"><ele>2087.2</ele></trkpt><trkpt lat="46.13271460952092" lon="7.918682678216346"><ele>2088.7</ele></trkpt><trkpt lat="46.1328046095173" lon="7.918631678218261"><ele>2088.7</ele></trkpt><trkpt lat="46.13286760938047" lon="7.918528678112342"><ele>2089.4</ele></trkpt><trkpt lat="46.132913609321015" lon="7.918437678069103"><ele>2089.7</ele></trkpt><trkpt lat="46.13297660926093" lon="7.9183736780244445"><ele>2090.0</ele></trkpt><trkpt lat="46.133012609240225" lon="7.918322678010905"><ele>2090.1</ele></trkpt><trkpt lat="46.13304060906648" lon="7.918232677873008"><ele>2091.0</ele></trkpt><trkpt lat="46.13308560900718" lon="7.9181806778278885"><ele>2091.3</ele></trkpt><trkpt lat="46.13319360884944" lon="7.918091677705241"><ele>2092.1</ele></trkpt><trkpt lat="46.13324760867469" lon="7.918013677566606"><ele>2093.0</ele></trkpt><trkpt lat="46.13333860847931" lon="7.917898677413751"><ele>2094.0</ele></trkpt><trkpt lat="46.133419608207646" lon="7.917795677197246"><ele>2095.4</ele></trkpt><trkpt lat="46.13343760807275" lon="7.917756677088526"><ele>2096.1</ele></trkpt><trkpt lat="46.13346460795667" lon="7.917731676994853"><ele>2096.7</ele></trkpt><trkpt lat="46.133492607859644" lon="7.917679676918278"><ele>2097.2</ele></trkpt><trkpt lat="46.13352860772401" lon="7.9176286768100335"><ele>2097.9</ele></trkpt><trkpt lat="46.13357360764542" lon="7.91756367674977"><ele>2098.3</ele></trkpt><trkpt lat="46.13355560732029" lon="7.91751167648406"><ele>2100.0</ele></trkpt><trkpt lat="46.13356560697481" lon="7.9174476762029755"><ele>2101.8</ele></trkpt><trkpt lat="46.133583606686585" lon="7.917395675968616"><ele>2103.3</ele></trkpt><trkpt lat="46.1335926064945" lon="7.917344675813194"><ele>2104.3</ele></trkpt><trkpt lat="46.133610606455385" lon="7.917305675783414"><ele>2104.5</ele></trkpt><trkpt lat="46.13361060618697" lon="7.917240675565596"><ele>2105.9</ele></trkpt><trkpt lat="46.133629606032834" lon="7.917202675441055"><ele>2106.7</ele></trkpt><trkpt lat="46.13369260585775" lon="7.917124675302411"><ele>2107.6</ele></trkpt><trkpt lat="46.13375560581676" lon="7.91704767527421"><ele>2107.8</ele></trkpt><trkpt lat="46.13381860573754" lon="7.916996675213171"><ele>2108.2</ele></trkpt><trkpt lat="46.13386460554389" lon="7.916919675058806"><ele>2109.2</ele></trkpt><trkpt lat="46.13391860554164" lon="7.916842675062233"><ele>2109.2</ele></trkpt><trkpt lat="46.13396360538636" lon="7.916765674939445"><ele>2110.0</ele></trkpt><trkpt lat="46.13408160505561" lon="7.916610674677968"><ele>2111.7</ele></trkpt><trkpt lat="46.134126604938785" lon="7.916572674584848"><ele>2112.3</ele></trkpt><trkpt lat="46.13417160478365" lon="7.916533674460211"><ele>2113.1</ele></trkpt><trkpt lat="46.13423560476168" lon="7.916418674449659"><ele>2113.2</ele></trkpt><trkpt lat="46.13427160462591" lon="7.916327674343412"><ele>2113.9</ele></trkpt><trkpt lat="46.13440760454345" lon="7.91613467428889"><ele>2114.3</ele></trkpt><trkpt lat="46.13446160454101" lon="7.916018674294236"><ele>2114.3</ele></trkpt><trkpt lat="46.134516604538575" lon="7.915928674298299"><ele>2114.3</ele></trkpt><trkpt lat="46.13454360423071" lon="7.915838674050036"><ele>2115.9</ele></trkpt><trkpt lat="46.13457960396077" lon="7.915735673833919"><ele>2117.3</ele></trkpt><trkpt lat="46.134625603824496" lon="7.915606673729491"><ele>2118.0</ele></trkpt><trkpt lat="46.134679603745575" lon="7.915542673669171"><ele>2118.4</ele></trkpt><trkpt lat="46.13474260364713" lon="7.915477673593065"><ele>2118.9</ele></trkpt><trkpt lat="46.1347796035688" lon="7.915400673533494"><ele>2119.3</ele></trkpt><trkpt lat="46.13482460345191" lon="7.9153366734416695"><ele>2119.9</ele></trkpt><trkpt lat="46.134851603354896" lon="7.915284673365153"><ele>2120.4</ele></trkpt><trkpt lat="46.134896603161344" lon="7.915233673209576"><ele>2121.4</ele></trkpt><trkpt lat="46.134896603161344" lon="7.915233673209576"><ele>2121.4</ele></trkpt><trkpt lat="46.13497760304331" lon="7.915272673112466"><ele>2122.0</ele></trkpt><trkpt lat="46.13502260300338" lon="7.915325673078017"><ele>2122.2</ele></trkpt><trkpt lat="46.135067602905785" lon="7.91531267299947"><ele>2122.7</ele></trkpt><trkpt lat="46.13511260290392" lon="7.915287673000418"><ele>2122.7</ele></trkpt><trkpt lat="46.13518460284346" lon="7.915222672955823"><ele>2123.0</ele></trkpt><trkpt lat="46.13523960276435" lon="7.915119672897423"><ele>2123.4</ele></trkpt><trkpt lat="46.135320602664976" lon="7.9149786728249545"><ele>2123.9</ele></trkpt><trkpt lat="46.135393602431726" lon="7.914823672642775"><ele>2125.1</ele></trkpt><trkpt lat="46.13544860210327" lon="7.914630672383693"><ele>2126.8</ele></trkpt><trkpt lat="46.13556860088928" lon="7.913919671424012"><ele>2133.1</ele></trkpt><trkpt lat="46.135641600368224" lon="7.913648671010983"><ele>2135.8</ele></trkpt><trkpt lat="46.13572260036467" lon="7.913506671017501"><ele>2135.8</ele></trkpt><trkpt lat="46.13579560003559" lon="7.9133526707564705"><ele>2137.5</ele></trkpt><trkpt lat="46.135849599745626" lon="7.913223670525883"><ele>2139.0</ele></trkpt><trkpt lat="46.135895599724435" lon="7.913158670513041"><ele>2139.1</ele></trkpt><trkpt lat="46.135931599588766" lon="7.913120670404272"><ele>2139.8</ele></trkpt><trkpt lat="46.13593159947367" lon="7.913094670310907"><ele>2140.4</ele></trkpt><trkpt lat="46.135940599377385" lon="7.913042670234552"><ele>2140.9</ele></trkpt><trkpt lat="46.13593259928152" lon="7.91291367016213"><ele>2141.4</ele></trkpt><trkpt lat="46.13593259926216" lon="7.912822670150874"><ele>2141.5</ele></trkpt><trkpt lat="46.135932599146955" lon="7.91275767005945"><ele>2142.1</ele></trkpt><trkpt lat="46.1359505991078" lon="7.912706670030322"><ele>2142.3</ele></trkpt><trkpt lat="46.13598759885708" lon="7.912680669826311"><ele>2143.6</ele></trkpt><trkpt lat="46.13601459879845" lon="7.912655669780057"><ele>2143.9</ele></trkpt><trkpt lat="46.13605959852832" lon="7.912642669559576"><ele>2145.3</ele></trkpt><trkpt lat="46.13614059795015" lon="7.912643669085781"><ele>2148.3</ele></trkpt><trkpt lat="46.136176597757085" lon="7.912643668927806"><ele>2149.3</ele></trkpt><trkpt lat="46.13621259769803" lon="7.91260566888215"><ele>2149.6</ele></trkpt><trkpt lat="46.13623959762018" lon="7.912553668821471"><ele>2150.0</ele></trkpt><trkpt lat="46.13627559752271" lon="7.9124766687462085"><ele>2150.5</ele></trkpt><trkpt lat="46.13632159738645" lon="7.912373668640636"><ele>2151.2</ele></trkpt><trkpt lat="46.1363485972894" lon="7.912321668564195"><ele>2151.7</ele></trkpt><trkpt lat="46.1364025971146" lon="7.912270668424426"><ele>2152.6</ele></trkpt><trkpt lat="46.13642959690265" lon="7.912244668252046"><ele>2153.7</ele></trkpt><trkpt lat="46.13648359682367" lon="7.912193668191156"><ele>2154.1</ele></trkpt><trkpt lat="46.136574596148876" lon="7.912064667644958"><ele>2157.6</ele></trkpt><trkpt lat="46.13668259589502" lon="7.911923667446278"><ele>2158.9</ele></trkpt><trkpt lat="46.13676459562316" lon="7.911820667230094"><ele>2160.3</ele></trkpt><trkpt lat="46.136827595505345" lon="7.911730667139564"><ele>2160.9</ele></trkpt><trkpt lat="46.13687259548427" lon="7.91166666712671"><ele>2161.0</ele></trkpt><trkpt lat="46.13690959521421" lon="7.911575666910228"><ele>2162.4</ele></trkpt><trkpt lat="46.13694559496341" lon="7.911511666708174"><ele>2163.7</ele></trkpt><trkpt lat="46.13696359480926" lon="7.911472666583838"><ele>2164.5</ele></trkpt><trkpt lat="46.13701759467277" lon="7.9114216664756505"><ele>2165.2</ele></trkpt><trkpt lat="46.13704559470984" lon="7.911370666509575"><ele>2165.0</ele></trkpt><trkpt lat="46.1370725946128" lon="7.9113186664331545"><ele>2165.5</ele></trkpt><trkpt lat="46.137126594495435" lon="7.9112546663413985"><ele>2166.1</ele></trkpt><trkpt lat="46.13714459445633" lon="7.911228666311047"><ele>2166.3</ele></trkpt><trkpt lat="46.1371535943984" lon="7.911202666264982"><ele>2166.6</ele></trkpt><trkpt lat="46.137162594302104" lon="7.911164666187975"><ele>2167.1</ele></trkpt><trkpt lat="46.13718159399455" lon="7.911125665937478"><ele>2168.7</ele></trkpt><trkpt lat="46.137280593549384" lon="7.910996665580604"><ele>2171.0</ele></trkpt><trkpt lat="46.13735259325899" lon="7.91099766534353"><ele>2172.5</ele></trkpt><trkpt lat="46.13743359308317" lon="7.910985665201679"><ele>2173.4</ele></trkpt><trkpt lat="46.137496592984796" lon="7.9109856651224195"><ele>2173.9</ele></trkpt><trkpt lat="46.13758659277026" lon="7.910947664950277"><ele>2175.0</ele></trkpt><trkpt lat="46.13764059280636" lon="7.910922664982737"><ele>2174.8</ele></trkpt><trkpt lat="46.13772259263026" lon="7.910819664845469"><ele>2175.7</ele></trkpt><trkpt lat="46.137740592706066" lon="7.910767664911062"><ele>2175.3</ele></trkpt><trkpt lat="46.13774959272475" lon="7.910729664928688"><ele>2175.2</ele></trkpt><trkpt lat="46.13779459297179" lon="7.910613665139261"><ele>2173.9</ele></trkpt><trkpt lat="46.13780459299048" lon="7.910574665156935"><ele>2173.8</ele></trkpt><trkpt lat="46.137813592989986" lon="7.9105356651588385"><ele>2173.8</ele></trkpt><trkpt lat="46.13783159298921" lon="7.910509665160038"><ele>2173.8</ele></trkpt><trkpt lat="46.13786759310274" lon="7.9104846652556855"><ele>2173.2</ele></trkpt><trkpt lat="46.1379215930621" lon="7.910445665225764"><ele>2173.4</ele></trkpt><trkpt lat="46.13797559313646" lon="7.91039466529107"><ele>2173.0</ele></trkpt><trkpt lat="46.13800259332706" lon="7.910381665449246"><ele>2172.0</ele></trkpt><trkpt lat="46.13805659378491" lon="7.910369665827973"><ele>2169.6</ele></trkpt><trkpt lat="46.13808359399467" lon="7.910369666001266"><ele>2168.5</ele></trkpt><trkpt lat="46.13811959416577" lon="7.910370666142908"><ele>2167.6</ele></trkpt><trkpt lat="46.13813759420335" lon="7.910357666174985"><ele>2167.4</ele></trkpt><trkpt lat="46.138164594125456" lon="7.910305666114349"><ele>2167.8</ele></trkpt><trkpt lat="46.138164594125456" lon="7.910305666114349"><ele>2167.8</ele></trkpt><trkpt lat="46.138201593970464" lon="7.910254665990525"><ele>2168.6</ele></trkpt><trkpt lat="46.13823759396894" lon="7.9102286659916"><ele>2168.6</ele></trkpt><trkpt lat="46.13827359396751" lon="7.910229665991322"><ele>2168.6</ele></trkpt><trkpt lat="46.13829159396687" lon="7.910255665989898"><ele>2168.6</ele></trkpt><trkpt lat="46.13829159396687" lon="7.910255665989898"><ele>2168.6</ele></trkpt><trkpt lat="46.13829959400495" lon="7.9102936660194745"><ele>2168.4</ele></trkpt><trkpt lat="46.138317594023576" lon="7.910332666033164"><ele>2168.3</ele></trkpt><trkpt lat="46.13834459404166" lon="7.910346666048058"><ele>2168.2</ele></trkpt><trkpt lat="46.13834459404166" lon="7.910346666048058"><ele>2168.2</ele></trkpt><trkpt lat="46.13840759407746" lon="7.910333666079849"><ele>2168.0</ele></trkpt><trkpt lat="46.13840759407746" lon="7.910333666079849"><ele>2168.0</ele></trkpt><trkpt lat="46.138425594057665" lon="7.910372666062003"><ele>2168.1</ele></trkpt><trkpt lat="46.138469593998856" lon="7.910541666005914"><ele>2168.4</ele></trkpt><trkpt lat="46.13849659411295" lon="7.910593666097746"><ele>2167.8</ele></trkpt><trkpt lat="46.13854159391954" lon="7.910632665937795"><ele>2168.8</ele></trkpt><trkpt lat="46.138586593649485" lon="7.9106716657147595"><ele>2170.2</ele></trkpt><trkpt lat="46.138631593360124" lon="7.9106856654772075"><ele>2171.7</ele></trkpt><trkpt lat="46.13867659312831" lon="7.910698665287024"><ele>2172.9</ele></trkpt><trkpt lat="46.13873059320289" lon="7.910711665349104"><ele>2172.5</ele></trkpt><trkpt lat="46.13875659297193" lon="7.910750665157725"><ele>2173.7</ele></trkpt><trkpt lat="46.13876559304845" lon="7.910828665216818"><ele>2173.3</ele></trkpt><trkpt lat="46.138819593046534" lon="7.910919665211884"><ele>2173.3</ele></trkpt><trkpt lat="46.13884559302638" lon="7.9109456651946335"><ele>2173.4</ele></trkpt><trkpt lat="46.13888159302502" lon="7.910971665193094"><ele>2173.4</ele></trkpt><trkpt lat="46.13895359294549" lon="7.910985665128839"><ele>2173.8</ele></trkpt><trkpt lat="46.1389895929249" lon="7.910998665112183"><ele>2173.9</ele></trkpt><trkpt lat="46.139034592903954" lon="7.910999665096073"><ele>2174.0</ele></trkpt><trkpt lat="46.139052593018306" lon="7.911038665188616"><ele>2173.4</ele></trkpt><trkpt lat="46.139079593074854" lon="7.9110646652344485"><ele>2173.1</ele></trkpt><trkpt lat="46.13909759313163" lon="7.911064665281646"><ele>2172.8</ele></trkpt><trkpt lat="46.13911559332268" lon="7.9110906654379365"><ele>2171.8</ele></trkpt><trkpt lat="46.13913359336034" lon="7.911103665468714"><ele>2171.6</ele></trkpt><trkpt lat="46.13913259339889" lon="7.9111556654976445"><ele>2171.4</ele></trkpt><trkpt lat="46.139141593245164" lon="7.911168665370754"><ele>2172.2</ele></trkpt><trkpt lat="46.139168593052325" lon="7.911155665213521"><ele>2173.2</ele></trkpt><trkpt lat="46.13919659268677" lon="7.911091664916905"><ele>2175.1</ele></trkpt><trkpt lat="46.1392145925134" lon="7.9110526647768165"><ele>2176.0</ele></trkpt><trkpt lat="46.13923259247433" lon="7.911052664745157"><ele>2176.2</ele></trkpt><trkpt lat="46.13926859237713" lon="7.91107866466476"><ele>2176.7</ele></trkpt><trkpt lat="46.13931359197268" lon="7.911066664333871"><ele>2178.8</ele></trkpt><trkpt lat="46.139313591838416" lon="7.9110406642247835"><ele>2179.5</ele></trkpt><trkpt lat="46.13930459160861" lon="7.911001664037559"><ele>2180.7</ele></trkpt><trkpt lat="46.13931359155067" lon="7.910988663990845"><ele>2181.0</ele></trkpt><trkpt lat="46.13934959141505" lon="7.9110016638795555"><ele>2181.7</ele></trkpt><trkpt lat="46.139367591165104" lon="7.9109896636750205"><ele>2183.0</ele></trkpt><trkpt lat="46.139403591010336" lon="7.9110156635473015"><ele>2183.8</ele></trkpt><trkpt lat="46.13943959091303" lon="7.911015663468211"><ele>2184.3</ele></trkpt><trkpt lat="46.13951159062252" lon="7.911003663231784"><ele>2185.8</ele></trkpt><trkpt lat="46.13961959019639" lon="7.911017662883409"><ele>2188.0</ele></trkpt><trkpt lat="46.13966459002201" lon="7.910991662742496"><ele>2188.9</ele></trkpt><trkpt lat="46.139709589770916" lon="7.910991662537177"><ele>2190.2</ele></trkpt><trkpt lat="46.13974558961616" lon="7.9110186624094"><ele>2191.0</ele></trkpt><trkpt lat="46.13979958938385" lon="7.910992662221113"><ele>2192.2</ele></trkpt><trkpt lat="46.139853589362495" lon="7.911006662204285"><ele>2192.3</ele></trkpt><trkpt lat="46.13988058939983" lon="7.911019662234988"><ele>2192.1</ele></trkpt><trkpt lat="46.13999758931839" lon="7.911020662171097"><ele>2192.5</ele></trkpt><trkpt lat="46.140042589124725" lon="7.9109816620150735"><ele>2193.5</ele></trkpt><trkpt lat="46.140087589122906" lon="7.910982662014732"><ele>2193.5</ele></trkpt><trkpt lat="46.14016858894692" lon="7.910931661874861"><ele>2194.4</ele></trkpt><trkpt lat="46.1402765887892" lon="7.910945661747275"><ele>2195.2</ele></trkpt><trkpt lat="46.140312588711055" lon="7.910945661683957"><ele>2195.6</ele></trkpt><trkpt lat="46.14041158864942" lon="7.9109206616372765"><ele>2195.9</ele></trkpt><trkpt lat="46.140438588590804" lon="7.910920661589789"><ele>2196.2</ele></trkpt><trkpt lat="46.140474588416865" lon="7.910946661446285"><ele>2197.1</ele></trkpt><trkpt lat="46.14051058826209" lon="7.9109736613185015"><ele>2197.9</ele></trkpt><trkpt lat="46.140545588107365" lon="7.91099966119078"><ele>2198.7</ele></trkpt><trkpt lat="46.140572588029634" lon="7.911025661126193"><ele>2199.1</ele></trkpt><trkpt lat="46.140599588086104" lon="7.911038661172666"><ele>2198.8</ele></trkpt><trkpt lat="46.14061758814285" lon="7.91102566122053"><ele>2198.5</ele></trkpt><trkpt lat="46.140680588312726" lon="7.910974661364665"><ele>2197.6</ele></trkpt><trkpt lat="46.14069958831182" lon="7.910935661366531"><ele>2197.6</ele></trkpt><trkpt lat="46.140726588406395" lon="7.910858661449138"><ele>2197.1</ele></trkpt><trkpt lat="46.14076258844305" lon="7.910768661485035"><ele>2196.9</ele></trkpt><trkpt lat="46.140771588385114" lon="7.910755661438325"><ele>2197.2</ele></trkpt><trkpt lat="46.14078058834635" lon="7.910729661408049"><ele>2197.4</ele></trkpt><trkpt lat="46.1407995882495" lon="7.910664661332386"><ele>2197.9</ele></trkpt><trkpt lat="46.140826588305956" lon="7.910665661379472"><ele>2197.6</ele></trkpt><trkpt lat="46.1408705884195" lon="7.910782661467848"><ele>2197.0</ele></trkpt><trkpt lat="46.14088858853395" lon="7.910821661560369"><ele>2196.4</ele></trkpt><trkpt lat="46.140933588302104" lon="7.910847661369498"><ele>2197.6</ele></trkpt><trkpt lat="46.14094258830182" lon="7.910873661368115"><ele>2197.6</ele></trkpt><trkpt lat="46.14096858858854" lon="7.9109386616012065"><ele>2196.1</ele></trkpt><trkpt lat="46.14100458872151" lon="7.9110036617080635"><ele>2195.4</ele></trkpt><trkpt lat="46.141031588816475" lon="7.91106866178344"><ele>2194.9</ele></trkpt><trkpt lat="46.1410495889309" lon="7.911120661875304"><ele>2194.3</ele></trkpt><trkpt lat="46.14108458896798" lon="7.911172661903977"><ele>2194.1</ele></trkpt><trkpt lat="46.14112058900502" lon="7.911224661932642"><ele>2193.9</ele></trkpt><trkpt lat="46.14116558909921" lon="7.911276662008565"><ele>2193.4</ele></trkpt><trkpt lat="46.14121958919295" lon="7.9112896620864195"><ele>2192.9</ele></trkpt><trkpt lat="46.14127358930577" lon="7.911290662180654"><ele>2192.3</ele></trkpt><trkpt lat="46.14131858939978" lon="7.911264662260546"><ele>2191.8</ele></trkpt><trkpt lat="46.14137258943586" lon="7.911226662293674"><ele>2191.6</ele></trkpt><trkpt lat="46.141408589511045" lon="7.9112136623571905"><ele>2191.2</ele></trkpt><trkpt lat="46.14144458962459" lon="7.911188662452863"><ele>2190.6</ele></trkpt><trkpt lat="46.141498589756544" lon="7.9111626625642435"><ele>2189.9</ele></trkpt><trkpt lat="46.141525589812964" lon="7.911162662611383"><ele>2189.6</ele></trkpt><trkpt lat="46.141633590019566" lon="7.911163662784131"><ele>2188.5</ele></trkpt><trkpt lat="46.14168759013247" lon="7.9111906628770425"><ele>2187.9</ele></trkpt><trkpt lat="46.14170559018938" lon="7.911216662922925"><ele>2187.6</ele></trkpt><trkpt lat="46.14175959024475" lon="7.911229662969234"><ele>2187.3</ele></trkpt><trkpt lat="46.14181359033844" lon="7.911217663048359"><ele>2186.8</ele></trkpt><trkpt lat="46.14191259054526" lon="7.911192663222486"><ele>2185.7</ele></trkpt><trkpt lat="46.141957590639365" lon="7.911192663301058"><ele>2185.2</ele></trkpt><trkpt lat="46.14201159079064" lon="7.911206663426181"><ele>2184.4</ele></trkpt><trkpt lat="46.14206559092274" lon="7.911232663534922"><ele>2183.7</ele></trkpt><trkpt lat="46.142101590959655" lon="7.911232663566236"><ele>2183.5</ele></trkpt><trkpt lat="46.14215559109176" lon="7.911259663674932"><ele>2182.8</ele></trkpt><trkpt lat="46.142209591204725" lon="7.9112726637685595"><ele>2182.2</ele></trkpt><trkpt lat="46.142254591279574" lon="7.911259663832021"><ele>2181.8</ele></trkpt><trkpt lat="46.14235259142903" lon="7.911260663957521"><ele>2181.0</ele></trkpt><trkpt lat="46.142451591712856" lon="7.911313664190793"><ele>2179.5</ele></trkpt><trkpt lat="46.1424875918649" lon="7.911339664315438"><ele>2178.7</ele></trkpt><trkpt lat="46.14252359186343" lon="7.911339664315206"><ele>2178.7</ele></trkpt><trkpt lat="46.1425415918819" lon="7.9113526643302"><ele>2178.6</ele></trkpt><trkpt lat="46.14259559199512" lon="7.91145666441924"><ele>2178.0</ele></trkpt><trkpt lat="46.14263059214731" lon="7.911521664541917"><ele>2177.2</ele></trkpt><trkpt lat="46.1426665922611" lon="7.911574664633653"><ele>2176.6</ele></trkpt><trkpt lat="46.14269359235603" lon="7.911638664709119"><ele>2176.1</ele></trkpt><trkpt lat="46.14270259239418" lon="7.911690664737987"><ele>2175.9</ele></trkpt><trkpt lat="46.14271059243232" lon="7.911729664767512"><ele>2175.7</ele></trkpt><trkpt lat="46.142737592508006" lon="7.911755664829122"><ele>2175.3</ele></trkpt><trkpt lat="46.14276459256451" lon="7.911781664874962"><ele>2175.0</ele></trkpt><trkpt lat="46.14280959267789" lon="7.911808664967958"><ele>2174.4</ele></trkpt><trkpt lat="46.14284559277241" lon="7.911834665045286"><ele>2173.9</ele></trkpt><trkpt lat="46.14287259282893" lon="7.911873665090467"><ele>2173.6</ele></trkpt><trkpt lat="46.14296159303652" lon="7.911938665260141"><ele>2172.5</ele></trkpt><trkpt lat="46.14302459316829" lon="7.911965665368799"><ele>2171.8</ele></trkpt><trkpt lat="46.14302459316829" lon="7.911965665368799"><ele>2171.8</ele></trkpt><trkpt lat="46.14304259312927" lon="7.9119786653364805"><ele>2172.0</ele></trkpt><trkpt lat="46.14316859283671" lon="7.912044665095725"><ele>2173.5</ele></trkpt><trkpt lat="46.14324059277626" lon="7.91203166504859"><ele>2173.8</ele></trkpt><trkpt lat="46.143294592678224" lon="7.912045664968662"><ele>2174.3</ele></trkpt><trkpt lat="46.1433395926573" lon="7.912058664951944"><ele>2174.4</ele></trkpt><trkpt lat="46.14339359259756" lon="7.9120596649042225"><ele>2174.7</ele></trkpt><trkpt lat="46.14347459247917" lon="7.9120216648109665"><ele>2175.3</ele></trkpt><trkpt lat="46.1435015924972" lon="7.912008664827225"><ele>2175.2</ele></trkpt><trkpt lat="46.1435195924965" lon="7.912008664827109"><ele>2175.2</ele></trkpt><trkpt lat="46.14353759245743" lon="7.912034664794131"><ele>2175.4</ele></trkpt><trkpt lat="46.14355559239919" lon="7.912034664746693"><ele>2175.7</ele></trkpt><trkpt lat="46.14358259234058" lon="7.912034664699195"><ele>2176.0</ele></trkpt><trkpt lat="46.143690592240254" lon="7.911997664621495"><ele>2176.5</ele></trkpt><trkpt lat="46.14376259217966" lon="7.911945664576334"><ele>2176.8</ele></trkpt><trkpt lat="46.143843592137955" lon="7.91190766454618"><ele>2177.0</ele></trkpt><trkpt lat="46.14387059213685" lon="7.911908664545956"><ele>2177.0</ele></trkpt><trkpt lat="46.14391559215422" lon="7.911908664561441"><ele>2176.9</ele></trkpt><trkpt lat="46.14393359211516" lon="7.911908664529776"><ele>2177.1</ele></trkpt><trkpt lat="46.1439965921126" lon="7.91190966452932"><ele>2177.1</ele></trkpt><trkpt lat="46.14402359213069" lon="7.911909664544917"><ele>2177.0</ele></trkpt><trkpt lat="46.1440415921492" lon="7.911922664559923"><ele>2176.9</ele></trkpt><trkpt lat="46.14405059212965" lon="7.911922664544092"><ele>2177.0</ele></trkpt><trkpt lat="46.14408659207064" lon="7.911896664497849"><ele>2177.3</ele></trkpt><trkpt lat="46.14412259203079" lon="7.911897664466017"><ele>2177.5</ele></trkpt><trkpt lat="46.14416759206731" lon="7.911884664497934"><ele>2177.3</ele></trkpt><trkpt lat="46.14421259198881" lon="7.911885664434494"><ele>2177.7</ele></trkpt><trkpt lat="46.14423059194962" lon="7.911872664403484"><ele>2177.9</ele></trkpt><trkpt lat="46.14434759182997" lon="7.911899664306721"><ele>2178.5</ele></trkpt><trkpt lat="46.14438359180936" lon="7.911912664290055"><ele>2178.6</ele></trkpt><trkpt lat="46.14443759188389" lon="7.9119126643528075"><ele>2178.2</ele></trkpt><trkpt lat="46.14447359192088" lon="7.911926664383419"><ele>2178.0</ele></trkpt><trkpt lat="46.1445455919371" lon="7.911913664399387"><ele>2177.9</ele></trkpt><trkpt lat="46.14459959210745" lon="7.911862664543597"><ele>2177.0</ele></trkpt><trkpt lat="46.14463559214433" lon="7.91186266457491"><ele>2176.8</ele></trkpt><trkpt lat="46.14467159218126" lon="7.91186366460618"><ele>2176.6</ele></trkpt><trkpt lat="46.14470759212218" lon="7.911837664559935"><ele>2176.9</ele></trkpt><trkpt lat="46.144743592101634" lon="7.911850664543275"><ele>2177.0</ele></trkpt><trkpt lat="46.144761592196836" lon="7.911863664621375"><ele>2176.5</ele></trkpt><trkpt lat="46.144788592310846" lon="7.911877664715141"><ele>2175.9</ele></trkpt><trkpt lat="46.14481559259747" lon="7.911864664952249"><ele>2174.4</ele></trkpt><trkpt lat="46.14484259267312" lon="7.911851665015835"><ele>2174.0</ele></trkpt><trkpt lat="46.14485159244246" lon="7.911825664827785"><ele>2175.2</ele></trkpt><trkpt lat="46.14486959236501" lon="7.911826664764521"><ele>2175.6</ele></trkpt><trkpt lat="46.144905592191094" lon="7.911891664619036"><ele>2176.5</ele></trkpt><trkpt lat="46.14493159199841" lon="7.911943664458493"><ele>2177.5</ele></trkpt><trkpt lat="46.144958591978266" lon="7.911995664439917"><ele>2177.6</ele></trkpt><trkpt lat="46.14498559197727" lon="7.912021664438428"><ele>2177.6</ele></trkpt><trkpt lat="46.145039592013575" lon="7.9120606644676625"><ele>2177.4</ele></trkpt><trkpt lat="46.14507559195472" lon="7.912112664417475"><ele>2177.7</ele></trkpt><trkpt lat="46.14515559189411" lon="7.912165664366958"><ele>2178.0</ele></trkpt><trkpt lat="46.14519159210368" lon="7.912178664539604"><ele>2176.9</ele></trkpt><trkpt lat="46.145218592294526" lon="7.912217664695219"><ele>2175.9</ele></trkpt><trkpt lat="46.14524559238947" lon="7.912269664771301"><ele>2175.4</ele></trkpt><trkpt lat="46.145263592427256" lon="7.912308664800769"><ele>2175.2</ele></trkpt><trkpt lat="46.14529059234951" lon="7.912334664736178"><ele>2175.6</ele></trkpt><trkpt lat="46.145379592173484" lon="7.912399664590341"><ele>2176.5</ele></trkpt><trkpt lat="46.14543359211396" lon="7.912465664539329"><ele>2176.8</ele></trkpt><trkpt lat="46.14549659213076" lon="7.912543664550765"><ele>2176.7</ele></trkpt><trkpt lat="46.14552259212989" lon="7.9125956645479745"><ele>2176.7</ele></trkpt><trkpt lat="46.14554059214844" lon="7.912647664561008"><ele>2176.6</ele></trkpt><trkpt lat="46.14555859218629" lon="7.91269966458982"><ele>2176.4</ele></trkpt><trkpt lat="46.14558559224288" lon="7.912738664635011"><ele>2176.1</ele></trkpt><trkpt lat="46.14561259235692" lon="7.912764664728192"><ele>2175.5</ele></trkpt><trkpt lat="46.145630592356234" lon="7.912790664726761"><ele>2175.5</ele></trkpt><trkpt lat="46.14568359220074" lon="7.912803664599546"><ele>2176.3</ele></trkpt><trkpt lat="46.14571959204585" lon="7.912817664472387"><ele>2177.1</ele></trkpt><trkpt lat="46.145782592005176" lon="7.912908664435835"><ele>2177.3</ele></trkpt><trkpt lat="46.14581859206138" lon="7.9129476644809635"><ele>2177.0</ele></trkpt><trkpt lat="46.14588159209735" lon="7.912999664509491"><ele>2176.8</ele></trkpt><trkpt lat="46.14590759196212" lon="7.913012664398217"><ele>2177.5</ele></trkpt><trkpt lat="46.14593459192277" lon="7.913051664364518"><ele>2177.7</ele></trkpt><trkpt lat="46.14596159186426" lon="7.913103664314385"><ele>2178.0</ele></trkpt><trkpt lat="46.14597959182521" lon="7.913116664282054"><ele>2178.2</ele></trkpt><trkpt lat="46.145988591786534" lon="7.91315566424847"><ele>2178.4</ele></trkpt><trkpt lat="46.14600659170919" lon="7.913181664183928"><ele>2178.8</ele></trkpt><trkpt lat="46.14604259151596" lon="7.91318266402586"><ele>2179.8</ele></trkpt><trkpt lat="46.146060591419314" lon="7.913195663946194"><ele>2180.3</ele></trkpt><trkpt lat="46.14609559113019" lon="7.913221663707977"><ele>2181.8</ele></trkpt><trkpt lat="46.14617659074334" lon="7.91326166338986"><ele>2183.8</ele></trkpt><trkpt lat="46.146212590588654" lon="7.913326663260101"><ele>2184.6</ele></trkpt><trkpt lat="46.14623959045337" lon="7.913365663147501"><ele>2185.3</ele></trkpt><trkpt lat="46.146266590318" lon="7.913378663036214"><ele>2186.0</ele></trkpt><trkpt lat="46.14628459022146" lon="7.913404662955882"><ele>2186.5</ele></trkpt><trkpt lat="46.14630259000977" lon="7.913430662780878"><ele>2187.6</ele></trkpt><trkpt lat="46.14634658979701" lon="7.913430662607027"><ele>2188.7</ele></trkpt><trkpt lat="46.1463555897391" lon="7.91345666255831"><ele>2189.0</ele></trkpt><trkpt lat="46.146382589507866" lon="7.913469662368126"><ele>2190.2</ele></trkpt><trkpt lat="46.14640058939206" lon="7.913483662272625"><ele>2190.8</ele></trkpt><trkpt lat="46.14643658921808" lon="7.913535662127732"><ele>2191.7</ele></trkpt><trkpt lat="46.14648158896705" lon="7.913600661919003"><ele>2193.0</ele></trkpt><trkpt lat="46.14651758881226" lon="7.913639661790551"><ele>2193.8</ele></trkpt><trkpt lat="46.146561588618674" lon="7.913665661631146"><ele>2194.8</ele></trkpt><trkpt lat="46.14657958846449" lon="7.913678661504131"><ele>2195.6</ele></trkpt><trkpt lat="46.14660658830991" lon="7.913678661377717"><ele>2196.4</ele></trkpt><trkpt lat="46.14666058813514" lon="7.913705661233972"><ele>2197.3</ele></trkpt><trkpt lat="46.146678588076874" lon="7.913718661185855"><ele>2197.6</ele></trkpt><trkpt lat="46.14671458790275" lon="7.913718661043601"><ele>2198.5</ele></trkpt><trkpt lat="46.14674158770993" lon="7.913744660884301"><ele>2199.5</ele></trkpt><trkpt lat="46.14680458749637" lon="7.9137586607095995"><ele>2200.6</ele></trkpt><trkpt lat="46.146849587341045" lon="7.9137716605824036"><ele>2201.4</ele></trkpt><trkpt lat="46.146867587302" lon="7.913784660550062"><ele>2201.6</ele></trkpt><trkpt lat="46.146876587244094" lon="7.913784660502664"><ele>2201.9</ele></trkpt><trkpt lat="46.14690358714707" lon="7.913785660423541"><ele>2202.4</ele></trkpt><trkpt lat="46.14697458702924" lon="7.913837660325737"><ele>2203.0</ele></trkpt><trkpt lat="46.147019587008266" lon="7.913863660308336"><ele>2203.1</ele></trkpt><trkpt lat="46.147046586968784" lon="7.913863660276602"><ele>2203.3</ele></trkpt><trkpt lat="46.147118586870036" lon="7.913890660195853"><ele>2203.8</ele></trkpt><trkpt lat="46.147199586847655" lon="7.9139306601775"><ele>2203.9</ele></trkpt><trkpt lat="46.147289586690626" lon="7.913969660048677"><ele>2204.7</ele></trkpt><trkpt lat="46.14731658672797" lon="7.913995660078729"><ele>2204.5</ele></trkpt><trkpt lat="46.14739758685889" lon="7.913970660189944"><ele>2203.8</ele></trkpt><trkpt lat="46.147433586819" lon="7.913945660159428"><ele>2204.0</ele></trkpt><trkpt lat="46.14746058672184" lon="7.913919660081677"><ele>2204.5</ele></trkpt><trkpt lat="46.14750558662408" lon="7.913893660003815"><ele>2205.0</ele></trkpt><trkpt lat="46.14760458650497" lon="7.913920659907106"><ele>2205.6</ele></trkpt><trkpt lat="46.14766758629133" lon="7.913908659733726"><ele>2206.7</ele></trkpt><trkpt lat="46.14771258611682" lon="7.913908659591404"><ele>2207.6</ele></trkpt><trkpt lat="46.147748585961835" lon="7.913908659464926"><ele>2208.4</ele></trkpt><trkpt lat="46.14778458582602" lon="7.91390965935418"><ele>2209.1</ele></trkpt><trkpt lat="46.147829585632365" lon="7.913909659196079"><ele>2210.1</ele></trkpt><trkpt lat="46.14788358536155" lon="7.913910658974752"><ele>2211.5</ele></trkpt><trkpt lat="46.14796458474415" lon="7.913871658471246"><ele>2214.7</ele></trkpt><trkpt lat="46.14804558420359" lon="7.913872658028814"><ele>2217.5</ele></trkpt><trkpt lat="46.14811758381684" lon="7.913847657714023"><ele>2219.5</ele></trkpt><trkpt lat="46.14814458354706" lon="7.91383465749359"><ele>2220.9</ele></trkpt><trkpt lat="46.14818958331497" lon="7.913835657303881"><ele>2222.1</ele></trkpt><trkpt lat="46.14822558314086" lon="7.913848657160945"><ele>2223.0</ele></trkpt><trkpt lat="46.148234583082925" lon="7.9138486571135465"><ele>2223.3</ele></trkpt><trkpt lat="46.14827058292798" lon="7.913861656986399"><ele>2224.1</ele></trkpt><trkpt lat="46.14832458273391" lon="7.913875656827513"><ele>2225.1</ele></trkpt><trkpt lat="46.148387582577826" lon="7.913888656700187"><ele>2225.9</ele></trkpt><trkpt lat="46.14842358253803" lon="7.913901656667719"><ele>2226.1</ele></trkpt><trkpt lat="46.14844958240271" lon="7.913915656556359"><ele>2226.8</ele></trkpt><trkpt lat="46.14850358205509" lon="7.9139156562719535"><ele>2228.6</ele></trkpt><trkpt lat="46.14856658207174" lon="7.913928656286645"><ele>2228.5</ele></trkpt><trkpt lat="46.148611581935576" lon="7.913929656175835"><ele>2229.2</ele></trkpt><trkpt lat="46.1486385819153" lon="7.913942656159203"><ele>2229.3</ele></trkpt><trkpt lat="46.148674581760346" lon="7.913942656032722"><ele>2230.1</ele></trkpt><trkpt lat="46.1487015817017" lon="7.913969655983804"><ele>2230.4</ele></trkpt><trkpt lat="46.14880058140992" lon="7.91400865574442"><ele>2231.9</ele></trkpt><trkpt lat="46.14894458134654" lon="7.914048655694051"><ele>2232.2</ele></trkpt><trkpt lat="46.148989581114414" lon="7.914049655504332"><ele>2233.4</ele></trkpt><trkpt lat="46.14908858072653" lon="7.914037655188681"><ele>2235.4</ele></trkpt><trkpt lat="46.14911558064865" lon="7.914037655125378"><ele>2235.8</ele></trkpt><trkpt lat="46.14916858047379" lon="7.91406365498165"><ele>2236.7</ele></trkpt><trkpt lat="46.14919558045351" lon="7.91406365496569"><ele>2236.8</ele></trkpt><trkpt lat="46.14923158041367" lon="7.914064654933841"><ele>2237.0</ele></trkpt><trkpt lat="46.149258580412486" lon="7.914051654934335"><ele>2237.0</ele></trkpt><trkpt lat="46.1492855804114" lon="7.914064654933481"><ele>2237.0</ele></trkpt><trkpt lat="46.14930358042987" lon="7.914064654949147"><ele>2236.9</ele></trkpt><trkpt lat="46.14933058044798" lon="7.9140786549640225"><ele>2236.8</ele></trkpt><trkpt lat="46.14936658046569" lon="7.9140656549802415"><ele>2236.7</ele></trkpt><trkpt lat="46.149411580482955" lon="7.9140656549957225"><ele>2236.6</ele></trkpt><trkpt lat="46.149465580480744" lon="7.914066654995316"><ele>2236.6</ele></trkpt><trkpt lat="46.14950158049849" lon="7.914079655010182"><ele>2236.5</ele></trkpt><trkpt lat="46.14954658051578" lon="7.914079655025667"><ele>2236.4</ele></trkpt><trkpt lat="46.149573580476364" lon="7.914093654993201"><ele>2236.6</ele></trkpt><trkpt lat="46.1496005803985" lon="7.914106654929221"><ele>2237.0</ele></trkpt><trkpt lat="46.1496725802998" lon="7.914171654846461"><ele>2237.5</ele></trkpt><trkpt lat="46.14970858008717" lon="7.914171654672627"><ele>2238.6</ele></trkpt><trkpt lat="46.149735580105336" lon="7.91419865468683"><ele>2238.5</ele></trkpt><trkpt lat="46.14978958002632" lon="7.9141856546240215"><ele>2238.9</ele></trkpt><trkpt lat="46.149825579890525" lon="7.914185654513313"><ele>2239.6</ele></trkpt><trkpt lat="46.14985257983178" lon="7.914173654466413"><ele>2239.9</ele></trkpt><trkpt lat="46.149870579773456" lon="7.914173654418947"><ele>2240.2</ele></trkpt><trkpt lat="46.14991557971409" lon="7.914199654369955"><ele>2240.5</ele></trkpt><trkpt lat="46.15000457949944" lon="7.914239654193688"><ele>2241.6</ele></trkpt><trkpt lat="46.15008557926592" lon="7.914278654001739"><ele>2242.8</ele></trkpt><trkpt lat="46.150094579284854" lon="7.914317654015432"><ele>2242.7</ele></trkpt><trkpt lat="46.15020257912705" lon="7.914383653885023"><ele>2243.5</ele></trkpt><trkpt lat="46.15024657910616" lon="7.914448653865565"><ele>2243.6</ele></trkpt><trkpt lat="46.150282579008895" lon="7.9145006537837075"><ele>2244.1</ele></trkpt><trkpt lat="46.15035457852618" lon="7.914527653387259"><ele>2246.6</ele></trkpt><trkpt lat="46.15036357837226" lon="7.914501653262296"><ele>2247.4</ele></trkpt><trkpt lat="46.15036357818026" lon="7.914475653105828"><ele>2248.4</ele></trkpt><trkpt lat="46.15038157804514" lon="7.914475652995233"><ele>2249.1</ele></trkpt><trkpt lat="46.1504355776015" lon="7.91447565263188"><ele>2251.4</ele></trkpt><trkpt lat="46.150507577291435" lon="7.914463652379512"><ele>2253.0</ele></trkpt><trkpt lat="46.150579577115685" lon="7.91446465223694"><ele>2253.9</ele></trkpt><trkpt lat="46.150642577189906" lon="7.914490652298291"><ele>2253.5</ele></trkpt><trkpt lat="46.15069657743722" lon="7.914517652501694"><ele>2252.2</ele></trkpt><trkpt lat="46.15074157745456" lon="7.914517652517174"><ele>2252.1</ele></trkpt><trkpt lat="46.15081357710588" lon="7.91444065223664"><ele>2253.9</ele></trkpt><trkpt lat="46.150858577391745" lon="7.914389652475741"><ele>2252.4</ele></trkpt><trkpt lat="46.150894577505355" lon="7.9143896525701924"><ele>2251.8</ele></trkpt><trkpt lat="46.15093957759937" lon="7.914350652650845"><ele>2251.3</ele></trkpt><trkpt lat="46.15098557765499" lon="7.914325652699192"><ele>2251.0</ele></trkpt><trkpt lat="46.151029577825874" lon="7.914325652840938"><ele>2250.1</ele></trkpt><trkpt lat="46.15111157772627" lon="7.91424865276551"><ele>2250.6</ele></trkpt><trkpt lat="46.15116557747434" lon="7.914184652563327"><ele>2251.9</ele></trkpt><trkpt lat="46.15124657668374" lon="7.914068651921806"><ele>2256.0</ele></trkpt><trkpt lat="46.15129257643222" lon="7.914030651718333"><ele>2257.3</ele></trkpt><trkpt lat="46.15136457606433" lon="7.913966651421359"><ele>2259.2</ele></trkpt><trkpt lat="46.15140057590924" lon="7.913940651296234"><ele>2260.0</ele></trkpt><trkpt lat="46.1514275757737" lon="7.913915651186896"><ele>2260.7</ele></trkpt><trkpt lat="46.15145457563811" lon="7.913889651077611"><ele>2261.4</ele></trkpt><trkpt lat="46.15149957534818" lon="7.913838650843273"><ele>2262.9</ele></trkpt><trkpt lat="46.15154457515431" lon="7.913812650686527"><ele>2263.9</ele></trkpt><trkpt lat="46.15157157501879" lon="7.913799650576561"><ele>2264.6</ele></trkpt><trkpt lat="46.15162657474764" lon="7.913748650357945"><ele>2266.0</ele></trkpt><trkpt lat="46.15165357468889" lon="7.9137356503111"><ele>2266.3</ele></trkpt><trkpt lat="46.15166257459245" lon="7.913710650233456"><ele>2266.8</ele></trkpt><trkpt lat="46.151689574533755" lon="7.913710650185934"><ele>2267.1</ele></trkpt><trkpt lat="46.15173457445501" lon="7.91368465012388"><ele>2267.5</ele></trkpt><trkpt lat="46.151815574374744" lon="7.913646650062215"><ele>2267.9</ele></trkpt><trkpt lat="46.15189657429443" lon="7.9136086500005485"><ele>2268.3</ele></trkpt><trkpt lat="46.15197757419501" lon="7.913596649921736"><ele>2268.8</ele></trkpt><trkpt lat="46.151995574175004" lon="7.913570649907201"><ele>2268.9</ele></trkpt><trkpt lat="46.15203157413508" lon="7.913557649876085"><ele>2269.1</ele></trkpt><trkpt lat="46.15205857405704" lon="7.913506649815471"><ele>2269.5</ele></trkpt><trkpt lat="46.15210457411257" lon="7.913467649864563"><ele>2269.2</ele></trkpt><trkpt lat="46.15213157413061" lon="7.913455649880792"><ele>2269.1</ele></trkpt><trkpt lat="46.15217657422453" lon="7.913403649962131"><ele>2268.6</ele></trkpt><trkpt lat="46.15221257426137" lon="7.9133786499947645"><ele>2268.4</ele></trkpt><trkpt lat="46.15224857431736" lon="7.91336565004255"><ele>2268.1</ele></trkpt><trkpt lat="46.15229357433454" lon="7.913314650060716"><ele>2268.0</ele></trkpt><trkpt lat="46.15232957444816" lon="7.91330165015584"><ele>2267.4</ele></trkpt><trkpt lat="46.15235657442778" lon="7.9132756501412445"><ele>2267.5</ele></trkpt><trkpt lat="46.15238357440745" lon="7.913276650125234"><ele>2267.6</ele></trkpt><trkpt lat="46.15241957436745" lon="7.9132376500954855"><ele>2267.8</ele></trkpt><trkpt lat="46.152455574385144" lon="7.913238650110972"><ele>2267.7</ele></trkpt><trkpt lat="46.15253657449686" lon="7.913225650205794"><ele>2267.1</ele></trkpt><trkpt lat="46.15261857472366" lon="7.913187650396607"><ele>2265.9</ele></trkpt><trkpt lat="46.152681574855144" lon="7.913097650511378"><ele>2265.2</ele></trkpt><trkpt lat="46.15271757479595" lon="7.913072650465113"><ele>2265.5</ele></trkpt><trkpt lat="46.152753574794296" lon="7.913020650467606"><ele>2265.5</ele></trkpt><trkpt lat="46.15278957473517" lon="7.912994650421395"><ele>2265.8</ele></trkpt><trkpt lat="46.15286157486653" lon="7.9129956505313155"><ele>2265.1</ele></trkpt><trkpt lat="46.15290657497976" lon="7.912983650626326"><ele>2264.5</ele></trkpt><trkpt lat="46.15295157515059" lon="7.91297065076872"><ele>2263.6</ele></trkpt><trkpt lat="46.15297857539909" lon="7.912983650972994"><ele>2262.3</ele></trkpt><trkpt lat="46.153014575435925" lon="7.912971651004942"><ele>2262.1</ele></trkpt><trkpt lat="46.15303257541592" lon="7.912958650989722"><ele>2262.2</ele></trkpt><trkpt lat="46.1530865754903" lon="7.912906651055211"><ele>2261.8</ele></trkpt><trkpt lat="46.15310557548944" lon="7.912894651055716"><ele>2261.8</ele></trkpt><trkpt lat="46.153132575507506" lon="7.912881651072003"><ele>2261.7</ele></trkpt><trkpt lat="46.15314157543027" lon="7.912855651010186"><ele>2262.1</ele></trkpt><trkpt lat="46.15315057548739" lon="7.9128296510588285"><ele>2261.8</ele></trkpt><trkpt lat="46.153168575620995" lon="7.912817651169795"><ele>2261.1</ele></trkpt><trkpt lat="46.153177575754995" lon="7.912817651280189"><ele>2260.4</ele></trkpt><trkpt lat="46.15318657588903" lon="7.912830651389898"><ele>2259.7</ele></trkpt><trkpt lat="46.15320457594588" lon="7.9128306514371145"><ele>2259.4</ele></trkpt><trkpt lat="46.153222576098656" lon="7.912817651563912"><ele>2258.6</ele></trkpt><trkpt lat="46.15324057621302" lon="7.91280465165915"><ele>2258.0</ele></trkpt><trkpt lat="46.15326757632702" lon="7.912766651755639"><ele>2257.4</ele></trkpt><trkpt lat="46.15328557628769" lon="7.912714651726684"><ele>2257.6</ele></trkpt><trkpt lat="46.153276576115175" lon="7.912675651586778"><ele>2258.5</ele></trkpt><trkpt lat="46.15328657599949" lon="7.912636651494086"><ele>2259.1</ele></trkpt><trkpt lat="46.153304575883496" lon="7.912624651399921"><ele>2259.7</ele></trkpt><trkpt lat="46.153313575787074" lon="7.912598651322332"><ele>2260.2</ele></trkpt><trkpt lat="46.15330457563383" lon="7.912585651196844"><ele>2261.0</ele></trkpt><trkpt lat="46.15330457551857" lon="7.91255965110354"><ele>2261.6</ele></trkpt><trkpt lat="46.15329557536535" lon="7.912546650978049"><ele>2262.4</ele></trkpt><trkpt lat="46.15329557521176" lon="7.912533650852508"><ele>2263.2</ele></trkpt><trkpt lat="46.153304575038504" lon="7.912507650711805"><ele>2264.1</ele></trkpt><trkpt lat="46.1533225749033" lon="7.912481650602603"><ele>2264.8</ele></trkpt><trkpt lat="46.15335957470956" lon="7.912391650449308"><ele>2265.8</ele></trkpt><trkpt lat="46.153386574650675" lon="7.912340650404474"><ele>2266.1</ele></trkpt><trkpt lat="46.153422574591524" lon="7.912327650357586"><ele>2266.4</ele></trkpt><trkpt lat="46.153431574533485" lon="7.9123016503115595"><ele>2266.7</ele></trkpt><trkpt lat="46.15348557439671" lon="7.912250650203438"><ele>2267.4</ele></trkpt><trkpt lat="46.15350357403103" lon="7.912185649906962"><ele>2269.3</ele></trkpt><trkpt lat="46.15353057401067" lon="7.912185649891"><ele>2269.4</ele></trkpt><trkpt lat="46.153539573952614" lon="7.912160649844926"><ele>2269.7</ele></trkpt><trkpt lat="46.15354057387574" lon="7.912134649783179"><ele>2270.1</ele></trkpt><trkpt lat="46.15354957374089" lon="7.912108649674047"><ele>2270.8</ele></trkpt><trkpt lat="46.153567573682516" lon="7.912095649627277"><ele>2271.1</ele></trkpt><trkpt lat="46.15358557348965" lon="7.912056649471439"><ele>2272.1</ele></trkpt><trkpt lat="46.15358557341272" lon="7.912005649411022"><ele>2272.5</ele></trkpt><trkpt lat="46.153603573315934" lon="7.911979649333387"><ele>2273.0</ele></trkpt><trkpt lat="46.153621573315085" lon="7.911953649334637"><ele>2273.0</ele></trkpt><trkpt lat="46.153630573218564" lon="7.911902649258385"><ele>2273.5</ele></trkpt><trkpt lat="46.15363157306476" lon="7.911837649135593"><ele>2274.3</ele></trkpt><trkpt lat="46.153649573063916" lon="7.911811649136846"><ele>2274.3</ele></trkpt><trkpt lat="46.15366757292867" lon="7.911772649028347"><ele>2275.0</ele></trkpt><trkpt lat="46.153676572755344" lon="7.911708648889677"><ele>2275.9</ele></trkpt><trkpt lat="46.15370357265812" lon="7.911682648811988"><ele>2276.4</ele></trkpt><trkpt lat="46.15374057259877" lon="7.911618648767796"><ele>2276.7</ele></trkpt><trkpt lat="46.15374057246431" lon="7.911592648658732"><ele>2277.4</ele></trkpt><trkpt lat="46.153758572405906" lon="7.9115666486126575"><ele>2277.7</ele></trkpt><trkpt lat="46.153776572213026" lon="7.911514648457525"><ele>2278.7</ele></trkpt><trkpt lat="46.15380357205813" lon="7.9114506483345215"><ele>2279.5</ele></trkpt><trkpt lat="46.15382157190369" lon="7.911424648209574"><ele>2280.3</ele></trkpt><trkpt lat="46.15384857174893" lon="7.911412648083817"><ele>2281.1</ele></trkpt><trkpt lat="46.15386757165202" lon="7.911373648006874"><ele>2281.6</ele></trkpt><trkpt lat="46.15391257141958" lon="7.911309647820654"><ele>2282.8</ele></trkpt><trkpt lat="46.153921571284705" lon="7.91127064771223"><ele>2283.5</ele></trkpt><trkpt lat="46.1539125711314" lon="7.911231647588157"><ele>2284.3</ele></trkpt><trkpt lat="46.153921570977225" lon="7.9111666474653415"><ele>2285.1</ele></trkpt><trkpt lat="46.153931570823055" lon="7.911102647342466"><ele>2285.9</ele></trkpt><trkpt lat="46.15395857076424" lon="7.911076647296341"><ele>2286.2</ele></trkpt><trkpt lat="46.15397657064814" lon="7.911024647204335"><ele>2286.8</ele></trkpt><trkpt lat="46.15397657047512" lon="7.910960647065753"><ele>2287.7</ele></trkpt><trkpt lat="46.15403157033813" lon="7.9108446469611255"><ele>2288.4</ele></trkpt><trkpt lat="46.154040570260776" lon="7.910805646900038"><ele>2288.8</ele></trkpt><trkpt lat="46.154040570203094" lon="7.910766646854786"><ele>2289.1</ele></trkpt><trkpt lat="46.15404957008741" lon="7.910740646761462"><ele>2289.7</ele></trkpt><trkpt lat="46.15405857001023" lon="7.910714646699688"><ele>2290.1</ele></trkpt><trkpt lat="46.15407656997103" lon="7.910702646668655"><ele>2290.3</ele></trkpt><trkpt lat="46.15408556993217" lon="7.9106896466377385"><ele>2290.5</ele></trkpt><trkpt lat="46.15410356989296" lon="7.910650646608145"><ele>2290.7</ele></trkpt><trkpt lat="46.1541135698732" lon="7.9106116465943765"><ele>2290.8</ele></trkpt><trkpt lat="46.15411356981552" lon="7.910585646548439"><ele>2291.1</ele></trkpt><trkpt lat="46.154113569604164" lon="7.910534646377641"><ele>2292.2</ele></trkpt><trkpt lat="46.154113569488906" lon="7.91049564628507"><ele>2292.8</ele></trkpt><trkpt lat="46.154131569334396" lon="7.910456646160836"><ele>2293.6</ele></trkpt><trkpt lat="46.15414056916114" lon="7.91041764602089"><ele>2294.5</ele></trkpt><trkpt lat="46.15415056900698" lon="7.910366645897353"><ele>2295.3</ele></trkpt><trkpt lat="46.15415056893007" lon="7.910327645836337"><ele>2295.7</ele></trkpt><trkpt lat="46.15413256889229" lon="7.910288645806993"><ele>2295.9</ele></trkpt><trkpt lat="46.15410556873969" lon="7.910223645684458"><ele>2296.7</ele></trkpt><trkpt lat="46.15409656864399" lon="7.91019764560704"><ele>2297.2</ele></trkpt><trkpt lat="46.154061568510926" lon="7.910145645499643"><ele>2297.9</ele></trkpt><trkpt lat="46.15405256841526" lon="7.910119645422224"><ele>2298.4</ele></trkpt><trkpt lat="46.1540255683586" lon="7.91004164537925"><ele>2298.7</ele></trkpt><trkpt lat="46.15398956818723" lon="7.910015645238934"><ele>2299.6</ele></trkpt><trkpt lat="46.15398056813" lon="7.909989645193065"><ele>2299.9</ele></trkpt><trkpt lat="46.153971568034216" lon="7.909937645117041"><ele>2300.4</ele></trkpt><trkpt lat="46.153972567976474" lon="7.9098986450718005"><ele>2300.7</ele></trkpt><trkpt lat="46.15396356795754" lon="7.909872645057481"><ele>2300.8</ele></trkpt><trkpt lat="46.15395456805384" lon="7.909846645137789"><ele>2300.3</ele></trkpt><trkpt lat="46.15397256826416" lon="7.909808645313188"><ele>2299.2</ele></trkpt><trkpt lat="46.1539905682824" lon="7.909743645332313"><ele>2299.1</ele></trkpt><trkpt lat="46.15400856814715" lon="7.909704645223869"><ele>2299.8</ele></trkpt><trkpt lat="46.15401856799296" lon="7.909653645100354"><ele>2300.6</ele></trkpt><trkpt lat="46.154072567971184" lon="7.90955064508972"><ele>2300.7</ele></trkpt><trkpt lat="46.15410856793111" lon="7.909498645060709"><ele>2300.9</ele></trkpt><trkpt lat="46.15413556777622" lon="7.90945964493644"><ele>2301.7</ele></trkpt><trkpt lat="46.154163567602176" lon="7.909421644796343"><ele>2302.6</ele></trkpt><trkpt lat="46.15419056737032" lon="7.909318644612414"><ele>2303.8</ele></trkpt><trkpt lat="46.154217567253845" lon="7.909279644519693"><ele>2304.4</ele></trkpt><trkpt lat="46.15422656709977" lon="7.9092406443955525"><ele>2305.2</ele></trkpt><trkpt lat="46.154244567041296" lon="7.909202644350154"><ele>2305.5</ele></trkpt><trkpt lat="46.15427256698243" lon="7.909176644304043"><ele>2305.8</ele></trkpt><trkpt lat="46.154281566962766" lon="7.909137644290299"><ele>2305.9</ele></trkpt><trkpt lat="46.154299566885065" lon="7.909098644229189"><ele>2306.3</ele></trkpt><trkpt lat="46.15431756705685" lon="7.909021644375119"><ele>2305.4</ele></trkpt><trkpt lat="46.154308566999624" lon="7.909008644328567"><ele>2305.7</ele></trkpt><trkpt lat="46.154317566979906" lon="7.908969644314823"><ele>2305.8</ele></trkpt><trkpt lat="46.154336566844584" lon="7.908930644206393"><ele>2306.5</ele></trkpt><trkpt lat="46.154345566671225" lon="7.908866644067829"><ele>2307.4</ele></trkpt><trkpt lat="46.154354566593845" lon="7.908801644008176"><ele>2307.8</ele></trkpt><trkpt lat="46.15437256653532" lon="7.908750643963478"><ele>2308.1</ele></trkpt><trkpt lat="46.15440956636073" lon="7.908659643826176"><ele>2309.0</ele></trkpt><trkpt lat="46.15441856639865" lon="7.908646643858354"><ele>2308.8</ele></trkpt><trkpt lat="46.15444556635898" lon="7.908595643829365"><ele>2309.0</ele></trkpt><trkpt lat="46.154463566358075" lon="7.908556643831334"><ele>2309.0</ele></trkpt><trkpt lat="46.154472566396024" lon="7.908530643864205"><ele>2308.8</ele></trkpt><trkpt lat="46.15449956639477" lon="7.908492643866059"><ele>2308.8</ele></trkpt><trkpt lat="46.1545265664319" lon="7.908440643900204"><ele>2308.6</ele></trkpt><trkpt lat="46.15459956654368" lon="7.908350643999146"><ele>2308.0</ele></trkpt><trkpt lat="46.154617566542846" lon="7.90831264400106"><ele>2308.0</ele></trkpt><trkpt lat="46.15462656638869" lon="7.908273643876942"><ele>2308.8</ele></trkpt><trkpt lat="46.15464456627258" lon="7.908234643784301"><ele>2309.4</ele></trkpt><trkpt lat="46.15468056619414" lon="7.9081836437237145"><ele>2309.8</ele></trkpt><trkpt lat="46.154699566250876" lon="7.908157643772287"><ele>2309.5</ele></trkpt><trkpt lat="46.154717566154055" lon="7.908144643694021"><ele>2310.0</ele></trkpt><trkpt lat="46.15472656599993" lon="7.908105643569903"><ele>2310.8</ele></trkpt><trkpt lat="46.15473556592264" lon="7.908067643508813"><ele>2311.2</ele></trkpt><trkpt lat="46.15477156584419" lon="7.908028643447587"><ele>2311.6</ele></trkpt><trkpt lat="46.15480756582336" lon="7.9079906434336165"><ele>2311.7</ele></trkpt><trkpt lat="46.154834565764546" lon="7.907977643386825"><ele>2312.0</ele></trkpt><trkpt lat="46.1548525658789" lon="7.907951643482707"><ele>2311.4</ele></trkpt><trkpt lat="46.15487056603173" lon="7.907951643608725"><ele>2310.6</ele></trkpt><trkpt lat="46.15488856610783" lon="7.907964643670976"><ele>2310.2</ele></trkpt><trkpt lat="46.15490656635665" lon="7.907965643875786"><ele>2308.9</ele></trkpt><trkpt lat="46.15491556643306" lon="7.907965643938798"><ele>2308.5</ele></trkpt><trkpt lat="46.154942566431785" lon="7.907926643940705"><ele>2308.5</ele></trkpt><trkpt lat="46.1549885665256" lon="7.907849644023359"><ele>2308.0</ele></trkpt><trkpt lat="46.15500656631352" lon="7.907810643851884"><ele>2309.1</ele></trkpt><trkpt lat="46.15501556625556" lon="7.9078106438045195"><ele>2309.4</ele></trkpt><trkpt lat="46.15503356617794" lon="7.907797643742022"><ele>2309.8</ele></trkpt><trkpt lat="46.155042566081526" lon="7.907784643663823"><ele>2310.3</ele></trkpt><trkpt lat="46.1550425657741" lon="7.907720643414979"><ele>2311.9</ele></trkpt><trkpt lat="46.15506956581123" lon="7.907694643447727"><ele>2311.7</ele></trkpt><trkpt lat="46.15508756582966" lon="7.907681643464068"><ele>2311.6</ele></trkpt><trkpt lat="46.15511456584774" lon="7.907682643479596"><ele>2311.5</ele></trkpt><trkpt lat="46.1551325660006" lon="7.907682643605614"><ele>2310.7</ele></trkpt><trkpt lat="46.155168566152675" lon="7.907695643730809"><ele>2309.9</ele></trkpt><trkpt lat="46.1552045663623" lon="7.907695643904003"><ele>2308.8</ele></trkpt><trkpt lat="46.15523156643796" lon="7.907683643967532"><ele>2308.4</ele></trkpt><trkpt lat="46.155286566243284" lon="7.907579643815065"><ele>2309.4</ele></trkpt><trkpt lat="46.15530456610805" lon="7.907554643705916"><ele>2310.1</ele></trkpt><trkpt lat="46.155331565684264" lon="7.9075026433616475"><ele>2312.3</ele></trkpt><trkpt lat="46.15534956554906" lon="7.9074766432525525"><ele>2313.0</ele></trkpt><trkpt lat="46.155385565316905" lon="7.907399643067246"><ele>2314.2</ele></trkpt><trkpt lat="46.15540456506631" lon="7.907347642864941"><ele>2315.5</ele></trkpt><trkpt lat="46.1554225649309" lon="7.907270642758599"><ele>2316.2</ele></trkpt><trkpt lat="46.15543156477668" lon="7.9072056426359065"><ele>2317.0</ele></trkpt><trkpt lat="46.155458564660094" lon="7.907128642545268"><ele>2317.6</ele></trkpt><trkpt lat="46.15548656444754" lon="7.90707664237445"><ele>2318.7</ele></trkpt><trkpt lat="46.15551356433107" lon="7.907051642281017"><ele>2319.3</ele></trkpt><trkpt lat="46.155522564080975" lon="7.906999642078802"><ele>2320.6</ele></trkpt><trkpt lat="46.1555405639841" lon="7.906973642001251"><ele>2321.1</ele></trkpt><trkpt lat="46.15554956371472" lon="7.9069096417839235"><ele>2322.5</ele></trkpt><trkpt lat="46.155549563522605" lon="7.906883641627674"><ele>2323.5</ele></trkpt><trkpt lat="46.15554156338843" lon="7.906857641518771"><ele>2324.2</ele></trkpt><trkpt lat="46.15553256317752" lon="7.906818641347518"><ele>2325.3</ele></trkpt><trkpt lat="46.155541563081044" lon="7.9067926412700364"><ele>2325.8</ele></trkpt><trkpt lat="46.15555056292697" lon="7.906753641145961"><ele>2326.6</ele></trkpt><trkpt lat="46.155604562290534" lon="7.906624640632321"><ele>2329.9</ele></trkpt><trkpt lat="46.15563256213564" lon="7.906586640508068"><ele>2330.7</ele></trkpt><trkpt lat="46.15567756230619" lon="7.906495640654567"><ele>2329.8</ele></trkpt><trkpt lat="46.155741562648686" lon="7.9063416409462235"><ele>2328.0</ele></trkpt><trkpt lat="46.155768562973705" lon="7.906276641217541"><ele>2326.3</ele></trkpt><trkpt lat="46.15579556343333" lon="7.906238641597749"><ele>2323.9</ele></trkpt><trkpt lat="46.15582256339362" lon="7.906212641567437"><ele>2324.1</ele></trkpt><trkpt lat="46.155858563756894" lon="7.906186641868111"><ele>2322.2</ele></trkpt><trkpt lat="46.155894563889774" lon="7.906187641978158"><ele>2321.5</ele></trkpt><trkpt lat="46.15593056400344" lon="7.906200642071794"><ele>2320.9</ele></trkpt><trkpt lat="46.15594856440592" lon="7.906187642403414"><ele>2318.8</ele></trkpt><trkpt lat="46.155975564366265" lon="7.906161642373104"><ele>2319.0</ele></trkpt><trkpt lat="46.156002564115376" lon="7.906123642170041"><ele>2320.3</ele></trkpt><trkpt lat="46.156057563152544" lon="7.906007641387735"><ele>2325.3</ele></trkpt><trkpt lat="46.15609356293952" lon="7.905929641218302"><ele>2326.4</ele></trkpt><trkpt lat="46.156166563032095" lon="7.905827641302133"><ele>2325.9</ele></trkpt><trkpt lat="46.156220563144686" lon="7.905736641401259"><ele>2325.3</ele></trkpt><trkpt lat="46.156247563009" lon="7.905685641293488"><ele>2326.0</ele></trkpt><trkpt lat="46.15631156244901" lon="7.905569640842203"><ele>2328.9</ele></trkpt><trkpt lat="46.156338562409246" lon="7.9055046408140095"><ele>2329.1</ele></trkpt><trkpt lat="46.15637456231147" lon="7.905427640739116"><ele>2329.6</ele></trkpt><trkpt lat="46.15641056261698" lon="7.905363640994527"><ele>2328.0</ele></trkpt><trkpt lat="46.156428562616135" lon="7.905337640995811"><ele>2328.0</ele></trkpt><trkpt lat="46.15647456255643" lon="7.905298640950321"><ele>2328.3</ele></trkpt><trkpt lat="46.156483562747916" lon="7.905260641109934"><ele>2327.3</ele></trkpt><trkpt lat="46.15651056303473" lon="7.9052346413475805"><ele>2325.8</ele></trkpt><trkpt lat="46.15655556287892" lon="7.905144641226042"><ele>2326.6</ele></trkpt><trkpt lat="46.156582562877716" lon="7.905118641227263"><ele>2326.6</ele></trkpt><trkpt lat="46.156600562876854" lon="7.905105641227841"><ele>2326.6</ele></trkpt><trkpt lat="46.1566185629338" lon="7.905131641273596"><ele>2326.3</ele></trkpt><trkpt lat="46.15664556318235" lon="7.905158641476856"><ele>2325.0</ele></trkpt><trkpt lat="46.156672563238956" lon="7.905197641521851"><ele>2324.7</ele></trkpt><trkpt lat="46.156699563064905" lon="7.905184641380513"><ele>2325.6</ele></trkpt><trkpt lat="46.15670856293005" lon="7.90517164127082"><ele>2326.3</ele></trkpt><trkpt lat="46.1567445630246" lon="7.9051976413479785"><ele>2325.8</ele></trkpt><trkpt lat="46.15678056313832" lon="7.9052106414416"><ele>2325.2</ele></trkpt><trkpt lat="46.15680756323322" lon="7.905237641518768"><ele>2324.7</ele></trkpt><trkpt lat="46.15686156332697" lon="7.905250641596502"><ele>2324.2</ele></trkpt><trkpt lat="46.15690556334437" lon="7.905276641610563"><ele>2324.1</ele></trkpt><trkpt lat="46.156932563612095" lon="7.905289641830344"><ele>2322.7</ele></trkpt><trkpt lat="46.15697756364864" lon="7.905303641860805"><ele>2322.5</ele></trkpt><trkpt lat="46.15701356385843" lon="7.905329642032542"><ele>2321.4</ele></trkpt><trkpt lat="46.157040564106964" lon="7.905342642236565"><ele>2320.1</ele></trkpt><trkpt lat="46.1570855642971" lon="7.905355642393178"><ele>2319.1</ele></trkpt><trkpt lat="46.157166564370456" lon="7.905356642455624"><ele>2318.7</ele></trkpt><trkpt lat="46.15719356431163" lon="7.905343642408851"><ele>2319.0</ele></trkpt><trkpt lat="46.15722956434851" lon="7.905344642440075"><ele>2318.8</ele></trkpt><trkpt lat="46.15728356446143" lon="7.905344642534281"><ele>2318.2</ele></trkpt><trkpt lat="46.15731956449831" lon="7.905345642565507"><ele>2318.0</ele></trkpt><trkpt lat="46.1573555644775" lon="7.905332642550196"><ele>2318.1</ele></trkpt><trkpt lat="46.15741856464771" lon="7.905345642690929"><ele>2317.2</ele></trkpt><trkpt lat="46.15747256495271" lon="7.905359642942007"><ele>2315.6</ele></trkpt><trkpt lat="46.15750856514324" lon="7.905372643098688"><ele>2314.6</ele></trkpt><trkpt lat="46.15753556546862" lon="7.9053856433657685"><ele>2312.9</ele></trkpt><trkpt lat="46.15759856579248" lon="7.905399643632552"><ele>2311.2</ele></trkpt><trkpt lat="46.15763456579086" lon="7.905373643633701"><ele>2311.2</ele></trkpt><trkpt lat="46.1576615659434" lon="7.905386643758921"><ele>2310.4</ele></trkpt><trkpt lat="46.15767956607702" lon="7.905373643869829"><ele>2309.7</ele></trkpt><trkpt lat="46.15776056605431" lon="7.9053486438548655"><ele>2309.8</ele></trkpt><trkpt lat="46.15777856634163" lon="7.905348644091177"><ele>2308.3</ele></trkpt><trkpt lat="46.157832566204824" lon="7.905336643981116"><ele>2309.0</ele></trkpt><trkpt lat="46.15785956649175" lon="7.90533664421737"><ele>2307.5</ele></trkpt><trkpt lat="46.1578955663941" lon="7.905298644140349"><ele>2308.0</ele></trkpt><trkpt lat="46.15794056654579" lon="7.90528564426684"><ele>2307.2</ele></trkpt><trkpt lat="46.157976566601846" lon="7.905285644313885"><ele>2306.9</ele></trkpt><trkpt lat="46.1579945667547" lon="7.905273644440503"><ele>2306.1</ele></trkpt><trkpt lat="46.15803056690682" lon="7.905273644566356"><ele>2305.3</ele></trkpt><trkpt lat="46.15807556705862" lon="7.905286644691459"><ele>2304.5</ele></trkpt><trkpt lat="46.15810256728799" lon="7.9052996448797295"><ele>2303.3</ele></trkpt><trkpt lat="46.158147567343654" lon="7.905287644927354"><ele>2303.0</ele></trkpt><trkpt lat="46.158183567572586" lon="7.905300645115565"><ele>2301.8</ele></trkpt><trkpt lat="46.15821056762906" lon="7.905287645163361"><ele>2301.5</ele></trkpt><trkpt lat="46.158237567800825" lon="7.905301645304298"><ele>2300.6</ele></trkpt><trkpt lat="46.15827356789529" lon="7.905301645382864"><ele>2300.1</ele></trkpt><trkpt lat="46.158327567989055" lon="7.905301645461311"><ele>2299.6</ele></trkpt><trkpt lat="46.15838156815964" lon="7.905302645602758"><ele>2298.7</ele></trkpt><trkpt lat="46.158471568501554" lon="7.90531664588513"><ele>2296.9</ele></trkpt><trkpt lat="46.15852456867228" lon="7.9053426460252485"><ele>2296.0</ele></trkpt><trkpt lat="46.158569568747176" lon="7.9053426460879965"><ele>2295.6</ele></trkpt><trkpt lat="46.158596568822944" lon="7.9053556461501735"><ele>2295.2</ele></trkpt><trkpt lat="46.15864156891705" lon="7.905356646228632"><ele>2294.7</ele></trkpt><trkpt lat="46.15866856897349" lon="7.905343646276429"><ele>2294.4</ele></trkpt><trkpt lat="46.15869556908765" lon="7.905356646370132"><ele>2293.8</ele></trkpt><trkpt lat="46.15880356952484" lon="7.905357646731895"><ele>2291.5</ele></trkpt><trkpt lat="46.15883056967737" lon="7.905370646857124"><ele>2290.7</ele></trkpt><trkpt lat="46.15885756979152" lon="7.9053716469514645"><ele>2290.1</ele></trkpt><trkpt lat="46.15889356994365" lon="7.905371647077328"><ele>2289.3</ele></trkpt><trkpt lat="46.15891157001971" lon="7.9053716471402575"><ele>2288.9</ele></trkpt><trkpt lat="46.158938570191395" lon="7.905371647281945"><ele>2288.0</ele></trkpt><trkpt lat="46.15896557045917" lon="7.905372647502393"><ele>2286.6</ele></trkpt><trkpt lat="46.15899257061172" lon="7.905372647628318"><ele>2285.8</ele></trkpt><trkpt lat="46.15901057070699" lon="7.905372647707012"><ele>2285.3</ele></trkpt><trkpt lat="46.159037570782694" lon="7.905359647770572"><ele>2284.9</ele></trkpt><trkpt lat="46.159082570857535" lon="7.905334647834645"><ele>2284.5</ele></trkpt><trkpt lat="46.15911857102892" lon="7.90533464797627"><ele>2283.6</ele></trkpt><trkpt lat="46.15916357125747" lon="7.905334648165123"><ele>2282.4</ele></trkpt><trkpt lat="46.159226571542945" lon="7.905322648401782"><ele>2280.9</ele></trkpt><trkpt lat="46.159280571905626" lon="7.905322648700913"><ele>2279.0</ele></trkpt><trkpt lat="46.15930757205815" lon="7.905310648827479"><ele>2278.2</ele></trkpt><trkpt lat="46.15932557219186" lon="7.905323648937009"><ele>2277.5</ele></trkpt><trkpt lat="46.15935257230598" lon="7.905310649032093"><ele>2276.9</ele></trkpt><trkpt lat="46.15937957242008" lon="7.90531064912649"><ele>2276.3</ele></trkpt><trkpt lat="46.159406572611054" lon="7.905324649283204"><ele>2275.3</ele></trkpt><trkpt lat="46.159433572802044" lon="7.905324649440651"><ele>2274.3</ele></trkpt><trkpt lat="46.159451572878105" lon="7.905311649504269"><ele>2273.9</ele></trkpt><trkpt lat="46.15946957303099" lon="7.9053116496302565"><ele>2273.1</ele></trkpt><trkpt lat="46.15950557326005" lon="7.905324649818488"><ele>2271.9</ele></trkpt><trkpt lat="46.159523573336116" lon="7.905325649881362"><ele>2271.5</ele></trkpt><trkpt lat="46.15956857368012" lon="7.905364650162749"><ele>2269.7</ele></trkpt><trkpt lat="46.15961357367821" lon="7.905364650162447"><ele>2269.7</ele></trkpt><trkpt lat="46.15969457407829" lon="7.9053916504915085"><ele>2267.6</ele></trkpt><trkpt lat="46.15973957438378" lon="7.905404650742741"><ele>2266.0</ele></trkpt><trkpt lat="46.159765574671" lon="7.9054436509769666"><ele>2264.5</ele></trkpt><trkpt lat="46.15980157480394" lon="7.905443651087073"><ele>2263.8</ele></trkpt><trkpt lat="46.15981057493805" lon="7.905456651196677"><ele>2263.1</ele></trkpt><trkpt lat="46.1598465752248" lon="7.9054706514321555"><ele>2261.6</ele></trkpt><trkpt lat="46.15988257553068" lon="7.905496651682773"><ele>2260.0</ele></trkpt><trkpt lat="46.159909575664095" lon="7.905509651792254"><ele>2259.3</ele></trkpt><trkpt lat="46.15997257573835" lon="7.905536651853474"><ele>2258.9</ele></trkpt><trkpt lat="46.16003557613935" lon="7.905601652180693"><ele>2256.8</ele></trkpt><trkpt lat="46.160043576504115" lon="7.905640652478112"><ele>2254.9</ele></trkpt><trkpt lat="46.16007057673362" lon="7.905666652665742"><ele>2253.7</ele></trkpt><trkpt lat="46.16008857682897" lon="7.905692652743085"><ele>2253.2</ele></trkpt><trkpt lat="46.160142576692294" lon="7.905705652631696"><ele>2253.9</ele></trkpt><trkpt lat="46.16016957665285" lon="7.905731652598625"><ele>2254.1</ele></trkpt><trkpt lat="46.160205576612974" lon="7.905745652566123"><ele>2254.3</ele></trkpt><trkpt lat="46.160241576784415" lon="7.905771652706404"><ele>2253.4</ele></trkpt><trkpt lat="46.160268577033165" lon="7.9058106529091265"><ele>2252.1</ele></trkpt><trkpt lat="46.16028657737822" lon="7.905823653192092"><ele>2250.3</ele></trkpt><trkpt lat="46.16030457743515" lon="7.905836653238585"><ele>2250.0</ele></trkpt><trkpt lat="46.1603485770683" lon="7.905836652938762"><ele>2251.9</ele></trkpt><trkpt lat="46.16041157702731" lon="7.905850652906085"><ele>2252.1</ele></trkpt><trkpt lat="46.16043857714145" lon="7.905850653000495"><ele>2251.5</ele></trkpt><trkpt lat="46.16046557721715" lon="7.905837653064053"><ele>2251.1</ele></trkpt><trkpt lat="46.16049257717756" lon="7.905825653032973"><ele>2251.3</ele></trkpt><trkpt lat="46.16055557744393" lon="7.9058516532519025"><ele>2249.9</ele></trkpt><trkpt lat="46.16059157738489" lon="7.9058646532036905"><ele>2250.2</ele></trkpt><trkpt lat="46.16060957751858" lon="7.905852653314549"><ele>2249.5</ele></trkpt><trkpt lat="46.16066357770849" lon="7.905865653471161"><ele>2248.5</ele></trkpt><trkpt lat="46.1607175776294" lon="7.905866653407689"><ele>2248.9</ele></trkpt><trkpt lat="46.16075357749342" lon="7.90587965329642"><ele>2249.6</ele></trkpt><trkpt lat="46.160780577357784" lon="7.905879653185886"><ele>2250.3</ele></trkpt><trkpt lat="46.16080757716463" lon="7.905879653028057"><ele>2251.3</ele></trkpt><trkpt lat="46.16084357704788" lon="7.905905652931871"><ele>2251.9</ele></trkpt><trkpt lat="46.160861576989596" lon="7.905931652883091"><ele>2252.2</ele></trkpt><trkpt lat="46.160879576604756" lon="7.905983652564949"><ele>2254.2</ele></trkpt><trkpt lat="46.16089657654653" lon="7.906035652514821"><ele>2254.5</ele></trkpt><trkpt lat="46.160905576527014" lon="7.906048652498316"><ele>2254.6</ele></trkpt><trkpt lat="46.16093257650673" lon="7.906074652481012"><ele>2254.7</ele></trkpt><trkpt lat="46.160977576562544" lon="7.906088652527272"><ele>2254.4</ele></trkpt><trkpt lat="46.16105857671313" lon="7.906179652648094"><ele>2253.6</ele></trkpt><trkpt lat="46.16109457690388" lon="7.9062186528034735"><ele>2252.6</ele></trkpt><trkpt lat="46.161120577709994" lon="7.906309653460718"><ele>2248.4</ele></trkpt><trkpt lat="46.16115657770861" lon="7.906348653458444"><ele>2248.4</ele></trkpt><trkpt lat="46.161174577611725" lon="7.90633565338017"><ele>2248.9</ele></trkpt><trkpt lat="46.16121057739889" lon="7.906323653207131"><ele>2250.0</ele></trkpt><trkpt lat="46.16125557707029" lon="7.9062976529401645"><ele>2251.7</ele></trkpt><trkpt lat="46.16128257676178" lon="7.906285652688359"><ele>2253.3</ele></trkpt><trkpt lat="46.1613005767034" lon="7.90629865264026"><ele>2253.6</ele></trkpt><trkpt lat="46.16130957664546" lon="7.906324652591541"><ele>2253.9</ele></trkpt><trkpt lat="46.161327576625595" lon="7.906363652573611"><ele>2254.0</ele></trkpt><trkpt lat="46.1613365767214" lon="7.9064026526503435"><ele>2253.5</ele></trkpt><trkpt lat="46.161345576682635" lon="7.906415652618075"><ele>2253.7</ele></trkpt><trkpt lat="46.16136357664353" lon="7.906428652585739"><ele>2253.9</ele></trkpt><trkpt lat="46.16137257645096" lon="7.906402652429376"><ele>2254.9</ele></trkpt><trkpt lat="46.16138157618147" lon="7.906363652210632"><ele>2256.3</ele></trkpt><trkpt lat="46.161399575988476" lon="7.9063376520542095"><ele>2257.3</ele></trkpt><trkpt lat="46.161399575988476" lon="7.9063376520542095"><ele>2257.3</ele></trkpt><trkpt lat="46.16141757566123" lon="7.906363651784704"><ele>2259.0</ele></trkpt><trkpt lat="46.16142657571855" lon="7.906376651831261"><ele>2258.7</ele></trkpt><trkpt lat="46.16145357569813" lon="7.906364651815942"><ele>2258.8</ele></trkpt><trkpt lat="46.161480575620025" lon="7.9063126517554245"><ele>2259.2</ele></trkpt><trkpt lat="46.16150757548426" lon="7.906274651646877"><ele>2259.9</ele></trkpt><trkpt lat="46.1615255751759" lon="7.906196651398594"><ele>2261.5</ele></trkpt><trkpt lat="46.16153557523301" lon="7.9061706514471926"><ele>2261.2</ele></trkpt><trkpt lat="46.16154457529027" lon="7.9061576514951115"><ele>2260.9</ele></trkpt><trkpt lat="46.16155357540514" lon="7.90613265159096"><ele>2260.3</ele></trkpt><trkpt lat="46.161580575442315" lon="7.906106651623678"><ele>2260.1</ele></trkpt><trkpt lat="46.16159857547991" lon="7.906067651657134"><ele>2259.9</ele></trkpt><trkpt lat="46.161607575633084" lon="7.906016651785873"><ele>2259.1</ele></trkpt><trkpt lat="46.16161657578634" lon="7.90600365191262"><ele>2258.3</ele></trkpt><trkpt lat="46.161616575824716" lon="7.905977651945512"><ele>2258.1</ele></trkpt><trkpt lat="46.16163457597761" lon="7.90595165207288"><ele>2257.3</ele></trkpt><trkpt lat="46.161652576034484" lon="7.905938652120739"><ele>2257.0</ele></trkpt><trkpt lat="46.16167157609122" lon="7.9059006521698985"><ele>2256.7</ele></trkpt><trkpt lat="46.16170757610883" lon="7.905874652186786"><ele>2256.6</ele></trkpt><trkpt lat="46.16171657606991" lon="7.9058226521579185"><ele>2256.8</ele></trkpt><trkpt lat="46.161725576050166" lon="7.905771652144771"><ele>2256.9</ele></trkpt><trkpt lat="46.16179757620074" lon="7.90574565227177"><ele>2256.1</ele></trkpt><trkpt lat="46.1618245761227" lon="7.905707652210525"><ele>2256.5</ele></trkpt><trkpt lat="46.16184257604495" lon="7.905668652149388"><ele>2256.9</ele></trkpt><trkpt lat="46.16187957627396" lon="7.9056556523389965"><ele>2255.7</ele></trkpt><trkpt lat="46.161888576388854" lon="7.905655652433528"><ele>2255.1</ele></trkpt><trkpt lat="46.16192357657956" lon="7.905656652590889"><ele>2254.1</ele></trkpt><trkpt lat="46.16194257665554" lon="7.905630652655182"><ele>2253.7</ele></trkpt><trkpt lat="46.16196957673125" lon="7.905630652718065"><ele>2253.3</ele></trkpt><trkpt lat="46.162005576844976" lon="7.905605652813718"><ele>2252.7</ele></trkpt><trkpt lat="46.162032576978326" lon="7.9056056529238905"><ele>2252.0</ele></trkpt><trkpt lat="46.16204157703561" lon="7.905605652971125"><ele>2251.7</ele></trkpt><trkpt lat="46.16207757714932" lon="7.905579653066833"><ele>2251.1</ele></trkpt><trkpt lat="46.16210457732122" lon="7.905593653207807"><ele>2250.2</ele></trkpt><trkpt lat="46.16212257743575" lon="7.905593653302277"><ele>2249.6</ele></trkpt><trkpt lat="46.162158577472624" lon="7.905567653334923"><ele>2249.4</ele></trkpt><trkpt lat="46.16217657745247" lon="7.905516653321703"><ele>2249.5</ele></trkpt><trkpt lat="46.16219457749004" lon="7.9054776533551525"><ele>2249.3</ele></trkpt><trkpt lat="46.16222157760415" lon="7.905451653450917"><ele>2248.7</ele></trkpt><trkpt lat="46.1622395776417" lon="7.90542565348368"><ele>2248.5</ele></trkpt><trkpt lat="46.162257577775414" lon="7.9054006535952155"><ele>2247.8</ele></trkpt><trkpt lat="46.16228457794719" lon="7.905387653737594"><ele>2246.9</ele></trkpt><trkpt lat="46.162329578214354" lon="7.9053876539579955"><ele>2245.5</ele></trkpt><trkpt lat="46.16235657832851" lon="7.90538865405235"><ele>2244.9</ele></trkpt><trkpt lat="46.16238357838496" lon="7.905375654100141"><ele>2244.6</ele></trkpt><trkpt lat="46.1624025783457" lon="7.905349654069844"><ele>2244.8</ele></trkpt><trkpt lat="46.162438578267235" lon="7.90531165400853"><ele>2245.2</ele></trkpt><trkpt lat="46.162501578226056" lon="7.905272653978617"><ele>2245.4</ele></trkpt><trkpt lat="46.1625375782629" lon="7.905221654012565"><ele>2245.2</ele></trkpt><trkpt lat="46.16256457839624" lon="7.905195654124086"><ele>2244.5</ele></trkpt><trkpt lat="46.16261857872054" lon="7.905170654393018"><ele>2242.8</ele></trkpt><trkpt lat="46.16266357889145" lon="7.905118654537305"><ele>2241.9</ele></trkpt><trkpt lat="46.162717579023656" lon="7.905080654649268"><ele>2241.2</ele></trkpt><trkpt lat="46.16278157915533" lon="7.905016654762524"><ele>2240.5</ele></trkpt><trkpt lat="46.16280857930782" lon="7.9049776548904775"><ele>2239.7</ele></trkpt><trkpt lat="46.16284457970966" lon="7.904913655224598"><ele>2237.6</ele></trkpt><trkpt lat="46.16286257978572" lon="7.904887655288884"><ele>2237.2</ele></trkpt><trkpt lat="46.162889579803775" lon="7.904874655305146"><ele>2237.1</ele></trkpt><trkpt lat="46.162916580129405" lon="7.9049006555715895"><ele>2235.4</ele></trkpt><trkpt lat="46.16294358035884" lon="7.904888655761199"><ele>2234.2</ele></trkpt><trkpt lat="46.16296158045414" lon="7.904875655840567"><ele>2233.7</ele></trkpt><trkpt lat="46.16299758070239" lon="7.904862656045929"><ele>2232.4</ele></trkpt><trkpt lat="46.163051580969096" lon="7.904824656268223"><ele>2231.0</ele></trkpt><trkpt lat="46.1631145811971" lon="7.904811656457646"><ele>2229.8</ele></trkpt><trkpt lat="46.16316858138698" lon="7.904786656616212"><ele>2228.8</ele></trkpt><trkpt lat="46.163214581558" lon="7.904774656758399"><ele>2227.9</ele></trkpt><trkpt lat="46.16323258163407" lon="7.904748656822679"><ele>2227.5</ele></trkpt><trkpt lat="46.16327758172823" lon="7.904735656901874"><ele>2227.0</ele></trkpt><trkpt lat="46.163349582147895" lon="7.9046846572508205"><ele>2224.8</ele></trkpt><trkpt lat="46.16337658237731" lon="7.904645657441815"><ele>2223.6</ele></trkpt><trkpt lat="46.16339458247258" lon="7.904620657521799"><ele>2223.1</ele></trkpt><trkpt lat="46.16341258258708" lon="7.904607657616932"><ele>2222.5</ele></trkpt><trkpt lat="46.163421582605885" lon="7.9045946576333055"><ele>2222.4</ele></trkpt><trkpt lat="46.16343058260549" lon="7.9045816576339165"><ele>2222.4</ele></trkpt><trkpt lat="46.163439582624214" lon="7.904542657651629"><ele>2222.3</ele></trkpt><trkpt lat="46.163457582584975" lon="7.90451765762128"><ele>2222.5</ele></trkpt><trkpt lat="46.16347658262261" lon="7.904504657653351"><ele>2222.3</ele></trkpt><trkpt lat="46.163503582621395" lon="7.904478657654516"><ele>2222.3</ele></trkpt><trkpt lat="46.16353058248564" lon="7.90442765754663"><ele>2223.0</ele></trkpt><trkpt lat="46.16354858244632" lon="7.9043756575176705"><ele>2223.2</ele></trkpt><trkpt lat="46.16356658240701" lon="7.904336657488041"><ele>2223.4</ele></trkpt><trkpt lat="46.163584582444614" lon="7.904298657521409"><ele>2223.2</ele></trkpt><trkpt lat="46.163593582559535" lon="7.904285657616596"><ele>2222.6</ele></trkpt><trkpt lat="46.16360258275133" lon="7.904285657774157"><ele>2221.6</ele></trkpt><trkpt lat="46.16361158286628" lon="7.9042986578680035"><ele>2221.0</ele></trkpt><trkpt lat="46.16361158298168" lon="7.904324657961234"><ele>2220.4</ele></trkpt><trkpt lat="46.16360258323198" lon="7.904363658164192"><ele>2219.1</ele></trkpt><trkpt lat="46.1636115832701" lon="7.904376658194987"><ele>2218.9</ele></trkpt><trkpt lat="46.16363858348031" lon="7.904350658369536"><ele>2217.8</ele></trkpt><trkpt lat="46.16367458372867" lon="7.904350658574212"><ele>2216.5</ele></trkpt><trkpt lat="46.1636925838239" lon="7.90431265865486"><ele>2216.0</ele></trkpt><trkpt lat="46.163692583862215" lon="7.904273658688389"><ele>2215.8</ele></trkpt><trkpt lat="46.16370258386163" lon="7.904208658691665"><ele>2215.8</ele></trkpt><trkpt lat="46.16372958412956" lon="7.904195658912828"><ele>2214.4</ele></trkpt><trkpt lat="46.163774584377556" lon="7.904209659116718"><ele>2213.1</ele></trkpt><trkpt lat="46.16381958468304" lon="7.90415765937129"><ele>2211.5</ele></trkpt><trkpt lat="46.163855584854545" lon="7.904145659513529"><ele>2210.6</ele></trkpt><trkpt lat="46.16390058510243" lon="7.904106659720138"><ele>2209.3</ele></trkpt><trkpt lat="46.163945585273474" lon="7.9040686598636505"><ele>2208.4</ele></trkpt><trkpt lat="46.16399058540611" lon="7.904055659974358"><ele>2207.7</ele></trkpt><trkpt lat="46.16402658544299" lon="7.904030660006927"><ele>2207.5</ele></trkpt><trkpt lat="46.164134585688224" lon="7.903966660214405"><ele>2206.2</ele></trkpt><trkpt lat="46.164161585879334" lon="7.903966660371845"><ele>2205.2</ele></trkpt><trkpt lat="46.1642065859735" lon="7.903940660451688"><ele>2204.7</ele></trkpt><trkpt lat="46.16424358614487" lon="7.9039026605952465"><ele>2203.8</ele></trkpt><trkpt lat="46.16427058629756" lon="7.903902660721164"><ele>2203.0</ele></trkpt><trkpt lat="46.16430658650747" lon="7.903890660894921"><ele>2201.9</ele></trkpt><trkpt lat="46.16431558662244" lon="7.903903660988765"><ele>2201.3</ele></trkpt><trkpt lat="46.1643515868708" lon="7.9038906611940964"><ele>2200.0</ele></trkpt><trkpt lat="46.16439658706106" lon="7.903864661352745"><ele>2199.0</ele></trkpt><trkpt lat="46.16442358713674" lon="7.903826661417555"><ele>2198.6</ele></trkpt><trkpt lat="46.16445058738546" lon="7.903813661622943"><ele>2197.3</ele></trkpt><trkpt lat="46.164459587404245" lon="7.903800661639307"><ele>2197.2</ele></trkpt><trkpt lat="46.16451358763261" lon="7.903775661829366"><ele>2196.0</ele></trkpt><trkpt lat="46.164531587747256" lon="7.903775661923818"><ele>2195.4</ele></trkpt><trkpt lat="46.16455858788067" lon="7.903775662033972"><ele>2194.7</ele></trkpt><trkpt lat="46.16458558812942" lon="7.903775662238695"><ele>2193.4</ele></trkpt><trkpt lat="46.16462158833936" lon="7.903776662411785"><ele>2192.3</ele></trkpt><trkpt lat="46.164648588588186" lon="7.903789662615852"><ele>2191.0</ele></trkpt><trkpt lat="46.1646665886836" lon="7.903789662694542"><ele>2190.5</ele></trkpt><trkpt lat="46.16474758883389" lon="7.903725662823362"><ele>2189.7</ele></trkpt><trkpt lat="46.1647745890441" lon="7.903699662997879"><ele>2188.6</ele></trkpt><trkpt lat="46.16480158919679" lon="7.903700663123748"><ele>2187.8</ele></trkpt><trkpt lat="46.16483758938743" lon="7.9036616632831045"><ele>2186.8</ele></trkpt><trkpt lat="46.164882589923785" lon="7.9036616637241295"><ele>2184.0</ele></trkpt><trkpt lat="46.164954590420564" lon="7.903649664134062"><ele>2181.4</ele></trkpt><trkpt lat="46.16498159070778" lon="7.903649664370307"><ele>2179.9</ele></trkpt><trkpt lat="46.164999590841575" lon="7.903636664481178"><ele>2179.2</ele></trkpt><trkpt lat="46.16501759086001" lon="7.90361166449809"><ele>2179.1</ele></trkpt><trkpt lat="46.16504459105107" lon="7.903611664655526"><ele>2178.1</ele></trkpt><trkpt lat="46.16506259122338" lon="7.90361166479726"><ele>2177.2</ele></trkpt><trkpt lat="46.16509959137552" lon="7.903586664924375"><ele>2176.4</ele></trkpt><trkpt lat="46.1651175914132" lon="7.9035606649570935"><ele>2176.2</ele></trkpt><trkpt lat="46.16516259183427" lon="7.903547665304203"><ele>2174.0</ele></trkpt><trkpt lat="46.16518959192922" lon="7.9035356653834405"><ele>2173.5</ele></trkpt><trkpt lat="46.16519859210171" lon="7.9034966655271965"><ele>2172.6</ele></trkpt><trkpt lat="46.1652165921971" lon="7.903483665606546"><ele>2172.1</ele></trkpt><trkpt lat="46.16522559229283" lon="7.903483665685292"><ele>2171.6</ele></trkpt><trkpt lat="46.165243592426705" lon="7.903496665794847"><ele>2170.9</ele></trkpt><trkpt lat="46.1652705925601" lon="7.903483665905657"><ele>2170.2</ele></trkpt><trkpt lat="46.16529759269343" lon="7.903432666018376"><ele>2169.5</ele></trkpt><trkpt lat="46.16535159303708" lon="7.903368666304946"><ele>2167.7</ele></trkpt><trkpt lat="46.16536959313241" lon="7.903342666384945"><ele>2167.2</ele></trkpt><trkpt lat="46.16539659328504" lon="7.903329666511509"><ele>2166.4</ele></trkpt><trkpt lat="46.16541459345732" lon="7.903316666653895"><ele>2165.5</ele></trkpt><trkpt lat="46.16543359353337" lon="7.903304666717414"><ele>2165.1</ele></trkpt><trkpt lat="46.16545159362872" lon="7.903291666796757"><ele>2164.6</ele></trkpt><trkpt lat="46.16546959383942" lon="7.903265666971316"><ele>2163.5</ele></trkpt><trkpt lat="46.165487594011665" lon="7.903252667113698"><ele>2162.6</ele></trkpt><trkpt lat="46.16555959447007" lon="7.903253667491442"><ele>2160.2</ele></trkpt><trkpt lat="46.16559559468003" lon="7.90324066766523"><ele>2159.1</ele></trkpt><trkpt lat="46.16564959487001" lon="7.903202667824394"><ele>2158.1</ele></trkpt><trkpt lat="46.16569459506031" lon="7.903163667983659"><ele>2157.1</ele></trkpt><trkpt lat="46.16573959509689" lon="7.903138668016145"><ele>2156.9</ele></trkpt><trkpt lat="46.16582959497791" lon="7.903126667921613"><ele>2157.5</ele></trkpt><trkpt lat="46.165874595091566" lon="7.903152668014587"><ele>2156.9</ele></trkpt><trkpt lat="46.165910595340016" lon="7.903139668219893"><ele>2155.6</ele></trkpt><trkpt lat="46.165937595473395" lon="7.903127668330644"><ele>2154.9</ele></trkpt><trkpt lat="46.16598259562537" lon="7.903114668457091"><ele>2154.1</ele></trkpt><trkpt lat="46.16602759581585" lon="7.903114668614406"><ele>2153.1</ele></trkpt><trkpt lat="46.16606359612206" lon="7.903141668864997"><ele>2151.5</ele></trkpt><trkpt lat="46.166081596159806" lon="7.903154668895756"><ele>2151.3</ele></trkpt><trkpt lat="46.16609959621672" lon="7.903141668943573"><ele>2151.0</ele></trkpt><trkpt lat="46.16611759621596" lon="7.903128668944107"><ele>2151.0</ele></trkpt><trkpt lat="46.16623459655702" lon="7.9030136692327835"><ele>2149.2</ele></trkpt><trkpt lat="46.166298597054066" lon="7.902948669645383"><ele>2146.6</ele></trkpt><trkpt lat="46.16632559714904" lon="7.902910669725901"><ele>2146.1</ele></trkpt><trkpt lat="46.16634359726364" lon="7.902884669821643"><ele>2145.5</ele></trkpt><trkpt lat="46.16637059741606" lon="7.902794669952028"><ele>2144.7</ele></trkpt><trkpt lat="46.16637959755018" lon="7.902768670063583"><ele>2144.0</ele></trkpt><trkpt lat="46.16640659777974" lon="7.902742670253821"><ele>2142.8</ele></trkpt><trkpt lat="46.16641559772165" lon="7.902716670207782"><ele>2143.1</ele></trkpt><trkpt lat="46.16641659760621" lon="7.902690670114504"><ele>2143.7</ele></trkpt><trkpt lat="46.16643459775917" lon="7.902665670241711"><ele>2142.9</ele></trkpt><trkpt lat="46.16644359783571" lon="7.90265267030534"><ele>2142.5</ele></trkpt><trkpt lat="46.16647059781542" lon="7.902652670289409"><ele>2142.6</ele></trkpt><trkpt lat="46.16647959777661" lon="7.902652670257832"><ele>2142.8</ele></trkpt><trkpt lat="46.166524597832485" lon="7.902653670304778"><ele>2142.5</ele></trkpt><trkpt lat="46.16657859844556" lon="7.902666670808096"><ele>2139.3</ele></trkpt><trkpt lat="46.16665859890389" lon="7.902705671183889"><ele>2136.9</ele></trkpt><trkpt lat="46.166703599094404" lon="7.902719671340508"><ele>2135.9</ele></trkpt><trkpt lat="46.166748599227155" lon="7.90271967145054"><ele>2135.2</ele></trkpt><trkpt lat="46.1667935995139" lon="7.90277167168408"><ele>2133.7</ele></trkpt><trkpt lat="46.16681159968632" lon="7.9028106718238735"><ele>2132.8</ele></trkpt><trkpt lat="46.16682959972416" lon="7.902849671853354"><ele>2132.6</ele></trkpt><trkpt lat="46.16685559999247" lon="7.902927672069974"><ele>2131.2</ele></trkpt><trkpt lat="46.166873600087996" lon="7.902966672146735"><ele>2130.7</ele></trkpt><trkpt lat="46.16690059991406" lon="7.903005672002795"><ele>2131.6</ele></trkpt><trkpt lat="46.166918600105824" lon="7.9030966721557885"><ele>2130.6</ele></trkpt><trkpt lat="46.166935600086056" lon="7.903148672137351"><ele>2130.7</ele></trkpt><trkpt lat="46.16699859989166" lon="7.903265671973561"><ele>2131.7</ele></trkpt><trkpt lat="46.16707859975423" lon="7.903382671856937"><ele>2132.4</ele></trkpt><trkpt lat="46.16712359965645" lon="7.90342267177587"><ele>2132.9</ele></trkpt><trkpt lat="46.16717759961598" lon="7.903448671742724"><ele>2133.1</ele></trkpt><trkpt lat="46.16722259951804" lon="7.903448671663628"><ele>2133.6</ele></trkpt><trkpt lat="46.16727659963132" lon="7.903475671756524"><ele>2133.0</ele></trkpt><trkpt lat="46.16729459961135" lon="7.90347567174065"><ele>2133.1</ele></trkpt><trkpt lat="46.167330599552315" lon="7.903462671693784"><ele>2133.4</ele></trkpt><trkpt lat="46.16737559949273" lon="7.903424671648093"><ele>2133.7</ele></trkpt><trkpt lat="46.16747459920027" lon="7.903360671414214"><ele>2135.2</ele></trkpt><trkpt lat="46.167519599179194" lon="7.903321671400101"><ele>2135.3</ele></trkpt><trkpt lat="46.16754759927413" lon="7.9032836714806125"><ele>2134.8</ele></trkpt><trkpt lat="46.167583599253405" lon="7.903270671465264"><ele>2134.9</ele></trkpt><trkpt lat="46.167646599423925" lon="7.9032456716079595"><ele>2134.0</ele></trkpt><trkpt lat="46.16772759915133" lon="7.9031816713899605"><ele>2135.4</ele></trkpt><trkpt lat="46.16774559913135" lon="7.903155671375372"><ele>2135.5</ele></trkpt><trkpt lat="46.16781759899369" lon="7.90306567126905"><ele>2136.2</ele></trkpt><trkpt lat="46.16782659897408" lon="7.903052671253876"><ele>2136.3</ele></trkpt><trkpt lat="46.16784459906944" lon="7.903039671333212"><ele>2135.8</ele></trkpt><trkpt lat="46.167862599126366" lon="7.903026671381024"><ele>2135.5</ele></trkpt><trkpt lat="46.16788159937555" lon="7.903001671587034"><ele>2134.2</ele></trkpt><trkpt lat="46.16790859956663" lon="7.902962671746399"><ele>2133.2</ele></trkpt><trkpt lat="46.16793559958475" lon="7.90294967176263"><ele>2133.1</ele></trkpt><trkpt lat="46.16796259948753" lon="7.902937671684252"><ele>2133.6</ele></trkpt><trkpt lat="46.16798059942905" lon="7.902911671638146"><ele>2133.9</ele></trkpt><trkpt lat="46.16799859919754" lon="7.902872671450841"><ele>2135.1</ele></trkpt><trkpt lat="46.16801659902367" lon="7.90283467131076"><ele>2136.0</ele></trkpt><trkpt lat="46.16803459890748" lon="7.902795671218019"><ele>2136.6</ele></trkpt><trkpt lat="46.16812559884588" lon="7.902679671175912"><ele>2136.9</ele></trkpt><trkpt lat="46.168179598708974" lon="7.902589671069717"><ele>2137.6</ele></trkpt><trkpt lat="46.168206598746245" lon="7.902550671102993"><ele>2137.4</ele></trkpt><trkpt lat="46.168242598686994" lon="7.902512671057376"><ele>2137.7</ele></trkpt><trkpt lat="46.16826159857079" lon="7.902460670965276"><ele>2138.3</ele></trkpt><trkpt lat="46.16827959847384" lon="7.902421670888297"><ele>2138.8</ele></trkpt><trkpt lat="46.168288598454055" lon="7.902357670875662"><ele>2138.9</ele></trkpt><trkpt lat="46.16831559847208" lon="7.902305670893828"><ele>2138.8</ele></trkpt><trkpt lat="46.168342598567" lon="7.902254670974983"><ele>2138.3</ele></trkpt><trkpt lat="46.16836159875836" lon="7.9021766711363215"><ele>2137.3</ele></trkpt><trkpt lat="46.16837059879629" lon="7.902124671170359"><ele>2137.1</ele></trkpt><trkpt lat="46.168379598795845" lon="7.90209967117154"><ele>2137.1</ele></trkpt><trkpt lat="46.16841559883273" lon="7.902034671206052"><ele>2136.9</ele></trkpt><trkpt lat="46.16846059896545" lon="7.901996671317965"><ele>2136.2</ele></trkpt><trkpt lat="46.16850659905968" lon="7.901957671398401"><ele>2135.7</ele></trkpt><trkpt lat="46.1685515989424" lon="7.901906671306091"><ele>2136.3</ele></trkpt><trkpt lat="46.16860559886323" lon="7.901867671244652"><ele>2136.7</ele></trkpt><trkpt lat="46.16875059828022" lon="7.901687670779921"><ele>2139.7</ele></trkpt><trkpt lat="46.16882259835416" lon="7.901636670845027"><ele>2139.3</ele></trkpt><trkpt lat="46.168858597794916" lon="7.9015726703910065"><ele>2142.2</ele></trkpt><trkpt lat="46.168885597909075" lon="7.901520670487965"><ele>2141.6</ele></trkpt><trkpt lat="46.168930598041804" lon="7.901495670599226"><ele>2140.9</ele></trkpt><trkpt lat="46.168966598232565" lon="7.901456670758508"><ele>2139.9</ele></trkpt><trkpt lat="46.16901159850004" lon="7.9014706709781315"><ele>2138.5</ele></trkpt><trkpt lat="46.16904759834471" lon="7.901444670853137"><ele>2139.3</ele></trkpt><trkpt lat="46.16911159814974" lon="7.90139367069769"><ele>2140.3</ele></trkpt><trkpt lat="46.16915659805173" lon="7.901367670619911"><ele>2140.8</ele></trkpt><trkpt lat="46.16919259774251" lon="7.901303670370748"><ele>2142.4</ele></trkpt><trkpt lat="46.16922859770256" lon="7.901277670340295"><ele>2142.6</ele></trkpt><trkpt lat="46.169273597373675" lon="7.9012006700759745"><ele>2144.3</ele></trkpt><trkpt lat="46.16930959731446" lon="7.90117467002977"><ele>2144.6</ele></trkpt><trkpt lat="46.16933759712096" lon="7.901123669874563"><ele>2145.6</ele></trkpt><trkpt lat="46.16935559706249" lon="7.9010976698284745"><ele>2145.9</ele></trkpt><trkpt lat="46.169382596869" lon="7.90105866967268"><ele>2146.9</ele></trkpt><trkpt lat="46.16940959682938" lon="7.901020669642889"><ele>2147.1</ele></trkpt><trkpt lat="46.169445596789444" lon="7.90099466961244"><ele>2147.3</ele></trkpt><trkpt lat="46.169472596692046" lon="7.900943669536031"><ele>2147.8</ele></trkpt><trkpt lat="46.16947259657662" lon="7.900917669442788"><ele>2148.4</ele></trkpt><trkpt lat="46.16950959644043" lon="7.900878669334201"><ele>2149.1</ele></trkpt><trkpt lat="46.169554596400005" lon="7.900801669306246"><ele>2149.3</ele></trkpt><trkpt lat="46.16960859637846" lon="7.90075066929269"><ele>2149.4</ele></trkpt><trkpt lat="46.16960859641677" lon="7.900698669326794"><ele>2149.2</ele></trkpt><trkpt lat="46.169608596512816" lon="7.900659669407519"><ele>2148.7</ele></trkpt><trkpt lat="46.169608596512816" lon="7.900646669408167"><ele>2148.7</ele></trkpt><trkpt lat="46.16961859656995" lon="7.900594669457961"><ele>2148.4</ele></trkpt><trkpt lat="46.16963659660766" lon="7.900568669490655"><ele>2148.2</ele></trkpt><trkpt lat="46.169645596645616" lon="7.9005306695240005"><ele>2148.0</ele></trkpt><trkpt lat="46.1696545966643" lon="7.900465669542938"><ele>2147.9</ele></trkpt><trkpt lat="46.16968159673993" lon="7.900388669609622"><ele>2147.5</ele></trkpt><trkpt lat="46.169700596758275" lon="7.900336669627849"><ele>2147.4</ele></trkpt><trkpt lat="46.1697185967382" lon="7.900284669614572"><ele>2147.5</ele></trkpt><trkpt lat="46.16971859691106" lon="7.900207669760199"><ele>2146.6</ele></trkpt><trkpt lat="46.16972759689127" lon="7.9001426697476225"><ele>2146.7</ele></trkpt><trkpt lat="46.16973759683311" lon="7.900103669702239"><ele>2147.0</ele></trkpt><trkpt lat="46.16974659679413" lon="7.900052669673213"><ele>2147.2</ele></trkpt><trkpt lat="46.16975559677439" lon="7.899974669661291"><ele>2147.3</ele></trkpt><trkpt lat="46.16979259690721" lon="7.899871669776464"><ele>2146.6</ele></trkpt><trkpt lat="46.16980159707978" lon="7.899832669920131"><ele>2145.7</ele></trkpt><trkpt lat="46.1698015971181" lon="7.899767669954876"><ele>2145.5</ele></trkpt><trkpt lat="46.1698015970603" lon="7.899728669909557"><ele>2145.8</ele></trkpt><trkpt lat="46.169810596982906" lon="7.899677669849025"><ele>2146.2</ele></trkpt><trkpt lat="46.16981159696351" lon="7.899625669835854"><ele>2146.3</ele></trkpt><trkpt lat="46.16981159721336" lon="7.899573670043234"><ele>2145.0</ele></trkpt><trkpt lat="46.16980259744431" lon="7.899521670234914"><ele>2143.8</ele></trkpt><trkpt lat="46.16979359754064" lon="7.899456670316966"><ele>2143.3</ele></trkpt><trkpt lat="46.16979359769434" lon="7.899405670445527"><ele>2142.5</ele></trkpt><trkpt lat="46.16980359775157" lon="7.899379670494013"><ele>2142.2</ele></trkpt><trkpt lat="46.16980359798218" lon="7.8993276706856275"><ele>2141.0</ele></trkpt><trkpt lat="46.16981259815481" lon="7.89928867082928"><ele>2140.1</ele></trkpt><trkpt lat="46.16983959849977" lon="7.899250671114541"><ele>2138.3</ele></trkpt><trkpt lat="46.16984859865315" lon="7.899198671243081"><ele>2137.5</ele></trkpt><trkpt lat="46.16986659870999" lon="7.899159671292157"><ele>2137.2</ele></trkpt><trkpt lat="46.16988559884372" lon="7.899107671404878"><ele>2136.5</ele></trkpt><trkpt lat="46.16989459911242" lon="7.899043671628519"><ele>2135.1</ele></trkpt><trkpt lat="46.16993959922573" lon="7.8989276717284955"><ele>2134.5</ele></trkpt><trkpt lat="46.16993959932174" lon="7.898875671809824"><ele>2134.0</ele></trkpt><trkpt lat="46.169967599532086" lon="7.898836671984848"><ele>2132.9</ele></trkpt><trkpt lat="46.1699855995697" lon="7.898785672018759"><ele>2132.7</ele></trkpt><trkpt lat="46.1700035993765" lon="7.898733671863703"><ele>2133.7</ele></trkpt><trkpt lat="46.170003599203326" lon="7.89868167172452"><ele>2134.6</ele></trkpt><trkpt lat="46.169976599185034" lon="7.898642671710868"><ele>2134.7</ele></trkpt><trkpt lat="46.16996859908907" lon="7.898590671634739"><ele>2135.2</ele></trkpt><trkpt lat="46.169986599126474" lon="7.898487671671232"><ele>2135.0</ele></trkpt><trkpt lat="46.17002359958613" lon="7.898306672057968"><ele>2132.6</ele></trkpt><trkpt lat="46.17003259962412" lon="7.898267672091338"><ele>2132.4</ele></trkpt><trkpt lat="46.170032599700946" lon="7.898228672156271"><ele>2132.0</ele></trkpt><trkpt lat="46.17004159983509" lon="7.898190672268342"><ele>2131.3</ele></trkpt><trkpt lat="46.17005960002667" lon="7.898177672426372"><ele>2130.3</ele></trkpt><trkpt lat="46.17007760041055" lon="7.8981646727419"><ele>2128.3</ele></trkpt><trkpt lat="46.17009560064056" lon="7.898151672931427"><ele>2127.1</ele></trkpt><trkpt lat="46.17010560058235" lon="7.898112672886042"><ele>2127.4</ele></trkpt><trkpt lat="46.17012360069675" lon="7.897996672986146"><ele>2126.8</ele></trkpt><trkpt lat="46.17013260088863" lon="7.897957673145511"><ele>2125.8</ele></trkpt><trkpt lat="46.170141601061246" lon="7.897918673289119"><ele>2124.9</ele></trkpt><trkpt lat="46.17015060094538" lon="7.897880673196444"><ele>2125.5</ele></trkpt><trkpt lat="46.17019660125093" lon="7.897751673454495"><ele>2123.9</ele></trkpt><trkpt lat="46.17023260171082" lon="7.897660673836728"><ele>2121.5</ele></trkpt><trkpt lat="46.17025160147907" lon="7.89758367365141"><ele>2122.7</ele></trkpt><trkpt lat="46.170260601574824" lon="7.89754467373202"><ele>2122.2</ele></trkpt><trkpt lat="46.17025160159426" lon="7.8975056737497455"><ele>2122.1</ele></trkpt><trkpt lat="46.17025160138263" lon="7.897466673578433"><ele>2123.2</ele></trkpt><trkpt lat="46.17025160147867" lon="7.897440673658455"><ele>2122.7</ele></trkpt><trkpt lat="46.17026060165135" lon="7.897402673802003"><ele>2121.8</ele></trkpt><trkpt lat="46.17026060161278" lon="7.897363673772426"><ele>2122.0</ele></trkpt><trkpt lat="46.17024360153637" lon="7.897324673711461"><ele>2122.4</ele></trkpt><trkpt lat="46.17023460159434" lon="7.897272673761321"><ele>2122.1</ele></trkpt><trkpt lat="46.170225601498416" lon="7.897233673684554"><ele>2122.6</ele></trkpt><trkpt lat="46.17019860153788" lon="7.897207673717504"><ele>2122.4</ele></trkpt><trkpt lat="46.17017260186553" lon="7.897103673990489"><ele>2120.7</ele></trkpt><trkpt lat="46.170163601846575" lon="7.897064673976718"><ele>2120.8</ele></trkpt><trkpt lat="46.17016360171183" lon="7.8970256738684075"><ele>2121.5</ele></trkpt><trkpt lat="46.170163601654" lon="7.896973673823726"><ele>2121.8</ele></trkpt><trkpt lat="46.17016360163464" lon="7.896922673810485"><ele>2121.9</ele></trkpt><trkpt lat="46.17013760207757" lon="7.8967666741805"><ele>2119.6</ele></trkpt><trkpt lat="46.170119602251155" lon="7.896701674325527"><ele>2118.7</ele></trkpt><trkpt lat="46.170075602271936" lon="7.896623674345384"><ele>2118.6</ele></trkpt><trkpt lat="46.170066602579745" lon="7.896545674601208"><ele>2117.0</ele></trkpt><trkpt lat="46.170039602657546" lon="7.8964676746681945"><ele>2116.6</ele></trkpt><trkpt lat="46.17003060269632" lon="7.896454674700379"><ele>2116.4</ele></trkpt><trkpt lat="46.17003160290766" lon="7.896390674876718"><ele>2115.3</ele></trkpt><trkpt lat="46.17003160290747" lon="7.8963256748799076"><ele>2115.3</ele></trkpt><trkpt lat="46.16997860298583" lon="7.8961046749540635"><ele>2114.9</ele></trkpt><trkpt lat="46.16997860308199" lon="7.896091675033426"><ele>2114.4</ele></trkpt><trkpt lat="46.16999660315808" lon="7.896040675098793"><ele>2114.0</ele></trkpt><trkpt lat="46.16997860311999" lon="7.895923675073151"><ele>2114.2</ele></trkpt><trkpt lat="46.16994360290956" lon="7.895819674905282"><ele>2115.3</ele></trkpt><trkpt lat="46.16989860273804" lon="7.895728674768327"><ele>2116.2</ele></trkpt><trkpt lat="46.16987260270032" lon="7.895650674740831"><ele>2116.4</ele></trkpt><trkpt lat="46.16985460266237" lon="7.895585674712649"><ele>2116.6</ele></trkpt><trkpt lat="46.16983660266275" lon="7.895456674719095"><ele>2116.6</ele></trkpt><trkpt lat="46.16983760289323" lon="7.895365674912473"><ele>2115.4</ele></trkpt><trkpt lat="46.16982860295116" lon="7.89532667496167"><ele>2115.1</ele></trkpt><trkpt lat="46.169810602932486" lon="7.895261674949229"><ele>2115.2</ele></trkpt><trkpt lat="46.16978360289495" lon="7.895209674920465"><ele>2115.4</ele></trkpt><trkpt lat="46.16976660293396" lon="7.89517067495397"><ele>2115.2</ele></trkpt><trkpt lat="46.16976660303001" lon="7.895131675034596"><ele>2114.7</ele></trkpt><trkpt lat="46.16978460302917" lon="7.895080675036986"><ele>2114.7</ele></trkpt><trkpt lat="46.16976660327967" lon="7.895002675245578"><ele>2113.4</ele></trkpt><trkpt lat="46.169758603529644" lon="7.894885675456009"><ele>2112.1</ele></trkpt><trkpt lat="46.16974060354939" lon="7.894808675475636"><ele>2112.0</ele></trkpt><trkpt lat="46.16973160364577" lon="7.894756675556949"><ele>2111.5</ele></trkpt><trkpt lat="46.16974060383763" lon="7.894717675716217"><ele>2110.5</ele></trkpt><trkpt lat="46.16972360381903" lon="7.894691675701859"><ele>2110.6</ele></trkpt><trkpt lat="46.16969660383919" lon="7.894665675719036"><ele>2110.5</ele></trkpt><trkpt lat="46.169651603783194" lon="7.894651675672779"><ele>2110.8</ele></trkpt><trkpt lat="46.1696426038412" lon="7.894625675721332"><ele>2110.5</ele></trkpt><trkpt lat="46.1695886040931" lon="7.894547675930123"><ele>2109.2</ele></trkpt><trkpt lat="46.169561604074865" lon="7.894521675915823"><ele>2109.3</ele></trkpt><trkpt lat="46.1695626041708" lon="7.894469675997067"><ele>2108.8</ele></trkpt><trkpt lat="46.16958960430421" lon="7.894405676110213"><ele>2108.1</ele></trkpt><trkpt lat="46.16957160440075" lon="7.894301676194117"><ele>2107.6</ele></trkpt><trkpt lat="46.16955360440133" lon="7.894249676196769"><ele>2107.6</ele></trkpt><trkpt lat="46.16954560443993" lon="7.894184676231476"><ele>2107.4</ele></trkpt><trkpt lat="46.16952760451744" lon="7.894132676297092"><ele>2107.0</ele></trkpt><trkpt lat="46.16953660461305" lon="7.894068676378864"><ele>2106.5</ele></trkpt><trkpt lat="46.16947460448063" lon="7.8939906762728755"><ele>2107.2</ele></trkpt><trkpt lat="46.169465604519374" lon="7.8939646763056865"><ele>2107.0</ele></trkpt><trkpt lat="46.16942960461668" lon="7.893860676389694"><ele>2106.5</ele></trkpt><trkpt lat="46.16936760452258" lon="7.8937306763177295"><ele>2107.0</ele></trkpt><trkpt lat="46.16934960475383" lon="7.893639676511159"><ele>2105.8</ele></trkpt><trkpt lat="46.16934060492694" lon="7.893522676658575"><ele>2104.9</ele></trkpt><trkpt lat="46.16934160527255" lon="7.8933416769506985"><ele>2103.1</ele></trkpt><trkpt lat="46.16934160536861" lon="7.8933026770312935"><ele>2102.6</ele></trkpt><trkpt lat="46.16933360540721" lon="7.893250677065355"><ele>2102.4</ele></trkpt><trkpt lat="46.169342605541395" lon="7.893225677176684"><ele>2101.7</ele></trkpt><trkpt lat="46.16933360548403" lon="7.893212677130161"><ele>2102.0</ele></trkpt><trkpt lat="46.16932460536892" lon="7.893186677037053"><ele>2102.6</ele></trkpt><trkpt lat="46.16932460529201" lon="7.893173676974738"><ele>2103.0</ele></trkpt><trkpt lat="46.16935160536762" lon="7.893082677041958"><ele>2102.6</ele></trkpt><trkpt lat="46.16935260530932" lon="7.892862677005466"><ele>2102.9</ele></trkpt><trkpt lat="46.169335605290314" lon="7.892707676997393"><ele>2103.0</ele></trkpt><trkpt lat="46.169317605271594" lon="7.892629676985571"><ele>2103.1</ele></trkpt><trkpt lat="46.169299605176036" lon="7.892590676908903"><ele>2103.6</ele></trkpt><trkpt lat="46.169282605330146" lon="7.892447677041876"><ele>2102.8</ele></trkpt><trkpt lat="46.16926460540763" lon="7.8923956771074675"><ele>2102.4</ele></trkpt><trkpt lat="46.16927360536876" lon="7.892369677077205"><ele>2102.6</ele></trkpt><trkpt lat="46.16928260538748" lon="7.892318677095376"><ele>2102.5</ele></trkpt><trkpt lat="46.16928360556031" lon="7.892240677240791"><ele>2101.6</ele></trkpt><trkpt lat="46.16927460579129" lon="7.892175677432841"><ele>2100.4</ele></trkpt><trkpt lat="46.16925660594568" lon="7.892123677561372"><ele>2099.6</ele></trkpt><trkpt lat="46.169239606253775" lon="7.892020677818261"><ele>2098.0</ele></trkpt><trkpt lat="46.1692306063693" lon="7.8919426779165205"><ele>2097.4</ele></trkpt><trkpt lat="46.16921260642753" lon="7.891890677966364"><ele>2097.1</ele></trkpt><trkpt lat="46.16922160644627" lon="7.891838677984572"><ele>2097.0</ele></trkpt><trkpt lat="46.169222606446056" lon="7.891773677987728"><ele>2097.0</ele></trkpt><trkpt lat="46.16920460636976" lon="7.891747677926165"><ele>2097.4</ele></trkpt><trkpt lat="46.16917760637066" lon="7.8916826779294915"><ele>2097.4</ele></trkpt><trkpt lat="46.169159606467154" lon="7.8915536780145485"><ele>2096.9</ele></trkpt><trkpt lat="46.16915160667868" lon="7.891423678193993"><ele>2095.8</ele></trkpt><trkpt lat="46.16914260673652" lon="7.8913716782437735"><ele>2095.5</ele></trkpt><trkpt lat="46.16912560708296" lon="7.891216678534617"><ele>2093.7</ele></trkpt><trkpt lat="46.169107607217995" lon="7.891125678649275"><ele>2093.0</ele></trkpt><trkpt lat="46.16908060729582" lon="7.891060678715529"><ele>2092.6</ele></trkpt><trkpt lat="46.169063607315486" lon="7.890995678734522"><ele>2092.5</ele></trkpt><trkpt lat="46.16904560718144" lon="7.890930678627657"><ele>2093.2</ele></trkpt><trkpt lat="46.16904560725825" lon="7.890879678693063"><ele>2092.8</ele></trkpt><trkpt lat="46.16901060702848" lon="7.890749678510801"><ele>2094.0</ele></trkpt><trkpt lat="46.16899260700975" lon="7.890671678498966"><ele>2094.1</ele></trkpt><trkpt lat="46.1689836069331" lon="7.890658678436723"><ele>2094.5</ele></trkpt><trkpt lat="46.16894760678055" lon="7.890606678313621"><ele>2095.3</ele></trkpt><trkpt lat="46.168930607107995" lon="7.890554678583691"><ele>2093.6</ele></trkpt><trkpt lat="46.16890360703165" lon="7.890385678529136"><ele>2094.0</ele></trkpt><trkpt lat="46.16891260705038" lon="7.890321678547922"><ele>2093.9</ele></trkpt><trkpt lat="46.16890460701211" lon="7.890282678518401"><ele>2094.1</ele></trkpt><trkpt lat="46.168904606934994" lon="7.890204678459263"><ele>2094.5</ele></trkpt><trkpt lat="46.16888660682015" lon="7.890152678367513"><ele>2095.1</ele></trkpt><trkpt lat="46.168868606763134" lon="7.890139678321065"><ele>2095.4</ele></trkpt><trkpt lat="46.16886060660927" lon="7.890023678200908"><ele>2096.2</ele></trkpt><trkpt lat="46.16883360651411" lon="7.88998367812437"><ele>2096.7</ele></trkpt><trkpt lat="46.16876260645875" lon="7.889827678085202"><ele>2097.0</ele></trkpt><trkpt lat="46.16876260663171" lon="7.8897896782286185"><ele>2096.1</ele></trkpt><trkpt lat="46.168735606690326" lon="7.889750678277872"><ele>2095.8</ele></trkpt><trkpt lat="46.1687356067479" lon="7.889711678326955"><ele>2095.5</ele></trkpt><trkpt lat="46.1687266067482" lon="7.8896856783282745"><ele>2095.5</ele></trkpt><trkpt lat="46.1687266068442" lon="7.889633678409446"><ele>2095.0</ele></trkpt><trkpt lat="46.168717606921355" lon="7.8895946784743165"><ele>2094.6</ele></trkpt><trkpt lat="46.16870060678736" lon="7.88956867836558"><ele>2095.3</ele></trkpt><trkpt lat="46.168682606710966" lon="7.889503678305933"><ele>2095.7</ele></trkpt><trkpt lat="46.16866460661539" lon="7.889451678229924"><ele>2096.2</ele></trkpt><trkpt lat="46.16865560661553" lon="7.88938667823314"><ele>2096.2</ele></trkpt><trkpt lat="46.168647606654154" lon="7.889335678267126"><ele>2096.0</ele></trkpt><trkpt lat="46.16863860671202" lon="7.889257678318158"><ele>2095.7</ele></trkpt><trkpt lat="46.16863860678878" lon="7.889205678383599"><ele>2095.3</ele></trkpt><trkpt lat="46.1686206067125" lon="7.889179678322056"><ele>2095.7</ele></trkpt><trkpt lat="46.16860260667461" lon="7.889140678292611"><ele>2095.9</ele></trkpt><trkpt lat="46.16858460661755" lon="7.8891146782467985"><ele>2096.2</ele></trkpt><trkpt lat="46.16856760648359" lon="7.889101678137441"><ele>2096.9</ele></trkpt><trkpt lat="46.16855860646463" lon="7.889075678123032"><ele>2097.0</ele></trkpt><trkpt lat="46.16853160646544" lon="7.8889846781276205"><ele>2097.0</ele></trkpt><trkpt lat="46.16852260642716" lon="7.888919678099383"><ele>2097.2</ele></trkpt><trkpt lat="46.16851460629264" lon="7.888841677993135"><ele>2097.9</ele></trkpt><trkpt lat="46.16848760606274" lon="7.888764677808317"><ele>2099.1</ele></trkpt><trkpt lat="46.168478605966776" lon="7.888699677732902"><ele>2099.6</ele></trkpt><trkpt lat="46.1684606058904" lon="7.888647677672635"><ele>2100.0</ele></trkpt><trkpt lat="46.16844360592932" lon="7.888569677707993"><ele>2099.8</ele></trkpt><trkpt lat="46.16843460591031" lon="7.888530677694221"><ele>2099.9</ele></trkpt><trkpt lat="46.16844360590992" lon="7.888504677695433"><ele>2099.9</ele></trkpt><trkpt lat="46.168443605909815" lon="7.888465677697331"><ele>2099.9</ele></trkpt><trkpt lat="46.16842660606401" lon="7.888362677828266"><ele>2099.1</ele></trkpt><trkpt lat="46.16841760606428" lon="7.88831067783085"><ele>2099.1</ele></trkpt><trkpt lat="46.168399606064845" lon="7.888271677832859"><ele>2099.1</ele></trkpt><trkpt lat="46.16839060610356" lon="7.888232677866268"><ele>2098.9</ele></trkpt><trkpt lat="46.16837260618091" lon="7.888128677934344"><ele>2098.5</ele></trkpt><trkpt lat="46.16836460623866" lon="7.888050677985365"><ele>2098.2</ele></trkpt><trkpt lat="46.1683466060277" lon="7.887985677815661"><ele>2099.3</ele></trkpt><trkpt lat="46.16831960602859" lon="7.887921677818942"><ele>2099.3</ele></trkpt><trkpt lat="46.16828460595274" lon="7.887830677760688"><ele>2099.7</ele></trkpt><trkpt lat="46.168284605952664" lon="7.887804677761954"><ele>2099.7</ele></trkpt><trkpt lat="46.16828460591399" lon="7.887700677735569"><ele>2099.9</ele></trkpt><trkpt lat="46.16827560595264" lon="7.8876486777696035"><ele>2099.7</ele></trkpt><trkpt lat="46.16825860601063" lon="7.887519677823163"><ele>2099.4</ele></trkpt><trkpt lat="46.1682406057804" lon="7.8874546776377485"><ele>2100.6</ele></trkpt><trkpt lat="46.16826860577911" lon="7.8873636776420115"><ele>2100.6</ele></trkpt><trkpt lat="46.168268605759835" lon="7.887350677626918"><ele>2100.7</ele></trkpt><trkpt lat="46.16826860562505" lon="7.887286677519967"><ele>2101.4</ele></trkpt><trkpt lat="46.168277605470706" lon="7.887234677396657"><ele>2102.2</ele></trkpt><trkpt lat="46.16829560546993" lon="7.887195677398447"><ele>2102.2</ele></trkpt><trkpt lat="46.16831360550762" lon="7.887170677431006"><ele>2102.0</ele></trkpt><trkpt lat="46.16835060565982" lon="7.887105677559725"><ele>2101.2</ele></trkpt><trkpt lat="46.16837760546629" lon="7.8870416774054455"><ele>2102.2</ele></trkpt><trkpt lat="46.16837760546629" lon="7.8870416774054455"><ele>2102.2</ele></trkpt><trkpt lat="46.168413605503474" lon="7.887067677435406"><ele>2102.0</ele></trkpt><trkpt lat="46.16849460550027" lon="7.8870426774361215"><ele>2102.0</ele></trkpt><trkpt lat="46.16849460550027" lon="7.8870426774361215"><ele>2102.0</ele></trkpt><trkpt lat="46.168512605480316" lon="7.887042677420285"><ele>2102.1</ele></trkpt><trkpt lat="46.168530605441156" lon="7.887042677388723"><ele>2102.3</ele></trkpt><trkpt lat="46.16854860545971" lon="7.8870556774037075"><ele>2102.2</ele></trkpt><trkpt lat="46.168566605478354" lon="7.887068677418683"><ele>2102.1</ele></trkpt><trkpt lat="46.16856660549758" lon="7.8870946774331365"><ele>2102.0</ele></trkpt><trkpt lat="46.16856560559395" lon="7.887159677508594"><ele>2101.5</ele></trkpt><trkpt lat="46.16856560559395" lon="7.887159677508594"><ele>2101.5</ele></trkpt><trkpt lat="46.16858360547785" lon="7.887146677414773"><ele>2102.1</ele></trkpt><trkpt lat="46.168647605090605" lon="7.887082677103027"><ele>2104.1</ele></trkpt><trkpt lat="46.16866560503214" lon="7.887069677056384"><ele>2104.4</ele></trkpt><trkpt lat="46.1686926049734" lon="7.887069677009041"><ele>2104.7</ele></trkpt><trkpt lat="46.16870160497305" lon="7.88705667700962"><ele>2104.7</ele></trkpt><trkpt lat="46.16871960481843" lon="7.887017676885626"><ele>2105.5</ele></trkpt><trkpt lat="46.16874660462487" lon="7.886953676731355"><ele>2106.5</ele></trkpt><trkpt lat="46.16876460445104" lon="7.8869276765910055"><ele>2107.4</ele></trkpt><trkpt lat="46.16880960410309" lon="7.8869026763089325"><ele>2109.2</ele></trkpt><trkpt lat="46.1689626031163" lon="7.886877675507333"><ele>2114.3</ele></trkpt><trkpt lat="46.1690166027487" lon="7.886839675210124"><ele>2116.2</ele></trkpt><trkpt lat="46.16907060259262" lon="7.88680067508592"><ele>2117.0</ele></trkpt><trkpt lat="46.169115602494706" lon="7.886788675007616"><ele>2117.5</ele></trkpt><trkpt lat="46.169151602474045" lon="7.886788674991667"><ele>2117.6</ele></trkpt><trkpt lat="46.169205602529665" lon="7.886788675038499"><ele>2117.3</ele></trkpt><trkpt lat="46.169241602412804" lon="7.886776674944527"><ele>2117.9</ele></trkpt><trkpt lat="46.169278602276655" lon="7.886737674836151"><ele>2118.6</ele></trkpt><trkpt lat="46.16931460204433" lon="7.886686674649761"><ele>2119.8</ele></trkpt><trkpt lat="46.1693416016777" lon="7.886621674354061"><ele>2121.7</ele></trkpt><trkpt lat="46.16936860144576" lon="7.886596674166456"><ele>2122.9</ele></trkpt><trkpt lat="46.16946760103811" lon="7.886609673835027"><ele>2125.0</ele></trkpt><trkpt lat="46.169665600242" lon="7.886676673185857"><ele>2129.1</ele></trkpt><trkpt lat="46.16971959998988" lon="7.886689672980476"><ele>2130.4</ele></trkpt><trkpt lat="46.169772599680115" lon="7.886702672727938"><ele>2132.0</ele></trkpt><trkpt lat="46.16979959950605" lon="7.886716672585575"><ele>2132.9</ele></trkpt><trkpt lat="46.16983559927394" lon="7.8867556723947425"><ele>2134.1</ele></trkpt><trkpt lat="46.169907598617264" lon="7.886794671857779"><ele>2137.5</ele></trkpt><trkpt lat="46.16992559853969" lon="7.886807671794132"><ele>2137.9</ele></trkpt><trkpt lat="46.16994359844291" lon="7.886833671714112"><ele>2138.4</ele></trkpt><trkpt lat="46.16995259834643" lon="7.88685967163415"><ele>2138.9</ele></trkpt><trkpt lat="46.169988598133465" lon="7.886873671460275"><ele>2140.0</ele></trkpt><trkpt lat="46.17009659772541" lon="7.886899671128114"><ele>2142.1</ele></trkpt><trkpt lat="46.17025759679606" lon="7.886965670369097"><ele>2146.9</ele></trkpt><trkpt lat="46.17032959658175" lon="7.88700567019369"><ele>2148.0</ele></trkpt><trkpt lat="46.17037459631072" lon="7.887018669972626"><ele>2149.4</ele></trkpt><trkpt lat="46.170419596097396" lon="7.8870186697993825"><ele>2150.5</ele></trkpt><trkpt lat="46.17043759590443" lon="7.887045669640686"><ele>2151.5</ele></trkpt><trkpt lat="46.1704735957877" lon="7.887084669544167"><ele>2152.1</ele></trkpt><trkpt lat="46.17050959561325" lon="7.887110669401129"><ele>2153.0</ele></trkpt><trkpt lat="46.170527595497106" lon="7.887110669306671"><ele>2153.6</ele></trkpt><trkpt lat="46.17056359524562" lon="7.887097669102684"><ele>2154.9</ele></trkpt><trkpt lat="46.170599595205715" lon="7.887098669070958"><ele>2155.1</ele></trkpt><trkpt lat="46.17062659505075" lon="7.887098668944996"><ele>2155.9</ele></trkpt><trkpt lat="46.17067059487593" lon="7.887111668802553"><ele>2156.8</ele></trkpt><trkpt lat="46.170751594218984" lon="7.887177668264118"><ele>2160.2</ele></trkpt><trkpt lat="46.170868593695054" lon="7.887203667837521"><ele>2162.9</ele></trkpt><trkpt lat="46.17096759334492" lon="7.887217667553154"><ele>2164.7</ele></trkpt><trkpt lat="46.17103059318853" lon="7.887218667426909"><ele>2165.5</ele></trkpt><trkpt lat="46.171165592683025" lon="7.887206667017825"><ele>2168.1</ele></trkpt><trkpt lat="46.17131859225375" lon="7.887207666670866"><ele>2170.3</ele></trkpt><trkpt lat="46.171408592327104" lon="7.887221666732482"><ele>2169.9</ele></trkpt><trkpt lat="46.171489592073804" lon="7.887234666526894"><ele>2171.2</ele></trkpt><trkpt lat="46.17156159180161" lon="7.887222666306897"><ele>2172.6</ele></trkpt><trkpt lat="46.171651591470905" lon="7.887184666040927"><ele>2174.3</ele></trkpt><trkpt lat="46.171714591256695" lon="7.887146665869478"><ele>2175.4</ele></trkpt><trkpt lat="46.17179559086859" lon="7.887095665557052"><ele>2177.4</ele></trkpt><trkpt lat="46.17183159065555" lon="7.887095665383858"><ele>2178.5</ele></trkpt><trkpt lat="46.17184959061623" lon="7.887056665354269"><ele>2178.7</ele></trkpt><trkpt lat="46.17193959053559" lon="7.887031665292057"><ele>2179.1</ele></trkpt><trkpt lat="46.171966590342464" lon="7.887135665129385"><ele>2180.1</ele></trkpt><trkpt lat="46.17211959008623" lon="7.8871366649239345"><ele>2181.4</ele></trkpt><trkpt lat="46.17218258996824" lon="7.887137664829136"><ele>2182.0</ele></trkpt><trkpt lat="46.172227589812444" lon="7.88709866470503"><ele>2182.8</ele></trkpt><trkpt lat="46.17226358969563" lon="7.887111664609795"><ele>2183.4</ele></trkpt><trkpt lat="46.1722905896753" lon="7.887112664593843"><ele>2183.5</ele></trkpt><trkpt lat="46.172326589673894" lon="7.887112664593614"><ele>2183.5</ele></trkpt><trkpt lat="46.17234458965392" lon="7.887125664577115"><ele>2183.6</ele></trkpt><trkpt lat="46.17239758955569" lon="7.88716466449618"><ele>2184.1</ele></trkpt><trkpt lat="46.1724335894967" lon="7.887216664446134"><ele>2184.4</ele></trkpt><trkpt lat="46.17246058943801" lon="7.887268664396152"><ele>2184.7</ele></trkpt><trkpt lat="46.17252258926271" lon="7.8873856642482965"><ele>2185.6</ele></trkpt><trkpt lat="46.1725495892617" lon="7.887399664247413"><ele>2185.6</ele></trkpt><trkpt lat="46.17277458871423" lon="7.887504663800333"><ele>2188.4</ele></trkpt><trkpt lat="46.17281058871279" lon="7.887504663800097"><ele>2188.4</ele></trkpt><trkpt lat="46.17293658838056" lon="7.887479663533227"><ele>2190.1</ele></trkpt><trkpt lat="46.172972588398366" lon="7.887480663548671"><ele>2190.0</ele></trkpt><trkpt lat="46.1730265883769" lon="7.887467663533257"><ele>2190.1</ele></trkpt><trkpt lat="46.17306258826006" lon="7.887493663437356"><ele>2190.7</ele></trkpt><trkpt lat="46.17308958816284" lon="7.887494663358503"><ele>2191.2</ele></trkpt><trkpt lat="46.1731615880637" lon="7.88749466327941"><ele>2191.7</ele></trkpt><trkpt lat="46.17322458765722" lon="7.887508662948063"><ele>2193.8</ele></trkpt><trkpt lat="46.17327858742416" lon="7.887508662759011"><ele>2195.0</ele></trkpt><trkpt lat="46.17328758734683" lon="7.887495662696714"><ele>2195.4</ele></trkpt><trkpt lat="46.173296587307995" lon="7.887508662664542"><ele>2195.6</ele></trkpt><trkpt lat="46.1733055873077" lon="7.887534662663155"><ele>2195.6</ele></trkpt><trkpt lat="46.1733225871917" lon="7.88756066256737"><ele>2196.2</ele></trkpt><trkpt lat="46.1734305868797" lon="7.887639662311033"><ele>2197.8</ele></trkpt><trkpt lat="46.173475586781755" lon="7.887678662230123"><ele>2198.3</ele></trkpt><trkpt lat="46.17353858660616" lon="7.887705662086804"><ele>2199.2</ele></trkpt><trkpt lat="46.17356558654742" lon="7.887731662038126"><ele>2199.5</ele></trkpt><trkpt lat="46.17364558652515" lon="7.887809662017899"><ele>2199.6</ele></trkpt><trkpt lat="46.17369058638872" lon="7.887835661906195"><ele>2200.3</ele></trkpt><trkpt lat="46.17375358623236" lon="7.887875661777936"><ele>2201.1</ele></trkpt><trkpt lat="46.17380758607626" lon="7.8878756616517745"><ele>2201.9</ele></trkpt><trkpt lat="46.173852585920514" lon="7.887875661525675"><ele>2202.7</ele></trkpt><trkpt lat="46.17388858595755" lon="7.887889661556179"><ele>2202.5</ele></trkpt><trkpt lat="46.173924585898455" lon="7.887915661507434"><ele>2202.8</ele></trkpt><trkpt lat="46.17396858585832" lon="7.887967661473035"><ele>2203.0</ele></trkpt><trkpt lat="46.17399558564563" lon="7.887980661299207"><ele>2204.1</ele></trkpt><trkpt lat="46.174031585355515" lon="7.887968661063687"><ele>2205.6</ele></trkpt><trkpt lat="46.1740675851232" lon="7.887968660874732"><ele>2206.8</ele></trkpt><trkpt lat="46.17414858461964" lon="7.887956660465926"><ele>2209.4</ele></trkpt><trkpt lat="46.174194584367484" lon="7.887917660263188"><ele>2210.7</ele></trkpt><trkpt lat="46.17424758415378" lon="7.8879306600891885"><ele>2211.8</ele></trkpt><trkpt lat="46.17431058397818" lon="7.887983659944513"><ele>2212.7</ele></trkpt><trkpt lat="46.17433758388096" lon="7.888022659863703"><ele>2213.2</ele></trkpt><trkpt lat="46.17437358403362" lon="7.888100659985274"><ele>2212.4</ele></trkpt><trkpt lat="46.17442658376232" lon="7.888178659760745"><ele>2213.8</ele></trkpt><trkpt lat="46.17446258370327" lon="7.888217659711322"><ele>2214.1</ele></trkpt><trkpt lat="46.17450758345135" lon="7.888230659505905"><ele>2215.4</ele></trkpt><trkpt lat="46.17457958296758" lon="7.888296659108857"><ele>2217.9</ele></trkpt><trkpt lat="46.17463358271529" lon="7.888309658903373"><ele>2219.2</ele></trkpt><trkpt lat="46.17468758255908" lon="7.8882976587778195"><ele>2220.0</ele></trkpt><trkpt lat="46.17473258242265" lon="7.888336658665423"><ele>2220.7</ele></trkpt><trkpt lat="46.17477758217073" lon="7.888336658460672"><ele>2222.0</ele></trkpt><trkpt lat="46.1748665818401" lon="7.888389658189985"><ele>2223.7</ele></trkpt><trkpt lat="46.174938581644874" lon="7.888428658030223"><ele>2224.7</ele></trkpt><trkpt lat="46.17499258150808" lon="7.888468657917704"><ele>2225.4</ele></trkpt><trkpt lat="46.17511758136856" lon="7.888585657800745"><ele>2226.1</ele></trkpt><trkpt lat="46.17511758136856" lon="7.888585657800745"><ele>2226.1</ele></trkpt><trkpt lat="46.17514458142523" lon="7.888598657847078"><ele>2225.8</ele></trkpt><trkpt lat="46.17525258140149" lon="7.888586657831262"><ele>2225.9</ele></trkpt><trkpt lat="46.17531558114881" lon="7.888600657625661"><ele>2227.2</ele></trkpt><trkpt lat="46.17540558081798" lon="7.888587657358362"><ele>2228.9</ele></trkpt><trkpt lat="46.175477580680344" lon="7.888601657247066"><ele>2229.6</ele></trkpt><trkpt lat="46.17554058067773" lon="7.888602657246599"><ele>2229.6</ele></trkpt><trkpt lat="46.17556758079213" lon="7.888615657340119"><ele>2229.0</ele></trkpt><trkpt lat="46.17564858061555" lon="7.888602657198707"><ele>2229.9</ele></trkpt><trkpt lat="46.17569358042135" lon="7.888616657040399"><ele>2230.9</ele></trkpt><trkpt lat="46.175765580071975" lon="7.888603656757486"><ele>2232.7</ele></trkpt><trkpt lat="46.17578358010971" lon="7.888616656788152"><ele>2232.5</ele></trkpt><trkpt lat="46.17581058014717" lon="7.888643656818032"><ele>2232.3</ele></trkpt><trkpt lat="46.17593657916069" lon="7.888670656013646"><ele>2237.4</ele></trkpt><trkpt lat="46.175954579121395" lon="7.888657655982748"><ele>2237.6</ele></trkpt><trkpt lat="46.17598157908184" lon="7.888657655951114"><ele>2237.8</ele></trkpt><trkpt lat="46.17599957890786" lon="7.888644655810115"><ele>2238.7</ele></trkpt><trkpt lat="46.176026578695065" lon="7.888644655636921"><ele>2239.8</ele></trkpt><trkpt lat="46.17605357846307" lon="7.888658655447274"><ele>2241.0</ele></trkpt><trkpt lat="46.17608957828843" lon="7.88868465530412"><ele>2241.9</ele></trkpt><trkpt lat="46.17613357794037" lon="7.888736655018002"><ele>2243.7</ele></trkpt><trkpt lat="46.176178577611495" lon="7.888762654748968"><ele>2245.4</ele></trkpt><trkpt lat="46.176187577457235" lon="7.888775654622395"><ele>2246.2</ele></trkpt><trkpt lat="46.17619657730301" lon="7.88881465449447"><ele>2247.0</ele></trkpt><trkpt lat="46.17621457703298" lon="7.88884065427279"><ele>2248.4</ele></trkpt><trkpt lat="46.176250576492706" lon="7.888866653830778"><ele>2251.2</ele></trkpt><trkpt lat="46.17625957628075" lon="7.88889265365634"><ele>2252.3</ele></trkpt><trkpt lat="46.176268576087935" lon="7.888892653498987"><ele>2253.3</ele></trkpt><trkpt lat="46.17627757595294" lon="7.88890565338814"><ele>2254.0</ele></trkpt><trkpt lat="46.176268575895605" lon="7.888931653339654"><ele>2254.3</ele></trkpt><trkpt lat="46.17627657579909" lon="7.888944653260272"><ele>2254.8</ele></trkpt><trkpt lat="46.17630357550937" lon="7.888957653023474"><ele>2256.3</ele></trkpt><trkpt lat="46.17631257522045" lon="7.88899665278543"><ele>2257.8</ele></trkpt><trkpt lat="46.17633057521984" lon="7.889035652783271"><ele>2257.8</ele></trkpt><trkpt lat="46.176339575181395" lon="7.889178652744247"><ele>2258.0</ele></trkpt><trkpt lat="46.1763475750466" lon="7.889282652628627"><ele>2258.7</ele></trkpt><trkpt lat="46.176337575047654" lon="7.889489652617832"><ele>2258.7</ele></trkpt><trkpt lat="46.1763375749324" lon="7.889566652519412"><ele>2259.3</ele></trkpt><trkpt lat="46.17635457456646" lon="7.889696652213588"><ele>2261.2</ele></trkpt><trkpt lat="46.17638157439265" lon="7.889878652062262"><ele>2262.1</ele></trkpt><trkpt lat="46.176407574468826" lon="7.889981652119608"><ele>2261.7</ele></trkpt><trkpt lat="46.176452574544115" lon="7.890046652178818"><ele>2261.3</ele></trkpt><trkpt lat="46.176488574465864" lon="7.8901246521115525"><ele>2261.7</ele></trkpt><trkpt lat="46.176515574310834" lon="7.890138651984782"><ele>2262.5</ele></trkpt><trkpt lat="46.176524574233554" lon="7.890164651920425"><ele>2262.9</ele></trkpt><trkpt lat="46.1765145742533" lon="7.89018965193491"><ele>2262.8</ele></trkpt><trkpt lat="46.17653257419492" lon="7.890228651885543"><ele>2263.1</ele></trkpt><trkpt lat="46.17660457369188" lon="7.890346651469815"><ele>2265.7</ele></trkpt><trkpt lat="46.176666573246905" lon="7.890411651104126"><ele>2268.0</ele></trkpt><trkpt lat="46.17671157295646" lon="7.8904376508664615"><ele>2269.5</ele></trkpt><trkpt lat="46.176765572704035" lon="7.89045065066089"><ele>2270.8</ele></trkpt><trkpt lat="46.17681057252905" lon="7.890477650517569"><ele>2271.7</ele></trkpt><trkpt lat="46.17685557210369" lon="7.890438650173203"><ele>2273.9</ele></trkpt><trkpt lat="46.17690957196681" lon="7.890478650060597"><ele>2274.6</ele></trkpt><trkpt lat="46.177017571577395" lon="7.890478649745216"><ele>2276.6</ele></trkpt><trkpt lat="46.17708957138184" lon="7.890479649587347"><ele>2277.6</ele></trkpt><trkpt lat="46.17714357120638" lon="7.8904676494460215"><ele>2278.5</ele></trkpt><trkpt lat="46.17716157105161" lon="7.8904416493214145"><ele>2279.3</ele></trkpt><trkpt lat="46.177179570935294" lon="7.8904156492282755"><ele>2279.9</ele></trkpt><trkpt lat="46.17719757079977" lon="7.8903896491194025"><ele>2280.6</ele></trkpt><trkpt lat="46.17722457066395" lon="7.890390649009037"><ele>2281.3</ele></trkpt><trkpt lat="46.177233570471074" lon="7.890377648852336"><ele>2282.3</ele></trkpt><trkpt lat="46.17727857023821" lon="7.890364648663931"><ele>2283.5</ele></trkpt><trkpt lat="46.1773145701212" lon="7.890364648569292"><ele>2284.1</ele></trkpt><trkpt lat="46.177386570156735" lon="7.890378648599532"><ele>2283.9</ele></trkpt><trkpt lat="46.17744957019251" lon="7.890365648631264"><ele>2283.7</ele></trkpt><trkpt lat="46.17756656999499" lon="7.890328648475114"><ele>2284.7</ele></trkpt><trkpt lat="46.17762056987718" lon="7.890315648381043"><ele>2285.3</ele></trkpt><trkpt lat="46.1776745697594" lon="7.890290648287612"><ele>2285.9</ele></trkpt><trkpt lat="46.17772056964187" lon="7.890251648194979"><ele>2286.5</ele></trkpt><trkpt lat="46.17774756964064" lon="7.890226648196121"><ele>2286.5</ele></trkpt><trkpt lat="46.177792569600065" lon="7.890161648167809"><ele>2286.7</ele></trkpt><trkpt lat="46.177792569600065" lon="7.890161648167809"><ele>2286.7</ele></trkpt><trkpt lat="46.177855569886084" lon="7.890162648403322"><ele>2285.2</ele></trkpt><trkpt lat="46.17789157005771" lon="7.890136648546045"><ele>2284.3</ele></trkpt><trkpt lat="46.17791857024895" lon="7.89011064870457"><ele>2283.3</ele></trkpt><trkpt lat="46.177945570247665" lon="7.8900726487064"><ele>2283.3</ele></trkpt><trkpt lat="46.17796357024687" lon="7.890046648707664"><ele>2283.3</ele></trkpt><trkpt lat="46.177963570246746" lon="7.890007648709728"><ele>2283.3</ele></trkpt><trkpt lat="46.177973570246245" lon="7.889981648711043"><ele>2283.3</ele></trkpt><trkpt lat="46.17800057016794" lon="7.889917648651328"><ele>2283.7</ele></trkpt><trkpt lat="46.17800957007123" lon="7.889891648573988"><ele>2284.2</ele></trkpt><trkpt lat="46.17800956989787" lon="7.889826648435854"><ele>2285.1</ele></trkpt><trkpt lat="46.178018569839665" lon="7.889800648389978"><ele>2285.4</ele></trkpt><trkpt lat="46.17803656976184" lon="7.88977564832826"><ele>2285.8</ele></trkpt><trkpt lat="46.178072569663925" lon="7.88973664825143"><ele>2286.3</ele></trkpt><trkpt lat="46.17810956941199" lon="7.889672648050075"><ele>2287.6</ele></trkpt><trkpt lat="46.17812756937273" lon="7.889646648019873"><ele>2287.8</ele></trkpt><trkpt lat="46.178145569583364" lon="7.8895556481976294"><ele>2286.7</ele></trkpt><trkpt lat="46.178154569640576" lon="7.88950464824747"><ele>2286.4</ele></trkpt><trkpt lat="46.17814656964079" lon="7.889465648249597"><ele>2286.4</ele></trkpt><trkpt lat="46.17814656964064" lon="7.889426648251669"><ele>2286.4</ele></trkpt><trkpt lat="46.17816456967828" lon="7.88937464828577"><ele>2286.2</ele></trkpt><trkpt lat="46.17818256967739" lon="7.889336648287668"><ele>2286.2</ele></trkpt><trkpt lat="46.178191569676834" lon="7.8892716482910625"><ele>2286.2</ele></trkpt><trkpt lat="46.17820056961857" lon="7.889219648246571"><ele>2286.5</ele></trkpt><trkpt lat="46.178192569503366" lon="7.889193648153625"><ele>2287.1</ele></trkpt><trkpt lat="46.178201569310374" lon="7.889154647998334"><ele>2288.1</ele></trkpt><trkpt lat="46.17821956919401" lon="7.889103647906547"><ele>2288.7</ele></trkpt><trkpt lat="46.178255569076875" lon="7.889077647813305"><ele>2289.3</ele></trkpt><trkpt lat="46.17826456892245" lon="7.889038647689481"><ele>2290.1</ele></trkpt><trkpt lat="46.17828256872919" lon="7.889026647532702"><ele>2291.1</ele></trkpt><trkpt lat="46.17830056805462" lon="7.888974646984808"><ele>2294.6</ele></trkpt><trkpt lat="46.17831956814989" lon="7.888896647067484"><ele>2294.1</ele></trkpt><trkpt lat="46.17833756807185" lon="7.888819647008553"><ele>2294.5</ele></trkpt><trkpt lat="46.17834656799443" lon="7.888793646946958"><ele>2294.9</ele></trkpt><trkpt lat="46.17836456799347" lon="7.888728646950306"><ele>2294.9</ele></trkpt><trkpt lat="46.17841056791422" lon="7.888625646892569"><ele>2295.3</ele></trkpt><trkpt lat="46.178428567951826" lon="7.888574646926625"><ele>2295.1</ele></trkpt><trkpt lat="46.178446567970234" lon="7.888561646942927"><ele>2295.0</ele></trkpt><trkpt lat="46.17846456787322" lon="7.888548646864855"><ele>2295.5</ele></trkpt><trkpt lat="46.17849156787201" lon="7.88852264686606"><ele>2295.5</ele></trkpt><trkpt lat="46.1785005678522" lon="7.888471646852987"><ele>2295.6</ele></trkpt><trkpt lat="46.17850956775551" lon="7.888432646776367"><ele>2296.1</ele></trkpt><trkpt lat="46.17851956762023" lon="7.888380646668976"><ele>2296.8</ele></trkpt><trkpt lat="46.17852856744646" lon="7.88834164652944"><ele>2297.7</ele></trkpt><trkpt lat="46.17854656738794" lon="7.888328646482829"><ele>2298.0</ele></trkpt><trkpt lat="46.17856456738714" lon="7.888329646482653"><ele>2298.0</ele></trkpt><trkpt lat="46.178591567636154" lon="7.88829064668902"><ele>2296.7</ele></trkpt><trkpt lat="46.17860956771226" lon="7.888251646753894"><ele>2296.3</ele></trkpt><trkpt lat="46.17866356770966" lon="7.888161646758328"><ele>2296.3</ele></trkpt><trkpt lat="46.17868256770868" lon="7.8881096467609755"><ele>2296.3</ele></trkpt><trkpt lat="46.17870056770769" lon="7.8880326467649615"><ele>2296.3</ele></trkpt><trkpt lat="46.178709567630236" lon="7.887993646704073"><ele>2296.7</ele></trkpt><trkpt lat="46.17872756755237" lon="7.8879546466431245"><ele>2297.1</ele></trkpt><trkpt lat="46.17873656751339" lon="7.887916646613636"><ele>2297.3</ele></trkpt><trkpt lat="46.1787555674547" lon="7.887864646569104"><ele>2297.6</ele></trkpt><trkpt lat="46.17880056729858" lon="7.887800646446399"><ele>2298.4</ele></trkpt><trkpt lat="46.178854567065144" lon="7.887735646260783"><ele>2299.6</ele></trkpt><trkpt lat="46.17891756721635" lon="7.887697646388199"><ele>2298.8</ele></trkpt><trkpt lat="46.17893556713847" lon="7.887658646327257"><ele>2299.2</ele></trkpt><trkpt lat="46.17893556706141" lon="7.887632646265738"><ele>2299.6</ele></trkpt><trkpt lat="46.17892756675355" lon="7.887555646018281"><ele>2301.2</ele></trkpt><trkpt lat="46.17891856646487" lon="7.887438645788703"><ele>2302.7</ele></trkpt><trkpt lat="46.17892856627139" lon="7.887244645641762"><ele>2303.7</ele></trkpt><trkpt lat="46.178928565944034" lon="7.88719264537721"><ele>2305.4</ele></trkpt><trkpt lat="46.1789295656743" lon="7.887114645161228"><ele>2306.8</ele></trkpt><trkpt lat="46.178938565423394" lon="7.887024644961563"><ele>2308.1</ele></trkpt><trkpt lat="46.17894756542298" lon="7.8870116449621985"><ele>2308.1</ele></trkpt><trkpt lat="46.17897456549881" lon="7.886998645025612"><ele>2307.7</ele></trkpt><trkpt lat="46.17899256549811" lon="7.8870246450240975"><ele>2307.7</ele></trkpt><trkpt lat="46.179010565458846" lon="7.887024644992527"><ele>2307.9</ele></trkpt><trkpt lat="46.17902856545804" lon="7.886999644993745"><ele>2307.9</ele></trkpt><trkpt lat="46.1790465654571" lon="7.886973644995015"><ele>2307.9</ele></trkpt><trkpt lat="46.17907356526337" lon="7.886934644839675"><ele>2308.9</ele></trkpt><trkpt lat="46.17909156520482" lon="7.88690864479377"><ele>2309.2</ele></trkpt><trkpt lat="46.179109565280974" lon="7.886883644857892"><ele>2308.8</ele></trkpt><trkpt lat="46.179128565279996" lon="7.8868316448605515"><ele>2308.8</ele></trkpt><trkpt lat="46.17914656531769" lon="7.886818644892573"><ele>2308.6</ele></trkpt><trkpt lat="46.1792005652961" lon="7.88680664487713"><ele>2308.7</ele></trkpt><trkpt lat="46.17924556527482" lon="7.886780644862492"><ele>2308.8</ele></trkpt><trkpt lat="46.17927256521594" lon="7.886780644815134"><ele>2309.1</ele></trkpt><trkpt lat="46.17929956508006" lon="7.886768644705525"><ele>2309.8</ele></trkpt><trkpt lat="46.17934456492409" lon="7.886755644580121"><ele>2310.6</ele></trkpt><trkpt lat="46.179362564846336" lon="7.8867556445170965"><ele>2311.0</ele></trkpt><trkpt lat="46.17939856465216" lon="7.886717644361648"><ele>2312.0</ele></trkpt><trkpt lat="46.17943456447745" lon="7.886730644219183"><ele>2312.9</ele></trkpt><trkpt lat="46.17946156441858" lon="7.886743644171125"><ele>2313.2</ele></trkpt><trkpt lat="46.179479564360065" lon="7.886743644123829"><ele>2313.5</ele></trkpt><trkpt lat="46.179515564512336" lon="7.886692644252124"><ele>2312.7</ele></trkpt><trkpt lat="46.17954256460733" lon="7.886653644332658"><ele>2312.2</ele></trkpt><trkpt lat="46.17957856475974" lon="7.886640644458907"><ele>2311.4</ele></trkpt><trkpt lat="46.179614564815886" lon="7.886615644507179"><ele>2311.1</ele></trkpt><trkpt lat="46.179632564988395" lon="7.886615644648579"><ele>2310.2</ele></trkpt><trkpt lat="46.17965956494871" lon="7.886602644617646"><ele>2310.4</ele></trkpt><trkpt lat="46.17966856489049" lon="7.8865896445711074"><ele>2310.7</ele></trkpt><trkpt lat="46.179731564329394" lon="7.886525644118113"><ele>2313.6</ele></trkpt><trkpt lat="46.179759564174105" lon="7.886487643994173"><ele>2314.4</ele></trkpt><trkpt lat="46.17977756413475" lon="7.8864746439633"><ele>2314.6</ele></trkpt><trkpt lat="46.17983156378592" lon="7.886461643680595"><ele>2316.4</ele></trkpt><trkpt lat="46.17988556355254" lon="7.886423643493587"><ele>2317.6</ele></trkpt><trkpt lat="46.17992156331989" lon="7.886397643306055"><ele>2318.8</ele></trkpt><trkpt lat="46.179948563357215" lon="7.8863976433373155"><ele>2318.6</ele></trkpt><trkpt lat="46.17995756335688" lon="7.886411643336506"><ele>2318.6</ele></trkpt><trkpt lat="46.17997556325987" lon="7.886424643257059"><ele>2319.1</ele></trkpt><trkpt lat="46.18002956296898" lon="7.8864766430180255"><ele>2320.6</ele></trkpt><trkpt lat="46.180046562891384" lon="7.8865156429529115"><ele>2321.0</ele></trkpt><trkpt lat="46.18006456269827" lon="7.88656764279274"><ele>2322.0</ele></trkpt><trkpt lat="46.18009156254327" lon="7.886619642663954"><ele>2322.8</ele></trkpt><trkpt lat="46.18010056231205" lon="7.88667164247239"><ele>2324.0</ele></trkpt><trkpt lat="46.18011856211888" lon="7.886710642312913"><ele>2325.0</ele></trkpt><trkpt lat="46.18012656202236" lon="7.8867366422328296"><ele>2325.5</ele></trkpt><trkpt lat="46.18014456202169" lon="7.886775642230599"><ele>2325.5</ele></trkpt><trkpt lat="46.18017156198213" lon="7.886814642196854"><ele>2325.7</ele></trkpt><trkpt lat="46.18018956192374" lon="7.8868536421474476"><ele>2326.0</ele></trkpt><trkpt lat="46.180225561864496" lon="7.886892642097921"><ele>2326.3</ele></trkpt><trkpt lat="46.18024356184469" lon="7.886944642079257"><ele>2326.4</ele></trkpt><trkpt lat="46.180251561844436" lon="7.8869706420778"><ele>2326.4</ele></trkpt><trkpt lat="46.18027856163161" lon="7.887009641902524"><ele>2327.5</ele></trkpt><trkpt lat="46.18030556161128" lon="7.88703564188521"><ele>2327.6</ele></trkpt><trkpt lat="46.180332561571646" lon="7.887048641852868"><ele>2327.8</ele></trkpt><trkpt lat="46.18037756155054" lon="7.887074641835429"><ele>2327.9</ele></trkpt><trkpt lat="46.18042256164491" lon="7.887114641911582"><ele>2327.4</ele></trkpt><trkpt lat="46.18044056160568" lon="7.8871016418807125"><ele>2327.6</ele></trkpt><trkpt lat="46.180467561604466" lon="7.887088641881232"><ele>2327.6</ele></trkpt><trkpt lat="46.18049456158399" lon="7.8870756418660255"><ele>2327.7</ele></trkpt><trkpt lat="46.18055756156183" lon="7.887011641853329"><ele>2327.8</ele></trkpt><trkpt lat="46.18058456167596" lon="7.886934641951664"><ele>2327.2</ele></trkpt><trkpt lat="46.18061256179016" lon="7.88689564204793"><ele>2326.6</ele></trkpt><trkpt lat="46.1806485617885" lon="7.886856642049794"><ele>2326.6</ele></trkpt><trkpt lat="46.18066656176841" lon="7.886831642035301"><ele>2326.7</ele></trkpt><trkpt lat="46.18067556180633" lon="7.8867796420695"><ele>2326.5</ele></trkpt><trkpt lat="46.18067556180633" lon="7.8867796420695"><ele>2326.5</ele></trkpt><trkpt lat="46.180684561863664" lon="7.886766642117315"><ele>2326.2</ele></trkpt><trkpt lat="46.18069356186324" lon="7.88674064211866"><ele>2326.2</ele></trkpt><trkpt lat="46.18070256186276" lon="7.886714642120003"><ele>2326.2</ele></trkpt><trkpt lat="46.18071156186227" lon="7.886676642121995"><ele>2326.2</ele></trkpt><trkpt lat="46.18072056182333" lon="7.886663642091188"><ele>2326.4</ele></trkpt><trkpt lat="46.18073856172628" lon="7.886650642013144"><ele>2326.9</ele></trkpt><trkpt lat="46.18076556160961" lon="7.886650641918612"><ele>2327.5</ele></trkpt><trkpt lat="46.180793561512054" lon="7.886625641841146"><ele>2328.0</ele></trkpt><trkpt lat="46.18082056129904" lon="7.8865996416694015"><ele>2329.1</ele></trkpt><trkpt lat="46.180838561298266" lon="7.886599641669277"><ele>2329.1</ele></trkpt><trkpt lat="46.18084756125931" lon="7.88658664163847"><ele>2329.3</ele></trkpt><trkpt lat="46.18087456129666" lon="7.886586641669732"><ele>2329.1</ele></trkpt><trkpt lat="46.180910561468366" lon="7.886574641811659"><ele>2328.2</ele></trkpt><trkpt lat="46.18095556162043" lon="7.886561641937849"><ele>2327.4</ele></trkpt><trkpt lat="46.18098256171545" lon="7.88654864201699"><ele>2326.9</ele></trkpt><trkpt lat="46.18100956177198" lon="7.886523642065335"><ele>2326.6</ele></trkpt><trkpt lat="46.18102756202134" lon="7.886484642271735"><ele>2325.3</ele></trkpt><trkpt lat="46.18104556207825" lon="7.8864456423208935"><ele>2325.0</ele></trkpt><trkpt lat="46.18106356213506" lon="7.8863946423707"><ele>2324.7</ele></trkpt><trkpt lat="46.18107256215389" lon="7.886368642387765"><ele>2324.6</ele></trkpt><trkpt lat="46.181090562191585" lon="7.886368642419092"><ele>2324.4</ele></trkpt><trkpt lat="46.18111756211338" lon="7.886355642356714"><ele>2324.8</ele></trkpt><trkpt lat="46.181154562111665" lon="7.8863176423585175"><ele>2324.8</ele></trkpt><trkpt lat="46.18117256207234" lon="7.886304642327645"><ele>2325.0</ele></trkpt><trkpt lat="46.18119056211006" lon="7.886291642359673"><ele>2324.8</ele></trkpt><trkpt lat="46.18124456201151" lon="7.8862926422806305"><ele>2325.3</ele></trkpt><trkpt lat="46.18125356197259" lon="7.886292642249121"><ele>2325.5</ele></trkpt><trkpt lat="46.18127156193332" lon="7.886305642216845"><ele>2325.7</ele></trkpt><trkpt lat="46.181288561894185" lon="7.886331642183876"><ele>2325.9</ele></trkpt><trkpt lat="46.181297561836054" lon="7.886331642136644"><ele>2326.2</ele></trkpt><trkpt lat="46.18132456177714" lon="7.886331642089288"><ele>2326.5</ele></trkpt><trkpt lat="46.18135156175668" lon="7.886331642073379"><ele>2326.6</ele></trkpt><trkpt lat="46.18136956179439" lon="7.886318642105405"><ele>2326.4</ele></trkpt><trkpt lat="46.18139756183164" lon="7.886293642138009"><ele>2326.2</ele></trkpt><trkpt lat="46.181451561963925" lon="7.886241642250522"><ele>2325.5</ele></trkpt><trkpt lat="46.18146056196345" lon="7.886216642251811"><ele>2325.5</ele></trkpt><trkpt lat="46.181514562076536" lon="7.886177642347891"><ele>2324.9</ele></trkpt><trkpt lat="46.18153256209501" lon="7.886177642363493"><ele>2324.8</ele></trkpt><trkpt lat="46.181541562094615" lon="7.886177642363432"><ele>2324.8</ele></trkpt><trkpt lat="46.18155056209421" lon="7.886190642362669"><ele>2324.8</ele></trkpt><trkpt lat="46.1816045621306" lon="7.886243642390881"><ele>2324.6</ele></trkpt><trkpt lat="46.181666561954806" lon="7.886295642246133"><ele>2325.5</ele></trkpt><trkpt lat="46.18167556191599" lon="7.886308642213921"><ele>2325.7</ele></trkpt><trkpt lat="46.18169356185744" lon="7.886308642166623"><ele>2326.0</ele></trkpt><trkpt lat="46.181720561856366" lon="7.886334642165034"><ele>2326.0</ele></trkpt><trkpt lat="46.1817385618364" lon="7.886347642148486"><ele>2326.1</ele></trkpt><trkpt lat="46.1817565618356" lon="7.886348642148307"><ele>2326.1</ele></trkpt><trkpt lat="46.18179256185331" lon="7.886348642163785"><ele>2326.0</ele></trkpt><trkpt lat="46.18181956179441" lon="7.886361642115724"><ele>2326.3</ele></trkpt><trkpt lat="46.18191856157829" lon="7.8863366419434335"><ele>2327.4</ele></trkpt><trkpt lat="46.18201756140066" lon="7.886311641802589"><ele>2328.3</ele></trkpt><trkpt lat="46.18204456128402" lon="7.886311641708057"><ele>2328.9</ele></trkpt><trkpt lat="46.182098560992756" lon="7.886273641473879"><ele>2330.4</ele></trkpt><trkpt lat="46.182207560390935" lon="7.886183640990567"><ele>2333.5</ele></trkpt><trkpt lat="46.1822885601947" lon="7.886132640835536"><ele>2334.5</ele></trkpt><trkpt lat="46.18231556027051" lon="7.8861066408996585"><ele>2334.1</ele></trkpt><trkpt lat="46.18234256015378" lon="7.886093640805835"><ele>2334.7</ele></trkpt><trkpt lat="46.18238756001696" lon="7.886068640696816"><ele>2335.4</ele></trkpt><trkpt lat="46.182459559821176" lon="7.886017640541853"><ele>2336.4</ele></trkpt><trkpt lat="46.18249555970398" lon="7.885991640448678"><ele>2337.0</ele></trkpt><trkpt lat="46.182522559548744" lon="7.885965640324113"><ele>2337.8</ele></trkpt><trkpt lat="46.18254055947085" lon="7.885940640262458"><ele>2338.2</ele></trkpt><trkpt lat="46.182567559315586" lon="7.88592764013719"><ele>2339.0</ele></trkpt><trkpt lat="46.1826045591599" lon="7.8859016400125626"><ele>2339.8</ele></trkpt><trkpt lat="46.182622559005" lon="7.8858756398880665"><ele>2340.6</ele></trkpt><trkpt lat="46.18267655881004" lon="7.885850639731821"><ele>2341.6</ele></trkpt><trkpt lat="46.18269455873211" lon="7.885811639670923"><ele>2342.0</ele></trkpt><trkpt lat="46.18270355865462" lon="7.885785639609386"><ele>2342.4</ele></trkpt><trkpt lat="46.18271255857719" lon="7.885773639547088"><ele>2342.8</ele></trkpt><trkpt lat="46.18273055846078" lon="7.885747639454041"><ele>2343.4</ele></trkpt><trkpt lat="46.182748558382954" lon="7.885734639391734"><ele>2343.8</ele></trkpt><trkpt lat="46.18278455832344" lon="7.885670639347801"><ele>2344.1</ele></trkpt><trkpt lat="46.18283955832071" lon="7.885553639353797"><ele>2344.1</ele></trkpt><trkpt lat="46.182857558204326" lon="7.885528639260702"><ele>2344.7</ele></trkpt><trkpt lat="46.182875558164966" lon="7.885502639230549"><ele>2344.9</ele></trkpt><trkpt lat="46.182893558086946" lon="7.885437639171078"><ele>2345.3</ele></trkpt><trkpt lat="46.182876557702244" lon="7.885321638863077"><ele>2347.3</ele></trkpt><trkpt lat="46.182867557567704" lon="7.885269638755926"><ele>2348.0</ele></trkpt><trkpt lat="46.182885557508975" lon="7.885217638711476"><ele>2348.3</ele></trkpt><trkpt lat="46.18291255750772" lon="7.885191638712708"><ele>2348.3</ele></trkpt><trkpt lat="46.1829125575077" lon="7.885179638713362"><ele>2348.3</ele></trkpt><trkpt lat="46.18292155748794" lon="7.885140638699709"><ele>2348.4</ele></trkpt><trkpt lat="46.182967557408645" lon="7.88506263864076"><ele>2348.8</ele></trkpt><trkpt lat="46.18299455733043" lon="7.885037638579056"><ele>2349.2</ele></trkpt><trkpt lat="46.183039557174205" lon="7.8849726384565235"><ele>2350.0</ele></trkpt><trkpt lat="46.18313855713116" lon="7.884895638428604"><ele>2350.2</ele></trkpt><trkpt lat="46.18318455707123" lon="7.8848316383846235"><ele>2350.5</ele></trkpt><trkpt lat="46.183220556992495" lon="7.884792638323619"><ele>2350.9</ele></trkpt><trkpt lat="46.18323855695303" lon="7.8847286382955515"><ele>2351.1</ele></trkpt><trkpt lat="46.18325655685587" lon="7.8846896382189575"><ele>2351.6</ele></trkpt><trkpt lat="46.18326555673968" lon="7.884612638128783"><ele>2352.2</ele></trkpt><trkpt lat="46.18327455673921" lon="7.884586638130137"><ele>2352.2</ele></trkpt><trkpt lat="46.183265556778075" lon="7.884573638162355"><ele>2352.0</ele></trkpt><trkpt lat="46.18325755677836" lon="7.884547638163832"><ele>2352.0</ele></trkpt><trkpt lat="46.18321255676081" lon="7.884456638153401"><ele>2352.1</ele></trkpt><trkpt lat="46.18320355670331" lon="7.88443063810772"><ele>2352.4</ele></trkpt><trkpt lat="46.183194556568765" lon="7.884378638000588"><ele>2353.1</ele></trkpt><trkpt lat="46.18318655649194" lon="7.88432663794061"><ele>2353.5</ele></trkpt><trkpt lat="46.18317755637662" lon="7.8842746378492"><ele>2354.1</ele></trkpt><trkpt lat="46.18317755633803" lon="7.8842486378191845"><ele>2354.3</ele></trkpt><trkpt lat="46.183168556261265" lon="7.884196637759214"><ele>2354.7</ele></trkpt><trkpt lat="46.18316855614548" lon="7.884132637668402"><ele>2355.3</ele></trkpt><trkpt lat="46.183168556106864" lon="7.884080637639813"><ele>2355.5</ele></trkpt><trkpt lat="46.18316955618368" lon="7.884028637705529"><ele>2355.1</ele></trkpt><trkpt lat="46.18315155624209" lon="7.8839766377556595"><ele>2354.8</ele></trkpt><trkpt lat="46.18314255624243" lon="7.8839506377571436"><ele>2354.8</ele></trkpt><trkpt lat="46.18312455622385" lon="7.883911637743683"><ele>2354.9</ele></trkpt><trkpt lat="46.18308855618676" lon="7.883872637714632"><ele>2355.1</ele></trkpt><trkpt lat="46.18307055605263" lon="7.883846637606148"><ele>2355.8</ele></trkpt><trkpt lat="46.18306255599515" lon="7.883820637560472"><ele>2356.1</ele></trkpt><trkpt lat="46.18302655609294" lon="7.88379463764074"><ele>2355.6</ele></trkpt><trkpt lat="46.18300855615131" lon="7.883742637690867"><ele>2355.3</ele></trkpt><trkpt lat="46.18299055611351" lon="7.883716637660978"><ele>2355.5</ele></trkpt><trkpt lat="46.182981556094575" lon="7.883690637646746"><ele>2355.6</ele></trkpt><trkpt lat="46.182981556152164" lon="7.883625637697457"><ele>2355.3</ele></trkpt><trkpt lat="46.18300055605487" lon="7.883560637622303"><ele>2355.8</ele></trkpt><trkpt lat="46.183018555976865" lon="7.8835096375620966"><ele>2356.2</ele></trkpt><trkpt lat="46.18302755599563" lon="7.8834706375798875"><ele>2356.1</ele></trkpt><trkpt lat="46.18302755609185" lon="7.883444637659901"><ele>2355.6</ele></trkpt><trkpt lat="46.183018556207465" lon="7.883353637759251"><ele>2355.0</ele></trkpt><trkpt lat="46.18301955620721" lon="7.883276637763462"><ele>2355.0</ele></trkpt><trkpt lat="46.183010556188194" lon="7.883224637750652"><ele>2355.1</ele></trkpt><trkpt lat="46.183001556130634" lon="7.883172637706413"><ele>2355.4</ele></trkpt><trkpt lat="46.182983556073566" lon="7.883133637661523"><ele>2355.7</ele></trkpt><trkpt lat="46.18297555615076" lon="7.8830686377280035"><ele>2355.3</ele></trkpt><trkpt lat="46.18296655624726" lon="7.88300363781021"><ele>2354.8</ele></trkpt><trkpt lat="46.18297555620814" lon="7.882951637781561"><ele>2355.0</ele></trkpt><trkpt lat="46.182993556207215" lon="7.882900637784228"><ele>2355.0</ele></trkpt><trkpt lat="46.183011556167784" lon="7.882848637755517"><ele>2355.2</ele></trkpt><trkpt lat="46.183012556167675" lon="7.882822637756931"><ele>2355.2</ele></trkpt><trkpt lat="46.18300355616798" lon="7.88279663775842"><ele>2355.2</ele></trkpt><trkpt lat="46.183003556167755" lon="7.882719637762638"><ele>2355.2</ele></trkpt><trkpt lat="46.1830035562061" lon="7.88266763779692"><ele>2355.0</ele></trkpt><trkpt lat="46.18301255624408" lon="7.882628637830422"><ele>2354.8</ele></trkpt><trkpt lat="46.18302155626283" lon="7.882589637848209"><ele>2354.7</ele></trkpt><trkpt lat="46.183022556320374" lon="7.882524637898904"><ele>2354.4</ele></trkpt><trkpt lat="46.18303155635837" lon="7.882486637932355"><ele>2354.2</ele></trkpt><trkpt lat="46.18304055633867" lon="7.882460637917999"><ele>2354.3</ele></trkpt><trkpt lat="46.18305855649185" lon="7.8824476380443125"><ele>2353.5</ele></trkpt><trkpt lat="46.18307655662586" lon="7.882447638154193"><ele>2352.8</ele></trkpt><trkpt lat="46.1831215567587" lon="7.882435638264547"><ele>2352.1</ele></trkpt><trkpt lat="46.18316655654486" lon="7.882422638092076"><ele>2353.2</ele></trkpt><trkpt lat="46.1831845565055" lon="7.882396638061946"><ele>2353.4</ele></trkpt><trkpt lat="46.18319355642799" lon="7.882370638000444"><ele>2353.8</ele></trkpt><trkpt lat="46.18322155623389" lon="7.88225463784945"><ele>2354.8</ele></trkpt><trkpt lat="46.18323055607934" lon="7.882228637725092"><ele>2355.6</ele></trkpt><trkpt lat="46.1832485560207" lon="7.882177637680617"><ele>2355.9</ele></trkpt><trkpt lat="46.1832665559042" lon="7.882138637588343"><ele>2356.5</ele></trkpt><trkpt lat="46.18328455574922" lon="7.882086637465349"><ele>2357.3</ele></trkpt><trkpt lat="46.18330255561356" lon="7.8820606373566475"><ele>2358.0</ele></trkpt><trkpt lat="46.18330255549795" lon="7.882035637263734"><ele>2358.6</ele></trkpt><trkpt lat="46.18330355515111" lon="7.881983636983721"><ele>2360.4</ele></trkpt><trkpt lat="46.18332155501542" lon="7.8819316368764545"><ele>2361.1</ele></trkpt><trkpt lat="46.18334855478294" lon="7.881880636690494"><ele>2362.3</ele></trkpt><trkpt lat="46.18335755466694" lon="7.881841636598291"><ele>2362.9</ele></trkpt><trkpt lat="46.183348554648" lon="7.881815636584069"><ele>2363.0</ele></trkpt><trkpt lat="46.18334955464778" lon="7.881763636586921"><ele>2363.0</ele></trkpt><trkpt lat="46.1833135547644" lon="7.881607636690022"><ele>2362.4</ele></trkpt><trkpt lat="46.18330455476465" lon="7.881555636692938"><ele>2362.4</ele></trkpt><trkpt lat="46.18328655455356" lon="7.881529636521648"><ele>2363.5</ele></trkpt><trkpt lat="46.18327855438046" lon="7.881490636382431"><ele>2364.4</ele></trkpt><trkpt lat="46.18329655422546" lon="7.88142663626012"><ele>2365.2</ele></trkpt><trkpt lat="46.18330555414797" lon="7.881400636198636"><ele>2365.6</ele></trkpt><trkpt lat="46.183314553993384" lon="7.881361636075016"><ele>2366.4</ele></trkpt><trkpt lat="46.18333255376137" lon="7.881310635889147"><ele>2367.6</ele></trkpt><trkpt lat="46.18335955347122" lon="7.8812846356547"><ele>2369.1</ele></trkpt><trkpt lat="46.18338755314255" lon="7.881245635389545"><ele>2370.8</ele></trkpt><trkpt lat="46.18339655279547" lon="7.881232635107376"><ele>2372.6</ele></trkpt><trkpt lat="46.18343255215823" lon="7.881168634592147"><ele>2375.9</ele></trkpt><trkpt lat="46.183459551887324" lon="7.881129634374147"><ele>2377.3</ele></trkpt><trkpt lat="46.18345955165613" lon="7.881090634187757"><ele>2378.5</ele></trkpt><trkpt lat="46.18345955132856" lon="7.881013633924915"><ele>2380.2</ele></trkpt><trkpt lat="46.18346955105825" lon="7.880922633709918"><ele>2381.6</ele></trkpt><trkpt lat="46.183460550943025" lon="7.8808966336171515"><ele>2382.2</ele></trkpt><trkpt lat="46.18338855073391" lon="7.880753633452753"><ele>2383.3</ele></trkpt><trkpt lat="46.183371550734456" lon="7.880688633456473"><ele>2383.3</ele></trkpt><trkpt lat="46.183371550945964" lon="7.880585633635004"><ele>2382.2</ele></trkpt><trkpt lat="46.183381551195524" lon="7.880468633845652"><ele>2380.9</ele></trkpt><trkpt lat="46.18338155125312" lon="7.880403633896383"><ele>2380.6</ele></trkpt><trkpt lat="46.18337255125329" lon="7.880339633899988"><ele>2380.6</ele></trkpt><trkpt lat="46.18331055258393" lon="7.880079634998779"><ele>2373.7</ele></trkpt><trkpt lat="46.18329255291191" lon="7.8800146352695535"><ele>2372.0</ele></trkpt><trkpt lat="46.18325755337538" lon="7.879936635651126"><ele>2369.6</ele></trkpt><trkpt lat="46.18323055362677" lon="7.879897635857677"><ele>2368.3</ele></trkpt><trkpt lat="46.183230553838264" lon="7.879793636036203"><ele>2367.2</ele></trkpt><trkpt lat="46.18323955385698" lon="7.879755636053941"><ele>2367.1</ele></trkpt><trkpt lat="46.18322255372279" lon="7.879703635946964"><ele>2367.8</ele></trkpt><trkpt lat="46.1831775536669" lon="7.879664635902295"><ele>2368.1</ele></trkpt><trkpt lat="46.183132553668734" lon="7.879624635904812"><ele>2368.1</ele></trkpt><trkpt lat="46.18310555343865" lon="7.879546635720792"><ele>2369.3</ele></trkpt><trkpt lat="46.18310555334222" lon="7.879520635643686"><ele>2369.8</ele></trkpt><trkpt lat="46.18310555332297" lon="7.879495635629355"><ele>2369.9</ele></trkpt><trkpt lat="46.183115553264635" lon="7.879469635583595"><ele>2370.2</ele></trkpt><trkpt lat="46.18311555326456" lon="7.879443635585028"><ele>2370.2</ele></trkpt><trkpt lat="46.18309755326515" lon="7.8793786355887345"><ele>2370.2</ele></trkpt><trkpt lat="46.18307955326579" lon="7.879326635591725"><ele>2370.2</ele></trkpt><trkpt lat="46.18307055326603" lon="7.879274635594654"><ele>2370.2</ele></trkpt><trkpt lat="46.18305255324747" lon="7.879248635580501"><ele>2370.3</ele></trkpt><trkpt lat="46.183026553229304" lon="7.87922263556641"><ele>2370.4</ele></trkpt><trkpt lat="46.18295455302022" lon="7.879092635401298"><ele>2371.5</ele></trkpt><trkpt lat="46.18292755325239" lon="7.879066635591403"><ele>2370.3</ele></trkpt><trkpt lat="46.18290055348462" lon="7.8790536357807985"><ele>2369.1</ele></trkpt><trkpt lat="46.182882553639374" lon="7.8790146359087245"><ele>2368.3</ele></trkpt><trkpt lat="46.182865553659255" lon="7.8789756359267"><ele>2368.2</ele></trkpt><trkpt lat="46.182847553679196" lon="7.878949635943961"><ele>2368.1</ele></trkpt><trkpt lat="46.18284755377542" lon="7.878923636023925"><ele>2367.6</ele></trkpt><trkpt lat="46.18284755398702" lon="7.8788586362002775"><ele>2366.5</ele></trkpt><trkpt lat="46.18285655408287" lon="7.878845636279465"><ele>2366.0</ele></trkpt><trkpt lat="46.182874554197525" lon="7.878806636375727"><ele>2365.4</ele></trkpt><trkpt lat="46.18288355419699" lon="7.878780636377095"><ele>2365.4</ele></trkpt><trkpt lat="46.18289255417729" lon="7.8787556363627"><ele>2365.5</ele></trkpt><trkpt lat="46.18291155411856" lon="7.878703636318308"><ele>2365.8</ele></trkpt><trkpt lat="46.18292055409879" lon="7.878664636304683"><ele>2365.9</ele></trkpt><trkpt lat="46.182929554156104" lon="7.878651636352456"><ele>2365.6</ele></trkpt><trkpt lat="46.18299255494266" lon="7.878587636999487"><ele>2361.5</ele></trkpt><trkpt lat="46.18301055501887" lon="7.878574637062899"><ele>2361.1</ele></trkpt><trkpt lat="46.18302855501804" lon="7.8785746370627745"><ele>2361.1</ele></trkpt><trkpt lat="46.18303755497915" lon="7.878562637031958"><ele>2361.3</ele></trkpt><trkpt lat="46.183037554902" lon="7.878523636971275"><ele>2361.7</ele></trkpt><trkpt lat="46.18303755465158" lon="7.878484636769244"><ele>2363.0</ele></trkpt><trkpt lat="46.183056554612136" lon="7.878458636739129"><ele>2363.2</ele></trkpt><trkpt lat="46.183074554611245" lon="7.878432636740434"><ele>2363.2</ele></trkpt><trkpt lat="46.18308355466848" lon="7.8783816367902855"><ele>2362.9</ele></trkpt><trkpt lat="46.18308355474545" lon="7.87835563685454"><ele>2362.5</ele></trkpt><trkpt lat="46.183083554745316" lon="7.8783166368566775"><ele>2362.5</ele></trkpt><trkpt lat="46.183074554572244" lon="7.878264636718251"><ele>2363.4</ele></trkpt><trkpt lat="46.18308355453329" lon="7.8782386366882085"><ele>2363.6</ele></trkpt><trkpt lat="46.18309255451357" lon="7.87821263667387"><ele>2363.7</ele></trkpt><trkpt lat="46.18311055458974" lon="7.878212636736564"><ele>2363.3</ele></trkpt><trkpt lat="46.18312855491642" lon="7.878238637002"><ele>2361.6</ele></trkpt><trkpt lat="46.18314655506971" lon="7.878239637127463"><ele>2360.8</ele></trkpt><trkpt lat="46.18316455520367" lon="7.87822663723799"><ele>2360.1</ele></trkpt><trkpt lat="46.18319155527947" lon="7.87820063730205"><ele>2359.7</ele></trkpt><trkpt lat="46.1832015553367" lon="7.878174637350525"><ele>2359.4</ele></trkpt><trkpt lat="46.18320155516334" lon="7.878161637209889"><ele>2360.3</ele></trkpt><trkpt lat="46.183210555105106" lon="7.878148637163423"><ele>2360.6</ele></trkpt><trkpt lat="46.183219554950654" lon="7.878136637038382"><ele>2361.4</ele></trkpt><trkpt lat="46.18322855477691" lon="7.878123636897688"><ele>2362.3</ele></trkpt><trkpt lat="46.183237554718744" lon="7.878110636851223"><ele>2362.6</ele></trkpt><trkpt lat="46.183291554677844" lon="7.878110636819441"><ele>2362.8</ele></trkpt><trkpt lat="46.183309554676974" lon="7.878097636820027"><ele>2362.8</ele></trkpt><trkpt lat="46.18332755483021" lon="7.878072636946915"><ele>2362.0</ele></trkpt><trkpt lat="46.18335455500239" lon="7.878085637087361"><ele>2361.1</ele></trkpt><trkpt lat="46.18339055513552" lon="7.878059637198474"><ele>2360.4</ele></trkpt><trkpt lat="46.18341755523057" lon="7.878034637278182"><ele>2359.9</ele></trkpt><trkpt lat="46.183435555306794" lon="7.8780346373408765"><ele>2359.5</ele></trkpt><trkpt lat="46.183453555228844" lon="7.8779826372807875"><ele>2359.9</ele></trkpt><trkpt lat="46.18344455515216" lon="7.877969637218741"><ele>2360.3</ele></trkpt><trkpt lat="46.1834535549206" lon="7.87794363703165"><ele>2361.5</ele></trkpt><trkpt lat="46.183480554668954" lon="7.877905636829391"><ele>2362.8</ele></trkpt><trkpt lat="46.18349055476462" lon="7.877827636912127"><ele>2362.3</ele></trkpt><trkpt lat="46.18349955480263" lon="7.8778016369449"><ele>2362.1</ele></trkpt><trkpt lat="46.18351755493665" lon="7.877801637054709"><ele>2361.4</ele></trkpt><trkpt lat="46.18353555507057" lon="7.877776637165885"><ele>2360.7</ele></trkpt><trkpt lat="46.18354455508935" lon="7.877737637183665"><ele>2360.6</ele></trkpt><trkpt lat="46.183553555069594" lon="7.87771163716933"><ele>2360.7</ele></trkpt><trkpt lat="46.1835905550677" lon="7.877621637174013"><ele>2360.7</ele></trkpt><trkpt lat="46.183617555027965" lon="7.877595637143844"><ele>2360.9</ele></trkpt><trkpt lat="46.18364455527705" lon="7.877569637349235"><ele>2359.6</ele></trkpt><trkpt lat="46.18367155535288" lon="7.877556637412578"><ele>2359.2</ele></trkpt><trkpt lat="46.18368955550611" lon="7.877544637538739"><ele>2358.4</ele></trkpt><trkpt lat="46.1837165556397" lon="7.877531637649192"><ele>2357.7</ele></trkpt><trkpt lat="46.183734555696596" lon="7.877505637697604"><ele>2357.4</ele></trkpt><trkpt lat="46.18376155579165" lon="7.877479637777365"><ele>2356.9</ele></trkpt><trkpt lat="46.1837885560793" lon="7.877467638013386"><ele>2355.4</ele></trkpt><trkpt lat="46.18386055644196" lon="7.877428638313394"><ele>2353.5</ele></trkpt><trkpt lat="46.18388755653703" lon="7.877416638392382"><ele>2353.0</ele></trkpt><trkpt lat="46.18394155688128" lon="7.8774036386753865"><ele>2351.2</ele></trkpt><trkpt lat="46.18395955699599" lon="7.877390638770191"><ele>2350.6</ele></trkpt><trkpt lat="46.18398655714886" lon="7.877365638897002"><ele>2349.8</ele></trkpt><trkpt lat="46.184022557378334" lon="7.877339639086617"><ele>2348.6</ele></trkpt><trkpt lat="46.184068557491806" lon="7.877314639181885"><ele>2348.0</ele></trkpt><trkpt lat="46.1841135578748" lon="7.877249639499187"><ele>2346.0</ele></trkpt><trkpt lat="46.18420355852546" lon="7.877159640037382"><ele>2342.6</ele></trkpt><trkpt lat="46.18423955879335" lon="7.877108640259754"><ele>2341.2</ele></trkpt><trkpt lat="46.18427555906136" lon="7.877082640480767"><ele>2339.8</ele></trkpt><trkpt lat="46.18431155911753" lon="7.877069640528333"><ele>2339.5</ele></trkpt><trkpt lat="46.18434855923136" lon="7.87701864062507"><ele>2338.9</ele></trkpt><trkpt lat="46.18439355924852" lon="7.876979640642585"><ele>2338.8</ele></trkpt><trkpt lat="46.184492559147735" lon="7.876903640567522"><ele>2339.3</ele></trkpt><trkpt lat="46.18454655906827" lon="7.876864640506464"><ele>2339.7</ele></trkpt><trkpt lat="46.18459155904703" lon="7.876852640491103"><ele>2339.8</ele></trkpt><trkpt lat="46.184636558967945" lon="7.876826640429397"><ele>2340.2</ele></trkpt><trkpt lat="46.184681558869556" lon="7.876787640352701"><ele>2340.7</ele></trkpt><trkpt lat="46.18469955888804" lon="7.876788640368223"><ele>2340.6</ele></trkpt><trkpt lat="46.18473555880948" lon="7.876788640305165"><ele>2341.0</ele></trkpt><trkpt lat="46.184780558653415" lon="7.876775640179948"><ele>2341.8</ele></trkpt><trkpt lat="46.18482555861292" lon="7.876776640148178"><ele>2342.0</ele></trkpt><trkpt lat="46.18484355865071" lon="7.87678964017875"><ele>2341.8</ele></trkpt><trkpt lat="46.184915558647624" lon="7.876815640176844"><ele>2341.8</ele></trkpt><trkpt lat="46.18492455868581" lon="7.876815640208184"><ele>2341.6</ele></trkpt><trkpt lat="46.184951558800165" lon="7.876803640302866"><ele>2341.0</ele></trkpt><trkpt lat="46.18502355866215" lon="7.876790640193159"><ele>2341.7</ele></trkpt><trkpt lat="46.18505955858351" lon="7.876765640131463"><ele>2342.1</ele></trkpt><trkpt lat="46.18508655848597" lon="7.876752640053472"><ele>2342.6</ele></trkpt><trkpt lat="46.18510455840822" lon="7.87676563998983"><ele>2343.0</ele></trkpt><trkpt lat="46.18514055825273" lon="7.876817639861131"><ele>2343.8</ele></trkpt><trkpt lat="46.185149558194546" lon="7.876817639813965"><ele>2344.1</ele></trkpt><trkpt lat="46.1852035580766" lon="7.876805639720027"><ele>2344.7</ele></trkpt><trkpt lat="46.185221557998744" lon="7.876792639657802"><ele>2345.1</ele></trkpt><trkpt lat="46.185239557940214" lon="7.876805639609861"><ele>2345.4</ele></trkpt><trkpt lat="46.18525755792015" lon="7.8768056395940365"><ele>2345.5</ele></trkpt><trkpt lat="46.18527555782303" lon="7.8767926395161085"><ele>2346.0</ele></trkpt><trkpt lat="46.185293557725906" lon="7.876779639438177"><ele>2346.5</ele></trkpt><trkpt lat="46.18532055735872" lon="7.876754639141013"><ele>2348.4</ele></trkpt><trkpt lat="46.18534755716487" lon="7.876715638985932"><ele>2349.4</ele></trkpt><trkpt lat="46.18537455699016" lon="7.876676638846551"><ele>2350.3</ele></trkpt><trkpt lat="46.18541955693042" lon="7.87667763879908"><ele>2350.6</ele></trkpt><trkpt lat="46.18547455677368" lon="7.8765876386780045"><ele>2351.4</ele></trkpt><trkpt lat="46.18552855655947" lon="7.876587638504909"><ele>2352.5</ele></trkpt><trkpt lat="46.185573556364965" lon="7.876613638346152"><ele>2353.5</ele></trkpt><trkpt lat="46.185591556364194" lon="7.876613638346029"><ele>2353.5</ele></trkpt><trkpt lat="46.185617556478604" lon="7.876614638440006"><ele>2352.9</ele></trkpt><trkpt lat="46.18565455661177" lon="7.87658863855109"><ele>2352.2</ele></trkpt><trkpt lat="46.185681556591284" lon="7.876575638535912"><ele>2352.3</ele></trkpt><trkpt lat="46.18572655662779" lon="7.876563638567662"><ele>2352.1</ele></trkpt><trkpt lat="46.185753556684396" lon="7.876550638615292"><ele>2351.8</ele></trkpt><trkpt lat="46.18584355635287" lon="7.876486638351236"><ele>2353.5</ele></trkpt><trkpt lat="46.185861556178594" lon="7.876460638211216"><ele>2354.4</ele></trkpt><trkpt lat="46.18589755592647" lon="7.876409638009639"><ele>2355.7</ele></trkpt><trkpt lat="46.18591555584844" lon="7.876344637950268"><ele>2356.1</ele></trkpt><trkpt lat="46.1859345555585" lon="7.876267637718833"><ele>2357.6</ele></trkpt><trkpt lat="46.18594355546166" lon="7.8762286376423996"><ele>2358.1</ele></trkpt><trkpt lat="46.185961555403026" lon="7.876202637596598"><ele>2358.4</ele></trkpt><trkpt lat="46.18604255499483" lon="7.87615163726911"><ele>2360.5</ele></trkpt><trkpt lat="46.1860605548977" lon="7.8761516371904765"><ele>2361.0</ele></trkpt><trkpt lat="46.186096554742" lon="7.876151637064619"><ele>2361.8</ele></trkpt><trkpt lat="46.18612355462533" lon="7.876164636969511"><ele>2362.4</ele></trkpt><trkpt lat="46.18615055437385" lon="7.876203636763065"><ele>2363.7</ele></trkpt><trkpt lat="46.18616855439241" lon="7.876242636776494"><ele>2363.6</ele></trkpt><trkpt lat="46.18620455466049" lon="7.876230636996724"><ele>2362.2</ele></trkpt><trkpt lat="46.18624055496707" lon="7.876204637249126"><ele>2360.6</ele></trkpt><trkpt lat="46.18626755510062" lon="7.87617963736022"><ele>2359.9</ele></trkpt><trkpt lat="46.18633055540592" lon="7.87611463761457"><ele>2358.3</ele></trkpt><trkpt lat="46.186339555463334" lon="7.876114637661609"><ele>2358.0</ele></trkpt><trkpt lat="46.18637555557739" lon="7.876141637754088"><ele>2357.4</ele></trkpt><trkpt lat="46.186420555710285" lon="7.876141637863689"><ele>2356.7</ele></trkpt><trkpt lat="46.186465555708416" lon="7.876167637861951"><ele>2356.7</ele></trkpt><trkpt lat="46.186528555782765" lon="7.876181637923552"><ele>2356.3</ele></trkpt><trkpt lat="46.186555555820114" lon="7.87618163795477"><ele>2356.1</ele></trkpt><trkpt lat="46.186582555799625" lon="7.876168637939594"><ele>2356.2</ele></trkpt><trkpt lat="46.186600555741045" lon="7.876168637892366"><ele>2356.5</ele></trkpt><trkpt lat="46.18662755570136" lon="7.876168637860776"><ele>2356.7</ele></trkpt><trkpt lat="46.18666355568056" lon="7.876195637843345"><ele>2356.8</ele></trkpt><trkpt lat="46.18668155566058" lon="7.876208637826805"><ele>2356.9</ele></trkpt><trkpt lat="46.186689555679564" lon="7.876234637841033"><ele>2356.8</ele></trkpt><trkpt lat="46.186707555601856" lon="7.87627363777596"><ele>2357.2</ele></trkpt><trkpt lat="46.18670755552484" lon="7.876286637712439"><ele>2357.6</ele></trkpt><trkpt lat="46.186725555562575" lon="7.8762866377437195"><ele>2357.4</ele></trkpt><trkpt lat="46.18675255554213" lon="7.876286637727829"><ele>2357.5</ele></trkpt><trkpt lat="46.18677055550278" lon="7.876273637697014"><ele>2357.7</ele></trkpt><trkpt lat="46.186788555559744" lon="7.876260637744707"><ele>2357.4</ele></trkpt><trkpt lat="46.18681555565493" lon="7.876274637822263"><ele>2356.9</ele></trkpt><trkpt lat="46.18686955590285" lon="7.876222638028862"><ele>2355.6</ele></trkpt><trkpt lat="46.18692455618928" lon="7.876171638266795"><ele>2354.1</ele></trkpt><trkpt lat="46.1869515564191" lon="7.876119638457872"><ele>2352.9</ele></trkpt><trkpt lat="46.1869695565339" lon="7.876106638552664"><ele>2352.3</ele></trkpt><trkpt lat="46.18703255668519" lon="7.876081638679208"><ele>2351.5</ele></trkpt><trkpt lat="46.18709555697136" lon="7.876069638914948"><ele>2350.0</ele></trkpt><trkpt lat="46.18713155712379" lon="7.8760306390424395"><ele>2349.2</ele></trkpt><trkpt lat="46.187194557583375" lon="7.876005639420201"><ele>2346.8</ele></trkpt><trkpt lat="46.18725755788874" lon="7.875979639672406"><ele>2345.2</ele></trkpt><trkpt lat="46.187293558118384" lon="7.8759806398605186"><ele>2344.0</ele></trkpt><trkpt lat="46.187320558175024" lon="7.875980639907438"><ele>2343.7</ele></trkpt><trkpt lat="46.187347558308716" lon="7.875993640016451"><ele>2343.0</ele></trkpt><trkpt lat="46.18737455844252" lon="7.876019640124761"><ele>2342.3</ele></trkpt><trkpt lat="46.18739255857669" lon="7.876058640232418"><ele>2341.6</ele></trkpt><trkpt lat="46.18742755907635" lon="7.876149640635471"><ele>2339.0</ele></trkpt><trkpt lat="46.1874455590757" lon="7.876188640633224"><ele>2339.0</ele></trkpt><trkpt lat="46.18747255905532" lon="7.876214640615926"><ele>2339.1</ele></trkpt><trkpt lat="46.1875535588595" lon="7.8763186404526895"><ele>2340.1</ele></trkpt><trkpt lat="46.18757155878175" lon="7.876357640387634"><ele>2340.5</ele></trkpt><trkpt lat="46.18757955876225" lon="7.876396640369758"><ele>2340.6</ele></trkpt><trkpt lat="46.187588558704185" lon="7.876422640321169"><ele>2340.9</ele></trkpt><trkpt lat="46.18760655864569" lon="7.876461640271819"><ele>2341.2</ele></trkpt><trkpt lat="46.18762455860651" lon="7.876500640238168"><ele>2341.4</ele></trkpt><trkpt lat="46.18765155856685" lon="7.876513640205868"><ele>2341.6</ele></trkpt><trkpt lat="46.18767855860426" lon="7.876527640236328"><ele>2341.4</ele></trkpt><trkpt lat="46.187705558603085" lon="7.876527640236139"><ele>2341.4</ele></trkpt><trkpt lat="46.187732558467054" lon="7.876527640126036"><ele>2342.1</ele></trkpt><trkpt lat="46.187786558618875" lon="7.876540640250576"><ele>2341.3</ele></trkpt><trkpt lat="46.187831558694036" lon="7.87655464031232"><ele>2340.9</ele></trkpt><trkpt lat="46.187885558826544" lon="7.876541640422571"><ele>2340.2</ele></trkpt><trkpt lat="46.18797555909241" lon="7.876555640641031"><ele>2338.8</ele></trkpt><trkpt lat="46.18800255912971" lon="7.87655564067225"><ele>2338.6</ele></trkpt><trkpt lat="46.18802055916741" lon="7.8765296407049465"><ele>2338.4</ele></trkpt><trkpt lat="46.188038559166614" lon="7.876517640705476"><ele>2338.4</ele></trkpt><trkpt lat="46.18805655920434" lon="7.876504640737464"><ele>2338.2</ele></trkpt><trkpt lat="46.18811955931721" lon="7.876504640831247"><ele>2337.6</ele></trkpt><trkpt lat="46.18814655935455" lon="7.876504640862468"><ele>2337.4</ele></trkpt><trkpt lat="46.18817355941113" lon="7.876479640910748"><ele>2337.1</ele></trkpt><trkpt lat="46.1881915595067" lon="7.87647964098914"><ele>2336.6</ele></trkpt><trkpt lat="46.18824555973557" lon="7.876492641176494"><ele>2335.4</ele></trkpt><trkpt lat="46.188272559907894" lon="7.8765056413169345"><ele>2334.5</ele></trkpt><trkpt lat="46.188290560080574" lon="7.8765326414566665"><ele>2333.6</ele></trkpt><trkpt lat="46.18830756015695" lon="7.876545641518654"><ele>2333.2</ele></trkpt><trkpt lat="46.18831656023371" lon="7.876571641579997"><ele>2332.8</ele></trkpt><trkpt lat="46.18831656023378" lon="7.876596641578641"><ele>2332.8</ele></trkpt><trkpt lat="46.188307560369154" lon="7.876635641686508"><ele>2332.1</ele></trkpt><trkpt lat="46.18829856054302" lon="7.876674641825786"><ele>2331.2</ele></trkpt><trkpt lat="46.18829756058204" lon="7.876804641850154"><ele>2331.0</ele></trkpt><trkpt lat="46.188306560408414" lon="7.876868641705291"><ele>2331.9</ele></trkpt><trkpt lat="46.18832456021525" lon="7.8769726415424905"><ele>2332.9</ele></trkpt><trkpt lat="46.18832456011912" lon="7.877037641460444"><ele>2333.4</ele></trkpt><trkpt lat="46.18832356004226" lon="7.877089641394817"><ele>2333.8</ele></trkpt><trkpt lat="46.18831455967707" lon="7.877257641087374"><ele>2335.7</ele></trkpt><trkpt lat="46.1883135595232" lon="7.877322640958212"><ele>2336.5</ele></trkpt><trkpt lat="46.188313559427016" lon="7.877374640876863"><ele>2337.0</ele></trkpt><trkpt lat="46.188322559234045" lon="7.877413640717631"><ele>2338.0</ele></trkpt><trkpt lat="46.188322559118596" lon="7.877464640620633"><ele>2338.6</ele></trkpt><trkpt lat="46.188322559022396" lon="7.877503640539986"><ele>2339.1</ele></trkpt><trkpt lat="46.18832155825216" lon="7.877633639904705"><ele>2343.1</ele></trkpt><trkpt lat="46.18834855724968" lon="7.877814639077954"><ele>2348.3</ele></trkpt><trkpt lat="46.188356557018196" lon="7.877840638888008"><ele>2349.5</ele></trkpt><trkpt lat="46.18841055661141" lon="7.877892638554971"><ele>2351.6</ele></trkpt><trkpt lat="46.18842855647585" lon="7.877919638443427"><ele>2352.3</ele></trkpt><trkpt lat="46.18844655632105" lon="7.87795863831552"><ele>2353.1</ele></trkpt><trkpt lat="46.18847355601183" lon="7.878048638059105"><ele>2354.7</ele></trkpt><trkpt lat="46.18850855525955" lon="7.878243637435618"><ele>2358.6</ele></trkpt><trkpt lat="46.188517555239876" lon="7.878256637419136"><ele>2358.7</ele></trkpt><trkpt lat="46.18861555473493" lon="7.878335637005742"><ele>2361.3</ele></trkpt><trkpt lat="46.18862455456121" lon="7.878360636862939"><ele>2362.2</ele></trkpt><trkpt lat="46.18864255440633" lon="7.878374636736391"><ele>2363.0</ele></trkpt><trkpt lat="46.18865155411701" lon="7.8784006364992925"><ele>2364.5</ele></trkpt><trkpt lat="46.18866055394329" lon="7.878426636356431"><ele>2365.4</ele></trkpt><trkpt lat="46.18867855382693" lon="7.878452636260634"><ele>2366.0</ele></trkpt><trkpt lat="46.188696553768466" lon="7.878478636211958"><ele>2366.3</ele></trkpt><trkpt lat="46.18870555372961" lon="7.8785046361790485"><ele>2366.5</ele></trkpt><trkpt lat="46.18874055382461" lon="7.878569636253767"><ele>2366.0</ele></trkpt><trkpt lat="46.188785553745866" lon="7.878673636184898"><ele>2366.4</ele></trkpt><trkpt lat="46.18879455372636" lon="7.878712636166983"><ele>2366.5</ele></trkpt><trkpt lat="46.18882055372549" lon="7.878802636161848"><ele>2366.5</ele></trkpt><trkpt lat="46.18882955360971" lon="7.878880636063241"><ele>2367.1</ele></trkpt><trkpt lat="46.18888255337696" lon="7.879140635860053"><ele>2368.3</ele></trkpt><trkpt lat="46.18891755327957" lon="7.879295635772725"><ele>2368.8</ele></trkpt><trkpt lat="46.18894455322097" lon="7.879425635718249"><ele>2369.1</ele></trkpt><trkpt lat="46.18894455320194" lon="7.87950363569824"><ele>2369.2</ele></trkpt><trkpt lat="46.188952553317385" lon="7.879568635788867"><ele>2368.6</ele></trkpt><trkpt lat="46.188961553317135" lon="7.879620635785938"><ele>2368.6</ele></trkpt><trkpt lat="46.18897055341321" lon="7.879646635862995"><ele>2368.1</ele></trkpt><trkpt lat="46.188970553432426" lon="7.8796466358787045"><ele>2368.0</ele></trkpt><trkpt lat="46.188970553432426" lon="7.8796466358787045"><ele>2368.0</ele></trkpt><trkpt lat="46.18897955347061" lon="7.879659635909348"><ele>2367.8</ele></trkpt><trkpt lat="46.18898855348951" lon="7.87967263592428"><ele>2367.7</ele></trkpt><trkpt lat="46.18900655358509" lon="7.879672636002708"><ele>2367.2</ele></trkpt><trkpt lat="46.189024553776946" lon="7.879659636160402"><ele>2366.2</ele></trkpt><trkpt lat="46.189042553891724" lon="7.8796596362545355"><ele>2365.6</ele></trkpt><trkpt lat="46.189078554256334" lon="7.879685636551351"><ele>2363.7</ele></trkpt><trkpt lat="46.189096554351906" lon="7.879685636629779"><ele>2363.2</ele></trkpt><trkpt lat="46.18910555448637" lon="7.879686636739635"><ele>2362.5</ele></trkpt><trkpt lat="46.189114554640106" lon="7.879686636865256"><ele>2361.7</ele></trkpt><trkpt lat="46.189123554716794" lon="7.879686636928033"><ele>2361.3</ele></trkpt><trkpt lat="46.18912355481317" lon="7.879699637005875"><ele>2360.8</ele></trkpt><trkpt lat="46.18912355489031" lon="7.879712637067996"><ele>2360.4</ele></trkpt><trkpt lat="46.18912355494811" lon="7.87972563711442"><ele>2360.1</ele></trkpt><trkpt lat="46.189132555024834" lon="7.8797256371771995"><ele>2359.7</ele></trkpt><trkpt lat="46.18914155523636" lon="7.879725637349955"><ele>2358.6</ele></trkpt><trkpt lat="46.189213555657105" lon="7.879725637695087"><ele>2356.4</ele></trkpt><trkpt lat="46.18924055561739" lon="7.879713637664136"><ele>2356.6</ele></trkpt><trkpt lat="46.18925855567436" lon="7.879713637711142"><ele>2356.3</ele></trkpt><trkpt lat="46.18926755584732" lon="7.8796876378539"><ele>2355.4</ele></trkpt><trkpt lat="46.1892675560399" lon="7.879661638012429"><ele>2354.4</ele></trkpt><trkpt lat="46.18927655609733" lon="7.879661638059498"><ele>2354.1</ele></trkpt><trkpt lat="46.18928555625107" lon="7.879661638185122"><ele>2353.3</ele></trkpt><trkpt lat="46.1893125566931" lon="7.8796616385462706"><ele>2351.0</ele></trkpt><trkpt lat="46.18933055682717" lon="7.879661638656122"><ele>2350.3</ele></trkpt><trkpt lat="46.189357557076406" lon="7.87963663886154"><ele>2349.0</ele></trkpt><trkpt lat="46.18937555721052" lon="7.8796366389713866"><ele>2348.3</ele></trkpt><trkpt lat="46.18939355730606" lon="7.879636639049818"><ele>2347.8</ele></trkpt><trkpt lat="46.18941155744018" lon="7.879636639159664"><ele>2347.1</ele></trkpt><trkpt lat="46.189429557555044" lon="7.879649639253092"><ele>2346.5</ele></trkpt><trkpt lat="46.18943855770892" lon="7.8796756393772975"><ele>2345.7</ele></trkpt><trkpt lat="46.189456557920074" lon="7.879688639549282"><ele>2344.6</ele></trkpt><trkpt lat="46.18947455809277" lon="7.879701639689845"><ele>2343.7</ele></trkpt><trkpt lat="46.1895015582072" lon="7.879702639783868"><ele>2343.1</ele></trkpt><trkpt lat="46.189528558186744" lon="7.879689639768678"><ele>2343.2</ele></trkpt><trkpt lat="46.18958255812644" lon="7.879663639722594"><ele>2343.5</ele></trkpt><trkpt lat="46.189636558124015" lon="7.879599639725706"><ele>2343.5</ele></trkpt><trkpt lat="46.18965455808462" lon="7.879586639694872"><ele>2343.7</ele></trkpt><trkpt lat="46.189663558103426" lon="7.8795616397118815"><ele>2343.6</ele></trkpt><trkpt lat="46.189681558121855" lon="7.879535639728884"><ele>2343.5</ele></trkpt><trkpt lat="46.18970855821697" lon="7.879509639808667"><ele>2343.0</ele></trkpt><trkpt lat="46.189735558331336" lon="7.879496639903452"><ele>2342.4</ele></trkpt><trkpt lat="46.189844558634626" lon="7.879394640159617"><ele>2340.8</ele></trkpt><trkpt lat="46.189871558652584" lon="7.879355640177261"><ele>2340.7</ele></trkpt><trkpt lat="46.18989855886324" lon="7.879303640352714"><ele>2339.6</ele></trkpt><trkpt lat="46.189961559342" lon="7.879200640750627"><ele>2337.1</ele></trkpt><trkpt lat="46.19001655941638" lon="7.879110640817975"><ele>2336.7</ele></trkpt><trkpt lat="46.190034559415516" lon="7.879084640819264"><ele>2336.7</ele></trkpt><trkpt lat="46.190043559376505" lon="7.879045640789902"><ele>2336.9</ele></trkpt><trkpt lat="46.1900615593178" lon="7.879020640744008"><ele>2337.2</ele></trkpt><trkpt lat="46.19007055920174" lon="7.878994640651108"><ele>2337.8</ele></trkpt><trkpt lat="46.19008855914308" lon="7.878968640605268"><ele>2338.1</ele></trkpt><trkpt lat="46.190106558911" lon="7.878942640418049"><ele>2339.3</ele></trkpt><trkpt lat="46.190124558813835" lon="7.878930640340035"><ele>2339.8</ele></trkpt><trkpt lat="46.190142558812994" lon="7.878917640340619"><ele>2339.8</ele></trkpt><trkpt lat="46.190169558869634" lon="7.878917640387557"><ele>2339.5</ele></trkpt><trkpt lat="46.19019655886842" lon="7.878904640388081"><ele>2339.5</ele></trkpt><trkpt lat="46.19023355871255" lon="7.878853640264927"><ele>2340.3</ele></trkpt><trkpt lat="46.190287558806496" lon="7.878840640343807"><ele>2339.8</ele></trkpt><trkpt lat="46.19029655880604" lon="7.878827640344457"><ele>2339.8</ele></trkpt><trkpt lat="46.19031455874742" lon="7.8788026402985665"><ele>2340.1</ele></trkpt><trkpt lat="46.19035055835994" lon="7.8786336399933425"><ele>2342.1</ele></trkpt><trkpt lat="46.190360558185944" lon="7.878582639854678"><ele>2343.0</ele></trkpt><trkpt lat="46.19036955814689" lon="7.878543639825324"><ele>2343.2</ele></trkpt><trkpt lat="46.19044155804712" lon="7.878440639751899"><ele>2343.7</ele></trkpt><trkpt lat="46.19047755787193" lon="7.878375639613822"><ele>2344.6</ele></trkpt><trkpt lat="46.190550556789326" lon="7.878285638738603"><ele>2350.2</ele></trkpt><trkpt lat="46.19056855661498" lon="7.878247638599186"><ele>2351.1</ele></trkpt><trkpt lat="46.19063155626514" lon="7.8781696383202835"><ele>2352.9</ele></trkpt><trkpt lat="46.190694556281414" lon="7.878079638340479"><ele>2352.8</ele></trkpt><trkpt lat="46.190703556261674" lon="7.878053638326134"><ele>2352.9</ele></trkpt><trkpt lat="46.190695556357916" lon="7.877898638413202"><ele>2352.4</ele></trkpt><trkpt lat="46.19069555641549" lon="7.877820638464589"><ele>2352.1</ele></trkpt><trkpt lat="46.19071455670352" lon="7.877756638703553"><ele>2350.6</ele></trkpt><trkpt lat="46.19074155689491" lon="7.877704638863272"><ele>2349.6</ele></trkpt><trkpt lat="46.19080455750838" lon="7.877549639373893"><ele>2346.4</ele></trkpt><trkpt lat="46.190813557546484" lon="7.877523639406664"><ele>2346.2</ele></trkpt><trkpt lat="46.19083255758406" lon="7.8774856394400175"><ele>2346.0</ele></trkpt><trkpt lat="46.19084155758362" lon="7.8774466394420815"><ele>2346.0</ele></trkpt><trkpt lat="46.19085055771802" lon="7.877420639553379"><ele>2345.3</ele></trkpt><trkpt lat="46.19085955773681" lon="7.8773946395704355"><ele>2345.2</ele></trkpt><trkpt lat="46.19087755771681" lon="7.877407639553902"><ele>2345.3</ele></trkpt><trkpt lat="46.19090455771567" lon="7.877433639552294"><ele>2345.3</ele></trkpt><trkpt lat="46.19093155800368" lon="7.877472639785567"><ele>2343.8</ele></trkpt><trkpt lat="46.19094955821502" lon="7.877498639956794"><ele>2342.7</ele></trkpt><trkpt lat="46.19095755821472" lon="7.877524639955323"><ele>2342.7</ele></trkpt><trkpt lat="46.19096655817594" lon="7.877563639921724"><ele>2342.9</ele></trkpt><trkpt lat="46.190975558175545" lon="7.877576639920954"><ele>2342.9</ele></trkpt><trkpt lat="46.191002558193745" lon="7.8776026399350565"><ele>2342.8</ele></trkpt><trkpt lat="46.1910115584632" lon="7.877615640154175"><ele>2341.4</ele></trkpt><trkpt lat="46.191011558713804" lon="7.877641640356941"><ele>2340.1</ele></trkpt><trkpt lat="46.19102055884838" lon="7.877667640465405"><ele>2339.4</ele></trkpt><trkpt lat="46.191029558944415" lon="7.8776806405431685"><ele>2338.9</ele></trkpt><trkpt lat="46.19103855904044" lon="7.877693640620932"><ele>2338.4</ele></trkpt><trkpt lat="46.19104755890518" lon="7.877719640509514"><ele>2339.1</ele></trkpt><trkpt lat="46.19104755948344" lon="7.877745640979292"><ele>2336.1</ele></trkpt><trkpt lat="46.19105555961807" lon="7.877771641087772"><ele>2335.4</ele></trkpt><trkpt lat="46.191064559309346" lon="7.877784640835697"><ele>2337.0</ele></trkpt><trkpt lat="46.1911185589217" lon="7.877837640518312"><ele>2339.0</ele></trkpt><trkpt lat="46.191136558766864" lon="7.877863640391122"><ele>2339.8</ele></trkpt><trkpt lat="46.19115455876624" lon="7.8779156403881645"><ele>2339.8</ele></trkpt><trkpt lat="46.19116355876596" lon="7.877953640386038"><ele>2339.8</ele></trkpt><trkpt lat="46.19118155864964" lon="7.877980640290203"><ele>2340.4</ele></trkpt><trkpt lat="46.19122555839725" lon="7.877993640085002"><ele>2341.7</ele></trkpt><trkpt lat="46.1912615580488" lon="7.878006639801318"><ele>2343.5</ele></trkpt><trkpt lat="46.191288557893536" lon="7.878032639674055"><ele>2344.3</ele></trkpt><trkpt lat="46.191333557467644" lon="7.878046639327426"><ele>2346.5</ele></trkpt><trkpt lat="46.19136055746653" lon="7.878059639326529"><ele>2346.5</ele></trkpt><trkpt lat="46.19137855746568" lon="7.878046639327115"><ele>2346.5</ele></trkpt><trkpt lat="46.19142355746365" lon="7.878020639328224"><ele>2346.5</ele></trkpt><trkpt lat="46.191450557539554" lon="7.878008639391518"><ele>2346.1</ele></trkpt><trkpt lat="46.191540557766814" lon="7.877982639580805"><ele>2344.9</ele></trkpt><trkpt lat="46.19157655811222" lon="7.87799663986252"><ele>2343.1</ele></trkpt><trkpt lat="46.19163055853381" lon="7.877983640208416"><ele>2340.9</ele></trkpt><trkpt lat="46.19169355905143" lon="7.877958640633438"><ele>2338.2</ele></trkpt><trkpt lat="46.19170255914743" lon="7.877958640711911"><ele>2337.7</ele></trkpt><trkpt lat="46.19173855930012" lon="7.87798464083591"><ele>2336.9</ele></trkpt><trkpt lat="46.19176555945319" lon="7.87801064095997"><ele>2336.1</ele></trkpt><trkpt lat="46.19178355945244" lon="7.878023640959137"><ele>2336.1</ele></trkpt><trkpt lat="46.19178355941391" lon="7.878023640927726"><ele>2336.3</ele></trkpt><trkpt lat="46.19180155933613" lon="7.878049640863362"><ele>2336.7</ele></trkpt><trkpt lat="46.19181055931654" lon="7.878075640846177"><ele>2336.8</ele></trkpt><trkpt lat="46.19181955937405" lon="7.87810164089183"><ele>2336.5</ele></trkpt><trkpt lat="46.19184655943087" lon="7.87815364093594"><ele>2336.2</ele></trkpt><trkpt lat="46.19185455948852" lon="7.878218640979477"><ele>2335.9</ele></trkpt><trkpt lat="46.19187255962289" lon="7.878296641085073"><ele>2335.2</ele></trkpt><trkpt lat="46.19187255973872" lon="7.8783486411764985"><ele>2334.6</ele></trkpt><trkpt lat="46.19186355981636" lon="7.878400641236573"><ele>2334.2</ele></trkpt><trkpt lat="46.19181756008839" lon="7.87849064145192"><ele>2332.8</ele></trkpt><trkpt lat="46.191817560242725" lon="7.878542641574771"><ele>2332.0</ele></trkpt><trkpt lat="46.191817560454886" lon="7.878593641744804"><ele>2330.9</ele></trkpt><trkpt lat="46.191826560705245" lon="7.8786716419447345"><ele>2329.6</ele></trkpt><trkpt lat="46.191843560878134" lon="7.878710642083882"><ele>2328.7</ele></trkpt><trkpt lat="46.19187056106981" lon="7.8787496422386765"><ele>2327.7</ele></trkpt><trkpt lat="46.19191556135702" lon="7.878763642473254"><ele>2326.2</ele></trkpt><trkpt lat="46.19193356143335" lon="7.87877664253526"><ele>2325.8</ele></trkpt><trkpt lat="46.19195156158685" lon="7.8788026426594095"><ele>2325.0</ele></trkpt><trkpt lat="46.19202356198864" lon="7.878841642986704"><ele>2322.9</ele></trkpt><trkpt lat="46.19205056208381" lon="7.8788416430650665"><ele>2322.4</ele></trkpt><trkpt lat="46.19205956219906" lon="7.878829643159911"><ele>2321.8</ele></trkpt><trkpt lat="46.19207756227526" lon="7.87880364322403"><ele>2321.4</ele></trkpt><trkpt lat="46.19210456233185" lon="7.878777643272375"><ele>2321.1</ele></trkpt><trkpt lat="46.19214956234917" lon="7.878765643288426"><ele>2321.0</ele></trkpt><trkpt lat="46.192176562405805" lon="7.878752643336075"><ele>2320.7</ele></trkpt><trkpt lat="46.192212562462124" lon="7.878765643382252"><ele>2320.4</ele></trkpt><trkpt lat="46.192230562519214" lon="7.878778643428555"><ele>2320.1</ele></trkpt><trkpt lat="46.19225756301948" lon="7.878869643831914"><ele>2317.5</ele></trkpt><trkpt lat="46.19228356319188" lon="7.878895643971722"><ele>2316.6</ele></trkpt><trkpt lat="46.192319563344654" lon="7.878934644095055"><ele>2315.8</ele></trkpt><trkpt lat="46.19233756363315" lon="7.8789866443277825"><ele>2314.3</ele></trkpt><trkpt lat="46.19236456365132" lon="7.878999644342606"><ele>2314.2</ele></trkpt><trkpt lat="46.192373563747374" lon="7.879025644419699"><ele>2313.7</ele></trkpt><trkpt lat="46.19240956390012" lon="7.879078644542282"><ele>2312.9</ele></trkpt><trkpt lat="46.192435564149775" lon="7.8791306447435465"><ele>2311.6</ele></trkpt><trkpt lat="46.192453564226156" lon="7.879143644805568"><ele>2311.2</ele></trkpt><trkpt lat="46.192471564360346" lon="7.879169644914019"><ele>2310.5</ele></trkpt><trkpt lat="46.1924805643985" lon="7.87916964494538"><ele>2310.3</ele></trkpt><trkpt lat="46.19251656480191" lon="7.879208645272961"><ele>2308.2</ele></trkpt><trkpt lat="46.19254356503205" lon="7.879208645461305"><ele>2307.0</ele></trkpt><trkpt lat="46.192552565243616" lon="7.879208645634058"><ele>2305.9</ele></trkpt><trkpt lat="46.192579565242454" lon="7.879195645634575"><ele>2305.9</ele></trkpt><trkpt lat="46.192606565472694" lon="7.879222645821471"><ele>2304.7</ele></trkpt><trkpt lat="46.192597565530924" lon="7.8792346458680225"><ele>2304.4</ele></trkpt><trkpt lat="46.19256156587944" lon="7.879247646150363"><ele>2302.6</ele></trkpt><trkpt lat="46.192552566091855" lon="7.8792606463225425"><ele>2301.5</ele></trkpt><trkpt lat="46.19256156611083" lon="7.879273646337497"><ele>2301.4</ele></trkpt><trkpt lat="46.19258856630249" lon="7.879299646493031"><ele>2300.4</ele></trkpt><trkpt lat="46.19261556641694" lon="7.879299646587112"><ele>2299.8</ele></trkpt><trkpt lat="46.19266956649171" lon="7.879274646650928"><ele>2299.4</ele></trkpt><trkpt lat="46.19268756643303" lon="7.87923564660576"><ele>2299.7</ele></trkpt><trkpt lat="46.19272356639291" lon="7.8792236465747365"><ele>2299.9</ele></trkpt><trkpt lat="46.192768566429415" lon="7.879184646607937"><ele>2299.7</ele></trkpt><trkpt lat="46.192822566465594" lon="7.879159646640329"><ele>2299.5</ele></trkpt><trkpt lat="46.19285856642548" lon="7.879146646609361"><ele>2299.7</ele></trkpt><trkpt lat="46.192894566501074" lon="7.879159646671265"><ele>2299.3</ele></trkpt><trkpt lat="46.19293956657624" lon="7.879147646734445"><ele>2298.9</ele></trkpt><trkpt lat="46.19295756661409" lon="7.879160646765049"><ele>2298.7</ele></trkpt><trkpt lat="46.1930025666893" lon="7.879173646826892"><ele>2298.3</ele></trkpt><trkpt lat="46.19302056678492" lon="7.879173646905323"><ele>2297.8</ele></trkpt><trkpt lat="46.19304756678368" lon="7.879147646906529"><ele>2297.8</ele></trkpt><trkpt lat="46.19308356680136" lon="7.879122646923333"><ele>2297.7</ele></trkpt><trkpt lat="46.19311056685801" lon="7.879109646970974"><ele>2297.4</ele></trkpt><trkpt lat="46.19312856693432" lon="7.879096647034389"><ele>2297.0</ele></trkpt><trkpt lat="46.19315556695228" lon="7.879045647052638"><ele>2296.9</ele></trkpt><trkpt lat="46.193192567047" lon="7.87901964713233"><ele>2296.4</ele></trkpt><trkpt lat="46.19321056716185" lon="7.878993647227856"><ele>2295.8</ele></trkpt><trkpt lat="46.19323756731477" lon="7.878942647356078"><ele>2295.0</ele></trkpt><trkpt lat="46.19326456744832" lon="7.878864647470025"><ele>2294.3</ele></trkpt><trkpt lat="46.19329156754352" lon="7.87885164754909"><ele>2293.8</ele></trkpt><trkpt lat="46.19332756775392" lon="7.878826647722988"><ele>2292.7</ele></trkpt><trkpt lat="46.19333656779208" lon="7.878813647755038"><ele>2292.5</ele></trkpt><trkpt lat="46.19335556781036" lon="7.878748647774084"><ele>2292.4</ele></trkpt><trkpt lat="46.193400567808254" lon="7.878684647777185"><ele>2292.4</ele></trkpt><trkpt lat="46.19342756788421" lon="7.878671647840539"><ele>2292.0</ele></trkpt><trkpt lat="46.19345456801789" lon="7.878646647951654"><ele>2291.3</ele></trkpt><trkpt lat="46.193526568381024" lon="7.8786076482517275"><ele>2289.4</ele></trkpt><trkpt lat="46.19355356841833" lon="7.878582648284292"><ele>2289.2</ele></trkpt><trkpt lat="46.19358956859024" lon="7.8785566484268195"><ele>2288.3</ele></trkpt><trkpt lat="46.19360756862795" lon="7.878530648459502"><ele>2288.1</ele></trkpt><trkpt lat="46.19364456899218" lon="7.878375648765966"><ele>2286.2</ele></trkpt><trkpt lat="46.193653569107305" lon="7.8783236488629225"><ele>2285.6</ele></trkpt><trkpt lat="46.19366256926089" lon="7.878233648993308"><ele>2284.8</ele></trkpt><trkpt lat="46.19366356929923" lon="7.87816864902817"><ele>2284.6</ele></trkpt><trkpt lat="46.19368156933686" lon="7.878103649062918"><ele>2284.4</ele></trkpt><trkpt lat="46.1936905693363" lon="7.878052649065565"><ele>2284.4</ele></trkpt><trkpt lat="46.193690569316814" lon="7.87798764905331"><ele>2284.5</ele></trkpt><trkpt lat="46.193673569028235" lon="7.877935648820561"><ele>2286.0</ele></trkpt><trkpt lat="46.19366456864284" lon="7.877857648510611"><ele>2288.0</ele></trkpt><trkpt lat="46.193655568315314" lon="7.877779648247793"><ele>2289.7</ele></trkpt><trkpt lat="46.19361156802776" lon="7.877688648017321"><ele>2291.2</ele></trkpt><trkpt lat="46.19360256787368" lon="7.877597647896571"><ele>2292.0</ele></trkpt><trkpt lat="46.19359356779677" lon="7.877546647836522"><ele>2292.4</ele></trkpt><trkpt lat="46.19354956829948" lon="7.877429648251427"><ele>2289.8</ele></trkpt><trkpt lat="46.19354056837691" lon="7.877403648315697"><ele>2289.4</ele></trkpt><trkpt lat="46.19354956845357" lon="7.877390648379152"><ele>2289.0</ele></trkpt><trkpt lat="46.19354956853065" lon="7.877364648443362"><ele>2288.6</ele></trkpt><trkpt lat="46.1935585686265" lon="7.877325648523913"><ele>2288.1</ele></trkpt><trkpt lat="46.19356756868382" lon="7.877273648573736"><ele>2287.8</ele></trkpt><trkpt lat="46.193576568413334" lon="7.877196648357878"><ele>2289.2</ele></trkpt><trkpt lat="46.19358556841295" lon="7.877183648358512"><ele>2289.2</ele></trkpt><trkpt lat="46.193604568450624" lon="7.8771706483904875"><ele>2289.0</ele></trkpt><trkpt lat="46.19367556835137" lon="7.877209648309402"><ele>2289.5</ele></trkpt><trkpt lat="46.19371156825354" lon="7.877236648229194"><ele>2290.0</ele></trkpt><trkpt lat="46.19374756825206" lon="7.8772626482275685"><ele>2290.0</ele></trkpt><trkpt lat="46.193783568173544" lon="7.877288648163117"><ele>2290.4</ele></trkpt><trkpt lat="46.193792568173116" lon="7.877288648163055"><ele>2290.4</ele></trkpt><trkpt lat="46.19380156821128" lon="7.8772756481950985"><ele>2290.2</ele></trkpt><trkpt lat="46.19381056821087" lon="7.87727564819504"><ele>2290.2</ele></trkpt><trkpt lat="46.19381956824911" lon="7.877275648226392"><ele>2290.0</ele></trkpt><trkpt lat="46.1938465682093" lon="7.877263648195433"><ele>2290.2</ele></trkpt><trkpt lat="46.19386456817004" lon="7.8772636481639005"><ele>2290.4</ele></trkpt><trkpt lat="46.19389156811105" lon="7.8772766481159096"><ele>2290.7</ele></trkpt><trkpt lat="46.193900568033555" lon="7.87727664805302"><ele>2291.1</ele></trkpt><trkpt lat="46.193909568052604" lon="7.877315648066594"><ele>2291.0</ele></trkpt><trkpt lat="46.19392756805187" lon="7.8773286480657765"><ele>2291.0</ele></trkpt><trkpt lat="46.193954568147156" lon="7.877341648143437"><ele>2290.5</ele></trkpt><trkpt lat="46.19399056841563" lon="7.8773806483610125"><ele>2289.1</ele></trkpt><trkpt lat="46.19400756862695" lon="7.877393648532977"><ele>2288.0</ele></trkpt><trkpt lat="46.19401656889651" lon="7.877394648752757"><ele>2286.6</ele></trkpt><trkpt lat="46.19404456897242" lon="7.877381648816091"><ele>2286.2</ele></trkpt><trkpt lat="46.19407956933732" lon="7.877407649112904"><ele>2284.3</ele></trkpt><trkpt lat="46.19409756951" lon="7.877407649254144"><ele>2283.4</ele></trkpt><trkpt lat="46.1941155696828" lon="7.877420649394696"><ele>2282.5</ele></trkpt><trkpt lat="46.19412456970171" lon="7.87742064941034"><ele>2282.4</ele></trkpt><trkpt lat="46.19414256972023" lon="7.877420649425926"><ele>2282.3</ele></trkpt><trkpt lat="46.19416056977726" lon="7.877408649473565"><ele>2282.0</ele></trkpt><trkpt lat="46.19417856983432" lon="7.877408649520561"><ele>2281.7</ele></trkpt><trkpt lat="46.194187569930335" lon="7.877408649599036"><ele>2281.2</ele></trkpt><trkpt lat="46.19422357002512" lon="7.877382649678708"><ele>2280.7</ele></trkpt><trkpt lat="46.19424157004364" lon="7.877382649694291"><ele>2280.6</ele></trkpt><trkpt lat="46.194268570042574" lon="7.87739664969337"><ele>2280.6</ele></trkpt><trkpt lat="46.1942865700418" lon="7.877396649693246"><ele>2280.6</ele></trkpt><trkpt lat="46.1943045700025" lon="7.877396649661714"><ele>2280.8</ele></trkpt><trkpt lat="46.19432256978966" lon="7.877396649488819"><ele>2281.9</ele></trkpt><trkpt lat="46.19436756947925" lon="7.877383649237896"><ele>2283.5</ele></trkpt><trkpt lat="46.19440356949698" lon="7.877371649254"><ele>2283.4</ele></trkpt><trkpt lat="46.19443956966895" lon="7.877358649395807"><ele>2282.5</ele></trkpt><trkpt lat="46.194466569879786" lon="7.877332649569785"><ele>2281.4</ele></trkpt><trkpt lat="46.194494569955694" lon="7.877320649633057"><ele>2281.0</ele></trkpt><trkpt lat="46.19451257014771" lon="7.8773206497900015"><ele>2280.0</ele></trkpt><trkpt lat="46.1945215701666" lon="7.877307649806338"><ele>2279.9</ele></trkpt><trkpt lat="46.194530570262536" lon="7.877281649886188"><ele>2279.4</ele></trkpt><trkpt lat="46.194530570358786" lon="7.877242649966788"><ele>2278.9</ele></trkpt><trkpt lat="46.19453057053223" lon="7.877216650109522"><ele>2278.0</ele></trkpt><trkpt lat="46.19453957055107" lon="7.877191650126492"><ele>2277.9</ele></trkpt><trkpt lat="46.19454857066632" lon="7.8771786502213565"><ele>2277.3</ele></trkpt><trkpt lat="46.194557570742944" lon="7.877152650285501"><ele>2276.9</ele></trkpt><trkpt lat="46.19455757082002" lon="7.8771396503490125"><ele>2276.5</ele></trkpt><trkpt lat="46.194557570897075" lon="7.877100650413903"><ele>2276.1</ele></trkpt><trkpt lat="46.1945665709352" lon="7.877087650445939"><ele>2275.9</ele></trkpt><trkpt lat="46.194575570954036" lon="7.877061650462961"><ele>2275.8</ele></trkpt><trkpt lat="46.194585570953535" lon="7.87703565046427"><ele>2275.8</ele></trkpt><trkpt lat="46.19461257108732" lon="7.877023650574666"><ele>2275.1</ele></trkpt><trkpt lat="46.19466657093088" lon="7.8770366504479705"><ele>2275.9</ele></trkpt><trkpt lat="46.194809570269356" lon="7.87705064991226"><ele>2279.3</ele></trkpt><trkpt lat="46.19485457042175" lon="7.877063650036921"><ele>2278.5</ele></trkpt><trkpt lat="46.19487257057516" lon="7.8770516501630805"><ele>2277.7</ele></trkpt><trkpt lat="46.194908570670016" lon="7.8770386502420635"><ele>2277.2</ele></trkpt><trkpt lat="46.19493657070731" lon="7.8769996502753505"><ele>2277.0</ele></trkpt><trkpt lat="46.19495457091845" lon="7.876935650451383"><ele>2275.9</ele></trkpt><trkpt lat="46.194981570936434" lon="7.87688365046966"><ele>2275.8</ele></trkpt><trkpt lat="46.19500857085808" lon="7.876857650408027"><ele>2276.2</ele></trkpt><trkpt lat="46.19502657078027" lon="7.876871650344348"><ele>2276.6</ele></trkpt><trkpt lat="46.19505357062494" lon="7.876897650217141"><ele>2277.4</ele></trkpt><trkpt lat="46.195080570566134" lon="7.876949650167091"><ele>2277.7</ele></trkpt><trkpt lat="46.19511657042977" lon="7.8769756500555275"><ele>2278.4</ele></trkpt><trkpt lat="46.19514257033231" lon="7.877001649975447"><ele>2278.9</ele></trkpt><trkpt lat="46.19516057021597" lon="7.877027649879713"><ele>2279.5</ele></trkpt><trkpt lat="46.19517857019608" lon="7.877079649861133"><ele>2279.6</ele></trkpt><trkpt lat="46.19520557032997" lon="7.877105649969521"><ele>2278.9</ele></trkpt><trkpt lat="46.19524157063705" lon="7.877144650218513"><ele>2277.3</ele></trkpt><trkpt lat="46.195268570848" lon="7.87715765039042"><ele>2276.2</ele></trkpt><trkpt lat="46.195295570885456" lon="7.877158650421598"><ele>2276.0</ele></trkpt><trkpt lat="46.195331570999706" lon="7.877171650514913"><ele>2275.4</ele></trkpt><trkpt lat="46.19537657109427" lon="7.877197650591767"><ele>2274.9</ele></trkpt><trkpt lat="46.195403571112415" lon="7.877210650606605"><ele>2274.8</ele></trkpt><trkpt lat="46.19543957126516" lon="7.8772116507319625"><ele>2274.0</ele></trkpt><trkpt lat="46.19546557139905" lon="7.87721165084174"><ele>2273.3</ele></trkpt><trkpt lat="46.19552857164712" lon="7.877237651044133"><ele>2272.0</ele></trkpt><trkpt lat="46.195609571990914" lon="7.877290651323523"><ele>2270.2</ele></trkpt><trkpt lat="46.19570857221843" lon="7.877381651506548"><ele>2269.0</ele></trkpt><trkpt lat="46.1957445723134" lon="7.877420651582789"><ele>2268.5</ele></trkpt><trkpt lat="46.19581557231051" lon="7.877447651580893"><ele>2268.5</ele></trkpt><trkpt lat="46.19590557246094" lon="7.877435651706585"><ele>2267.7</ele></trkpt><trkpt lat="46.195996572688365" lon="7.877384651897152"><ele>2266.5</ele></trkpt><trkpt lat="46.196086572761565" lon="7.877320651962753"><ele>2266.1</ele></trkpt><trkpt lat="46.196149572990144" lon="7.877268652153557"><ele>2264.9</ele></trkpt><trkpt lat="46.19617657300826" lon="7.877255652169766"><ele>2264.8</ele></trkpt><trkpt lat="46.196212573006726" lon="7.877243652170158"><ele>2264.8</ele></trkpt><trkpt lat="46.19624857312087" lon="7.877243652264163"><ele>2264.2</ele></trkpt><trkpt lat="46.196275573196914" lon="7.8772566523261265"><ele>2263.8</ele></trkpt><trkpt lat="46.196293573311856" lon="7.877256652420252"><ele>2263.2</ele></trkpt><trkpt lat="46.1963025734079" lon="7.877256652498725"><ele>2262.7</ele></trkpt><trkpt lat="46.19632057361919" lon="7.877231652672698"><ele>2261.6</ele></trkpt><trkpt lat="46.19634757384936" lon="7.877205652862371"><ele>2260.4</ele></trkpt><trkpt lat="46.196365574002755" lon="7.877179652989273"><ele>2259.6</ele></trkpt><trkpt lat="46.19639257415592" lon="7.877179653114752"><ele>2258.8</ele></trkpt><trkpt lat="46.19641057413585" lon="7.877167653099552"><ele>2258.9</ele></trkpt><trkpt lat="46.196464574365066" lon="7.877193653286316"><ele>2257.7</ele></trkpt><trkpt lat="46.19650957444031" lon="7.877193653348844"><ele>2257.3</ele></trkpt><trkpt lat="46.19661757445491" lon="7.877129653367192"><ele>2257.2</ele></trkpt><trkpt lat="46.196644574453686" lon="7.877091653369006"><ele>2257.2</ele></trkpt><trkpt lat="46.19666357445276" lon="7.877052653370925"><ele>2257.2</ele></trkpt><trkpt lat="46.19668157447108" lon="7.87697565339055"><ele>2257.1</ele></trkpt><trkpt lat="46.1966905744128" lon="7.876949653344735"><ele>2257.4</ele></trkpt><trkpt lat="46.196708574354126" lon="7.876936653298176"><ele>2257.7</ele></trkpt><trkpt lat="46.19672657416044" lon="7.8768976531430415"><ele>2258.7</ele></trkpt><trkpt lat="46.196762573676686" lon="7.8768336527535014"><ele>2261.2</ele></trkpt><trkpt lat="46.19678957338621" lon="7.8768076525190915"><ele>2262.7</ele></trkpt><trkpt lat="46.19681657315368" lon="7.876794652331125"><ele>2263.9</ele></trkpt><trkpt lat="46.19682557309541" lon="7.876794652283942"><ele>2264.2</ele></trkpt><trkpt lat="46.19684457299815" lon="7.876756652207285"><ele>2264.7</ele></trkpt><trkpt lat="46.19690757270605" lon="7.876691651974695"><ele>2266.2</ele></trkpt><trkpt lat="46.19696157226023" lon="7.876666651614415"><ele>2268.5</ele></trkpt><trkpt lat="46.19697957225948" lon="7.876666651614292"><ele>2268.5</ele></trkpt><trkpt lat="46.197015572103574" lon="7.876627651490464"><ele>2269.3</ele></trkpt><trkpt lat="46.197051572333415" lon="7.876615651679326"><ele>2268.1</ele></trkpt><trkpt lat="46.19708757248612" lon="7.876602651805419"><ele>2267.3</ele></trkpt><trkpt lat="46.19710557271681" lon="7.876615651993086"><ele>2266.1</ele></trkpt><trkpt lat="46.19717757302253" lon="7.876681652240424"><ele>2264.5</ele></trkpt><trkpt lat="46.19720457302157" lon="7.876733652237511"><ele>2264.5</ele></trkpt><trkpt lat="46.19724857301997" lon="7.8768376522317425"><ele>2264.5</ele></trkpt><trkpt lat="46.197293572941156" lon="7.876889652165883"><ele>2264.9</ele></trkpt><trkpt lat="46.19732057294011" lon="7.87691565216433"><ele>2264.9</ele></trkpt><trkpt lat="46.197437572703826" lon="7.876929651974332"><ele>2266.1</ele></trkpt><trkpt lat="46.19747357277943" lon="7.876916652037605"><ele>2265.7</ele></trkpt><trkpt lat="46.19754557277634" lon="7.8768916520384415"><ele>2265.7</ele></trkpt><trkpt lat="46.19764457277189" lon="7.8767886520432056"><ele>2265.7</ele></trkpt><trkpt lat="46.19768057277025" lon="7.876736652045703"><ele>2265.7</ele></trkpt><trkpt lat="46.19781657253271" lon="7.876595651863748"><ele>2266.9</ele></trkpt><trkpt lat="46.19786157253067" lon="7.876531651866818"><ele>2266.9</ele></trkpt><trkpt lat="46.197888572452214" lon="7.876466651807243"><ele>2267.3</ele></trkpt><trkpt lat="46.19790657245131" lon="7.876427651809174"><ele>2267.3</ele></trkpt><trkpt lat="46.19794257252686" lon="7.876402651873076"><ele>2266.9</ele></trkpt><trkpt lat="46.197997572601466" lon="7.8763246519396395"><ele>2266.5</ele></trkpt><trkpt lat="46.1980515725991" lon="7.876286651941278"><ele>2266.5</ele></trkpt><trkpt lat="46.19809657267417" lon="7.876235652006483"><ele>2266.1</ele></trkpt><trkpt lat="46.19815057307667" lon="7.87613165234141"><ele>2264.0</ele></trkpt><trkpt lat="46.19822357349781" lon="7.87609365268843"><ele>2261.8</ele></trkpt><trkpt lat="46.198259573515486" lon="7.876054652705947"><ele>2261.7</ele></trkpt><trkpt lat="46.19827757343751" lon="7.8760296526443225"><ele>2262.1</ele></trkpt><trkpt lat="46.198331572972364" lon="7.8760296522670465"><ele>2264.5</ele></trkpt><trkpt lat="46.19842157258275" lon="7.875978651955037"><ele>2266.5</ele></trkpt><trkpt lat="46.198520572424236" lon="7.8759536518300575"><ele>2267.3</ele></trkpt><trkpt lat="46.19855657257695" lon="7.875927651956822"><ele>2266.5</ele></trkpt><trkpt lat="46.1985835726529" lon="7.875915652020093"><ele>2266.1</ele></trkpt><trkpt lat="46.19861957265136" lon="7.875902652020536"><ele>2266.1</ele></trkpt><trkpt lat="46.19866457264946" lon="7.87591565201955"><ele>2266.1</ele></trkpt><trkpt lat="46.19869157264845" lon="7.875941652018003"><ele>2266.1</ele></trkpt><trkpt lat="46.198727572569815" lon="7.875942651954892"><ele>2266.5</ele></trkpt><trkpt lat="46.19874557256904" lon="7.875929651955456"><ele>2266.5</ele></trkpt><trkpt lat="46.19879057248987" lon="7.875890651894389"><ele>2266.9</ele></trkpt><trkpt lat="46.19884457241037" lon="7.875852651833219"><ele>2267.3</ele></trkpt><trkpt lat="46.19896157230876" lon="7.875762651758656"><ele>2267.8</ele></trkpt><trkpt lat="46.19902557232527" lon="7.8757246517759345"><ele>2267.7</ele></trkpt><trkpt lat="46.19907957222635" lon="7.87565965170048"><ele>2268.2</ele></trkpt><trkpt lat="46.19916057195271" lon="7.875582651484138"><ele>2269.6</ele></trkpt><trkpt lat="46.199250572025925" lon="7.875518651549734"><ele>2269.2</ele></trkpt><trkpt lat="46.19928657196644" lon="7.8754936515036995"><ele>2269.5</ele></trkpt><trkpt lat="46.19934057211838" lon="7.875454651631027"><ele>2268.7</ele></trkpt><trkpt lat="46.1993685722714" lon="7.875416651758469"><ele>2267.9</ele></trkpt><trkpt lat="46.19940457238559" lon="7.875403651853136"><ele>2267.3</ele></trkpt><trkpt lat="46.19945857257622" lon="7.875403652009814"><ele>2266.3</ele></trkpt><trkpt lat="46.199565573034725" lon="7.875417652385256"><ele>2263.9</ele></trkpt><trkpt lat="46.19964657345568" lon="7.875431652729462"><ele>2261.7</ele></trkpt><trkpt lat="46.199700573704234" lon="7.87544465293257"><ele>2260.4</ele></trkpt><trkpt lat="46.19974557395302" lon="7.875419653137735"><ele>2259.1</ele></trkpt><trkpt lat="46.19980857431699" lon="7.875445653434323"><ele>2257.2</ele></trkpt><trkpt lat="46.19982657431619" lon="7.875432653434887"><ele>2257.2</ele></trkpt><trkpt lat="46.19990757410069" lon="7.8754466532608705"><ele>2258.3</ele></trkpt><trkpt lat="46.199961574001975" lon="7.875446653181996"><ele>2258.8</ele></trkpt><trkpt lat="46.19998857400082" lon="7.875447653181761"><ele>2258.8</ele></trkpt><trkpt lat="46.20002457374855" lon="7.875434652978054"><ele>2260.1</ele></trkpt><trkpt lat="46.20008757353378" lon="7.875460652803525"><ele>2261.2</ele></trkpt><trkpt lat="46.200132573319756" lon="7.875474652629743"><ele>2262.3</ele></trkpt><trkpt lat="46.20019557327874" lon="7.875539652594498"><ele>2262.5</ele></trkpt><trkpt lat="46.20024057331546" lon="7.875539652625608"><ele>2262.3</ele></trkpt><trkpt lat="46.20027657337178" lon="7.87553965267248"><ele>2262.0</ele></trkpt><trkpt lat="46.20027657337178" lon="7.87553965267248"><ele>2262.0</ele></trkpt><trkpt lat="46.20032157342776" lon="7.875514652720609"><ele>2261.7</ele></trkpt><trkpt lat="46.200393573848835" lon="7.875424653070348"><ele>2259.5</ele></trkpt><trkpt lat="46.20045657407751" lon="7.875373653261054"><ele>2258.3</ele></trkpt><trkpt lat="46.200510574287506" lon="7.875386653432758"><ele>2257.2</ele></trkpt><trkpt lat="46.20056457447815" lon="7.87537365359012"><ele>2256.2</ele></trkpt><trkpt lat="46.200771575877425" lon="7.875284654739792"><ele>2248.9</ele></trkpt><trkpt lat="46.200817576164695" lon="7.87522065497839"><ele>2247.4</ele></trkpt><trkpt lat="46.200862576413634" lon="7.875207655182919"><ele>2246.1</ele></trkpt><trkpt lat="46.200889576509006" lon="7.875221655260529"><ele>2245.6</ele></trkpt><trkpt lat="46.200916576681564" lon="7.8752476554003294"><ele>2244.7</ele></trkpt><trkpt lat="46.2009695769109" lon="7.875260655587744"><ele>2243.5</ele></trkpt><trkpt lat="46.20101457698624" lon="7.875273655649589"><ele>2243.1</ele></trkpt><trkpt lat="46.20103257692761" lon="7.875273655602359"><ele>2243.4</ele></trkpt><trkpt lat="46.20107757698368" lon="7.875300655647764"><ele>2243.1</ele></trkpt><trkpt lat="46.201158577404975" lon="7.87539165598798"><ele>2240.9</ele></trkpt><trkpt lat="46.20121257769224" lon="7.875430656221157"><ele>2239.4</ele></trkpt><trkpt lat="46.201301577881644" lon="7.875483656374858"><ele>2238.4</ele></trkpt><trkpt lat="46.20138257797506" lon="7.875587656447442"><ele>2237.9</ele></trkpt><trkpt lat="46.201444578397236" lon="7.875704656786463"><ele>2235.7</ele></trkpt><trkpt lat="46.201507578395" lon="7.875834656779295"><ele>2235.7</ele></trkpt><trkpt lat="46.20155257887563" lon="7.8758876571688825"><ele>2233.2</ele></trkpt><trkpt lat="46.201597579182454" lon="7.875900657419205"><ele>2231.6</ele></trkpt><trkpt lat="46.20165157923811" lon="7.875900657465968"><ele>2231.3</ele></trkpt><trkpt lat="46.20174157917649" lon="7.875888657418879"><ele>2231.6</ele></trkpt><trkpt lat="46.201831579172726" lon="7.875876657418909"><ele>2231.6</ele></trkpt><trkpt lat="46.20190357936258" lon="7.875838657577464"><ele>2230.6</ele></trkpt><trkpt lat="46.20193057941929" lon="7.875812657625752"><ele>2230.3</ele></trkpt><trkpt lat="46.202020579743504" lon="7.875787657893452"><ele>2228.6</ele></trkpt><trkpt lat="46.20205657978058" lon="7.8757746579252945"><ele>2228.4</ele></trkpt><trkpt lat="46.20209257985626" lon="7.8757746579878845"><ele>2228.0</ele></trkpt><trkpt lat="46.20213757995077" lon="7.875736658068082"><ele>2227.5</ele></trkpt><trkpt lat="46.20216458008463" lon="7.8757106581791865"><ele>2226.8</ele></trkpt><trkpt lat="46.20225458035089" lon="7.8756596584011085"><ele>2225.4</ele></trkpt><trkpt lat="46.202362580577855" lon="7.875621658590831"><ele>2224.2</ele></trkpt><trkpt lat="46.202641581550296" lon="7.875571659392553"><ele>2219.1</ele></trkpt><trkpt lat="46.20308258324959" lon="7.8756146607852395"><ele>2210.2</ele></trkpt><trkpt lat="46.20320858351465" lon="7.875641661002913"><ele>2208.8</ele></trkpt><trkpt lat="46.203253583590104" lon="7.8756806610634404"><ele>2208.4</ele></trkpt><trkpt lat="46.20330658385827" lon="7.875745661279647"><ele>2207.0</ele></trkpt><trkpt lat="46.20336958416469" lon="7.875849661525198"><ele>2205.4</ele></trkpt><trkpt lat="46.2034135846457" lon="7.87597966191092"><ele>2202.9</ele></trkpt><trkpt lat="46.20342258497356" lon="7.876044662174545"><ele>2201.2</ele></trkpt><trkpt lat="46.2034495852042" lon="7.876122662358864"><ele>2200.0</ele></trkpt><trkpt lat="46.20348558553091" lon="7.876174662622992"><ele>2198.3</ele></trkpt><trkpt lat="46.20352158579968" lon="7.87620066284133"><ele>2196.9</ele></trkpt><trkpt lat="46.203583586048055" lon="7.876214663044407"><ele>2195.6</ele></trkpt><trkpt lat="46.20372758650546" lon="7.876254663418408"><ele>2193.2</ele></trkpt><trkpt lat="46.203898587116015" lon="7.876255663919889"><ele>2190.0</ele></trkpt><trkpt lat="46.2039885874211" lon="7.876256664170575"><ele>2188.4</ele></trkpt><trkpt lat="46.20403358761243" lon="7.876308664324718"><ele>2187.4</ele></trkpt><trkpt lat="46.20406958786191" lon="7.876334664527363"><ele>2186.1</ele></trkpt><trkpt lat="46.20412358809135" lon="7.87636166471414"><ele>2184.9</ele></trkpt><trkpt lat="46.20422258843464" lon="7.876336664997506"><ele>2183.1</ele></trkpt><trkpt lat="46.204312588855466" lon="7.8762976653444685"><ele>2180.9</ele></trkpt><trkpt lat="46.20442058927557" lon="7.876259665691269"><ele>2178.7</ele></trkpt><trkpt lat="46.204492589735786" lon="7.876234666069052"><ele>2176.3</ele></trkpt><trkpt lat="46.20453758994615" lon="7.876208666242856"><ele>2175.2</ele></trkpt><trkpt lat="46.2045825901565" lon="7.876170666417273"><ele>2174.1</ele></trkpt><trkpt lat="46.204709590730054" lon="7.876054666893529"><ele>2171.1</ele></trkpt><trkpt lat="46.20480859122766" lon="7.875990667304506"><ele>2168.5</ele></trkpt><trkpt lat="46.204862591611466" lon="7.8759786676189085"><ele>2166.5</ele></trkpt><trkpt lat="46.204943592090586" lon="7.875940668012975"><ele>2164.0</ele></trkpt><trkpt lat="46.20510559258561" lon="7.875837668425498"><ele>2161.4</ele></trkpt><trkpt lat="46.20510559258561" lon="7.875837668425498"><ele>2161.4</ele></trkpt><trkpt lat="46.20522359240678" lon="7.875683668291113"><ele>2162.3</ele></trkpt><trkpt lat="46.205313592808245" lon="7.87559366862489"><ele>2160.2</ele></trkpt><trkpt lat="46.20538559295951" lon="7.875503668754597"><ele>2159.4</ele></trkpt><trkpt lat="46.20548559318682" lon="7.875387668948249"><ele>2158.2</ele></trkpt><trkpt lat="46.20560259335561" lon="7.8752846690940155"><ele>2157.3</ele></trkpt><trkpt lat="46.20575659356146" lon="7.875169669271555"><ele>2156.2</ele></trkpt><trkpt lat="46.20593659332232" lon="7.8750416690883585"><ele>2157.4</ele></trkpt><trkpt lat="46.20610759290976" lon="7.874887668765182"><ele>2159.5</ele></trkpt><trkpt lat="46.206270592941365" lon="7.874706668804631"><ele>2159.3</ele></trkpt><trkpt lat="46.20637859284028" lon="7.874617668729883"><ele>2159.8</ele></trkpt><trkpt lat="46.20647859272028" lon="7.874553668638233"><ele>2160.4</ele></trkpt><trkpt lat="46.20653259273733" lon="7.8745016686561975"><ele>2160.3</ele></trkpt><trkpt lat="46.20671259319305" lon="7.874373669038366"><ele>2157.9</ele></trkpt><trkpt lat="46.20686659337958" lon="7.874232669201484"><ele>2156.9</ele></trkpt><trkpt lat="46.20691159341616" lon="7.874154669236514"><ele>2156.7</ele></trkpt><trkpt lat="46.2069745934132" lon="7.873999669243872"><ele>2156.7</ele></trkpt><trkpt lat="46.20705659342884" lon="7.873845669266769"><ele>2156.6</ele></trkpt><trkpt lat="46.20709259338862" lon="7.873767669239041"><ele>2156.8</ele></trkpt><trkpt lat="46.20721059353798" lon="7.873639669370318"><ele>2156.0</ele></trkpt><trkpt lat="46.207282593573424" lon="7.873548669405819"><ele>2155.8</ele></trkpt><trkpt lat="46.207328593648434" lon="7.873406669475444"><ele>2155.4</ele></trkpt><trkpt lat="46.20738259368458" lon="7.8732906695123095"><ele>2155.2</ele></trkpt><trkpt lat="46.207418593663775" lon="7.873252669498279"><ele>2155.3</ele></trkpt><trkpt lat="46.20749959354445" lon="7.873149669408715"><ele>2155.9</ele></trkpt><trkpt lat="46.20762659365495" lon="7.873046669507269"><ele>2155.3</ele></trkpt><trkpt lat="46.20780659362799" lon="7.872879669498781"><ele>2155.4</ele></trkpt><trkpt lat="46.20782559360779" lon="7.872827669485564"><ele>2155.5</ele></trkpt><trkpt lat="46.20788859366274" lon="7.8726596695406705"><ele>2155.2</ele></trkpt><trkpt lat="46.207915593661426" lon="7.872569669545005"><ele>2155.2</ele></trkpt><trkpt lat="46.20792659418137" lon="7.872258669984374"><ele>2152.5</ele></trkpt><trkpt lat="46.20792659443191" lon="7.872102670196257"><ele>2151.2</ele></trkpt><trkpt lat="46.20795459446896" lon="7.871934670235867"><ele>2151.0</ele></trkpt><trkpt lat="46.207936594565915" lon="7.871830670319667"><ele>2150.5</ele></trkpt><trkpt lat="46.207892594798764" lon="7.8716236705186535"><ele>2149.3</ele></trkpt><trkpt lat="46.20789359510713" lon="7.871441670778888"><ele>2147.7</ele></trkpt><trkpt lat="46.207885595319304" lon="7.871260670960627"><ele>2146.6</ele></trkpt><trkpt lat="46.20784059582242" lon="7.87102667138068"><ele>2144.0</ele></trkpt><trkpt lat="46.207796596325466" lon="7.870806671799995"><ele>2141.4</ele></trkpt><trkpt lat="46.20778759644153" lon="7.870754671896812"><ele>2140.8</ele></trkpt><trkpt lat="46.20777059651928" lon="7.870702671962286"><ele>2140.4</ele></trkpt><trkpt lat="46.207770596596255" lon="7.870611672029591"><ele>2140.0</ele></trkpt><trkpt lat="46.20778059649887" lon="7.870443671959398"><ele>2140.5</ele></trkpt><trkpt lat="46.20779859649785" lon="7.870339671964452"><ele>2140.5</ele></trkpt><trkpt lat="46.20779859649785" lon="7.870339671964452"><ele>2140.5</ele></trkpt><trkpt lat="46.207817596593195" lon="7.870158672051801"><ele>2140.0</ele></trkpt><trkpt lat="46.207817596901585" lon="7.869990672311248"><ele>2138.4</ele></trkpt><trkpt lat="46.20780059738457" lon="7.869860672710152"><ele>2135.9</ele></trkpt><trkpt lat="46.20772959790821" lon="7.869704673142042"><ele>2133.2</ele></trkpt><trkpt lat="46.20763059837495" lon="7.869535673527666"><ele>2130.8</ele></trkpt><trkpt lat="46.2075595986862" lon="7.869379673786901"><ele>2129.2</ele></trkpt><trkpt lat="46.207372599541635" lon="7.868872674503545"><ele>2124.8</ele></trkpt><trkpt lat="46.207283599660386" lon="7.868664674608504"><ele>2124.2</ele></trkpt><trkpt lat="46.20723859966185" lon="7.868560674613915"><ele>2124.2</ele></trkpt><trkpt lat="46.20723859966185" lon="7.868560674613915"><ele>2124.2</ele></trkpt><trkpt lat="46.20719359974062" lon="7.868482674680806"><ele>2123.8</ele></trkpt><trkpt lat="46.207122599916836" lon="7.868364674828275"><ele>2122.9</ele></trkpt><trkpt lat="46.20698760023071" lon="7.868260675085273"><ele>2121.3</ele></trkpt><trkpt lat="46.206880600311976" lon="7.868194675151954"><ele>2120.9</ele></trkpt><trkpt lat="46.20679960027627" lon="7.868103675125561"><ele>2121.1</ele></trkpt><trkpt lat="46.20671960014396" lon="7.867986675021999"><ele>2121.8</ele></trkpt><trkpt lat="46.20671960014396" lon="7.867986675021999"><ele>2121.8</ele></trkpt><trkpt lat="46.206665600088" lon="7.867907674979161"><ele>2122.1</ele></trkpt><trkpt lat="46.206665600088" lon="7.867907674979161"><ele>2122.1</ele></trkpt><trkpt lat="46.20659360020672" lon="7.867946675071823"><ele>2121.5</ele></trkpt><trkpt lat="46.20653960032472" lon="7.867984675164421"><ele>2120.9</ele></trkpt><trkpt lat="46.20646760048211" lon="7.868022675288513"><ele>2120.1</ele></trkpt><trkpt lat="46.20646760048211" lon="7.868022675288513"><ele>2120.1</ele></trkpt><trkpt lat="46.20639560063908" lon="7.867918675419589"><ele>2119.3</ele></trkpt><trkpt lat="46.20639560063908" lon="7.867918675419589"><ele>2119.3</ele></trkpt><trkpt lat="46.206288600816634" lon="7.867775675568487"><ele>2118.4</ele></trkpt><trkpt lat="46.20614460113051" lon="7.867566675830667"><ele>2116.8</ele></trkpt><trkpt lat="46.206127601246905" lon="7.8675276759268105"><ele>2116.2</ele></trkpt><trkpt lat="46.206127601246905" lon="7.8675276759268105"><ele>2116.2</ele></trkpt><trkpt lat="46.20610960124753" lon="7.8675016759281995"><ele>2116.2</ele></trkpt><trkpt lat="46.20610960124753" lon="7.8675016759281995"><ele>2116.2</ele></trkpt><trkpt lat="46.20610060122855" lon="7.86748867591321"><ele>2116.3</ele></trkpt><trkpt lat="46.20610060122855" lon="7.86748867591321"><ele>2116.3</ele></trkpt><trkpt lat="46.20603760157823" lon="7.867397676200444"><ele>2114.5</ele></trkpt><trkpt lat="46.20595660177422" lon="7.867332676361011"><ele>2113.5</ele></trkpt><trkpt lat="46.205840601894366" lon="7.86725367645973"><ele>2112.9</ele></trkpt><trkpt lat="46.20579560206972" lon="7.867201676603745"><ele>2112.0</ele></trkpt><trkpt lat="46.20566160253768" lon="7.867031676989382"><ele>2109.6</ele></trkpt><trkpt lat="46.20566160253768" lon="7.867031676989382"><ele>2109.6</ele></trkpt><trkpt lat="46.20550860289057" lon="7.866836677282225"><ele>2107.8</ele></trkpt><trkpt lat="46.20542860302865" lon="7.866757677396387"><ele>2107.1</ele></trkpt><trkpt lat="46.205096603330276" lon="7.866470677647754"><ele>2105.6</ele></trkpt><trkpt lat="46.204970603836735" lon="7.866378678060832"><ele>2103.0</ele></trkpt><trkpt lat="46.204773604480984" lon="7.866260678585398"><ele>2099.7</ele></trkpt><trkpt lat="46.20468360473522" lon="7.866195678793016"><ele>2098.4</ele></trkpt><trkpt lat="46.204603605201285" lon="7.866103679174406"><ele>2096.0</ele></trkpt><trkpt lat="46.20453160570562" lon="7.866012679587051"><ele>2093.4</ele></trkpt><trkpt lat="46.204451606248824" lon="7.865895680032364"><ele>2090.6</ele></trkpt><trkpt lat="46.20435260683117" lon="7.865713680512292"><ele>2087.6</ele></trkpt><trkpt lat="46.20430860712212" lon="7.8656096807528435"><ele>2086.1</ele></trkpt><trkpt lat="46.20430860712212" lon="7.8656096807528435"><ele>2086.1</ele></trkpt><trkpt lat="46.20419260745409" lon="7.865400681030266"><ele>2084.4</ele></trkpt><trkpt lat="46.204120607746006" lon="7.865270681272225"><ele>2082.9</ele></trkpt><trkpt lat="46.204040608154095" lon="7.865153681607684"><ele>2080.8</ele></trkpt><trkpt lat="46.20395060869771" lon="7.8650756820510805"><ele>2078.0</ele></trkpt><trkpt lat="46.20382460939707" lon="7.8649836826208075"><ele>2074.4</ele></trkpt><trkpt lat="46.20371760972888" lon="7.864852682894342"><ele>2072.7</ele></trkpt><trkpt lat="46.20344061049095" lon="7.864397683529419"><ele>2068.8</ele></trkpt><trkpt lat="46.20332361105467" lon="7.864240683992367"><ele>2065.9</ele></trkpt><trkpt lat="46.20318961183133" lon="7.86411068462657"><ele>2061.9</ele></trkpt><trkpt lat="46.20309061237526" lon="7.864031685069956"><ele>2059.1</ele></trkpt><trkpt lat="46.203010612918455" lon="7.863953685513169"><ele>2056.3</ele></trkpt><trkpt lat="46.20291161344281" lon="7.863784685945138"><ele>2053.6</ele></trkpt><trkpt lat="46.202840614023984" lon="7.863615686423949"><ele>2050.6</ele></trkpt><trkpt lat="46.20281361433341" lon="7.863485686681139"><ele>2049.0</ele></trkpt><trkpt lat="46.20279761491216" lon="7.863187687165696"><ele>2046.0</ele></trkpt><trkpt lat="46.2027806154332" lon="7.862928687601344"><ele>2043.3</ele></trkpt><trkpt lat="46.202753615839086" lon="7.862798687936859"><ele>2041.2</ele></trkpt><trkpt lat="46.202735616090536" lon="7.862746688143214"><ele>2039.9</ele></trkpt><trkpt lat="46.20272761643794" lon="7.8626426884303395"><ele>2038.1</ele></trkpt><trkpt lat="46.20274561697717" lon="7.862487688876458"><ele>2035.3</ele></trkpt><trkpt lat="46.20274561718937" lon="7.862435689051344"><ele>2034.2</ele></trkpt><trkpt lat="46.202746618076404" lon="7.862202689783352"><ele>2029.6</ele></trkpt><trkpt lat="46.20273861855871" lon="7.862046690182593"><ele>2027.1</ele></trkpt><trkpt lat="46.20272061896433" lon="7.861917690517915"><ele>2025.0</ele></trkpt><trkpt lat="46.202694619196684" lon="7.861839690709817"><ele>2023.8</ele></trkpt><trkpt lat="46.20264961944905" lon="7.8617746909168895"><ele>2022.5</ele></trkpt><trkpt lat="46.202532620321534" lon="7.861669691627808"><ele>2018.0</ele></trkpt><trkpt lat="46.20238062082851" lon="7.861499692044155"><ele>2015.4</ele></trkpt><trkpt lat="46.20228262129494" lon="7.861369692426953"><ele>2013.0</ele></trkpt><trkpt lat="46.2022286218756" lon="7.861265692902292"><ele>2010.0</ele></trkpt><trkpt lat="46.2022016223009" lon="7.8611746932514786"><ele>2007.8</ele></trkpt><trkpt lat="46.20217562272606" lon="7.861044693602457"><ele>2005.6</ele></trkpt><trkpt lat="46.20215862363279" lon="7.860695694355314"><ele>2000.9</ele></trkpt><trkpt lat="46.202159624037456" lon="7.860500694693431"><ele>1998.8</ele></trkpt><trkpt lat="46.20213362425024" lon="7.860306694874945"><ele>1997.7</ele></trkpt><trkpt lat="46.20209762463696" lon="7.86009869519818"><ele>1995.7</ele></trkpt><trkpt lat="46.20208962494561" lon="7.859943695456101"><ele>1994.1</ele></trkpt><trkpt lat="46.20209062546619" lon="7.859761695887562"><ele>1991.4</ele></trkpt><trkpt lat="46.20209062575536" lon="7.859658696127342"><ele>1989.9</ele></trkpt><trkpt lat="46.20206462629613" lon="7.8594506965757915"><ele>1987.1</ele></trkpt><trkpt lat="46.202020627126956" lon="7.8592166972605275"><ele>1982.8</ele></trkpt><trkpt lat="46.20199362757141" lon="7.859087697626955"><ele>1980.5</ele></trkpt><trkpt lat="46.20197662786127" lon="7.859009697865637"><ele>1979.0</ele></trkpt><trkpt lat="46.20194062811324" lon="7.8589186980736905"><ele>1977.7</ele></trkpt><trkpt lat="46.20185062863727" lon="7.858814698501973"><ele>1975.0</ele></trkpt><trkpt lat="46.20171662935572" lon="7.858644699090183"><ele>1971.3</ele></trkpt><trkpt lat="46.20167162947299" lon="7.858579699187408"><ele>1970.7</ele></trkpt><trkpt lat="46.20161862962904" lon="7.858475699317789"><ele>1969.9</ele></trkpt><trkpt lat="46.20161862962904" lon="7.858475699317789"><ele>1969.9</ele></trkpt><trkpt lat="46.20151063019211" lon="7.858293699781011"><ele>1967.0</ele></trkpt><trkpt lat="46.20126063189801" lon="7.857824701182272"><ele>1958.2</ele></trkpt><trkpt lat="46.20105563329375" lon="7.857421702329476"><ele>1951.0</ele></trkpt><trkpt lat="46.200885634784576" lon="7.857005703555241"><ele>1943.3</ele></trkpt><trkpt lat="46.20080563521163" lon="7.856875703906105"><ele>1941.1</ele></trkpt><trkpt lat="46.20075163563794" lon="7.856810704253893"><ele>1938.9</ele></trkpt><trkpt lat="46.200724635773824" lon="7.856758704366012"><ele>1938.2</ele></trkpt><trkpt lat="46.20071663598615" lon="7.856667704542417"><ele>1937.1</ele></trkpt><trkpt lat="46.200637637627835" lon="7.856174705896096"><ele>1928.6</ele></trkpt><trkpt lat="46.20062063866962" lon="7.855850706756266"><ele>1923.2</ele></trkpt><trkpt lat="46.20059363895981" lon="7.855759706995362"><ele>1921.7</ele></trkpt><trkpt lat="46.20059363895981" lon="7.855759706995362"><ele>1921.7</ele></trkpt><trkpt lat="46.200566639192175" lon="7.855707707185736"><ele>1920.5</ele></trkpt><trkpt lat="46.200504639637906" lon="7.855603707550865"><ele>1918.2</ele></trkpt><trkpt lat="46.20037064047193" lon="7.855434708232437"><ele>1913.9</ele></trkpt><trkpt lat="46.200316640859526" lon="7.855356708549362"><ele>1911.9</ele></trkpt><trkpt lat="46.200298641053024" lon="7.855304708708347"><ele>1910.9</ele></trkpt><trkpt lat="46.20028964126537" lon="7.855226708884083"><ele>1909.8</ele></trkpt><trkpt lat="46.20029964197836" lon="7.854993709473653"><ele>1906.1</ele></trkpt><trkpt lat="46.2003006424603" lon="7.854824709872522"><ele>1903.6</ele></trkpt><trkpt lat="46.20029164269192" lon="7.854734710064425"><ele>1902.4</ele></trkpt><trkpt lat="46.20028264282723" lon="7.854695710175789"><ele>1901.7</ele></trkpt><trkpt lat="46.200246643079176" lon="7.854643710381815"><ele>1900.4</ele></trkpt><trkpt lat="46.20014864354549" lon="7.854551710762159"><ele>1898.0</ele></trkpt><trkpt lat="46.20007664376008" lon="7.854486710937638"><ele>1896.9</ele></trkpt><trkpt lat="46.20002264407061" lon="7.854447711190149"><ele>1895.3</ele></trkpt><trkpt lat="46.199897644730875" lon="7.854407711724903"><ele>1891.9</ele></trkpt><trkpt lat="46.19977164542982" lon="7.854393712289832"><ele>1888.3</ele></trkpt><trkpt lat="46.19967264599276" lon="7.85436671274558"><ele>1885.4</ele></trkpt><trkpt lat="46.19958264655531" lon="7.854340713201228"><ele>1882.5</ele></trkpt><trkpt lat="46.199519646885435" lon="7.8543137134689"><ele>1880.8</ele></trkpt><trkpt lat="46.19947464723407" lon="7.854235713754344"><ele>1879.0</ele></trkpt><trkpt lat="46.19943964746669" lon="7.854170713945229"><ele>1877.8</ele></trkpt><trkpt lat="46.199421647775786" lon="7.854079714199764"><ele>1876.2</ele></trkpt><trkpt lat="46.19942164804569" lon="7.85398971442284"><ele>1874.8</ele></trkpt><trkpt lat="46.19943164843096" lon="7.853885714740387"><ele>1872.8</ele></trkpt><trkpt lat="46.19942264868191" lon="7.853807714947327"><ele>1871.5</ele></trkpt><trkpt lat="46.199395649029896" lon="7.853716715233193"><ele>1869.7</ele></trkpt><trkpt lat="46.199360649339575" lon="7.8536127154883495"><ele>1868.1</ele></trkpt><trkpt lat="46.19934264951364" lon="7.85353571563266"><ele>1867.2</ele></trkpt><trkpt lat="46.199324649707" lon="7.8534447157932235"><ele>1866.2</ele></trkpt><trkpt lat="46.19931665001575" lon="7.853353716047654"><ele>1864.6</ele></trkpt><trkpt lat="46.19930765020883" lon="7.8532757162076"><ele>1863.6</ele></trkpt><trkpt lat="46.199280650441054" lon="7.853184716399511"><ele>1862.4</ele></trkpt><trkpt lat="46.1992726506726" lon="7.8530817165918245"><ele>1861.2</ele></trkpt><trkpt lat="46.19927265096157" lon="7.852886716835005"><ele>1859.7</ele></trkpt><trkpt lat="46.19925565115485" lon="7.852783716996056"><ele>1858.7</ele></trkpt><trkpt lat="46.19921965136807" lon="7.852692717172336"><ele>1857.6</ele></trkpt><trkpt lat="46.1991306516796" lon="7.852600717427201"><ele>1856.0</ele></trkpt><trkpt lat="46.19900465237832" lon="7.852522717994691"><ele>1852.4</ele></trkpt><trkpt lat="46.19882465336823" lon="7.852455718796758"><ele>1847.3</ele></trkpt><trkpt lat="46.198752653698506" lon="7.852390719065992"><ele>1845.6</ele></trkpt><trkpt lat="46.1987086540085" lon="7.852299719320529"><ele>1844.0</ele></trkpt><trkpt lat="46.198672654684565" lon="7.8521437198751425"><ele>1840.5</ele></trkpt><trkpt lat="46.198637655495595" lon="7.851936720541447"><ele>1836.3</ele></trkpt><trkpt lat="46.19857565621114" lon="7.851780721127441"><ele>1832.6</ele></trkpt><trkpt lat="46.19848565694696" lon="7.851624721729213"><ele>1828.8</ele></trkpt><trkpt lat="46.19834265805098" lon="7.851441722629703"><ele>1823.1</ele></trkpt><trkpt lat="46.198190658846826" lon="7.85132472327704"><ele>1819.0</ele></trkpt><trkpt lat="46.198109659292925" lon="7.85118072364344"><ele>1816.7</ele></trkpt><trkpt lat="46.19803865966153" lon="7.8510507239465905"><ele>1814.8</ele></trkpt><trkpt lat="46.1979936600293" lon="7.850920724249587"><ele>1812.9</ele></trkpt><trkpt lat="46.19796766028068" lon="7.850791724458552"><ele>1811.6</ele></trkpt><trkpt lat="46.19794966051234" lon="7.850596724654578"><ele>1810.4</ele></trkpt><trkpt lat="46.197914660937506" lon="7.850415725006557"><ele>1808.2</ele></trkpt><trkpt lat="46.19782566173087" lon="7.850168725658831"><ele>1804.1</ele></trkpt><trkpt lat="46.19762966277797" lon="7.849661726525824"><ele>1798.7</ele></trkpt><trkpt lat="46.197477663592444" lon="7.849297727198799"><ele>1794.5</ele></trkpt><trkpt lat="46.19735266438694" lon="7.849037727851606"><ele>1790.4</ele></trkpt><trkpt lat="46.197218665201106" lon="7.848829728517904"><ele>1786.2</ele></trkpt><trkpt lat="46.197129665859535" lon="7.8486607290571815"><ele>1782.8</ele></trkpt><trkpt lat="46.197129665859535" lon="7.8486607290571815"><ele>1782.8</ele></trkpt><trkpt lat="46.19712066605255" lon="7.848595729216324"><ele>1781.8</ele></trkpt><trkpt lat="46.19710266622665" lon="7.848543729359336"><ele>1780.9</ele></trkpt><trkpt lat="46.197058666517215" lon="7.848426729599005"><ele>1779.4</ele></trkpt><trkpt lat="46.197058666517215" lon="7.848426729599005"><ele>1779.4</ele></trkpt><trkpt lat="46.19702266680766" lon="7.84837472983595"><ele>1777.9</ele></trkpt><trkpt lat="46.1969956670785" lon="7.848335730056677"><ele>1776.5</ele></trkpt><trkpt lat="46.196941667369565" lon="7.848309730292645"><ele>1775.0</ele></trkpt><trkpt lat="46.19688766767995" lon="7.848295730543757"><ele>1773.4</ele></trkpt><trkpt lat="46.19684366798987" lon="7.848230730796913"><ele>1771.8</ele></trkpt><trkpt lat="46.19680766829948" lon="7.848152731050542"><ele>1770.2</ele></trkpt><trkpt lat="46.19679866874324" lon="7.848048731414577"><ele>1767.9</ele></trkpt><trkpt lat="46.19677267007442" lon="7.847737732506566"><ele>1761.0</ele></trkpt><trkpt lat="46.19674667057651" lon="7.8476087329185775"><ele>1758.4</ele></trkpt><trkpt lat="46.19668467134969" lon="7.847400733552912"><ele>1754.4</ele></trkpt><trkpt lat="46.196648672199146" lon="7.847179734250149"><ele>1750.0</ele></trkpt><trkpt lat="46.196631672662384" lon="7.847037734631297"><ele>1747.6</ele></trkpt><trkpt lat="46.19663167285508" lon="7.846959734790824"><ele>1746.6</ele></trkpt><trkpt lat="46.19663267352973" lon="7.846739735347008"><ele>1743.1</ele></trkpt><trkpt lat="46.19663267370324" lon="7.846687735489838"><ele>1742.2</ele></trkpt><trkpt lat="46.19659767412838" lon="7.846518735840832"><ele>1740.0</ele></trkpt><trkpt lat="46.19657967432164" lon="7.84642873600091"><ele>1739.0</ele></trkpt><trkpt lat="46.196590675342726" lon="7.8459747368477855"><ele>1733.7</ele></trkpt><trkpt lat="46.196581675805575" lon="7.845806737229803"><ele>1731.3</ele></trkpt><trkpt lat="46.19659167597866" lon="7.8456897373751495"><ele>1730.4</ele></trkpt><trkpt lat="46.19659167597866" lon="7.8456897373751495"><ele>1730.4</ele></trkpt><trkpt lat="46.196546676057174" lon="7.845650737439479"><ele>1730.0</ele></trkpt><trkpt lat="46.196546676057174" lon="7.845650737439479"><ele>1730.0</ele></trkpt><trkpt lat="46.19657367632611" lon="7.845547737662341"><ele>1728.6</ele></trkpt><trkpt lat="46.19658367655709" lon="7.845430737854575"><ele>1727.4</ele></trkpt><trkpt lat="46.196592676653125" lon="7.845378737934772"><ele>1726.9</ele></trkpt><trkpt lat="46.196592676653125" lon="7.845378737934772"><ele>1726.9</ele></trkpt><trkpt lat="46.19657467675003" lon="7.845326738015113"><ele>1726.4</ele></trkpt><trkpt lat="46.19651267698323" lon="7.845196738208218"><ele>1725.2</ele></trkpt><trkpt lat="46.19648567711892" lon="7.8451187383208945"><ele>1724.5</ele></trkpt><trkpt lat="46.19645867723536" lon="7.845028738418424"><ele>1723.9</ele></trkpt><trkpt lat="46.19643167733251" lon="7.844963738499313"><ele>1723.4</ele></trkpt><trkpt lat="46.196396677429966" lon="7.844911738579728"><ele>1722.9</ele></trkpt><trkpt lat="46.19632467756706" lon="7.844819738693187"><ele>1722.2</ele></trkpt><trkpt lat="46.19632467756706" lon="7.844819738693187"><ele>1722.2</ele></trkpt><trkpt lat="46.19632467760559" lon="7.844780738726004"><ele>1722.0</ele></trkpt><trkpt lat="46.196324677740485" lon="7.844742738836943"><ele>1721.3</ele></trkpt><trkpt lat="46.19630667787601" lon="7.844703738948014"><ele>1720.6</ele></trkpt><trkpt lat="46.196217678495806" lon="7.84455973945442"><ele>1717.4</ele></trkpt><trkpt lat="46.196217678495806" lon="7.84455973945442"><ele>1717.4</ele></trkpt><trkpt lat="46.19617267870935" lon="7.844507739628666"><ele>1716.3</ele></trkpt><trkpt lat="46.19611067888473" lon="7.844442739772249"><ele>1715.4</ele></trkpt><trkpt lat="46.19603867911841" lon="7.844390739962254"><ele>1714.2</ele></trkpt><trkpt lat="46.19595767946804" lon="7.844324740246651"><ele>1712.4</ele></trkpt><trkpt lat="46.19591267964296" lon="7.844285740389107"><ele>1711.5</ele></trkpt><trkpt lat="46.19587667981764" lon="7.844246740531513"><ele>1710.6</ele></trkpt><trkpt lat="46.19583268003108" lon="7.844194740705734"><ele>1709.5</ele></trkpt><trkpt lat="46.195598681253124" lon="7.8439597417009335"><ele>1703.2</ele></trkpt><trkpt lat="46.195482681912296" lon="7.843829742238067"><ele>1699.8</ele></trkpt><trkpt lat="46.195482681912296" lon="7.843829742238067"><ele>1699.8</ele></trkpt><trkpt lat="46.19541068228091" lon="7.843750742538506"><ele>1697.9</ele></trkpt><trkpt lat="46.195195683483064" lon="7.8435547435163135"><ele>1691.7</ele></trkpt><trkpt lat="46.19501668468401" lon="7.843333744494852"><ele>1685.5</ele></trkpt><trkpt lat="46.19490868530435" lon="7.843215745000112"><ele>1682.3</ele></trkpt><trkpt lat="46.19484668578826" lon="7.843124745394673"><ele>1679.8</ele></trkpt><trkpt lat="46.194765686272724" lon="7.843007745790321"><ele>1677.3</ele></trkpt><trkpt lat="46.19470368667946" lon="7.842903746122843"><ele>1675.2</ele></trkpt><trkpt lat="46.194658686989285" lon="7.84282574637613"><ele>1673.6</ele></trkpt><trkpt lat="46.19460468733785" lon="7.8427087466622165"><ele>1671.8</ele></trkpt><trkpt lat="46.19453368764837" lon="7.842578746917618"><ele>1670.2</ele></trkpt><trkpt lat="46.19453368764837" lon="7.842578746917618"><ele>1670.2</ele></trkpt><trkpt lat="46.194488687861764" lon="7.842500747092749"><ele>1669.1</ele></trkpt><trkpt lat="46.19445368817122" lon="7.842422747345953"><ele>1667.5</ele></trkpt><trkpt lat="46.19442668859614" lon="7.842292747694877"><ele>1665.3</ele></trkpt><trkpt lat="46.19440968900138" lon="7.8421377480290735"><ele>1663.2</ele></trkpt><trkpt lat="46.194400689252234" lon="7.842059748235248"><ele>1661.9</ele></trkpt><trkpt lat="46.194400689252234" lon="7.842059748235248"><ele>1661.9</ele></trkpt><trkpt lat="46.194400689367846" lon="7.842007748330997"><ele>1661.3</ele></trkpt><trkpt lat="46.194391689464496" lon="7.841968748410668"><ele>1660.8</ele></trkpt><trkpt lat="46.19436468956171" lon="7.8419427484899265"><ele>1660.3</ele></trkpt><trkpt lat="46.19434668965862" lon="7.841916748569139"><ele>1659.8</ele></trkpt><trkpt lat="46.19430268979494" lon="7.84189074867973"><ele>1659.1</ele></trkpt><trkpt lat="46.194230690028434" lon="7.84182474887012"><ele>1657.9</ele></trkpt><trkpt lat="46.194149690397076" lon="7.841707749171873"><ele>1656.0</ele></trkpt><trkpt lat="46.194024690786186" lon="7.841486749493422"><ele>1654.0</ele></trkpt><trkpt lat="46.19397069082619" lon="7.841382749528905"><ele>1653.8</ele></trkpt><trkpt lat="46.19396269082633" lon="7.84133074953093"><ele>1653.8</ele></trkpt><trkpt lat="46.19396269084557" lon="7.841278749548536"><ele>1653.7</ele></trkpt><trkpt lat="46.19396269084547" lon="7.8412527495495254"><ele>1653.7</ele></trkpt><trkpt lat="46.19398069086414" lon="7.841214749566514"><ele>1653.6</ele></trkpt><trkpt lat="46.19402569103621" lon="7.841149749709387"><ele>1652.7</ele></trkpt><trkpt lat="46.194116691303165" lon="7.8410077499330875"><ele>1651.3</ele></trkpt><trkpt lat="46.19413469132182" lon="7.840956749950563"><ele>1651.2</ele></trkpt><trkpt lat="46.19413469136023" lon="7.8408917499842845"><ele>1651.0</ele></trkpt><trkpt lat="46.19413469136023" lon="7.8408917499842845"><ele>1651.0</ele></trkpt><trkpt lat="46.19418869166695" lon="7.840788750237914"><ele>1649.4</ele></trkpt><trkpt lat="46.194252692108435" lon="7.8406727506013425"><ele>1647.1</ele></trkpt><trkpt lat="46.194252692108435" lon="7.8406727506013425"><ele>1647.1</ele></trkpt><trkpt lat="46.194296692261595" lon="7.840789750721668"><ele>1646.3</ele></trkpt><trkpt lat="46.194368692433216" lon="7.840880750858475"><ele>1645.4</ele></trkpt><trkpt lat="46.1944226926053" lon="7.840958750995861"><ele>1644.5</ele></trkpt><trkpt lat="46.19450369279581" lon="7.841023751149238"><ele>1643.5</ele></trkpt><trkpt lat="46.19450369279581" lon="7.841023751149238"><ele>1643.5</ele></trkpt><trkpt lat="46.19452169285311" lon="7.840985751197463"><ele>1643.2</ele></trkpt><trkpt lat="46.194557693025494" lon="7.840933751339873"><ele>1642.3</ele></trkpt><trkpt lat="46.1946206932549" lon="7.8408697515294685"><ele>1641.1</ele></trkpt><trkpt lat="46.194674693465274" lon="7.8407787517045096"><ele>1640.0</ele></trkpt><trkpt lat="46.19470269356072" lon="7.840701751785399"><ele>1639.5</ele></trkpt><trkpt lat="46.19471169365678" lon="7.840636751865934"><ele>1639.0</ele></trkpt><trkpt lat="46.1947116937338" lon="7.840571751930875"><ele>1638.6</ele></trkpt><trkpt lat="46.19471169379157" lon="7.840533751979184"><ele>1638.3</ele></trkpt><trkpt lat="46.19473869392569" lon="7.8404947520898824"><ele>1637.6</ele></trkpt><trkpt lat="46.194802694212896" lon="7.840404752327308"><ele>1636.1</ele></trkpt><trkpt lat="46.19491069471085" lon="7.84024975273881"><ele>1633.5</ele></trkpt><trkpt lat="46.194946694863994" lon="7.84021075286508"><ele>1632.7</ele></trkpt><trkpt lat="46.194946694863994" lon="7.84021075286508"><ele>1632.7</ele></trkpt><trkpt lat="46.195000695170854" lon="7.8401337531176685"><ele>1631.1</ele></trkpt><trkpt lat="46.19504669538151" lon="7.840069753291691"><ele>1630.0</ele></trkpt><trkpt lat="46.195118695745556" lon="7.839927753593486"><ele>1628.1</ele></trkpt><trkpt lat="46.195118695745556" lon="7.839927753593486"><ele>1628.1</ele></trkpt><trkpt lat="46.19506469563132" lon="7.839887753501523"><ele>1628.7</ele></trkpt><trkpt lat="46.19496669547981" lon="7.839822753379468"><ele>1629.5</ele></trkpt><trkpt lat="46.19489469538553" lon="7.839796753302687"><ele>1630.0</ele></trkpt><trkpt lat="46.19489469538553" lon="7.839796753302687"><ele>1630.0</ele></trkpt><trkpt lat="46.19494869569231" lon="7.8396927535562675"><ele>1628.4</ele></trkpt><trkpt lat="46.1949666958652" lon="7.839615753699659"><ele>1627.5</ele></trkpt><trkpt lat="46.194985695941654" lon="7.839550753764489"><ele>1627.1</ele></trkpt><trkpt lat="46.19498569599938" lon="7.839472753814276"><ele>1626.8</ele></trkpt><trkpt lat="46.194949696019606" lon="7.839407753832508"><ele>1626.7</ele></trkpt><trkpt lat="46.194995696133574" lon="7.839213753933281"><ele>1626.1</ele></trkpt><trkpt lat="46.19501369621011" lon="7.839162753997586"><ele>1625.7</ele></trkpt><trkpt lat="46.19502269622904" lon="7.839110754015111"><ele>1625.6</ele></trkpt><trkpt lat="46.19500469621021" lon="7.839084754000551"><ele>1625.7</ele></trkpt><trkpt lat="46.19497769623023" lon="7.839045754017763"><ele>1625.6</ele></trkpt><trkpt lat="46.194968696269065" lon="7.839032754049529"><ele>1625.4</ele></trkpt><trkpt lat="46.1949876964805" lon="7.838954754224173"><ele>1624.3</ele></trkpt><trkpt lat="46.19502369680711" lon="7.838838754493863"><ele>1622.6</ele></trkpt><trkpt lat="46.195050697076084" lon="7.838709754717219"><ele>1621.2</ele></trkpt><trkpt lat="46.195096697151676" lon="7.838605754783365"><ele>1620.8</ele></trkpt><trkpt lat="46.195096697151676" lon="7.838605754783365"><ele>1620.8</ele></trkpt><trkpt lat="46.19511469715114" lon="7.838605754783274"><ele>1620.8</ele></trkpt></trkseg></trk></gpx>