<?xml version="1.0" encoding="utf-8"?><gpx version="1.1" creator="MySchweizMobil - https://map.schweizmobil.ch/" xmlns:xsi="http://www.w3.org/2001/XMLSchema-instance" xmlns="http://www.topografix.com/GPX/1/1" xsi:schemaLocation="http://www.topografix.com/GPX/1/1 http://www.topografix.com/GPX/1/1/gpx.xsd"><metadata><name>6 Alpine Passes Trail - Stage 21</name><bounds minlat="46.17617579849414" minlon="7.7060137282633425" maxlat="46.21316857759031" maxlon="7.838605754783274" /></metadata><trk><name>6 Alpine Passes Trail - Stage 21</name><trkseg><trkpt lat="46.19511469715114" lon="7.838605754783274"><ele>1620.8</ele></trkpt><trkpt lat="46.19510569718989" lon="7.838566754816014"><ele>1620.6</ele></trkpt><trkpt lat="46.195087697248184" lon="7.838489754865831"><ele>1620.3</ele></trkpt><trkpt lat="46.195088697382914" lon="7.838346754980492"><ele>1619.6</ele></trkpt><trkpt lat="46.19507969749869" lon="7.838255755077635"><ele>1619.0</ele></trkpt><trkpt lat="46.19507069755673" lon="7.838204755126436"><ele>1618.7</ele></trkpt><trkpt lat="46.19505269761502" lon="7.838152755175313"><ele>1618.4</ele></trkpt><trkpt lat="46.19486469800589" lon="7.837891755498288"><ele>1616.4</ele></trkpt><trkpt lat="46.19486469800589" lon="7.837891755498288"><ele>1616.4</ele></trkpt><trkpt lat="46.194793698007814" lon="7.837800755502018"><ele>1616.4</ele></trkpt><trkpt lat="46.19471269810646" lon="7.8377097555838775"><ele>1615.9</ele></trkpt><trkpt lat="46.19471269810646" lon="7.8377097555838775"><ele>1615.9</ele></trkpt><trkpt lat="46.19462369830185" lon="7.837617755743891"><ele>1614.9</ele></trkpt><trkpt lat="46.19454269847768" lon="7.837526755888205"><ele>1614.0</ele></trkpt><trkpt lat="46.19448869861413" lon="7.837448756000677"><ele>1613.3</ele></trkpt><trkpt lat="46.19442569873156" lon="7.83737075609757"><ele>1612.7</ele></trkpt><trkpt lat="46.19438169880991" lon="7.837305756162658"><ele>1612.3</ele></trkpt><trkpt lat="46.194318698888836" lon="7.83725275622739"><ele>1611.9</ele></trkpt><trkpt lat="46.19420169902716" lon="7.837174756340151"><ele>1611.2</ele></trkpt><trkpt lat="46.19420169902716" lon="7.837174756340151"><ele>1611.2</ele></trkpt><trkpt lat="46.19413869910609" lon="7.837135756404358"><ele>1610.8</ele></trkpt><trkpt lat="46.19407669920434" lon="7.837108756483729"><ele>1610.3</ele></trkpt><trkpt lat="46.194013699302594" lon="7.837082756563065"><ele>1609.8</ele></trkpt><trkpt lat="46.194013699302594" lon="7.837082756563065"><ele>1609.8</ele></trkpt><trkpt lat="46.19390569942134" lon="7.837003756660201"><ele>1609.2</ele></trkpt><trkpt lat="46.19383369948124" lon="7.836951756709316"><ele>1608.9</ele></trkpt><trkpt lat="46.19373469952264" lon="7.83689875674298"><ele>1608.7</ele></trkpt><trkpt lat="46.193654699544155" lon="7.836846756760904"><ele>1608.6</ele></trkpt><trkpt lat="46.193654699544155" lon="7.836846756760904"><ele>1608.6</ele></trkpt><trkpt lat="46.193627699564246" lon="7.836833756777126"><ele>1608.5</ele></trkpt><trkpt lat="46.19347469956858" lon="7.836754756780789"><ele>1608.5</ele></trkpt><trkpt lat="46.19347469956858" lon="7.836754756780789"><ele>1608.5</ele></trkpt><trkpt lat="46.193285699535494" lon="7.836675756753389"><ele>1608.7</ele></trkpt><trkpt lat="46.193285699535494" lon="7.836675756753389"><ele>1608.7</ele></trkpt><trkpt lat="46.19313369965555" lon="7.8365967568507235"><ele>1608.1</ele></trkpt><trkpt lat="46.193079699676346" lon="7.8365577568680385"><ele>1608.0</ele></trkpt><trkpt lat="46.19303469971616" lon="7.836505756901406"><ele>1607.8</ele></trkpt><trkpt lat="46.19289169977785" lon="7.836322756955707"><ele>1607.5</ele></trkpt><trkpt lat="46.19289169977785" lon="7.836322756955707"><ele>1607.5</ele></trkpt><trkpt lat="46.19281969974126" lon="7.836231756928196"><ele>1607.7</ele></trkpt><trkpt lat="46.19270369968656" lon="7.836114756886248"><ele>1608.0</ele></trkpt><trkpt lat="46.19264069964975" lon="7.836035756858252"><ele>1608.2</ele></trkpt><trkpt lat="46.19264069964975" lon="7.836035756858252"><ele>1608.2</ele></trkpt><trkpt lat="46.19246169951968" lon="7.835840756757058"><ele>1608.9</ele></trkpt><trkpt lat="46.192443699500885" lon="7.835827756742012"><ele>1609.0</ele></trkpt><trkpt lat="46.192443699500885" lon="7.835827756742012"><ele>1609.0</ele></trkpt><trkpt lat="46.19239869944428" lon="7.83578875669684"><ele>1609.3</ele></trkpt><trkpt lat="46.19234469940724" lon="7.8357487566673605"><ele>1609.5</ele></trkpt><trkpt lat="46.19234469940724" lon="7.8357487566673605"><ele>1609.5</ele></trkpt><trkpt lat="46.192272699351406" lon="7.835696756622802"><ele>1609.8</ele></trkpt><trkpt lat="46.19219269927653" lon="7.835631756563153"><ele>1610.2</ele></trkpt><trkpt lat="46.19219269927653" lon="7.835631756563153"><ele>1610.2</ele></trkpt><trkpt lat="46.192111699221" lon="7.835578756518672"><ele>1610.5</ele></trkpt><trkpt lat="46.19204869916492" lon="7.83553975647359"><ele>1610.8</ele></trkpt><trkpt lat="46.1919946991472" lon="7.835526756458721"><ele>1610.9</ele></trkpt><trkpt lat="46.1919946991472" lon="7.835526756458721"><ele>1610.9</ele></trkpt><trkpt lat="46.19185969913184" lon="7.835486756445239"><ele>1611.0</ele></trkpt><trkpt lat="46.19178769913397" lon="7.835472756446107"><ele>1611.0</ele></trkpt><trkpt lat="46.191742699154545" lon="7.8354597564624076"><ele>1610.9</ele></trkpt><trkpt lat="46.191707699155536" lon="7.835433756463545"><ele>1610.9</ele></trkpt><trkpt lat="46.191662699176035" lon="7.835394756480816"><ele>1610.8</ele></trkpt><trkpt lat="46.19158169923613" lon="7.835302756531444"><ele>1610.5</ele></trkpt><trkpt lat="46.19154569929499" lon="7.835276756579414"><ele>1610.2</ele></trkpt><trkpt lat="46.191518699334374" lon="7.835276756610762"><ele>1610.0</ele></trkpt><trkpt lat="46.19146469937457" lon="7.835302756641271"><ele>1609.8</ele></trkpt><trkpt lat="46.19146469937457" lon="7.835302756641271"><ele>1609.8</ele></trkpt><trkpt lat="46.19141069951104" lon="7.835223756753728"><ele>1609.1</ele></trkpt><trkpt lat="46.19125869991998" lon="7.83498975709092"><ele>1607.0</ele></trkpt><trkpt lat="46.19119670023011" lon="7.834872757345278"><ele>1605.4</ele></trkpt><trkpt lat="46.19116970046215" lon="7.834807757535113"><ele>1604.2</ele></trkpt><trkpt lat="46.19112570098368" lon="7.834613757963908"><ele>1601.5</ele></trkpt><trkpt lat="46.19108970123519" lon="7.834509758170819"><ele>1600.2</ele></trkpt><trkpt lat="46.19108970123519" lon="7.834509758170819"><ele>1600.2</ele></trkpt><trkpt lat="46.19104570154479" lon="7.834392758425056"><ele>1598.6</ele></trkpt><trkpt lat="46.191000701835144" lon="7.834275758663687"><ele>1597.1</ele></trkpt><trkpt lat="46.19098270202839" lon="7.834223758821757"><ele>1596.1</ele></trkpt><trkpt lat="46.190982702221085" lon="7.83415875898021"><ele>1595.1</ele></trkpt><trkpt lat="46.190983702413774" lon="7.834106759138188"><ele>1594.1</ele></trkpt><trkpt lat="46.190983702413774" lon="7.834106759138188"><ele>1594.1</ele></trkpt><trkpt lat="46.19098370256801" lon="7.834068759264437"><ele>1593.3</ele></trkpt><trkpt lat="46.190929703301904" lon="7.833886759864406"><ele>1589.5</ele></trkpt><trkpt lat="46.190876703920175" lon="7.833717760370229"><ele>1586.3</ele></trkpt><trkpt lat="46.19085870413268" lon="7.833652760544349"><ele>1585.2</ele></trkpt><trkpt lat="46.19084970428705" lon="7.833587760671613"><ele>1584.4</ele></trkpt><trkpt lat="46.19084170463414" lon="7.833471760956771"><ele>1582.6</ele></trkpt><trkpt lat="46.19083270490419" lon="7.833393761178134"><ele>1581.2</ele></trkpt><trkpt lat="46.19081470519381" lon="7.8333287614146565"><ele>1579.7</ele></trkpt><trkpt lat="46.1907527056389" lon="7.833211761778109"><ele>1577.4</ele></trkpt><trkpt lat="46.19074370571619" lon="7.8331597618424595"><ele>1577.0</ele></trkpt><trkpt lat="46.19072570606364" lon="7.833081762126251"><ele>1575.2</ele></trkpt><trkpt lat="46.1907177063529" lon="7.833003762363182"><ele>1573.7</ele></trkpt><trkpt lat="46.19070870658446" lon="7.8329527625523205"><ele>1572.5</ele></trkpt><trkpt lat="46.19069970681601" lon="7.832900762741493"><ele>1571.3</ele></trkpt><trkpt lat="46.190681707067064" lon="7.832835762946776"><ele>1570.0</ele></trkpt><trkpt lat="46.19063770760794" lon="7.832679763389514"><ele>1567.2</ele></trkpt><trkpt lat="46.190610707897754" lon="7.83257576362744"><ele>1565.7</ele></trkpt><trkpt lat="46.190557708496584" lon="7.8323557641192965"><ele>1562.6</ele></trkpt><trkpt lat="46.190557708496584" lon="7.8323557641192965"><ele>1562.6</ele></trkpt><trkpt lat="46.190548708593155" lon="7.8323037641992235"><ele>1562.1</ele></trkpt><trkpt lat="46.190530708747865" lon="7.832264764325528"><ele>1561.3</ele></trkpt><trkpt lat="46.19050370896062" lon="7.832199764499615"><ele>1560.2</ele></trkpt><trkpt lat="46.19045970936661" lon="7.832108764830731"><ele>1558.1</ele></trkpt><trkpt lat="46.1904417094635" lon="7.832082764909752"><ele>1557.6</ele></trkpt><trkpt lat="46.19045070959816" lon="7.832043765020326"><ele>1556.9</ele></trkpt><trkpt lat="46.19046870977109" lon="7.832004765162056"><ele>1556.0</ele></trkpt><trkpt lat="46.19050471011702" lon="7.831953765444542"><ele>1554.2</ele></trkpt><trkpt lat="46.19052271023217" lon="7.831927765539003"><ele>1553.6</ele></trkpt><trkpt lat="46.190531710328266" lon="7.831901765617899"><ele>1553.1</ele></trkpt><trkpt lat="46.19052371040561" lon="7.831888765680811"><ele>1552.7</ele></trkpt><trkpt lat="46.19051471052149" lon="7.831862765775386"><ele>1552.1</ele></trkpt><trkpt lat="46.19048771071503" lon="7.831836765932455"><ele>1551.1</ele></trkpt><trkpt lat="46.19045171088951" lon="7.831797766074426"><ele>1550.2</ele></trkpt><trkpt lat="46.19044271098615" lon="7.8317717661533965"><ele>1549.7</ele></trkpt><trkpt lat="46.190424711121516" lon="7.831719766264547"><ele>1549.0</ele></trkpt><trkpt lat="46.19043371117907" lon="7.831693766312232"><ele>1548.7</ele></trkpt><trkpt lat="46.19046171166007" lon="7.831551766707185"><ele>1546.2</ele></trkpt><trkpt lat="46.19046171181421" lon="7.831499766833842"><ele>1545.4</ele></trkpt><trkpt lat="46.19046171181421" lon="7.831499766833842"><ele>1545.4</ele></trkpt><trkpt lat="46.190461711871976" lon="7.831460766882029"><ele>1545.1</ele></trkpt><trkpt lat="46.190461711949034" lon="7.831421766945823"><ele>1544.7</ele></trkpt><trkpt lat="46.1904527119878" lon="7.831395766977986"><ele>1544.5</ele></trkpt><trkpt lat="46.190434712065375" lon="7.831356767041856"><ele>1544.1</ele></trkpt><trkpt lat="46.190408712220226" lon="7.831291767169085"><ele>1543.3</ele></trkpt><trkpt lat="46.190390712374914" lon="7.831240767295779"><ele>1542.5</ele></trkpt><trkpt lat="46.1903907125098" lon="7.831201767406364"><ele>1541.8</ele></trkpt><trkpt lat="46.19039971266379" lon="7.831162767532509"><ele>1541.0</ele></trkpt><trkpt lat="46.19041771283664" lon="7.831110767674664"><ele>1540.1</ele></trkpt><trkpt lat="46.1904447130672" lon="7.831059767863542"><ele>1538.9</ele></trkpt><trkpt lat="46.19053571391266" lon="7.830865768556362"><ele>1534.5</ele></trkpt><trkpt lat="46.19058971437372" lon="7.830762768934129"><ele>1532.1</ele></trkpt><trkpt lat="46.1906267147774" lon="7.830658769265201"><ele>1530.0</ele></trkpt><trkpt lat="46.190644715046695" lon="7.830581769486209"><ele>1528.6</ele></trkpt><trkpt lat="46.1906537152199" lon="7.830516769628842"><ele>1527.7</ele></trkpt><trkpt lat="46.1906537152199" lon="7.830516769628842"><ele>1527.7</ele></trkpt><trkpt lat="46.19064471533572" lon="7.830464769724301"><ele>1527.1</ele></trkpt><trkpt lat="46.19060971549087" lon="7.830399769851527"><ele>1526.3</ele></trkpt><trkpt lat="46.190600715568166" lon="7.830360769915334"><ele>1525.9</ele></trkpt><trkpt lat="46.19060971562567" lon="7.8303217699634535"><ele>1525.6</ele></trkpt><trkpt lat="46.190618715721804" lon="7.83029677004228"><ele>1525.1</ele></trkpt><trkpt lat="46.19073671648949" lon="7.830115770671997"><ele>1521.1</ele></trkpt><trkpt lat="46.1908087169693" lon="7.829986771066119"><ele>1518.6</ele></trkpt><trkpt lat="46.19087171735303" lon="7.829896771380916"><ele>1516.6</ele></trkpt><trkpt lat="46.19089871756429" lon="7.829831771554634"><ele>1515.5</ele></trkpt><trkpt lat="46.1909447178521" lon="7.829754771791062"><ele>1514.0</ele></trkpt><trkpt lat="46.19097171804408" lon="7.829689771949168"><ele>1513.0</ele></trkpt><trkpt lat="46.19098971823632" lon="7.829638772106829"><ele>1512.0</ele></trkpt><trkpt lat="46.190998718448014" lon="7.829547772281513"><ele>1510.9</ele></trkpt><trkpt lat="46.19101771865946" lon="7.829457772456115"><ele>1509.8</ele></trkpt><trkpt lat="46.191035718832254" lon="7.829353772600006"><ele>1508.9</ele></trkpt><trkpt lat="46.19105471919788" lon="7.829224772900714"><ele>1507.0</ele></trkpt><trkpt lat="46.19106371944817" lon="7.829133773106566"><ele>1505.7</ele></trkpt><trkpt lat="46.19109071971725" lon="7.829030773328346"><ele>1504.3</ele></trkpt><trkpt lat="46.191127720005255" lon="7.828926773565701"><ele>1502.8</ele></trkpt><trkpt lat="46.19117272031244" lon="7.82884977381768"><ele>1501.2</ele></trkpt><trkpt lat="46.191190720446826" lon="7.828797773928559"><ele>1500.5</ele></trkpt><trkpt lat="46.19119972062005" lon="7.8287457740706605"><ele>1499.6</ele></trkpt><trkpt lat="46.191199720832024" lon="7.828668774244856"><ele>1498.5</ele></trkpt><trkpt lat="46.19121872098566" lon="7.8286167743713175"><ele>1497.7</ele></trkpt><trkpt lat="46.19121872098566" lon="7.8286167743713175"><ele>1497.7</ele></trkpt><trkpt lat="46.19122772106256" lon="7.828603774434103"><ele>1497.3</ele></trkpt><trkpt lat="46.19130872133018" lon="7.828539774654261"><ele>1495.9</ele></trkpt><trkpt lat="46.191362721560004" lon="7.828488774842905"><ele>1494.7</ele></trkpt><trkpt lat="46.19140772184791" lon="7.828423775078848"><ele>1493.2</ele></trkpt><trkpt lat="46.19150672242358" lon="7.828333775549308"><ele>1490.2</ele></trkpt><trkpt lat="46.191533722577105" lon="7.828294775675271"><ele>1489.4</ele></trkpt><trkpt lat="46.19155272276931" lon="7.828256775832423"><ele>1488.4</ele></trkpt><trkpt lat="46.191588723076684" lon="7.828152776085315"><ele>1486.8</ele></trkpt><trkpt lat="46.19159772321131" lon="7.8280757761970605"><ele>1486.1</ele></trkpt><trkpt lat="46.19163372334522" lon="7.828010776308273"><ele>1485.4</ele></trkpt><trkpt lat="46.191688723632836" lon="7.8279337765445485"><ele>1483.9</ele></trkpt><trkpt lat="46.191733723882166" lon="7.827855776749718"><ele>1482.6</ele></trkpt><trkpt lat="46.19174272395901" lon="7.827817776813343"><ele>1482.2</ele></trkpt><trkpt lat="46.19174272407467" lon="7.827791776907784"><ele>1481.6</ele></trkpt><trkpt lat="46.19173372419055" lon="7.827765777002266"><ele>1481.0</ele></trkpt><trkpt lat="46.19171572438385" lon="7.827726777159592"><ele>1480.0</ele></trkpt><trkpt lat="46.19170672442261" lon="7.827700777191707"><ele>1479.8</ele></trkpt><trkpt lat="46.191716724422285" lon="7.827674777192544"><ele>1479.8</ele></trkpt><trkpt lat="46.19175272440196" lon="7.82764877717768"><ele>1479.9</ele></trkpt><trkpt lat="46.19175272440196" lon="7.82764877717768"><ele>1479.9</ele></trkpt><trkpt lat="46.19159172473359" lon="7.827310777454938"><ele>1478.2</ele></trkpt><trkpt lat="46.191528724831514" lon="7.8271807775375875"><ele>1477.7</ele></trkpt><trkpt lat="46.191528724831514" lon="7.8271807775375875"><ele>1477.7</ele></trkpt><trkpt lat="46.19135972516334" lon="7.826830777815254"><ele>1476.0</ele></trkpt><trkpt lat="46.191082725690464" lon="7.826258778256771"><ele>1473.3</ele></trkpt><trkpt lat="46.191082725690464" lon="7.826258778256771"><ele>1473.3</ele></trkpt><trkpt lat="46.191145725823546" lon="7.8261297783699835"><ele>1472.6</ele></trkpt><trkpt lat="46.191272726513795" lon="7.825819778941076"><ele>1469.0</ele></trkpt><trkpt lat="46.19122772661136" lon="7.825779779020563"><ele>1468.5</ele></trkpt><trkpt lat="46.19120972676605" lon="7.825727779147097"><ele>1467.7</ele></trkpt><trkpt lat="46.19120172697824" lon="7.8256507793211885"><ele>1466.6</ele></trkpt><trkpt lat="46.19120172697824" lon="7.8256507793211885"><ele>1466.6</ele></trkpt><trkpt lat="46.19118372713291" lon="7.825585779448155"><ele>1465.8</ele></trkpt><trkpt lat="46.19117472742229" lon="7.825507779684628"><ele>1464.3</ele></trkpt><trkpt lat="46.191165727576724" lon="7.825481779810235"><ele>1463.5</ele></trkpt><trkpt lat="46.19114772763506" lon="7.825455779857953"><ele>1463.2</ele></trkpt><trkpt lat="46.191121727847765" lon="7.825416780030829"><ele>1462.1</ele></trkpt><trkpt lat="46.19109472798343" lon="7.825390780140927"><ele>1461.4</ele></trkpt><trkpt lat="46.191094728060555" lon="7.825364780204147"><ele>1461.0</ele></trkpt><trkpt lat="46.19109472819545" lon="7.825325780314563"><ele>1460.3</ele></trkpt><trkpt lat="46.19113072834865" lon="7.825248780441681"><ele>1459.5</ele></trkpt><trkpt lat="46.19113072834865" lon="7.825248780441681"><ele>1459.5</ele></trkpt><trkpt lat="46.191121728406564" lon="7.825157780491531"><ele>1459.2</ele></trkpt><trkpt lat="46.19111372842601" lon="7.825105780508896"><ele>1459.1</ele></trkpt><trkpt lat="46.19106872850412" lon="7.8249887805753575"><ele>1458.7</ele></trkpt><trkpt lat="46.191068728523376" lon="7.824949780592251"><ele>1458.6</ele></trkpt><trkpt lat="46.191077728523055" lon="7.824911780593486"><ele>1458.6</ele></trkpt><trkpt lat="46.191086728542004" lon="7.824859780610772"><ele>1458.5</ele></trkpt><trkpt lat="46.19108772854187" lon="7.824807780612511"><ele>1458.5</ele></trkpt><trkpt lat="46.19108772852244" lon="7.824729780599543"><ele>1458.6</ele></trkpt><trkpt lat="46.191078728503285" lon="7.824651780586609"><ele>1458.7</ele></trkpt><trkpt lat="46.19106172846496" lon="7.824522780559839"><ele>1458.9</ele></trkpt><trkpt lat="46.19103472844623" lon="7.824457780546551"><ele>1459.0</ele></trkpt><trkpt lat="46.191007728446934" lon="7.824405780548411"><ele>1459.0</ele></trkpt><trkpt lat="46.190944728409896" lon="7.824340780519697"><ele>1459.2</ele></trkpt><trkpt lat="46.19088272837287" lon="7.82427478049101"><ele>1459.4</ele></trkpt><trkpt lat="46.190621728263835" lon="7.8240787804052125"><ele>1460.0</ele></trkpt><trkpt lat="46.19057772826494" lon="7.8240397804067126"><ele>1460.0</ele></trkpt><trkpt lat="46.190532728285284" lon="7.823948780425546"><ele>1459.9</ele></trkpt><trkpt lat="46.19049672828617" lon="7.823909780427011"><ele>1459.9</ele></trkpt><trkpt lat="46.19043372821066" lon="7.8238707803662555"><ele>1460.3</ele></trkpt><trkpt lat="46.190388728173225" lon="7.823818780337033"><ele>1460.5</ele></trkpt><trkpt lat="46.19029972804037" lon="7.823687780232739"><ele>1461.2</ele></trkpt><trkpt lat="46.19027272798316" lon="7.823635780187853"><ele>1461.5</ele></trkpt><trkpt lat="46.190245727925905" lon="7.823545780144251"><ele>1461.8</ele></trkpt><trkpt lat="46.19021972786865" lon="7.8234937800993665"><ele>1462.1</ele></trkpt><trkpt lat="46.19017472781191" lon="7.8234287800549955"><ele>1462.4</ele></trkpt><trkpt lat="46.19006672762177" lon="7.823310779903619"><ele>1463.4</ele></trkpt><trkpt lat="46.19001272752672" lon="7.823258779827694"><ele>1463.9</ele></trkpt><trkpt lat="46.189959727412365" lon="7.82321977973575"><ele>1464.5</ele></trkpt><trkpt lat="46.18981572714614" lon="7.82312777952134"><ele>1465.9</ele></trkpt><trkpt lat="46.18976172705108" lon="7.823088779444987"><ele>1466.4</ele></trkpt><trkpt lat="46.18966372697637" lon="7.822971779387032"><ele>1466.8</ele></trkpt><trkpt lat="46.18964572697685" lon="7.822957779387581"><ele>1466.8</ele></trkpt><trkpt lat="46.18962772697734" lon="7.822957779387659"><ele>1466.8</ele></trkpt><trkpt lat="46.18960972699716" lon="7.8229707794028815"><ele>1466.7</ele></trkpt><trkpt lat="46.18957372701744" lon="7.822996779417743"><ele>1466.6</ele></trkpt><trkpt lat="46.18957372701744" lon="7.822996779417743"><ele>1466.6</ele></trkpt><trkpt lat="46.189510727134575" lon="7.822879779515443"><ele>1466.0</ele></trkpt><trkpt lat="46.18945672723235" lon="7.8228017795962055"><ele>1465.5</ele></trkpt><trkpt lat="46.18939472734959" lon="7.822736779692144"><ele>1464.9</ele></trkpt><trkpt lat="46.1893227274671" lon="7.82267077978816"><ele>1464.3</ele></trkpt><trkpt lat="46.18925972758437" lon="7.822618779883659"><ele>1463.7</ele></trkpt><trkpt lat="46.18925972758437" lon="7.822618779883659"><ele>1463.7</ele></trkpt><trkpt lat="46.18926872754547" lon="7.8225537798546485"><ele>1463.9</ele></trkpt><trkpt lat="46.18927772762224" lon="7.822502779918644"><ele>1463.5</ele></trkpt><trkpt lat="46.18920672781681" lon="7.8224107800778375"><ele>1462.5</ele></trkpt><trkpt lat="46.189036728437976" lon="7.822176780584954"><ele>1459.3</ele></trkpt><trkpt lat="46.18896472861328" lon="7.8220857807285205"><ele>1458.4</ele></trkpt><trkpt lat="46.18896472861328" lon="7.8220857807285205"><ele>1458.4</ele></trkpt><trkpt lat="46.188910728768846" lon="7.822020780855559"><ele>1457.6</ele></trkpt><trkpt lat="46.18886572890494" lon="7.821981780966105"><ele>1456.9</ele></trkpt><trkpt lat="46.18874072931289" lon="7.8218507812981635"><ele>1454.8</ele></trkpt><trkpt lat="46.18870472941025" lon="7.821824781377079"><ele>1454.3</ele></trkpt><trkpt lat="46.188668729546144" lon="7.8218117814867085"><ele>1453.6</ele></trkpt><trkpt lat="46.18863272972064" lon="7.821785781627932"><ele>1452.7</ele></trkpt><trkpt lat="46.1885427301664" lon="7.821745781987937"><ele>1450.4</ele></trkpt><trkpt lat="46.18850673043722" lon="7.8217197822070395"><ele>1449.0</ele></trkpt><trkpt lat="46.18844473097859" lon="7.821654782645631"><ele>1446.2</ele></trkpt><trkpt lat="46.18839973117253" lon="7.821615782802891"><ele>1445.2</ele></trkpt><trkpt lat="46.18833673181031" lon="7.82154978331939"><ele>1441.9</ele></trkpt><trkpt lat="46.1883097319652" lon="7.821523783444979"><ele>1441.1</ele></trkpt><trkpt lat="46.188291732216236" lon="7.8214847836488515"><ele>1439.8</ele></trkpt><trkpt lat="46.18826473244825" lon="7.821432783837604"><ele>1438.6</ele></trkpt><trkpt lat="46.18823873281517" lon="7.821367784135814"><ele>1436.7</ele></trkpt><trkpt lat="46.18822073302759" lon="7.821328784308519"><ele>1435.6</ele></trkpt><trkpt lat="46.18820273316304" lon="7.8213157844180605"><ele>1434.9</ele></trkpt><trkpt lat="46.18814873335717" lon="7.821276784575338"><ele>1433.9</ele></trkpt><trkpt lat="46.18808573366728" lon="7.821237784826106"><ele>1432.3</ele></trkpt><trkpt lat="46.188058733783606" lon="7.821224784920112"><ele>1431.7</ele></trkpt><trkpt lat="46.188040733861186" lon="7.8212247849824905"><ele>1431.3</ele></trkpt><trkpt lat="46.18802273403521" lon="7.821236785122356"><ele>1430.4</ele></trkpt><trkpt lat="46.187977734306436" lon="7.821301785338482"><ele>1429.0</ele></trkpt><trkpt lat="46.1879687343067" lon="7.821314785338097"><ele>1429.0</ele></trkpt><trkpt lat="46.18795073436496" lon="7.8213017853853275"><ele>1428.7</ele></trkpt><trkpt lat="46.187923734365654" lon="7.821287785385904"><ele>1428.7</ele></trkpt><trkpt lat="46.18792373432703" lon="7.821249785355994"><ele>1428.9</ele></trkpt><trkpt lat="46.187923734269134" lon="7.821210785310546"><ele>1429.2</ele></trkpt><trkpt lat="46.18792473471205" lon="7.820938785677702"><ele>1426.9</ele></trkpt><trkpt lat="46.187933734866014" lon="7.820912785803118"><ele>1426.1</ele></trkpt><trkpt lat="46.18796073505802" lon="7.820886785959608"><ele>1425.1</ele></trkpt><trkpt lat="46.18800673540386" lon="7.820874786240159"><ele>1423.3</ele></trkpt><trkpt lat="46.1880157355771" lon="7.820861786380727"><ele>1422.4</ele></trkpt><trkpt lat="46.18802473563472" lon="7.8208617864274155"><ele>1422.1</ele></trkpt><trkpt lat="46.188024735692494" lon="7.820835786474991"><ele>1421.8</ele></trkpt><trkpt lat="46.18800673584716" lon="7.820809786600519"><ele>1421.0</ele></trkpt><trkpt lat="46.18798873600179" lon="7.820770786726464"><ele>1420.2</ele></trkpt><trkpt lat="46.18796173611815" lon="7.820731786821302"><ele>1419.6</ele></trkpt><trkpt lat="46.18789873648596" lon="7.820679787119184"><ele>1417.7</ele></trkpt><trkpt lat="46.18788073660208" lon="7.8206537872135575"><ele>1417.1</ele></trkpt><trkpt lat="46.1877467374537" lon="7.820548787902817"><ele>1412.7</ele></trkpt><trkpt lat="46.18771073768588" lon="7.820509788091123"><ele>1411.5</ele></trkpt><trkpt lat="46.18766573795684" lon="7.820457788311034"><ele>1410.1</ele></trkpt><trkpt lat="46.18758573863343" lon="7.820301788861513"><ele>1406.6</ele></trkpt><trkpt lat="46.187504739348604" lon="7.820145789443106"><ele>1402.9</ele></trkpt><trkpt lat="46.18734374093298" lon="7.819794790732041"><ele>1394.7</ele></trkpt><trkpt lat="46.18729974131955" lon="7.819729791045753"><ele>1392.7</ele></trkpt><trkpt lat="46.18725474180255" lon="7.819651791437742"><ele>1390.2</ele></trkpt><trkpt lat="46.18720974215064" lon="7.8196127917194715"><ele>1388.4</ele></trkpt><trkpt lat="46.187173742440635" lon="7.819573791954446"><ele>1386.9</ele></trkpt><trkpt lat="46.18707574331041" lon="7.8194037926609905"><ele>1382.4</ele></trkpt><trkpt lat="46.187048743542285" lon="7.819352792849577"><ele>1381.2</ele></trkpt><trkpt lat="46.187048743542285" lon="7.819352792849577"><ele>1381.2</ele></trkpt><trkpt lat="46.18697774417998" lon="7.819170793369486"><ele>1377.9</ele></trkpt><trkpt lat="46.186950744354085" lon="7.81911879351138"><ele>1377.0</ele></trkpt><trkpt lat="46.186932744508745" lon="7.819092793636842"><ele>1376.2</ele></trkpt><trkpt lat="46.186905744682825" lon="7.819053793778322"><ele>1375.3</ele></trkpt><trkpt lat="46.18688774495309" lon="7.818988793998437"><ele>1373.9</ele></trkpt><trkpt lat="46.186789745938256" lon="7.818689794802331"><ele>1368.8</ele></trkpt><trkpt lat="46.186772746073515" lon="7.818637794913017"><ele>1368.1</ele></trkpt><trkpt lat="46.1867637461508" lon="7.8185987949765625"><ele>1367.7</ele></trkpt><trkpt lat="46.18675474626664" lon="7.818559795071239"><ele>1367.1</ele></trkpt><trkpt lat="46.18673674642125" lon="7.8185207951970925"><ele>1366.3</ele></trkpt><trkpt lat="46.18666474696262" lon="7.818403795636994"><ele>1363.5</ele></trkpt><trkpt lat="46.18662074723345" lon="7.818299795858393"><ele>1362.1</ele></trkpt><trkpt lat="46.18662074723345" lon="7.818299795858393"><ele>1362.1</ele></trkpt><trkpt lat="46.18664774734842" lon="7.81828779595207"><ele>1361.5</ele></trkpt><trkpt lat="46.1866837475017" lon="7.818261796077291"><ele>1360.7</ele></trkpt><trkpt lat="46.18682774830755" lon="7.818107796735397"><ele>1356.5</ele></trkpt><trkpt lat="46.18682774830755" lon="7.818107796735397"><ele>1356.5</ele></trkpt><trkpt lat="46.186900748575475" lon="7.818029796955485"><ele>1355.1</ele></trkpt><trkpt lat="46.186945748824854" lon="7.8179787971592765"><ele>1353.8</ele></trkpt><trkpt lat="46.18697274892053" lon="7.817926797238624"><ele>1353.3</ele></trkpt><trkpt lat="46.18705474930374" lon="7.817720797556042"><ele>1351.3</ele></trkpt><trkpt lat="46.1870637494769" lon="7.817642797698532"><ele>1350.4</ele></trkpt><trkpt lat="46.18698274994157" lon="7.817628798072913"><ele>1348.0</ele></trkpt><trkpt lat="46.186919750193695" lon="7.8176027982763525"><ele>1346.7</ele></trkpt><trkpt lat="46.18685675056149" lon="7.817550798573992"><ele>1344.8</ele></trkpt><trkpt lat="46.18676675102629" lon="7.817510798949202"><ele>1342.4</ele></trkpt><trkpt lat="46.18666875133702" lon="7.8174587992002715"><ele>1340.8</ele></trkpt><trkpt lat="46.18656075166746" lon="7.817457799465378"><ele>1339.1</ele></trkpt><trkpt lat="46.18650675193861" lon="7.8174447996839325"><ele>1337.7</ele></trkpt><trkpt lat="46.186452752286876" lon="7.817418799965153"><ele>1335.9</ele></trkpt><trkpt lat="46.1863807527127" lon="7.817365800309535"><ele>1333.7</ele></trkpt><trkpt lat="46.18628175319695" lon="7.817326800700292"><ele>1331.2</ele></trkpt><trkpt lat="46.186245753467745" lon="7.8173128009187955"><ele>1329.8</ele></trkpt><trkpt lat="46.18617375375864" lon="7.817325801152191"><ele>1328.3</ele></trkpt><trkpt lat="46.186128753971786" lon="7.817325801323606"><ele>1327.2</ele></trkpt><trkpt lat="46.18602075449493" lon="7.81737680174279"><ele>1324.5</ele></trkpt><trkpt lat="46.18598475466933" lon="7.817375801883066"><ele>1323.6</ele></trkpt><trkpt lat="46.185912755018066" lon="7.817375802163553"><ele>1321.8</ele></trkpt><trkpt lat="46.18586775525045" lon="7.817349802351321"><ele>1320.6</ele></trkpt><trkpt lat="46.18584075552095" lon="7.817349802569363"><ele>1319.2</ele></trkpt><trkpt lat="46.18574175602452" lon="7.817374802973739"><ele>1316.6</ele></trkpt><trkpt lat="46.18567875619959" lon="7.817386803113727"><ele>1315.7</ele></trkpt><trkpt lat="46.1856157563361" lon="7.817412803222161"><ele>1315.0</ele></trkpt><trkpt lat="46.18557975641403" lon="7.8174118032846005"><ele>1314.6</ele></trkpt><trkpt lat="46.185534756569346" lon="7.81741180340931"><ele>1313.8</ele></trkpt><trkpt lat="46.18537375726708" lon="7.817384803971163"><ele>1310.2</ele></trkpt><trkpt lat="46.18534675740265" lon="7.817384804080231"><ele>1309.5</ele></trkpt><trkpt lat="46.185328757422404" lon="7.81738480409587"><ele>1309.4</ele></trkpt><trkpt lat="46.1852557575206" lon="7.817448804172072"><ele>1308.9</ele></trkpt><trkpt lat="46.18524675750155" lon="7.817448804156543"><ele>1309.0</ele></trkpt><trkpt lat="46.1852287575212" lon="7.817422804172958"><ele>1308.9</ele></trkpt><trkpt lat="46.1852287575212" lon="7.817422804172958"><ele>1308.9</ele></trkpt><trkpt lat="46.18529275767374" lon="7.817345804299548"><ele>1308.1</ele></trkpt><trkpt lat="46.18534675778807" lon="7.817306804393903"><ele>1307.5</ele></trkpt><trkpt lat="46.18534675778807" lon="7.817306804393903"><ele>1307.5</ele></trkpt><trkpt lat="46.18531075773107" lon="7.817267804348515"><ele>1307.8</ele></trkpt><trkpt lat="46.1852927576929" lon="7.817254804317839"><ele>1308.0</ele></trkpt><trkpt lat="46.18526575765501" lon="7.817267804286424"><ele>1308.2</ele></trkpt><trkpt lat="46.185220757868194" lon="7.817305804456694"><ele>1307.1</ele></trkpt><trkpt lat="46.185148758294034" lon="7.817357804797886"><ele>1304.9</ele></trkpt><trkpt lat="46.18508575873896" lon="7.8173828051554235"><ele>1302.6</ele></trkpt><trkpt lat="46.18500475901069" lon="7.817382805373675"><ele>1301.2</ele></trkpt><trkpt lat="46.18495975922386" lon="7.817420805543953"><ele>1300.1</ele></trkpt><trkpt lat="46.18481475992146" lon="7.817575806100324"><ele>1296.5</ele></trkpt><trkpt lat="46.18476076019262" lon="7.817613806317349"><ele>1295.1</ele></trkpt><trkpt lat="46.18473376034746" lon="7.817626806441608"><ele>1294.3</ele></trkpt><trkpt lat="46.18470676050229" lon="7.817626806566246"><ele>1293.5</ele></trkpt><trkpt lat="46.184661760734684" lon="7.817612806753647"><ele>1292.3</ele></trkpt><trkpt lat="46.18462576094755" lon="7.817612806925028"><ele>1291.2</ele></trkpt><trkpt lat="46.184598761102286" lon="7.81759980705005"><ele>1290.4</ele></trkpt><trkpt lat="46.18456276127665" lon="7.8175868071906764"><ele>1289.5</ele></trkpt><trkpt lat="46.18449076156743" lon="7.817598807424111"><ele>1288.0</ele></trkpt><trkpt lat="46.18445476168397" lon="7.81761180751727"><ele>1287.4</ele></trkpt><trkpt lat="46.18438276203263" lon="7.817610807797786"><ele>1285.6</ele></trkpt><trkpt lat="46.18432876218811" lon="7.817623807922152"><ele>1284.8</ele></trkpt><trkpt lat="46.18423876257569" lon="7.817635808233487"><ele>1282.8</ele></trkpt><trkpt lat="46.18418476276975" lon="7.817674808388225"><ele>1281.8</ele></trkpt><trkpt lat="46.18410376311863" lon="7.817712808667635"><ele>1280.0</ele></trkpt><trkpt lat="46.18402276367951" lon="7.817737809118667"><ele>1277.1</ele></trkpt><trkpt lat="46.18396076458654" lon="7.817569809855465"><ele>1272.4</ele></trkpt><trkpt lat="46.1838537657643" lon="7.817296810813369"><ele>1266.3</ele></trkpt><trkpt lat="46.18372776655726" lon="7.817191811455099"><ele>1262.2</ele></trkpt><trkpt lat="46.18367376715578" lon="7.817087811940846"><ele>1259.1</ele></trkpt><trkpt lat="46.183655767368165" lon="7.817061812112886"><ele>1258.0</ele></trkpt><trkpt lat="46.1836567674259" lon="7.817035812160328"><ele>1257.7</ele></trkpt><trkpt lat="46.1836747675796" lon="7.816984812286253"><ele>1256.9</ele></trkpt><trkpt lat="46.18368376767572" lon="7.81694581236517"><ele>1256.4</ele></trkpt><trkpt lat="46.183701768002855" lon="7.816880812631582"><ele>1254.7</ele></trkpt><trkpt lat="46.1837017681956" lon="7.81685481278798"><ele>1253.7</ele></trkpt><trkpt lat="46.18367476852369" lon="7.816777813054895"><ele>1252.0</ele></trkpt><trkpt lat="46.18373876938924" lon="7.816570813760996"><ele>1247.5</ele></trkpt><trkpt lat="46.18372976967832" lon="7.816440813998198"><ele>1246.0</ele></trkpt><trkpt lat="46.18373977010199" lon="7.816350814343142"><ele>1243.8</ele></trkpt><trkpt lat="46.18373977054511" lon="7.816259814703698"><ele>1241.5</ele></trkpt><trkpt lat="46.18373977085335" lon="7.816168814955302"><ele>1239.9</ele></trkpt><trkpt lat="46.18372277147031" lon="7.816052815456686"><ele>1236.7</ele></trkpt><trkpt lat="46.18376777166204" lon="7.816039815612523"><ele>1235.7</ele></trkpt><trkpt lat="46.18376777166204" lon="7.816039815612523"><ele>1235.7</ele></trkpt><trkpt lat="46.18380377169967" lon="7.816013815644252"><ele>1235.5</ele></trkpt><trkpt lat="46.18377677247109" lon="7.815884816270521"><ele>1231.5</ele></trkpt><trkpt lat="46.18376877289509" lon="7.815767816616225"><ele>1229.3</ele></trkpt><trkpt lat="46.18375077330007" lon="7.815650816946392"><ele>1227.2</ele></trkpt><trkpt lat="46.18375077382032" lon="7.815534817369828"><ele>1224.5</ele></trkpt><trkpt lat="46.183751774359735" lon="7.815391817809561"><ele>1221.7</ele></trkpt><trkpt lat="46.18374277464885" lon="7.815275818046264"><ele>1220.2</ele></trkpt><trkpt lat="46.18374377507265" lon="7.815158818391871"><ele>1218.0</ele></trkpt><trkpt lat="46.18374477597812" lon="7.814899819130434"><ele>1213.3</ele></trkpt><trkpt lat="46.18369177727015" lon="7.814549820182851"><ele>1206.6</ele></trkpt><trkpt lat="46.183656777964465" lon="7.814303820749902"><ele>1203.0</ele></trkpt><trkpt lat="46.18358477850542" lon="7.8141088211911685"><ele>1200.2</ele></trkpt><trkpt lat="46.18350477904637" lon="7.813771821636317"><ele>1197.4</ele></trkpt><trkpt lat="46.183451779336444" lon="7.8136548218730795"><ele>1195.9</ele></trkpt><trkpt lat="46.18331677985956" lon="7.813510822297547"><ele>1193.2</ele></trkpt><trkpt lat="46.183245780304205" lon="7.813393822658807"><ele>1190.9</ele></trkpt><trkpt lat="46.18324578038129" lon="7.813355822722066"><ele>1190.5</ele></trkpt><trkpt lat="46.183137780325694" lon="7.813276822677928"><ele>1190.8</ele></trkpt><trkpt lat="46.183137780325694" lon="7.813276822677928"><ele>1190.8</ele></trkpt><trkpt lat="46.18315578038309" lon="7.813250822725242"><ele>1190.5</ele></trkpt><trkpt lat="46.18321078057448" lon="7.8131478228834075"><ele>1189.5</ele></trkpt><trkpt lat="46.1832827807847" lon="7.813005823058123"><ele>1188.4</ele></trkpt><trkpt lat="46.183364780936934" lon="7.8128638231861345"><ele>1187.6</ele></trkpt><trkpt lat="46.18341878103202" lon="7.812786823265803"><ele>1187.1</ele></trkpt><trkpt lat="46.18351778124174" lon="7.812657823440058"><ele>1186.0</ele></trkpt><trkpt lat="46.1836167816056" lon="7.812554823738046"><ele>1184.1</ele></trkpt><trkpt lat="46.1836167816056" lon="7.812554823738046"><ele>1184.1</ele></trkpt><trkpt lat="46.18360878160573" lon="7.812489823739832"><ele>1184.1</ele></trkpt><trkpt lat="46.183608781702" lon="7.812438823818986"><ele>1183.6</ele></trkpt><trkpt lat="46.18358178187593" lon="7.812347823961533"><ele>1182.7</ele></trkpt><trkpt lat="46.18357278193392" lon="7.812308824009281"><ele>1182.4</ele></trkpt><trkpt lat="46.18344778209053" lon="7.8121398241387165"><ele>1181.6</ele></trkpt><trkpt lat="46.183384782168865" lon="7.812047824203637"><ele>1181.2</ele></trkpt><trkpt lat="46.18327778234447" lon="7.811917824347504"><ele>1180.3</ele></trkpt><trkpt lat="46.18305278290801" lon="7.811721824804626"><ele>1177.4</ele></trkpt><trkpt lat="46.18297278302525" lon="7.811656824899976"><ele>1176.8</ele></trkpt><trkpt lat="46.182900783161664" lon="7.811630825009798"><ele>1176.1</ele></trkpt><trkpt lat="46.18275678347302" lon="7.811577825260574"><ele>1174.5</ele></trkpt><trkpt lat="46.18266678374472" lon="7.811512825480376"><ele>1173.1</ele></trkpt><trkpt lat="46.18254178403634" lon="7.811433825716218"><ele>1171.6</ele></trkpt><trkpt lat="46.18240678442455" lon="7.811341826030197"><ele>1169.6</ele></trkpt><trkpt lat="46.18227178477432" lon="7.81132882631096"><ele>1167.8</ele></trkpt><trkpt lat="46.182199784929985" lon="7.811288826436694"><ele>1167.0</ele></trkpt><trkpt lat="46.18213678512397" lon="7.811275826592783"><ele>1166.0</ele></trkpt><trkpt lat="46.18208278524078" lon="7.8112498266869785"><ele>1165.4</ele></trkpt><trkpt lat="46.18200278557005" lon="7.811222826952359"><ele>1163.7</ele></trkpt><trkpt lat="46.181975785686184" lon="7.811196827046453"><ele>1163.1</ele></trkpt><trkpt lat="46.181939785879656" lon="7.8111708272027895"><ele>1162.1</ele></trkpt><trkpt lat="46.18190378618872" lon="7.811157827452083"><ele>1160.5</ele></trkpt><trkpt lat="46.181858786459465" lon="7.811130827670684"><ele>1159.1</ele></trkpt><trkpt lat="46.18175078690492" lon="7.81109182802978"><ele>1156.8</ele></trkpt><trkpt lat="46.181642787234736" lon="7.811064828295242"><ele>1155.1</ele></trkpt><trkpt lat="46.18150778771929" lon="7.811024828685547"><ele>1152.6</ele></trkpt><trkpt lat="46.181472787931945" lon="7.81099882885742"><ele>1151.5</ele></trkpt><trkpt lat="46.18144578810589" lon="7.810946828998839"><ele>1150.6</ele></trkpt><trkpt lat="46.18141878826058" lon="7.810894829124701"><ele>1149.8</ele></trkpt><trkpt lat="46.18137378858898" lon="7.810803829391611"><ele>1148.1</ele></trkpt><trkpt lat="46.18133778885947" lon="7.810751829610804"><ele>1146.7</ele></trkpt><trkpt lat="46.18132078897536" lon="7.810712829705185"><ele>1146.1</ele></trkpt><trkpt lat="46.18131178907178" lon="7.810648829784638"><ele>1145.6</ele></trkpt><trkpt lat="46.18130278918754" lon="7.810596829879327"><ele>1145.0</ele></trkpt><trkpt lat="46.18130278918754" lon="7.810596829879327"><ele>1145.0</ele></trkpt><trkpt lat="46.18131178926428" lon="7.8104798299445495"><ele>1144.6</ele></trkpt><trkpt lat="46.18131178926428" lon="7.8104798299445495"><ele>1144.6</ele></trkpt><trkpt lat="46.18132078926406" lon="7.810453829945198"><ele>1144.6</ele></trkpt><trkpt lat="46.18133078926383" lon="7.810428829945814"><ele>1144.6</ele></trkpt><trkpt lat="46.181357789263195" lon="7.810389829946735"><ele>1144.6</ele></trkpt><trkpt lat="46.18155578950939" lon="7.810222830152553"><ele>1143.3</ele></trkpt><trkpt lat="46.18155578950939" lon="7.810222830152553"><ele>1143.3</ele></trkpt><trkpt lat="46.18161878945011" lon="7.810158830107354"><ele>1143.6</ele></trkpt><trkpt lat="46.18166378937212" lon="7.810119830046017"><ele>1144.0</ele></trkpt><trkpt lat="46.181682789390884" lon="7.810067830062858"><ele>1143.9</ele></trkpt><trkpt lat="46.181700789448264" lon="7.8100168301107695"><ele>1143.6</ele></trkpt><trkpt lat="46.18170078952527" lon="7.809977830173982"><ele>1143.2</ele></trkpt><trkpt lat="46.18170078964082" lon="7.80991283026897"><ele>1142.6</ele></trkpt><trkpt lat="46.18166579000751" lon="7.809769830568236"><ele>1140.7</ele></trkpt><trkpt lat="46.181656790200314" lon="7.80969283072575"><ele>1139.7</ele></trkpt><trkpt lat="46.18165679045069" lon="7.809601830930237"><ele>1138.4</ele></trkpt><trkpt lat="46.18168479114363" lon="7.809394831495225"><ele>1134.8</ele></trkpt><trkpt lat="46.181684791394" lon="7.809303831699693"><ele>1133.5</ele></trkpt><trkpt lat="46.18166679160627" lon="7.809225831872786"><ele>1132.4</ele></trkpt><trkpt lat="46.181640791914916" lon="7.809070832125625"><ele>1130.8</ele></trkpt><trkpt lat="46.181640791914916" lon="7.809070832125625"><ele>1130.8</ele></trkpt><trkpt lat="46.18163179199219" lon="7.809031832188846"><ele>1130.4</ele></trkpt><trkpt lat="46.18160479220453" lon="7.8089148323629605"><ele>1129.3</ele></trkpt><trkpt lat="46.18157879243618" lon="7.808810832552279"><ele>1128.1</ele></trkpt><trkpt lat="46.181533792764576" lon="7.808694832819696"><ele>1126.4</ele></trkpt><trkpt lat="46.181470792939194" lon="7.808615832961846"><ele>1125.5</ele></trkpt><trkpt lat="46.181426793017096" lon="7.8085638330255085"><ele>1125.1</ele></trkpt><trkpt lat="46.18139079309477" lon="7.808459833090474"><ele>1124.7</ele></trkpt><trkpt lat="46.18139079309477" lon="7.808459833090474"><ele>1124.7</ele></trkpt><trkpt lat="46.18149879334303" lon="7.80839583329384"><ele>1123.4</ele></trkpt><trkpt lat="46.18149879334303" lon="7.80839583329384"><ele>1123.4</ele></trkpt><trkpt lat="46.18146279353638" lon="7.808317833451408"><ele>1122.4</ele></trkpt><trkpt lat="46.18138279409658" lon="7.808110833907757"><ele>1119.5</ele></trkpt><trkpt lat="46.18127579477292" lon="7.807863834458456"><ele>1116.0</ele></trkpt><trkpt lat="46.181195795275364" lon="7.807681834867481"><ele>1113.4</ele></trkpt><trkpt lat="46.181195795275364" lon="7.807681834867481"><ele>1113.4</ele></trkpt><trkpt lat="46.181132795642654" lon="7.807577835165649"><ele>1111.5</ele></trkpt><trkpt lat="46.18110579572026" lon="7.807551835228571"><ele>1111.1</ele></trkpt><trkpt lat="46.181078795817115" lon="7.807525835307037"><ele>1110.6</ele></trkpt><trkpt lat="46.18102479595304" lon="7.8074998354166745"><ele>1109.9</ele></trkpt><trkpt lat="46.18095279622428" lon="7.807472835635201"><ele>1108.5</ele></trkpt><trkpt lat="46.180890796476056" lon="7.80744683583812"><ele>1107.2</ele></trkpt><trkpt lat="46.18086379661145" lon="7.807446835947012"><ele>1106.5</ele></trkpt><trkpt lat="46.18081879674725" lon="7.807458836055657"><ele>1105.8</ele></trkpt><trkpt lat="46.18073779705721" lon="7.807471836304295"><ele>1104.2</ele></trkpt><trkpt lat="46.180583797580674" lon="7.807534836722889"><ele>1101.5</ele></trkpt><trkpt lat="46.18048479792952" lon="7.8075738370020185"><ele>1099.7</ele></trkpt><trkpt lat="46.18035879835601" lon="7.807585837344089"><ele>1097.5</ele></trkpt><trkpt lat="46.18025979872411" lon="7.807597837639443"><ele>1095.6</ele></trkpt><trkpt lat="46.18018779895679" lon="7.807610837825871"><ele>1094.4</ele></trkpt><trkpt lat="46.18009779918986" lon="7.807635838012069"><ele>1093.2</ele></trkpt><trkpt lat="46.180007799076066" lon="7.807647837918808"><ele>1093.8</ele></trkpt><trkpt lat="46.180007799076066" lon="7.807647837918808"><ele>1093.8</ele></trkpt><trkpt lat="46.17997179909595" lon="7.807608837935441"><ele>1093.7</ele></trkpt><trkpt lat="46.1799547991348" lon="7.807582837967227"><ele>1093.5</ele></trkpt><trkpt lat="46.17992779917391" lon="7.807582837998403"><ele>1093.3</ele></trkpt><trkpt lat="46.17984579923338" lon="7.807620838044361"><ele>1093.0</ele></trkpt><trkpt lat="46.17980979925339" lon="7.807633838059696"><ele>1092.9</ele></trkpt><trkpt lat="46.17973779931262" lon="7.80763283810659"><ele>1092.6</ele></trkpt><trkpt lat="46.17958579943126" lon="7.8076188382007015"><ele>1092.0</ele></trkpt><trkpt lat="46.17947779952968" lon="7.80760583827909"><ele>1091.5</ele></trkpt><trkpt lat="46.17933379966739" lon="7.8075528383896815"><ele>1090.8</ele></trkpt><trkpt lat="46.17925279974601" lon="7.807525838452788"><ele>1090.4</ele></trkpt><trkpt lat="46.179162799805546" lon="7.807473838501"><ele>1090.1</ele></trkpt><trkpt lat="46.178749799755636" lon="7.807211838462222"><ele>1090.4</ele></trkpt><trkpt lat="46.178669799737904" lon="7.807146838448551"><ele>1090.5</ele></trkpt><trkpt lat="46.178480799702875" lon="7.8069768384223055"><ele>1090.7</ele></trkpt><trkpt lat="46.17842679970398" lon="7.8069508384231305"><ele>1090.7</ele></trkpt><trkpt lat="46.17810379955603" lon="7.8067678383044035"><ele>1091.5</ele></trkpt><trkpt lat="46.17793279946301" lon="7.806662838229867"><ele>1092.0</ele></trkpt><trkpt lat="46.17785279942603" lon="7.806610838200339"><ele>1092.2</ele></trkpt><trkpt lat="46.17772679937062" lon="7.806505838156744"><ele>1092.5</ele></trkpt><trkpt lat="46.17772679937062" lon="7.806505838156744"><ele>1092.5</ele></trkpt><trkpt lat="46.177681799352186" lon="7.80646683814232"><ele>1092.6</ele></trkpt><trkpt lat="46.17765479933341" lon="7.806414838128162"><ele>1092.7</ele></trkpt><trkpt lat="46.177619799314726" lon="7.8063368381146745"><ele>1092.8</ele></trkpt><trkpt lat="46.177449799202016" lon="7.805921838032311"><ele>1093.4</ele></trkpt><trkpt lat="46.17741379920265" lon="7.805856838034043"><ele>1093.4</ele></trkpt><trkpt lat="46.177378799184034" lon="7.805816838019616"><ele>1093.5</ele></trkpt><trkpt lat="46.177135799111625" lon="7.80564683796249"><ele>1093.9</ele></trkpt><trkpt lat="46.17704579907484" lon="7.805594837933006"><ele>1094.1</ele></trkpt><trkpt lat="46.176938799076886" lon="7.805529837934977"><ele>1094.1</ele></trkpt><trkpt lat="46.17683979909801" lon="7.805463837952481"><ele>1094.0</ele></trkpt><trkpt lat="46.17683979909801" lon="7.805463837952481"><ele>1094.0</ele></trkpt><trkpt lat="46.17678579904132" lon="7.805437837906693"><ele>1094.3</ele></trkpt><trkpt lat="46.17668679888918" lon="7.805423837783074"><ele>1095.1</ele></trkpt><trkpt lat="46.17662379885188" lon="7.80539783775285"><ele>1095.3</ele></trkpt><trkpt lat="46.17655179883397" lon="7.805358837738523"><ele>1095.4</ele></trkpt><trkpt lat="46.176462798835665" lon="7.805305837740135"><ele>1095.4</ele></trkpt><trkpt lat="46.17639079885634" lon="7.805240837757528"><ele>1095.3</ele></trkpt><trkpt lat="46.176345798876426" lon="7.805188837774512"><ele>1095.2</ele></trkpt><trkpt lat="46.176300798896534" lon="7.80513683779149"><ele>1095.1</ele></trkpt><trkpt lat="46.176300798896534" lon="7.80513683779149"><ele>1095.1</ele></trkpt><trkpt lat="46.176300798896435" lon="7.805097837792461"><ele>1095.1</ele></trkpt><trkpt lat="46.176282798896786" lon="7.8050718377931645"><ele>1095.1</ele></trkpt><trkpt lat="46.17626579885853" lon="7.805032837763121"><ele>1095.3</ele></trkpt><trkpt lat="46.1761937986287" lon="7.804915837579843"><ele>1096.5</ele></trkpt><trkpt lat="46.176184798571086" lon="7.804902837533589"><ele>1096.8</ele></trkpt><trkpt lat="46.176175798532725" lon="7.80488983750287"><ele>1097.0</ele></trkpt><trkpt lat="46.17617579849414" lon="7.804863837472448"><ele>1097.2</ele></trkpt><trkpt lat="46.176184798494006" lon="7.804850837472744"><ele>1097.2</ele></trkpt><trkpt lat="46.176184798494006" lon="7.804850837472744"><ele>1097.2</ele></trkpt><trkpt lat="46.17630279806744" lon="7.804514837138965"><ele>1099.4</ele></trkpt><trkpt lat="46.17630279806744" lon="7.804514837138965"><ele>1099.4</ele></trkpt><trkpt lat="46.17640279845032" lon="7.804230837456418"><ele>1097.4</ele></trkpt><trkpt lat="46.17640279845032" lon="7.804230837456418"><ele>1097.4</ele></trkpt><trkpt lat="46.176411798565624" lon="7.804152837551539"><ele>1096.8</ele></trkpt><trkpt lat="46.17642179850755" lon="7.804075837506823"><ele>1097.1</ele></trkpt><trkpt lat="46.17642179850755" lon="7.804075837506823"><ele>1097.1</ele></trkpt><trkpt lat="46.1764127984113" lon="7.803997837431128"><ele>1097.6</ele></trkpt><trkpt lat="46.176359798103874" lon="7.803751837188915"><ele>1099.2</ele></trkpt><trkpt lat="46.176305797854276" lon="7.8035438369923655"><ele>1100.5</ele></trkpt><trkpt lat="46.176279797488576" lon="7.803310836703177"><ele>1102.4</ele></trkpt><trkpt lat="46.17622679706554" lon="7.803050836368177"><ele>1104.6</ele></trkpt><trkpt lat="46.17619179679638" lon="7.802895836154754"><ele>1106.0</ele></trkpt><trkpt lat="46.176182796700175" lon="7.802830836078766"><ele>1106.5</ele></trkpt><trkpt lat="46.17618279662304" lon="7.802752836018607"><ele>1106.9</ele></trkpt><trkpt lat="46.1762097966224" lon="7.802701836019802"><ele>1106.9</ele></trkpt><trkpt lat="46.1762097966224" lon="7.802701836019802"><ele>1106.9</ele></trkpt><trkpt lat="46.17623679642918" lon="7.802636835866045"><ele>1107.9</ele></trkpt><trkpt lat="46.17629979638938" lon="7.8026508358344175"><ele>1108.1</ele></trkpt><trkpt lat="46.176344796157245" lon="7.802572835649873"><ele>1109.3</ele></trkpt><trkpt lat="46.17640879596327" lon="7.802534835495317"><ele>1110.3</ele></trkpt><trkpt lat="46.17647179592346" lon="7.802547835463716"><ele>1110.5</ele></trkpt><trkpt lat="46.17652579551767" lon="7.8023798351416565"><ele>1112.6</ele></trkpt><trkpt lat="46.17654379545949" lon="7.802327835096322"><ele>1112.9</ele></trkpt><trkpt lat="46.17654379545949" lon="7.802327835096322"><ele>1112.9</ele></trkpt><trkpt lat="46.17666079545714" lon="7.802393835094258"><ele>1112.9</ele></trkpt><trkpt lat="46.176759795455176" lon="7.802419835093268"><ele>1112.9</ele></trkpt><trkpt lat="46.176759795455176" lon="7.802419835093268"><ele>1112.9</ele></trkpt><trkpt lat="46.17674179539764" lon="7.802342835048688"><ele>1113.2</ele></trkpt><trkpt lat="46.17673279530144" lon="7.802277834972717"><ele>1113.7</ele></trkpt><trkpt lat="46.17673279524362" lon="7.8022518349267855"><ele>1114.0</ele></trkpt><trkpt lat="46.17673279524362" lon="7.8022518349267855"><ele>1114.0</ele></trkpt><trkpt lat="46.17674179514707" lon="7.8022128348500965"><ele>1114.5</ele></trkpt><trkpt lat="46.17676979489597" lon="7.8021098346507385"><ele>1115.8</ele></trkpt><trkpt lat="46.17681479460595" lon="7.801993834420598"><ele>1117.3</ele></trkpt><trkpt lat="46.176868794277254" lon="7.801889834159071"><ele>1119.0</ele></trkpt><trkpt lat="46.17692379406411" lon="7.80181283399003"><ele>1120.1</ele></trkpt><trkpt lat="46.17692379406411" lon="7.80181283399003"><ele>1120.1</ele></trkpt><trkpt lat="46.176941794025204" lon="7.801786833959577"><ele>1120.3</ele></trkpt><trkpt lat="46.17698679390865" lon="7.801761833866892"><ele>1120.9</ele></trkpt><trkpt lat="46.17698679390865" lon="7.801761833866892"><ele>1120.9</ele></trkpt><trkpt lat="46.17701379383108" lon="7.80176183380469"><ele>1121.3</ele></trkpt><trkpt lat="46.17705879369531" lon="7.801761833695838"><ele>1122.0</ele></trkpt><trkpt lat="46.17711279355934" lon="7.801761833586956"><ele>1122.7</ele></trkpt><trkpt lat="46.17711279355934" lon="7.801761833586956"><ele>1122.7</ele></trkpt><trkpt lat="46.17714879355851" lon="7.801697833588469"><ele>1122.7</ele></trkpt><trkpt lat="46.177166793538866" lon="7.801658833573879"><ele>1122.8</ele></trkpt><trkpt lat="46.177166793538866" lon="7.801658833573879"><ele>1122.8</ele></trkpt><trkpt lat="46.17724779351779" lon="7.801529833561371"><ele>1122.9</ele></trkpt><trkpt lat="46.17724779351779" lon="7.801529833561371"><ele>1122.9</ele></trkpt><trkpt lat="46.177265793498044" lon="7.8015038335464455"><ele>1123.0</ele></trkpt><trkpt lat="46.177265793498044" lon="7.8015038335464455"><ele>1123.0</ele></trkpt><trkpt lat="46.177292793420534" lon="7.80154283348325"><ele>1123.4</ele></trkpt><trkpt lat="46.177292793420534" lon="7.80154283348325"><ele>1123.4</ele></trkpt><trkpt lat="46.17730179340107" lon="7.8015308334679965"><ele>1123.5</ele></trkpt><trkpt lat="46.17731079340088" lon="7.8015178334682975"><ele>1123.5</ele></trkpt><trkpt lat="46.17731079340088" lon="7.8015178334682975"><ele>1123.5</ele></trkpt><trkpt lat="46.17735679299528" lon="7.801465833143389"><ele>1125.6</ele></trkpt><trkpt lat="46.17741979243525" lon="7.801414832694179"><ele>1128.5</ele></trkpt><trkpt lat="46.17748279197159" lon="7.8013758323223055"><ele>1130.9</ele></trkpt><trkpt lat="46.17748279197159" lon="7.8013758323223055"><ele>1130.9</ele></trkpt><trkpt lat="46.17748279197155" lon="7.801349832322974"><ele>1130.9</ele></trkpt><trkpt lat="46.17748279197155" lon="7.801324832323621"><ele>1130.9</ele></trkpt><trkpt lat="46.177464791952616" lon="7.8013118323084845"><ele>1131.0</ele></trkpt><trkpt lat="46.177464791952616" lon="7.8013118323084845"><ele>1131.0</ele></trkpt><trkpt lat="46.17748279183665" lon="7.8012858322159335"><ele>1131.6</ele></trkpt><trkpt lat="46.177500791720604" lon="7.801220832124379"><ele>1132.2</ele></trkpt><trkpt lat="46.17753679145004" lon="7.801156831908529"><ele>1133.6</ele></trkpt><trkpt lat="46.177564791333886" lon="7.80113083181594"><ele>1134.2</ele></trkpt><trkpt lat="46.17759179129476" lon="7.801117831785131"><ele>1134.4</ele></trkpt><trkpt lat="46.17760979117874" lon="7.801078831692913"><ele>1135.0</ele></trkpt><trkpt lat="46.17763679102406" lon="7.801053831569254"><ele>1135.8</ele></trkpt><trkpt lat="46.17766379088863" lon="7.801040831460814"><ele>1136.5</ele></trkpt><trkpt lat="46.17769079073394" lon="7.801027831336843"><ele>1137.3</ele></trkpt><trkpt lat="46.17771779061778" lon="7.801014831243925"><ele>1137.9</ele></trkpt><trkpt lat="46.17774479055938" lon="7.801040831196579"><ele>1138.2</ele></trkpt><trkpt lat="46.177816790269" lon="7.801080830962395"><ele>1139.7</ele></trkpt><trkpt lat="46.17785179021056" lon="7.8011328309143435"><ele>1140.0</ele></trkpt><trkpt lat="46.177860790133295" lon="7.801158830851527"><ele>1140.4</ele></trkpt><trkpt lat="46.17791478997813" lon="7.80117183072679"><ele>1141.2</ele></trkpt><trkpt lat="46.177977789784194" lon="7.801197830570627"><ele>1142.2</ele></trkpt><trkpt lat="46.17801378964858" lon="7.801198830461788"><ele>1142.9</ele></trkpt><trkpt lat="46.178058789377864" lon="7.801159830245265"><ele>1144.3</ele></trkpt><trkpt lat="46.17808578926173" lon="7.801159830152008"><ele>1144.9</ele></trkpt><trkpt lat="46.178103789165064" lon="7.801185830073632"><ele>1145.4</ele></trkpt><trkpt lat="46.17812178908769" lon="7.8012378300101055"><ele>1145.8</ele></trkpt><trkpt lat="46.178139789068084" lon="7.801250829994176"><ele>1145.9</ele></trkpt><trkpt lat="46.17818478897086" lon="7.801276829915706"><ele>1146.4</ele></trkpt><trkpt lat="46.1782297888736" lon="7.8013038298372095"><ele>1146.9</ele></trkpt><trkpt lat="46.17827478877638" lon="7.801329829758735"><ele>1147.4</ele></trkpt><trkpt lat="46.178327788486335" lon="7.801381829524278"><ele>1148.9</ele></trkpt><trkpt lat="46.178345788389635" lon="7.801368829446917"><ele>1149.4</ele></trkpt><trkpt lat="46.17837278821564" lon="7.801368829307074"><ele>1150.3</ele></trkpt><trkpt lat="46.17839078808044" lon="7.80139482919764"><ele>1151.0</ele></trkpt><trkpt lat="46.178417788041315" lon="7.80139582916646"><ele>1151.2</ele></trkpt><trkpt lat="46.17844478790588" lon="7.801382829058019"><ele>1151.9</ele></trkpt><trkpt lat="46.1784807877125" lon="7.801382828902617"><ele>1152.9</ele></trkpt><trkpt lat="46.17849878759654" lon="7.801408828808702"><ele>1153.5</ele></trkpt><trkpt lat="46.17857078715201" lon="7.801473828449599"><ele>1155.8</ele></trkpt><trkpt lat="46.17862478690049" lon="7.801551828245491"><ele>1157.1</ele></trkpt><trkpt lat="46.17871478630131" lon="7.8015268277644685"><ele>1160.2</ele></trkpt><trkpt lat="46.17875978606915" lon="7.801487827579005"><ele>1161.4</ele></trkpt><trkpt lat="46.178786785721705" lon="7.801436827300759"><ele>1163.2</ele></trkpt><trkpt lat="46.17881378562461" lon="7.801332827225782"><ele>1163.7</ele></trkpt><trkpt lat="46.178831785508564" lon="7.801294827133559"><ele>1164.3</ele></trkpt><trkpt lat="46.17886878516093" lon="7.801255826854973"><ele>1166.1</ele></trkpt><trkpt lat="46.178922784832224" lon="7.801230826591481"><ele>1167.8</ele></trkpt><trkpt lat="46.178994784426" lon="7.801152826267233"><ele>1169.9</ele></trkpt><trkpt lat="46.17903978409746" lon="7.80114082600343"><ele>1171.6</ele></trkpt><trkpt lat="46.179048784020196" lon="7.801140825941291"><ele>1172.0</ele></trkpt><trkpt lat="46.179084783807546" lon="7.801153825770014"><ele>1173.1</ele></trkpt><trkpt lat="46.17912078365259" lon="7.8011408256460175"><ele>1173.9</ele></trkpt><trkpt lat="46.17916578347821" lon="7.801141825506086"><ele>1174.8</ele></trkpt><trkpt lat="46.179174783420244" lon="7.801128825459824"><ele>1175.1</ele></trkpt><trkpt lat="46.17920178338111" lon="7.801141825428323"><ele>1175.3</ele></trkpt><trkpt lat="46.17922878320715" lon="7.801141825288485"><ele>1176.2</ele></trkpt><trkpt lat="46.17927378293648" lon="7.801193825069547"><ele>1177.6</ele></trkpt><trkpt lat="46.1793177828007" lon="7.801219824960002"><ele>1178.3</ele></trkpt><trkpt lat="46.1793177828007" lon="7.801219824960002"><ele>1178.3</ele></trkpt><trkpt lat="46.17937178254909" lon="7.801220824757929"><ele>1179.6</ele></trkpt><trkpt lat="46.17940778225923" lon="7.801181824525939"><ele>1181.1</ele></trkpt><trkpt lat="46.17944478187301" lon="7.80114282421631"><ele>1183.1</ele></trkpt><trkpt lat="46.1795077812165" lon="7.8010918236895375"><ele>1186.5</ele></trkpt><trkpt lat="46.17955278113843" lon="7.801104823626916"><ele>1186.9</ele></trkpt><trkpt lat="46.17957978098375" lon="7.801117823502252"><ele>1187.7</ele></trkpt><trkpt lat="46.17959778086776" lon="7.801130823408669"><ele>1188.3</ele></trkpt><trkpt lat="46.1796427807127" lon="7.8011318232842655"><ele>1189.1</ele></trkpt><trkpt lat="46.179669780577214" lon="7.801131823175478"><ele>1189.8</ele></trkpt><trkpt lat="46.17969678036464" lon="7.801118823004934"><ele>1190.9</ele></trkpt><trkpt lat="46.179723780190606" lon="7.8010928228658"><ele>1191.8</ele></trkpt><trkpt lat="46.179768780016225" lon="7.801093822725864"><ele>1192.7</ele></trkpt><trkpt lat="46.17978677988096" lon="7.801106822616758"><ele>1193.4</ele></trkpt><trkpt lat="46.17982277978382" lon="7.8011068225389915"><ele>1193.9</ele></trkpt><trkpt lat="46.17992977926127" lon="7.8011078221193415"><ele>1196.6</ele></trkpt><trkpt lat="46.17997477914467" lon="7.801120822025665"><ele>1197.2</ele></trkpt><trkpt lat="46.18000177898987" lon="7.80109482190206"><ele>1198.0</ele></trkpt><trkpt lat="46.18005677862253" lon="7.801069821607526"><ele>1199.9</ele></trkpt><trkpt lat="46.18010977842871" lon="7.801069821452067"><ele>1200.9</ele></trkpt><trkpt lat="46.18016477829252" lon="7.801031821344217"><ele>1201.6</ele></trkpt><trkpt lat="46.18020977809888" lon="7.801018821189141"><ele>1202.6</ele></trkpt><trkpt lat="46.180236777924776" lon="7.800966821050729"><ele>1203.5</ele></trkpt><trkpt lat="46.180236777924776" lon="7.800966821050729"><ele>1203.5</ele></trkpt><trkpt lat="46.180272778078134" lon="7.8009418211755"><ele>1202.7</ele></trkpt><trkpt lat="46.18029077800059" lon="7.800915821114041"><ele>1203.1</ele></trkpt><trkpt lat="46.180317777865106" lon="7.800902821005615"><ele>1203.8</ele></trkpt><trkpt lat="46.18034477776818" lon="7.800889820928238"><ele>1204.3</ele></trkpt><trkpt lat="46.18038977770934" lon="7.8009038208811115"><ele>1204.6</ele></trkpt><trkpt lat="46.18042577770854" lon="7.800890820881339"><ele>1204.6</ele></trkpt><trkpt lat="46.18047977776514" lon="7.800851820928798"><ele>1204.3</ele></trkpt><trkpt lat="46.180524777648486" lon="7.80082682083616"><ele>1204.9</ele></trkpt><trkpt lat="46.18062377729924" lon="7.800684820560231"><ele>1206.7</ele></trkpt><trkpt lat="46.18066077718275" lon="7.800645820468014"><ele>1207.3</ele></trkpt><trkpt lat="46.180687777162845" lon="7.8006208204530765"><ele>1207.4</ele></trkpt><trkpt lat="46.18072377712352" lon="7.800607820422257"><ele>1207.6</ele></trkpt><trkpt lat="46.18075977696857" lon="7.800607820297914"><ele>1208.4</ele></trkpt><trkpt lat="46.1807957769678" lon="7.800633820297067"><ele>1208.4</ele></trkpt><trkpt lat="46.180830776889955" lon="7.800659820234119"><ele>1208.8</ele></trkpt><trkpt lat="46.1808577767545" lon="7.800698820124258"><ele>1209.5</ele></trkpt><trkpt lat="46.18088477669622" lon="7.800738820076475"><ele>1209.8</ele></trkpt><trkpt lat="46.18093877638685" lon="7.800854819824647"><ele>1211.4</ele></trkpt><trkpt lat="46.18100977598075" lon="7.800959819495416"><ele>1213.5</ele></trkpt><trkpt lat="46.18113577561196" lon="7.801102819195973"><ele>1215.4</ele></trkpt><trkpt lat="46.181332774856344" lon="7.8013108185838895"><ele>1219.3</ele></trkpt><trkpt lat="46.18144077477693" lon="7.801376818519545"><ele>1219.7</ele></trkpt><trkpt lat="46.18154877452407" lon="7.801428818315836"><ele>1221.0</ele></trkpt><trkpt lat="46.18164777450263" lon="7.801455818299192"><ele>1221.1</ele></trkpt><trkpt lat="46.181754774230455" lon="7.801469818081011"><ele>1222.5</ele></trkpt><trkpt lat="46.1818627741124" lon="7.80145681798781"><ele>1223.1</ele></trkpt><trkpt lat="46.18192577405315" lon="7.801470817940601"><ele>1223.4</ele></trkpt><trkpt lat="46.18198877405183" lon="7.801522817938919"><ele>1223.4</ele></trkpt><trkpt lat="46.18206977379959" lon="7.801587817734928"><ele>1224.7</ele></trkpt><trkpt lat="46.182159773508644" lon="7.801691817498753"><ele>1226.2</ele></trkpt><trkpt lat="46.182221773218274" lon="7.801769817263401"><ele>1227.7</ele></trkpt><trkpt lat="46.18229377317817" lon="7.80182281723059"><ele>1227.9</ele></trkpt><trkpt lat="46.18261677234251" lon="7.8020578165550205"><ele>1232.2</ele></trkpt><trkpt lat="46.182706772340616" lon="7.802148816552128"><ele>1232.2</ele></trkpt><trkpt lat="46.182787772300216" lon="7.80216281652037"><ele>1232.4</ele></trkpt><trkpt lat="46.18285077241447" lon="7.802149816613691"><ele>1231.8</ele></trkpt><trkpt lat="46.182904772316846" lon="7.802124816536545"><ele>1232.3</ele></trkpt><trkpt lat="46.1829587722385" lon="7.8021118164745875"><ele>1232.7</ele></trkpt><trkpt lat="46.18299477223773" lon="7.802137816473723"><ele>1232.7</ele></trkpt><trkpt lat="46.18304777214026" lon="7.802202816394045"><ele>1233.2</ele></trkpt><trkpt lat="46.18311077211958" lon="7.802229816377517"><ele>1233.3</ele></trkpt><trkpt lat="46.1831917720407" lon="7.802229816315098"><ele>1233.7</ele></trkpt><trkpt lat="46.183272771961725" lon="7.802191816253749"><ele>1234.1</ele></trkpt><trkpt lat="46.18339977193941" lon="7.802101816240285"><ele>1234.2</ele></trkpt><trkpt lat="46.18347177184133" lon="7.802050816163804"><ele>1234.7</ele></trkpt><trkpt lat="46.18355277160823" lon="7.802063815976776"><ele>1235.9</ele></trkpt><trkpt lat="46.18363277125957" lon="7.802116815695436"><ele>1237.7</ele></trkpt><trkpt lat="46.18374977046689" lon="7.802285815053456"><ele>1241.8</ele></trkpt><trkpt lat="46.183803770157354" lon="7.802337814803279"><ele>1243.4</ele></trkpt><trkpt lat="46.18389376967342" lon="7.802350814414299"><ele>1245.9</ele></trkpt><trkpt lat="46.18407276860921" lon="7.80236581355899"><ele>1251.4</ele></trkpt><trkpt lat="46.184135768318654" lon="7.802404813324667"><ele>1252.9</ele></trkpt><trkpt lat="46.18422576793113" lon="7.802443813012586"><ele>1254.9</ele></trkpt><trkpt lat="46.18431576752426" lon="7.802457812685687"><ele>1257.0</ele></trkpt><trkpt lat="46.18437876727225" lon="7.802457812483539"><ele>1258.3</ele></trkpt><trkpt lat="46.184486766807126" lon="7.802458812110353"><ele>1260.7</ele></trkpt><trkpt lat="46.184558766381336" lon="7.802420811769485"><ele>1262.9</ele></trkpt><trkpt lat="46.18463976599389" lon="7.802394811459302"><ele>1264.9</ele></trkpt><trkpt lat="46.184747765490215" lon="7.8024088110546765"><ele>1267.5</ele></trkpt><trkpt lat="46.18480176516124" lon="7.802408810790436"><ele>1269.2</ele></trkpt><trkpt lat="46.184837764601376" lon="7.80240981033986"><ele>1272.1</ele></trkpt><trkpt lat="46.184909764310646" lon="7.802461810105102"><ele>1273.6</ele></trkpt><trkpt lat="46.18494576402062" lon="7.802448809872371"><ele>1275.1</ele></trkpt><trkpt lat="46.18499076380753" lon="7.802461809700975"><ele>1276.2</ele></trkpt><trkpt lat="46.18502676355612" lon="7.802488809498136"><ele>1277.5</ele></trkpt><trkpt lat="46.185062763362495" lon="7.802501809342303"><ele>1278.5</ele></trkpt><trkpt lat="46.18507976324649" lon="7.802527809248288"><ele>1279.1</ele></trkpt><trkpt lat="46.18510676301462" lon="7.802579809060278"><ele>1280.3</ele></trkpt><trkpt lat="46.185124762879276" lon="7.802592808951109"><ele>1281.0</ele></trkpt><trkpt lat="46.18515176272444" lon="7.802605808826368"><ele>1281.8</ele></trkpt><trkpt lat="46.18517876253102" lon="7.802618808670565"><ele>1282.8</ele></trkpt><trkpt lat="46.18523276220202" lon="7.802605808406698"><ele>1284.5</ele></trkpt><trkpt lat="46.18525076204737" lon="7.802580808283107"><ele>1285.3</ele></trkpt><trkpt lat="46.18525076187386" lon="7.802567808143701"><ele>1286.2</ele></trkpt><trkpt lat="46.18519676137382" lon="7.802502807742001"><ele>1288.8</ele></trkpt><trkpt lat="46.18518876127755" lon="7.802476807665139"><ele>1289.3</ele></trkpt><trkpt lat="46.18519776121952" lon="7.802463807618895"><ele>1289.6</ele></trkpt><trkpt lat="46.18523376100663" lon="7.802463807447912"><ele>1290.7</ele></trkpt><trkpt lat="46.1852607608132" lon="7.802463807292488"><ele>1291.7</ele></trkpt><trkpt lat="46.18530476050375" lon="7.802502807042661"><ele>1293.3</ele></trkpt><trkpt lat="46.18543075994171" lon="7.802503806591726"><ele>1296.2</ele></trkpt><trkpt lat="46.18546675988306" lon="7.802529806544221"><ele>1296.5</ele></trkpt><trkpt lat="46.185493759824716" lon="7.802594806495592"><ele>1296.8</ele></trkpt><trkpt lat="46.185511759843685" lon="7.802685806508353"><ele>1296.7</ele></trkpt><trkpt lat="46.185529759824064" lon="7.80273780649121"><ele>1296.8</ele></trkpt><trkpt lat="46.18555575978491" lon="7.802763806459271"><ele>1297.0</ele></trkpt><trkpt lat="46.18572675908709" lon="7.802920805894773"><ele>1300.6</ele></trkpt><trkpt lat="46.1857627589513" lon="7.802933805785518"><ele>1301.3</ele></trkpt><trkpt lat="46.185807758796" lon="7.802933805661078"><ele>1302.1</ele></trkpt><trkpt lat="46.185825758756984" lon="7.8029338056299435"><ele>1302.3</ele></trkpt><trkpt lat="46.18584375871803" lon="7.802933805598806"><ele>1302.5</ele></trkpt><trkpt lat="46.185861758640506" lon="7.802946805536221"><ele>1302.9</ele></trkpt><trkpt lat="46.18590675848525" lon="7.802986805410587"><ele>1303.7</ele></trkpt><trkpt lat="46.18595075834928" lon="7.803012805300913"><ele>1304.4</ele></trkpt><trkpt lat="46.185977758310095" lon="7.8030258052693515"><ele>1304.6</ele></trkpt><trkpt lat="46.18598675830987" lon="7.803012805269705"><ele>1304.6</ele></trkpt><trkpt lat="46.186004758270876" lon="7.802999805238958"><ele>1304.8</ele></trkpt><trkpt lat="46.186023758135384" lon="7.802960805131319"><ele>1305.5</ele></trkpt><trkpt lat="46.18604175799994" lon="7.8029228050236545"><ele>1306.2</ele></trkpt><trkpt lat="46.18607775767124" lon="7.802857804761401"><ele>1307.9</ele></trkpt><trkpt lat="46.18612275774726" lon="7.802832804824107"><ele>1307.5</ele></trkpt><trkpt lat="46.18616775768831" lon="7.802819804777721"><ele>1307.8</ele></trkpt><trkpt lat="46.18619475761058" lon="7.802832804715095"><ele>1308.2</ele></trkpt><trkpt lat="46.18622175757138" lon="7.802832804683927"><ele>1308.4</ele></trkpt><trkpt lat="46.18625775741628" lon="7.802858804558748"><ele>1309.2</ele></trkpt><trkpt lat="46.186293757242005" lon="7.802910804417252"><ele>1310.1</ele></trkpt><trkpt lat="46.1863207570486" lon="7.802924804261397"><ele>1311.1</ele></trkpt><trkpt lat="46.18633775695183" lon="7.8029508041828874"><ele>1311.6</ele></trkpt><trkpt lat="46.18633775689399" lon="7.8029638041359"><ele>1311.9</ele></trkpt><trkpt lat="46.18635575679722" lon="7.80300280405699"><ele>1312.4</ele></trkpt><trkpt lat="46.18636475668142" lon="7.803040803962614"><ele>1313.0</ele></trkpt><trkpt lat="46.18637375658481" lon="7.8030538038845245"><ele>1313.5</ele></trkpt><trkpt lat="46.18644575631318" lon="7.8030808036659645"><ele>1314.9</ele></trkpt><trkpt lat="46.18644575631318" lon="7.8030808036659645"><ele>1314.9</ele></trkpt><trkpt lat="46.1864997563698" lon="7.803132803710788"><ele>1314.6</ele></trkpt><trkpt lat="46.18653575642677" lon="7.803132803757245"><ele>1314.3</ele></trkpt><trkpt lat="46.18656275648397" lon="7.803145803803348"><ele>1314.0</ele></trkpt><trkpt lat="46.18660775650221" lon="7.803159803818286"><ele>1313.9</ele></trkpt><trkpt lat="46.18666175636601" lon="7.8031858037085575"><ele>1314.6</ele></trkpt><trkpt lat="46.18668775628827" lon="7.803198803645929"><ele>1315.0</ele></trkpt><trkpt lat="46.186714756384056" lon="7.8032118037231015"><ele>1314.5</ele></trkpt><trkpt lat="46.18675075649884" lon="7.803224803815772"><ele>1313.9</ele></trkpt><trkpt lat="46.18679575657492" lon="7.803212803878091"><ele>1313.5</ele></trkpt><trkpt lat="46.18685875672763" lon="7.803238804001335"><ele>1312.7</ele></trkpt><trkpt lat="46.186912756899844" lon="7.803225804141312"><ele>1311.8</ele></trkpt><trkpt lat="46.18697575739958" lon="7.803187804546082"><ele>1309.2</ele></trkpt><trkpt lat="46.18703975685813" lon="7.803136804112426"><ele>1312.0</ele></trkpt><trkpt lat="46.187102756644485" lon="7.803123803941699"><ele>1313.1</ele></trkpt><trkpt lat="46.1871827562955" lon="7.803124803661751"><ele>1314.9</ele></trkpt><trkpt lat="46.18726375610076" lon="7.803150803505312"><ele>1315.9</ele></trkpt><trkpt lat="46.18733575565561" lon="7.803176803146977"><ele>1318.2</ele></trkpt><trkpt lat="46.18738075550029" lon="7.803177803022499"><ele>1319.0</ele></trkpt><trkpt lat="46.1874347552483" lon="7.80316480282074"><ele>1320.3</ele></trkpt><trkpt lat="46.187443755132314" lon="7.8031258027286805"><ele>1320.9</ele></trkpt><trkpt lat="46.18745275503571" lon="7.803100802651735"><ele>1321.4</ele></trkpt><trkpt lat="46.187453754784855" lon="7.803009802452554"><ele>1322.7</ele></trkpt><trkpt lat="46.18744475424506" lon="7.802918802020419"><ele>1325.5</ele></trkpt><trkpt lat="46.18743575368594" lon="7.802827801572765"><ele>1328.4</ele></trkpt><trkpt lat="46.187445753087836" lon="7.802724801094348"><ele>1331.5</ele></trkpt><trkpt lat="46.18746375262448" lon="7.8026338007242755"><ele>1333.9</ele></trkpt><trkpt lat="46.18750875214124" lon="7.802556800338146"><ele>1336.4</ele></trkpt><trkpt lat="46.18757175175397" lon="7.802517800028446"><ele>1338.4</ele></trkpt><trkpt lat="46.18760775163738" lon="7.802505799935479"><ele>1339.0</ele></trkpt><trkpt lat="46.18765275136638" lon="7.802531799717054"><ele>1340.4</ele></trkpt><trkpt lat="46.18772475095973" lon="7.80254479939019"><ele>1342.5</ele></trkpt><trkpt lat="46.187778750823476" lon="7.802571799280416"><ele>1343.2</ele></trkpt><trkpt lat="46.18779675070735" lon="7.80257179918715"><ele>1343.8</ele></trkpt><trkpt lat="46.18779675045656" lon="7.802519798986833"><ele>1345.1</ele></trkpt><trkpt lat="46.18776975009081" lon="7.802454798693841"><ele>1347.0</ele></trkpt><trkpt lat="46.18773474964803" lon="7.802376798339154"><ele>1349.3</ele></trkpt><trkpt lat="46.18768074916723" lon="7.802298797953496"><ele>1351.8</ele></trkpt><trkpt lat="46.18766274909051" lon="7.8022857978918445"><ele>1352.2</ele></trkpt><trkpt lat="46.18763574889832" lon="7.802259797737445"><ele>1353.2</ele></trkpt><trkpt lat="46.187626748686384" lon="7.802220797567846"><ele>1354.3</ele></trkpt><trkpt lat="46.18758174849466" lon="7.802194797413524"><ele>1355.3</ele></trkpt><trkpt lat="46.18756374820581" lon="7.80215579718184"><ele>1356.8</ele></trkpt><trkpt lat="46.18759974812781" lon="7.802142797119977"><ele>1357.2</ele></trkpt><trkpt lat="46.18766274783699" lon="7.802142796886754"><ele>1358.7</ele></trkpt><trkpt lat="46.187707747546625" lon="7.802143796653573"><ele>1360.2</ele></trkpt><trkpt lat="46.18775374741045" lon="7.802104796545883"><ele>1360.9</ele></trkpt><trkpt lat="46.18772674729541" lon="7.802091796453214"><ele>1361.5</ele></trkpt><trkpt lat="46.18769974716106" lon="7.802078796345011"><ele>1362.2</ele></trkpt><trkpt lat="46.18765474696932" lon="7.802052796190697"><ele>1363.2</ele></trkpt><trkpt lat="46.1876367468348" lon="7.802039796082461"><ele>1363.9</ele></trkpt><trkpt lat="46.18763674673837" lon="7.802013796005619"><ele>1364.4</ele></trkpt><trkpt lat="46.187699746235346" lon="7.801961795603193"><ele>1367.0</ele></trkpt><trkpt lat="46.18769074611986" lon="7.801935795510864"><ele>1367.6</ele></trkpt><trkpt lat="46.187645745773835" lon="7.801883795233126"><ele>1369.4</ele></trkpt><trkpt lat="46.187645745773835" lon="7.801883795233126"><ele>1369.4</ele></trkpt><trkpt lat="46.187600745505016" lon="7.801857795016702"><ele>1370.8</ele></trkpt><trkpt lat="46.1875467452171" lon="7.8018447947843725"><ele>1372.3</ele></trkpt><trkpt lat="46.18749374489058" lon="7.801818794521396"><ele>1374.0</ele></trkpt><trkpt lat="46.18746674467918" lon="7.801804794351112"><ele>1375.1</ele></trkpt><trkpt lat="46.18745774460221" lon="7.801791794289438"><ele>1375.5</ele></trkpt><trkpt lat="46.18747574438961" lon="7.801753794119734"><ele>1376.6</ele></trkpt><trkpt lat="46.18751174419588" lon="7.801727793965106"><ele>1377.6</ele></trkpt><trkpt lat="46.1875927438274" lon="7.8016897936709055"><ele>1379.5</ele></trkpt><trkpt lat="46.18762874363366" lon="7.80167679351587"><ele>1380.5</ele></trkpt><trkpt lat="46.1876917432657" lon="7.801650793221367"><ele>1382.4</ele></trkpt><trkpt lat="46.187727743149" lon="7.801612793129246"><ele>1383.0</ele></trkpt><trkpt lat="46.18778174310892" lon="7.801534793100443"><ele>1383.2</ele></trkpt><trkpt lat="46.18785374302989" lon="7.801496793039232"><ele>1383.6</ele></trkpt><trkpt lat="46.1878987427588" lon="7.80147179282243"><ele>1385.0</ele></trkpt><trkpt lat="46.18795274250678" lon="7.801484792619904"><ele>1386.3</ele></trkpt><trkpt lat="46.18800674211977" lon="7.801497792308681"><ele>1388.3</ele></trkpt><trkpt lat="46.1880337418877" lon="7.801497792122212"><ele>1389.5</ele></trkpt><trkpt lat="46.188141741074986" lon="7.801433791471575"><ele>1393.7</ele></trkpt><trkpt lat="46.188141741074986" lon="7.801433791471575"><ele>1393.7</ele></trkpt><trkpt lat="46.18816074101656" lon="7.801382791426537"><ele>1394.0</ele></trkpt><trkpt lat="46.18816074095862" lon="7.801330791381611"><ele>1394.3</ele></trkpt><trkpt lat="46.1881697409583" lon="7.801278791383241"><ele>1394.3</ele></trkpt><trkpt lat="46.18818774095777" lon="7.801226791384826"><ele>1394.3</ele></trkpt><trkpt lat="46.18821474095697" lon="7.80118879138593"><ele>1394.3</ele></trkpt><trkpt lat="46.18825974089793" lon="7.801149791340407"><ele>1394.6</ele></trkpt><trkpt lat="46.18831374068442" lon="7.8011247911701656"><ele>1395.7</ele></trkpt><trkpt lat="46.1883497405485" lon="7.801098791062149"><ele>1396.4</ele></trkpt><trkpt lat="46.18838574043183" lon="7.801085790969244"><ele>1397.0</ele></trkpt><trkpt lat="46.18840474031561" lon="7.801046790877245"><ele>1397.6</ele></trkpt><trkpt lat="46.18842274031502" lon="7.800982790879221"><ele>1397.6</ele></trkpt><trkpt lat="46.18846774031375" lon="7.800917790881121"><ele>1397.6</ele></trkpt><trkpt lat="46.188530740080616" lon="7.800866790696156"><ele>1398.8</ele></trkpt><trkpt lat="46.1885757398866" lon="7.800827790541944"><ele>1399.8</ele></trkpt><trkpt lat="46.18862073971184" lon="7.80078979040322"><ele>1400.7</ele></trkpt><trkpt lat="46.18864773959538" lon="7.800750790311195"><ele>1401.3</ele></trkpt><trkpt lat="46.188675739594565" lon="7.800711790312334"><ele>1401.3</ele></trkpt><trkpt lat="46.188693739516964" lon="7.800699790250536"><ele>1401.7</ele></trkpt><trkpt lat="46.18871173942008" lon="7.8007127901724"><ele>1402.2</ele></trkpt><trkpt lat="46.18873773941944" lon="7.800712790172288"><ele>1402.2</ele></trkpt><trkpt lat="46.18874673941921" lon="7.800712790172256"><ele>1402.2</ele></trkpt><trkpt lat="46.18875673941892" lon="7.800686790173052"><ele>1402.2</ele></trkpt><trkpt lat="46.1887747392255" lon="7.800647790018951"><ele>1403.2</ele></trkpt><trkpt lat="46.18878373912884" lon="7.800609789942503"><ele>1403.7</ele></trkpt><trkpt lat="46.188783739032274" lon="7.800544789866959"><ele>1404.2</ele></trkpt><trkpt lat="46.188801738916034" lon="7.8004927897753955"><ele>1404.8</ele></trkpt><trkpt lat="46.18883773876071" lon="7.8004417896526705"><ele>1405.6</ele></trkpt><trkpt lat="46.18891973833421" lon="7.80033778931409"><ele>1407.8</ele></trkpt><trkpt lat="46.18893773821794" lon="7.800273789222924"><ele>1408.4</ele></trkpt><trkpt lat="46.18898273786953" lon="7.800182788946196"><ele>1410.2</ele></trkpt><trkpt lat="46.18900073769542" lon="7.800144788807609"><ele>1411.1</ele></trkpt><trkpt lat="46.18902773761758" lon="7.800144788745393"><ele>1411.5</ele></trkpt><trkpt lat="46.18902773761758" lon="7.800144788745393"><ele>1411.5</ele></trkpt><trkpt lat="46.18909073761598" lon="7.8001577887447064"><ele>1411.5</ele></trkpt><trkpt lat="46.18909073761598" lon="7.8001577887447064"><ele>1411.5</ele></trkpt><trkpt lat="46.189135737421964" lon="7.800158788589224"><ele>1412.5</ele></trkpt><trkpt lat="46.18915373730581" lon="7.800171788495566"><ele>1413.1</ele></trkpt><trkpt lat="46.18918073701588" lon="7.800210788261285"><ele>1414.6</ele></trkpt><trkpt lat="46.189189736957935" lon="7.800262788212979"><ele>1414.9</ele></trkpt><trkpt lat="46.18919873684199" lon="7.8002887881189364"><ele>1415.5</ele></trkpt><trkpt lat="46.18920773670688" lon="7.800313788009398"><ele>1416.2</ele></trkpt><trkpt lat="46.18920673657192" lon="7.800352787899445"><ele>1416.9</ele></trkpt><trkpt lat="46.18919773632157" lon="7.800404787695937"><ele>1418.2</ele></trkpt><trkpt lat="46.18919773609021" lon="7.800456787507916"><ele>1419.4</ele></trkpt><trkpt lat="46.189197735820386" lon="7.800521787288415"><ele>1420.8</ele></trkpt><trkpt lat="46.189188735647065" lon="7.800559787147469"><ele>1421.7</ele></trkpt><trkpt lat="46.189178734914904" lon="7.80075478655108"><ele>1425.5</ele></trkpt><trkpt lat="46.18918773483754" lon="7.800767786488506"><ele>1425.9</ele></trkpt><trkpt lat="46.18918773476047" lon="7.800793786425542"><ele>1426.3</ele></trkpt><trkpt lat="46.18920573462501" lon="7.800819786315915"><ele>1427.0</ele></trkpt><trkpt lat="46.189214734489866" lon="7.8008587862059064"><ele>1427.7</ele></trkpt><trkpt lat="46.189232734431556" lon="7.800871786158817"><ele>1428.0</ele></trkpt><trkpt lat="46.18927673421841" lon="7.80094978598526"><ele>1429.1</ele></trkpt><trkpt lat="46.18929473417942" lon="7.800975785953276"><ele>1429.3</ele></trkpt><trkpt lat="46.18931273412114" lon="7.80101478590533"><ele>1429.6</ele></trkpt><trkpt lat="46.18934873390818" lon="7.801066785732656"><ele>1430.7</ele></trkpt><trkpt lat="46.189366733753445" lon="7.801092785607496"><ele>1431.5</ele></trkpt><trkpt lat="46.18938473356024" lon="7.801118785451277"><ele>1432.5</ele></trkpt><trkpt lat="46.18939373344426" lon="7.801131785357639"><ele>1433.1</ele></trkpt><trkpt lat="46.18941173344385" lon="7.8011707853562795"><ele>1433.1</ele></trkpt><trkpt lat="46.18942973342414" lon="7.801196785339818"><ele>1433.2</ele></trkpt><trkpt lat="46.18942973342414" lon="7.801196785339818"><ele>1433.2</ele></trkpt><trkpt lat="46.18945673340417" lon="7.8012227853233185"><ele>1433.3</ele></trkpt><trkpt lat="46.1894647333848" lon="7.801274785306044"><ele>1433.4</ele></trkpt><trkpt lat="46.18948273334583" lon="7.8013137852736225"><ele>1433.6</ele></trkpt><trkpt lat="46.18948273330729" lon="7.8013267852421375"><ele>1433.8</ele></trkpt><trkpt lat="46.189491733114366" lon="7.801442785082983"><ele>1434.8</ele></trkpt><trkpt lat="46.18950073297927" lon="7.801507784972095"><ele>1435.5</ele></trkpt><trkpt lat="46.189490732883264" lon="7.801598784891486"><ele>1436.0</ele></trkpt><trkpt lat="46.189481732729334" lon="7.801662784765172"><ele>1436.8</ele></trkpt><trkpt lat="46.1894637324214" lon="7.801753784513763"><ele>1438.4</ele></trkpt><trkpt lat="46.18946373220937" lon="7.801818784340782"><ele>1439.5</ele></trkpt><trkpt lat="46.1894807318235" lon="7.801960784025396"><ele>1441.5</ele></trkpt><trkpt lat="46.18949873166879" lon="7.801999783899775"><ele>1442.3</ele></trkpt><trkpt lat="46.189516731417676" lon="7.8020387836965055"><ele>1443.6</ele></trkpt><trkpt lat="46.18952573122465" lon="7.802077783539864"><ele>1444.6</ele></trkpt><trkpt lat="46.189534731070175" lon="7.802116783414283"><ele>1445.4</ele></trkpt><trkpt lat="46.18955173091555" lon="7.802155783288665"><ele>1446.2</ele></trkpt><trkpt lat="46.189578730818475" lon="7.802194783209596"><ele>1446.7</ele></trkpt><trkpt lat="46.18960573068289" lon="7.802259783098599"><ele>1447.4</ele></trkpt><trkpt lat="46.18962373056677" lon="7.802311783003601"><ele>1448.0</ele></trkpt><trkpt lat="46.189650730488985" lon="7.802337782940497"><ele>1448.4</ele></trkpt><trkpt lat="46.18966873044997" lon="7.802350782908922"><ele>1448.6</ele></trkpt><trkpt lat="46.18969573029505" lon="7.802389782783255"><ele>1449.4</ele></trkpt><trkpt lat="46.18971373023674" lon="7.802428782735283"><ele>1449.7</ele></trkpt><trkpt lat="46.189730730062884" lon="7.802519782592389"><ele>1450.6</ele></trkpt><trkpt lat="46.18974872998532" lon="7.802545782529316"><ele>1451.0</ele></trkpt><trkpt lat="46.18977572994607" lon="7.802571782497264"><ele>1451.2</ele></trkpt><trkpt lat="46.189811729752385" lon="7.802649782339189"><ele>1452.2</ele></trkpt><trkpt lat="46.18982072967502" lon="7.802675782276152"><ele>1452.6</ele></trkpt><trkpt lat="46.189820729617246" lon="7.8027017822286835"><ele>1452.9</ele></trkpt><trkpt lat="46.1898377293855" lon="7.802779782039614"><ele>1454.1</ele></trkpt><trkpt lat="46.18984672923104" lon="7.802805781914447"><ele>1454.9</ele></trkpt><trkpt lat="46.1898377290578" lon="7.802843781773416"><ele>1455.8</ele></trkpt><trkpt lat="46.18984672888403" lon="7.8028957816318405"><ele>1456.7</ele></trkpt><trkpt lat="46.189855728729604" lon="7.802947781505796"><ele>1457.5</ele></trkpt><trkpt lat="46.18986472857513" lon="7.802973781380623"><ele>1458.3</ele></trkpt><trkpt lat="46.18987372836285" lon="7.803012781208408"><ele>1459.4</ele></trkpt><trkpt lat="46.18989972801517" lon="7.803116780925205"><ele>1461.2</ele></trkpt><trkpt lat="46.189917727821964" lon="7.803181780767606"><ele>1462.2</ele></trkpt><trkpt lat="46.189926727474756" lon="7.803271780484934"><ele>1464.0</ele></trkpt><trkpt lat="46.18994372724299" lon="7.803336780296263"><ele>1465.2</ele></trkpt><trkpt lat="46.18996172704973" lon="7.803388780139091"><ele>1466.2</ele></trkpt><trkpt lat="46.189979726779384" lon="7.803453779919343"><ele>1467.6</ele></trkpt><trkpt lat="46.18998872650928" lon="7.803557779698311"><ele>1469.0</ele></trkpt><trkpt lat="46.18999772643202" lon="7.803596779634814"><ele>1469.4</ele></trkpt><trkpt lat="46.190005726007755" lon="7.803738779288214"><ele>1471.6</ele></trkpt><trkpt lat="46.19002372583381" lon="7.803777779147002"><ele>1472.5</ele></trkpt><trkpt lat="46.190059725524385" lon="7.803855778895639"><ele>1474.1</ele></trkpt><trkpt lat="46.190077725427514" lon="7.803894778816561"><ele>1474.6</ele></trkpt><trkpt lat="46.19012172509862" lon="7.80397277854962"><ele>1476.3</ele></trkpt><trkpt lat="46.19015772475061" lon="7.804050778267171"><ele>1478.1</ele></trkpt><trkpt lat="46.19020272442168" lon="7.8041287780002095"><ele>1479.8</ele></trkpt><trkpt lat="46.19024772407345" lon="7.804193777718155"><ele>1481.6</ele></trkpt><trkpt lat="46.19029172374446" lon="7.804232777452514"><ele>1483.3</ele></trkpt><trkpt lat="46.190507722639516" lon="7.804350776561961"><ele>1489.0</ele></trkpt><trkpt lat="46.19059772223201" lon="7.804364776234814"><ele>1491.1</ele></trkpt><trkpt lat="46.19069672165079" lon="7.804378775767798"><ele>1494.1</ele></trkpt><trkpt lat="46.19075072134069" lon="7.804365775519418"><ele>1495.7</ele></trkpt><trkpt lat="46.19077772120491" lon="7.804352775410991"><ele>1496.4</ele></trkpt><trkpt lat="46.190741721013" lon="7.804313775257129"><ele>1497.4</ele></trkpt><trkpt lat="46.19065172053315" lon="7.804222774872256"><ele>1499.9</ele></trkpt><trkpt lat="46.19058071995627" lon="7.804079774411428"><ele>1502.9</ele></trkpt><trkpt lat="46.190509718761845" lon="7.803716773461125"><ele>1509.1</ele></trkpt><trkpt lat="46.19049171829921" lon="7.803573773093339"><ele>1511.5</ele></trkpt><trkpt lat="46.19050171814463" lon="7.803547772969926"><ele>1512.3</ele></trkpt><trkpt lat="46.19051071808644" lon="7.803534772923731"><ele>1512.6</ele></trkpt><trkpt lat="46.19052871808599" lon="7.803547772923199"><ele>1512.6</ele></trkpt><trkpt lat="46.190527717970404" lon="7.8035997728281865"><ele>1513.2</ele></trkpt><trkpt lat="46.1905457177964" lon="7.803638772686935"><ele>1514.1</ele></trkpt><trkpt lat="46.19062671717715" lon="7.803717772186701"><ele>1517.3</ele></trkpt><trkpt lat="46.19067171692522" lon="7.803756771983184"><ele>1518.6</ele></trkpt><trkpt lat="46.19073471651857" lon="7.803821771654392"><ele>1520.7</ele></trkpt><trkpt lat="46.19078771617" lon="7.803847771373607"><ele>1522.5</ele></trkpt><trkpt lat="46.19089571553062" lon="7.803913770858138"><ele>1525.8</ele></trkpt><trkpt lat="46.19090471551111" lon="7.803913770842561"><ele>1525.9</ele></trkpt><trkpt lat="46.19090471547247" lon="7.8038877708124055"><ele>1526.1</ele></trkpt><trkpt lat="46.19084271495332" lon="7.803796770396435"><ele>1528.8</ele></trkpt><trkpt lat="46.1908247146258" lon="7.8037187701351645"><ele>1530.5</ele></trkpt><trkpt lat="46.19080671433694" lon="7.803666769904057"><ele>1532.0</ele></trkpt><trkpt lat="46.19077071414493" lon="7.803627769750244"><ele>1533.0</ele></trkpt><trkpt lat="46.1907437140107" lon="7.803588769643002"><ele>1533.7</ele></trkpt><trkpt lat="46.19072671383741" lon="7.8035107695060235"><ele>1534.6</ele></trkpt><trkpt lat="46.19069971356808" lon="7.803432769291423"><ele>1536.0</ele></trkpt><trkpt lat="46.19069071329818" lon="7.803380769075825"><ele>1537.4</ele></trkpt><trkpt lat="46.19067271320217" lon="7.803315769000537"><ele>1537.9</ele></trkpt><trkpt lat="46.190672712970674" lon="7.803276768815509"><ele>1539.1</ele></trkpt><trkpt lat="46.190664712816485" lon="7.803212768693548"><ele>1539.9</ele></trkpt><trkpt lat="46.19058471168019" lon="7.80284876779038"><ele>1545.8</ele></trkpt><trkpt lat="46.19059371108165" lon="7.8026287673166665"><ele>1548.9</ele></trkpt><trkpt lat="46.190585710908216" lon="7.802563767179237"><ele>1549.8</ele></trkpt><trkpt lat="46.1905407105814" lon="7.802447766919543"><ele>1551.5</ele></trkpt><trkpt lat="46.19054071050421" lon="7.80240876685881"><ele>1551.9</ele></trkpt><trkpt lat="46.1905497104074" lon="7.802356766782971"><ele>1552.4</ele></trkpt><trkpt lat="46.190549710310925" lon="7.802317766706707"><ele>1552.9</ele></trkpt><trkpt lat="46.19055071013717" lon="7.802252766569241"><ele>1553.8</ele></trkpt><trkpt lat="46.19053270980967" lon="7.802162766308517"><ele>1555.5</ele></trkpt><trkpt lat="46.19053270973245" lon="7.802123766247792"><ele>1555.9</ele></trkpt><trkpt lat="46.19052370952044" lon="7.802058766079319"><ele>1557.0</ele></trkpt><trkpt lat="46.1905337091149" lon="7.801915765758263"><ele>1559.1</ele></trkpt><trkpt lat="46.1905427089409" lon="7.801838765621211"><ele>1560.0</ele></trkpt><trkpt lat="46.190560708882465" lon="7.801812765575469"><ele>1560.3</ele></trkpt><trkpt lat="46.190587708727385" lon="7.8017737654525074"><ele>1561.1</ele></trkpt><trkpt lat="46.190623708572026" lon="7.801761765328534"><ele>1561.9</ele></trkpt><trkpt lat="46.19065070845543" lon="7.801722765236632"><ele>1562.5</ele></trkpt><trkpt lat="46.19070570828016" lon="7.801645765099379"><ele>1563.4</ele></trkpt><trkpt lat="46.19076870800812" lon="7.801567764884481"><ele>1564.8</ele></trkpt><trkpt lat="46.190804707814166" lon="7.801516764730857"><ele>1565.8</ele></trkpt><trkpt lat="46.19083170746616" lon="7.8014647644530815"><ele>1567.6</ele></trkpt><trkpt lat="46.19084970727258" lon="7.801374764300951"><ele>1568.6</ele></trkpt><trkpt lat="46.19086870705969" lon="7.801270764133806"><ele>1569.7</ele></trkpt><trkpt lat="46.190886706827534" lon="7.801192763950193"><ele>1570.9</ele></trkpt><trkpt lat="46.19089570661507" lon="7.8011417637811835"><ele>1572.0</ele></trkpt><trkpt lat="46.1909137064216" lon="7.8010897636277"><ele>1573.0</ele></trkpt><trkpt lat="46.19093170620883" lon="7.801050763458216"><ele>1574.1</ele></trkpt><trkpt lat="46.19093170611235" lon="7.801024763381514"><ele>1574.6</ele></trkpt><trkpt lat="46.19095070589956" lon="7.800960763212938"><ele>1575.7</ele></trkpt><trkpt lat="46.19098670528094" lon="7.80077976272245"><ele>1578.9</ele></trkpt><trkpt lat="46.19097770522329" lon="7.800740762677328"><ele>1579.2</ele></trkpt><trkpt lat="46.19098670506865" lon="7.800688762554955"><ele>1580.0</ele></trkpt><trkpt lat="46.19098770468271" lon="7.800610762247243"><ele>1582.0</ele></trkpt><trkpt lat="46.190996704547246" lon="7.800507762142267"><ele>1582.7</ele></trkpt><trkpt lat="46.19100570435392" lon="7.800390761991225"><ele>1583.7</ele></trkpt><trkpt lat="46.191015704160534" lon="7.800274761840141"><ele>1584.7</ele></trkpt><trkpt lat="46.191033703986335" lon="7.800209761702694"><ele>1585.6</ele></trkpt><trkpt lat="46.19104270381238" lon="7.800170761564336"><ele>1586.5</ele></trkpt><trkpt lat="46.19104270361944" lon="7.800131761410499"><ele>1587.5</ele></trkpt><trkpt lat="46.191024703504155" lon="7.800092761318857"><ele>1588.1</ele></trkpt><trkpt lat="46.191025703040985" lon="7.799950760951428"><ele>1590.5</ele></trkpt><trkpt lat="46.191034702905675" lon="7.799937760843182"><ele>1591.2</ele></trkpt><trkpt lat="46.19104370261603" lon="7.799885760612162"><ele>1592.7</ele></trkpt><trkpt lat="46.191043702249395" lon="7.799795760320482"><ele>1594.6</ele></trkpt><trkpt lat="46.19104470194063" lon="7.79970476007542"><ele>1596.2</ele></trkpt><trkpt lat="46.19103570178647" lon="7.799639759953651"><ele>1597.0</ele></trkpt><trkpt lat="46.19103570167064" lon="7.799600759861935"><ele>1597.6</ele></trkpt><trkpt lat="46.19103570141975" lon="7.799535759662505"><ele>1598.9</ele></trkpt><trkpt lat="46.191053701091235" lon="7.799471759400864"><ele>1600.6</ele></trkpt><trkpt lat="46.19105370080186" lon="7.7994327591694335"><ele>1602.1</ele></trkpt><trkpt lat="46.19106370055078" lon="7.79939375896901"><ele>1603.4</ele></trkpt><trkpt lat="46.19108170033801" lon="7.799354758799602"><ele>1604.5</ele></trkpt><trkpt lat="46.19108170016436" lon="7.799316758661289"><ele>1605.4</ele></trkpt><trkpt lat="46.191108699796985" lon="7.799251758368604"><ele>1607.3</ele></trkpt><trkpt lat="46.19115369939044" lon="7.799161758045726"><ele>1609.4</ele></trkpt><trkpt lat="46.191171699081195" lon="7.799109757799188"><ele>1611.0</ele></trkpt><trkpt lat="46.191208698732815" lon="7.7990577575215205"><ele>1612.8</ele></trkpt><trkpt lat="46.19120869857849" lon="7.799031757398297"><ele>1613.6</ele></trkpt><trkpt lat="46.191226698404385" lon="7.799019757258951"><ele>1614.5</ele></trkpt><trkpt lat="46.19123569826901" lon="7.798993757151211"><ele>1615.2</ele></trkpt><trkpt lat="46.191226698076285" lon="7.798941756997954"><ele>1616.2</ele></trkpt><trkpt lat="46.19125369767031" lon="7.798863756674745"><ele>1618.3</ele></trkpt><trkpt lat="46.19125369728447" lon="7.798799756366675"><ele>1620.3</ele></trkpt><trkpt lat="46.191281696917024" lon="7.7987217560745234"><ele>1622.2</ele></trkpt><trkpt lat="46.19129969674281" lon="7.798682755936187"><ele>1623.1</ele></trkpt><trkpt lat="46.19133569647158" lon="7.798618755721098"><ele>1624.5</ele></trkpt><trkpt lat="46.1913536962202" lon="7.798566755521168"><ele>1625.8</ele></trkpt><trkpt lat="46.19137169600737" lon="7.798514755352286"><ele>1626.9</ele></trkpt><trkpt lat="46.19138969585249" lon="7.798476755229448"><ele>1627.7</ele></trkpt><trkpt lat="46.19141769558144" lon="7.798385755015419"><ele>1629.1</ele></trkpt><trkpt lat="46.1914446951947" lon="7.798295754708237"><ele>1631.1</ele></trkpt><trkpt lat="46.19151669447856" lon="7.798127754139919"><ele>1634.8</ele></trkpt><trkpt lat="46.191544694168925" lon="7.798036753894872"><ele>1636.4</ele></trkpt><trkpt lat="46.19159869349185" lon="7.797829753359203"><ele>1639.9</ele></trkpt><trkpt lat="46.191626693008544" lon="7.797713752975443"><ele>1642.4</ele></trkpt><trkpt lat="46.19164469264131" lon="7.79760975268441"><ele>1644.3</ele></trkpt><trkpt lat="46.19166269240921" lon="7.797571752499525"><ele>1645.5</ele></trkpt><trkpt lat="46.19168069215784" lon="7.797519752299654"><ele>1646.8</ele></trkpt><trkpt lat="46.19168969190673" lon="7.797467752099827"><ele>1648.1</ele></trkpt><trkpt lat="46.19169069169433" lon="7.797377751932529"><ele>1649.2</ele></trkpt><trkpt lat="46.191699691385274" lon="7.79728675168764"><ele>1650.8</ele></trkpt><trkpt lat="46.19170869128857" lon="7.797273751610491"><ele>1651.3</ele></trkpt><trkpt lat="46.1917176912304" lon="7.797273751563887"><ele>1651.6</ele></trkpt><trkpt lat="46.19173569113343" lon="7.797299751485214"><ele>1652.1</ele></trkpt><trkpt lat="46.19175369074742" lon="7.797416751170279"><ele>1654.1</ele></trkpt><trkpt lat="46.191770690554065" lon="7.797468751013012"><ele>1655.1</ele></trkpt><trkpt lat="46.19178869036064" lon="7.797468750857727"><ele>1656.1</ele></trkpt><trkpt lat="46.191797690283224" lon="7.797455750796102"><ele>1656.5</ele></trkpt><trkpt lat="46.19179868995511" lon="7.79736475053574"><ele>1658.2</ele></trkpt><trkpt lat="46.191816689549334" lon="7.797274750213189"><ele>1660.3</ele></trkpt><trkpt lat="46.19182568939469" lon="7.797248750089986"><ele>1661.1</ele></trkpt><trkpt lat="46.1918166892213" lon="7.797209749951855"><ele>1662.0</ele></trkpt><trkpt lat="46.1918256891052" lon="7.797183749859691"><ele>1662.6</ele></trkpt><trkpt lat="46.19185268881499" lon="7.797158749627735"><ele>1664.1</ele></trkpt><trkpt lat="46.191852688564175" lon="7.797106749427986"><ele>1665.4</ele></trkpt><trkpt lat="46.19184468840993" lon="7.797028749306867"><ele>1666.2</ele></trkpt><trkpt lat="46.19180868783206" lon="7.7968727488474965"><ele>1669.2</ele></trkpt><trkpt lat="46.19177368746651" lon="7.796794748555827"><ele>1671.1</ele></trkpt><trkpt lat="46.19175568731267" lon="7.796729748434278"><ele>1671.9</ele></trkpt><trkpt lat="46.19173768710085" lon="7.796652748266643"><ele>1673.0</ele></trkpt><trkpt lat="46.19174668686898" lon="7.7965877480828985"><ele>1674.2</ele></trkpt><trkpt lat="46.191764686694746" lon="7.7965487479446525"><ele>1675.1</ele></trkpt><trkpt lat="46.191801686172624" lon="7.796458747528984"><ele>1677.8</ele></trkpt><trkpt lat="46.191828686017466" lon="7.796445747405219"><ele>1678.6</ele></trkpt><trkpt lat="46.191846685843274" lon="7.796406747266987"><ele>1679.5</ele></trkpt><trkpt lat="46.19184668551519" lon="7.796328747006217"><ele>1681.2</ele></trkpt><trkpt lat="46.19186468539889" lon="7.796303746914"><ele>1681.8</ele></trkpt><trkpt lat="46.1918736852442" lon="7.796277746790826"><ele>1682.6</ele></trkpt><trkpt lat="46.191873685147705" lon="7.796251746714254"><ele>1683.1</ele></trkpt><trkpt lat="46.191873685147705" lon="7.796251746714254"><ele>1683.1</ele></trkpt><trkpt lat="46.191891685069976" lon="7.796251746652096"><ele>1683.5</ele></trkpt><trkpt lat="46.191900684992575" lon="7.796251746589988"><ele>1683.9</ele></trkpt><trkpt lat="46.19192768479892" lon="7.796290746433166"><ele>1684.9</ele></trkpt><trkpt lat="46.19192768479892" lon="7.796290746433166"><ele>1684.9</ele></trkpt><trkpt lat="46.19194568472125" lon="7.796290746371013"><ele>1685.3</ele></trkpt><trkpt lat="46.191954684585845" lon="7.7962517462638665"><ele>1686.0</ele></trkpt><trkpt lat="46.19195468447007" lon="7.796213746172244"><ele>1686.6</ele></trkpt><trkpt lat="46.19196368431531" lon="7.796174746049585"><ele>1687.4</ele></trkpt><trkpt lat="46.19196368431531" lon="7.796174746049585"><ele>1687.4</ele></trkpt><trkpt lat="46.19197368412205" lon="7.796122745896392"><ele>1688.4</ele></trkpt><trkpt lat="46.19199168396712" lon="7.796096745773188"><ele>1689.2</ele></trkpt><trkpt lat="46.192009683870126" lon="7.7960967456955155"><ele>1689.7</ele></trkpt><trkpt lat="46.19201868379274" lon="7.79612274563239"><ele>1690.1</ele></trkpt><trkpt lat="46.19205368350235" lon="7.796136745398923"><ele>1691.6</ele></trkpt><trkpt lat="46.19206368338626" lon="7.796110745306791"><ele>1692.2</ele></trkpt><trkpt lat="46.192081683250684" lon="7.796110745198086"><ele>1692.9</ele></trkpt><trkpt lat="46.19210768305699" lon="7.796123745042282"><ele>1693.9</ele></trkpt><trkpt lat="46.192134682844" lon="7.79614974487045"><ele>1695.0</ele></trkpt><trkpt lat="46.192143682728016" lon="7.796149744777308"><ele>1695.6</ele></trkpt><trkpt lat="46.19218068239884" lon="7.796097744515376"><ele>1697.3</ele></trkpt><trkpt lat="46.1921896822249" lon="7.796059744377174"><ele>1698.2</ele></trkpt><trkpt lat="46.19219868210884" lon="7.796046744284541"><ele>1698.8</ele></trkpt><trkpt lat="46.19221668199261" lon="7.796072744190334"><ele>1699.4</ele></trkpt><trkpt lat="46.192243681798914" lon="7.796085744034521"><ele>1700.4</ele></trkpt><trkpt lat="46.19226068158627" lon="7.796111743862738"><ele>1701.5</ele></trkpt><trkpt lat="46.19226968152806" lon="7.796098743816653"><ele>1701.8</ele></trkpt><trkpt lat="46.192279681354044" lon="7.796046743679003"><ele>1702.7</ele></trkpt><trkpt lat="46.192297681121914" lon="7.795995743494719"><ele>1703.9</ele></trkpt><trkpt lat="46.192297680986826" lon="7.795956743387644"><ele>1704.6</ele></trkpt><trkpt lat="46.19231568069675" lon="7.7958917431573695"><ele>1706.1</ele></trkpt><trkpt lat="46.19233368038747" lon="7.795839742911077"><ele>1707.7</ele></trkpt><trkpt lat="46.19236068011646" lon="7.795788742695728"><ele>1709.1</ele></trkpt><trkpt lat="46.19237967986498" lon="7.795736742495984"><ele>1710.4</ele></trkpt><trkpt lat="46.192406679574596" lon="7.7956597422661575"><ele>1711.9</ele></trkpt><trkpt lat="46.19241567943923" lon="7.795620742159046"><ele>1712.6</ele></trkpt><trkpt lat="46.192433679303576" lon="7.7955817420518905"><ele>1713.3</ele></trkpt><trkpt lat="46.19245167910997" lon="7.795529741898708"><ele>1714.3</ele></trkpt><trkpt lat="46.192478678877535" lon="7.795478741714413"><ele>1715.5</ele></trkpt><trkpt lat="46.19249667872264" lon="7.795452741591235"><ele>1716.3</ele></trkpt><trkpt lat="46.19249667872264" lon="7.795452741591235"><ele>1716.3</ele></trkpt><trkpt lat="46.19249667862615" lon="7.795426741514688"><ele>1716.8</ele></trkpt><trkpt lat="46.192506678509986" lon="7.795387741423094"><ele>1717.4</ele></trkpt><trkpt lat="46.192524678432214" lon="7.795361741361977"><ele>1717.8</ele></trkpt><trkpt lat="46.19253367833546" lon="7.795361741284355"><ele>1718.3</ele></trkpt><trkpt lat="46.192542678277356" lon="7.79537474123725"><ele>1718.6</ele></trkpt><trkpt lat="46.19258667775535" lon="7.795478740813998"><ele>1721.3</ele></trkpt><trkpt lat="46.192613677484545" lon="7.795530740594584"><ele>1722.7</ele></trkpt><trkpt lat="46.19261367721466" lon="7.795595740374785"><ele>1724.1</ele></trkpt><trkpt lat="46.19262267669375" lon="7.795699739951681"><ele>1726.8</ele></trkpt><trkpt lat="46.192630676404306" lon="7.795777739715797"><ele>1728.3</ele></trkpt><trkpt lat="46.192666675747574" lon="7.795893739183441"><ele>1731.7</ele></trkpt><trkpt lat="46.192657675632184" lon="7.795932739088831"><ele>1732.3</ele></trkpt><trkpt lat="46.19266667534271" lon="7.795997738853447"><ele>1733.8</ele></trkpt><trkpt lat="46.19269367511044" lon="7.7960237386660705"><ele>1735.0</ele></trkpt><trkpt lat="46.192692674975504" lon="7.796049738556419"><ele>1735.7</ele></trkpt><trkpt lat="46.192701674782406" lon="7.796101738399126"><ele>1736.7</ele></trkpt><trkpt lat="46.19271067462779" lon="7.7961147382744285"><ele>1737.5</ele></trkpt><trkpt lat="46.19271067445428" lon="7.796153738133212"><ele>1738.4</ele></trkpt><trkpt lat="46.19272867428016" lon="7.79617973799243"><ele>1739.3</ele></trkpt><trkpt lat="46.19275567400939" lon="7.796218737773492"><ele>1740.7</ele></trkpt><trkpt lat="46.19278267346854" lon="7.796309737335223"><ele>1743.5</ele></trkpt><trkpt lat="46.1928086731399" lon="7.796374737068681"><ele>1745.2</ele></trkpt><trkpt lat="46.19281767302393" lon="7.796387736975011"><ele>1745.8</ele></trkpt><trkpt lat="46.19283567288831" lon="7.796374736866822"><ele>1746.5</ele></trkpt><trkpt lat="46.192871672443566" lon="7.79641373650817"><ele>1748.8</ele></trkpt><trkpt lat="46.19287167244363" lon="7.796439736507119"><ele>1748.8</ele></trkpt><trkpt lat="46.19287167232789" lon="7.796465736412964"><ele>1749.4</ele></trkpt><trkpt lat="46.19289867203774" lon="7.79650473617849"><ele>1750.9</ele></trkpt><trkpt lat="46.19291667188299" lon="7.796556736052152"><ele>1751.7</ele></trkpt><trkpt lat="46.19296967141852" lon="7.796634735676301"><ele>1754.1</ele></trkpt><trkpt lat="46.1929876711095" lon="7.796725735424234"><ele>1755.7</ele></trkpt><trkpt lat="46.192987670878125" lon="7.796789735235421"><ele>1756.9</ele></trkpt><trkpt lat="46.19301366997096" lon="7.796932734500123"><ele>1761.6</ele></trkpt><trkpt lat="46.19302266973927" lon="7.79697173431227"><ele>1762.8</ele></trkpt><trkpt lat="46.19303166879417" lon="7.797165733543895"><ele>1767.7</ele></trkpt><trkpt lat="46.19303066838931" lon="7.797256733214283"><ele>1769.8</ele></trkpt><trkpt lat="46.19303066804226" lon="7.797334732931746"><ele>1771.6</ele></trkpt><trkpt lat="46.19303066790738" lon="7.797398732820492"><ele>1772.3</ele></trkpt><trkpt lat="46.193030667830286" lon="7.797424732757348"><ele>1772.7</ele></trkpt><trkpt lat="46.19303966777213" lon="7.797437732710211"><ele>1773.0</ele></trkpt><trkpt lat="46.19304866771395" lon="7.797424732664139"><ele>1773.3</ele></trkpt><trkpt lat="46.19305766754" lon="7.797399732525445"><ele>1774.2</ele></trkpt><trkpt lat="46.193075667385045" lon="7.797373732402258"><ele>1775.0</ele></trkpt><trkpt lat="46.193093667230116" lon="7.797360732278544"><ele>1775.8</ele></trkpt><trkpt lat="46.193093667133624" lon="7.797334732202016"><ele>1776.3</ele></trkpt><trkpt lat="46.19312066680464" lon="7.797269731940719"><ele>1778.0</ele></trkpt><trkpt lat="46.19316566639806" lon="7.797257731615077"><ele>1780.1</ele></trkpt><trkpt lat="46.19318466626228" lon="7.797205731508485"><ele>1780.8</ele></trkpt><trkpt lat="46.19321166602975" lon="7.7971287313252855"><ele>1782.0</ele></trkpt><trkpt lat="46.1932296659519" lon="7.797089731264723"><ele>1782.4</ele></trkpt><trkpt lat="46.19325666573872" lon="7.797037731096024"><ele>1783.5</ele></trkpt><trkpt lat="46.193301665524885" lon="7.7969607309282605"><ele>1784.6</ele></trkpt><trkpt lat="46.19334666511815" lon="7.796895730604821"><ele>1786.7</ele></trkpt><trkpt lat="46.193374664924285" lon="7.796870730450526"><ele>1787.7</ele></trkpt><trkpt lat="46.1934286642664" lon="7.796766729926932"><ele>1791.1</ele></trkpt><trkpt lat="46.193446663802625" lon="7.796689729557598"><ele>1793.5</ele></trkpt><trkpt lat="46.19343766366787" lon="7.796663729450102"><ele>1794.2</ele></trkpt><trkpt lat="46.193447662895466" lon="7.796481728836907"><ele>1798.2</ele></trkpt><trkpt lat="46.19344766229722" lon="7.796365728360707"><ele>1801.3</ele></trkpt><trkpt lat="46.19347466208395" lon="7.796300728192584"><ele>1802.4</ele></trkpt><trkpt lat="46.19347466208395" lon="7.796300728192584"><ele>1802.4</ele></trkpt><trkpt lat="46.193501661870734" lon="7.796223728024967"><ele>1803.5</ele></trkpt><trkpt lat="46.19352966154161" lon="7.796119727765379"><ele>1805.2</ele></trkpt><trkpt lat="46.193565660961475" lon="7.796003727304547"><ele>1808.2</ele></trkpt><trkpt lat="46.193592660574595" lon="7.795951726996259"><ele>1810.2</ele></trkpt><trkpt lat="46.193592660574595" lon="7.795951726996259"><ele>1810.2</ele></trkpt><trkpt lat="46.19361965986049" lon="7.796198726411667"><ele>1813.9</ele></trkpt><trkpt lat="46.193636659512826" lon="7.796262726129593"><ele>1815.7</ele></trkpt><trkpt lat="46.19364565918473" lon="7.79632772586303"><ele>1817.4</ele></trkpt><trkpt lat="46.1936456590113" lon="7.796405725720099"><ele>1818.3</ele></trkpt><trkpt lat="46.19365465879895" lon="7.796470725546633"><ele>1819.4</ele></trkpt><trkpt lat="46.19366365870224" lon="7.796509725467352"><ele>1819.9</ele></trkpt><trkpt lat="46.19370765862381" lon="7.7966137254006735"><ele>1820.3</ele></trkpt><trkpt lat="46.19373465848812" lon="7.796704725288074"><ele>1821.0</ele></trkpt><trkpt lat="46.19378765817801" lon="7.796872725032428"><ele>1822.6</ele></trkpt><trkpt lat="46.19380565786897" lon="7.796950724780751"><ele>1824.2</ele></trkpt><trkpt lat="46.193823657579124" lon="7.7970157245451395"><ele>1825.7</ele></trkpt><trkpt lat="46.193832657000314" lon="7.797106724075687"><ele>1828.7</ele></trkpt><trkpt lat="46.19382265694287" lon="7.797157724027028"><ele>1829.0</ele></trkpt><trkpt lat="46.19376865679055" lon="7.797248723899311"><ele>1829.8</ele></trkpt><trkpt lat="46.19374165632871" lon="7.7973387235231915"><ele>1832.2</ele></trkpt><trkpt lat="46.193732656001224" lon="7.797416723256104"><ele>1833.9</ele></trkpt><trkpt lat="46.19373165563498" lon="7.797520722956827"><ele>1835.8</ele></trkpt><trkpt lat="46.193722655076066" lon="7.79762372250243"><ele>1838.7</ele></trkpt><trkpt lat="46.1937046548068" lon="7.797701722281933"><ele>1840.1</ele></trkpt><trkpt lat="46.193694654440804" lon="7.797791721983269"><ele>1842.0</ele></trkpt><trkpt lat="46.193685654113416" lon="7.7978957217150375"><ele>1843.7</ele></trkpt><trkpt lat="46.19368565397847" lon="7.7979607216036255"><ele>1844.4</ele></trkpt><trkpt lat="46.19368565384358" lon="7.797999721493316"><ele>1845.1</ele></trkpt><trkpt lat="46.19370365365005" lon="7.797999721338012"><ele>1846.1</ele></trkpt><trkpt lat="46.19372165353366" lon="7.797999721244791"><ele>1846.7</ele></trkpt><trkpt lat="46.19373065332108" lon="7.7979477210762385"><ele>1847.8</ele></trkpt><trkpt lat="46.193766652991755" lon="7.797883720814932"><ele>1849.5</ele></trkpt><trkpt lat="46.19382065254608" lon="7.797818720460456"><ele>1851.8</ele></trkpt><trkpt lat="46.19383865229466" lon="7.797805720259154"><ele>1853.1</ele></trkpt><trkpt lat="46.19384765215939" lon="7.797831720149344"><ele>1853.8</ele></trkpt><trkpt lat="46.19383865208261" lon="7.797870720085642"><ele>1854.2</ele></trkpt><trkpt lat="46.19382965177443" lon="7.7979487198340145"><ele>1855.8</ele></trkpt><trkpt lat="46.193829651620256" lon="7.79800071970762"><ele>1856.6</ele></trkpt><trkpt lat="46.19383865148494" lon="7.798013719598365"><ele>1857.3</ele></trkpt><trkpt lat="46.19385665134924" lon="7.798000719490183"><ele>1858.0</ele></trkpt><trkpt lat="46.193883651058904" lon="7.797974719258344"><ele>1859.5</ele></trkpt><trkpt lat="46.19395565032306" lon="7.797845718673735"><ele>1863.3</ele></trkpt><trkpt lat="46.193982649917025" lon="7.79784571834766"><ele>1865.4</ele></trkpt><trkpt lat="46.19399164953103" lon="7.797884718035521"><ele>1867.4</ele></trkpt><trkpt lat="46.193981648991624" lon="7.79807871759261"><ele>1870.2</ele></trkpt><trkpt lat="46.1939996485862" lon="7.798195717261507"><ele>1872.3</ele></trkpt><trkpt lat="46.194008648277375" lon="7.7982607170103"><ele>1873.9</ele></trkpt><trkpt lat="46.19402664802593" lon="7.798260716808426"><ele>1875.2</ele></trkpt><trkpt lat="46.19403564798697" lon="7.798221716779028"><ele>1875.4</ele></trkpt><trkpt lat="46.19406264781222" lon="7.79814471664253"><ele>1876.3</ele></trkpt><trkpt lat="46.19408964748316" lon="7.798066716381918"><ele>1878.0</ele></trkpt><trkpt lat="46.19410764719312" lon="7.798040716150138"><ele>1879.5</ele></trkpt><trkpt lat="46.194116647019186" lon="7.798040716010401"><ele>1880.4</ele></trkpt><trkpt lat="46.19412564686462" lon="7.798066715885054"><ele>1881.2</ele></trkpt><trkpt lat="46.19412564667184" lon="7.798131715727019"><ele>1882.2</ele></trkpt><trkpt lat="46.19414364607353" lon="7.798274715239527"><ele>1885.3</ele></trkpt><trkpt lat="46.19414364607353" lon="7.798274715239527"><ele>1885.3</ele></trkpt><trkpt lat="46.19414264580364" lon="7.798338715019443"><ele>1886.7</ele></trkpt><trkpt lat="46.19416064547525" lon="7.798416714752073"><ele>1888.4</ele></trkpt><trkpt lat="46.194169645301464" lon="7.798481714609488"><ele>1889.3</ele></trkpt><trkpt lat="46.19416964516652" lon="7.7985207144991255"><ele>1890.0</ele></trkpt><trkpt lat="46.194204644471235" lon="7.798714713931647"><ele>1893.6</ele></trkpt><trkpt lat="46.1942226441235" lon="7.798766713649866"><ele>1895.4</ele></trkpt><trkpt lat="46.19423164394966" lon="7.798805713508403"><ele>1896.3</ele></trkpt><trkpt lat="46.19424064354444" lon="7.798896713178384"><ele>1898.4</ele></trkpt><trkpt lat="46.19430264309874" lon="7.798974712817584"><ele>1900.7</ele></trkpt><trkpt lat="46.19432964290497" lon="7.799000712661061"><ele>1901.7</ele></trkpt><trkpt lat="46.194338642750395" lon="7.799026712535679"><ele>1902.5</ele></trkpt><trkpt lat="46.19434764259578" lon="7.799052712410302"><ele>1903.3</ele></trkpt><trkpt lat="46.19436564249875" lon="7.79907871233144"><ele>1903.8</ele></trkpt><trkpt lat="46.19436564249875" lon="7.79907871233144"><ele>1903.8</ele></trkpt><trkpt lat="46.194383642363036" lon="7.799052712223824"><ele>1904.5</ele></trkpt><trkpt lat="46.19440164222727" lon="7.799014712116737"><ele>1905.2</ele></trkpt><trkpt lat="46.19442864211057" lon="7.799014712023449"><ele>1905.8</ele></trkpt><trkpt lat="46.1944376420524" lon="7.799014711976832"><ele>1906.1</ele></trkpt><trkpt lat="46.19446464176203" lon="7.799001711744409"><ele>1907.6</ele></trkpt><trkpt lat="46.19447364166521" lon="7.798975711667895"><ele>1908.1</ele></trkpt><trkpt lat="46.194482641664806" lon="7.798936711669566"><ele>1908.1</ele></trkpt><trkpt lat="46.194501641432446" lon="7.798859711486592"><ele>1909.3</ele></trkpt><trkpt lat="46.194501641316535" lon="7.798794711396329"><ele>1909.9</ele></trkpt><trkpt lat="46.194519641219365" lon="7.7987687113197675"><ele>1910.4</ele></trkpt><trkpt lat="46.19452864110324" lon="7.798755711227158"><ele>1911.0</ele></trkpt><trkpt lat="46.19454664096755" lon="7.798730711119505"><ele>1911.7</ele></trkpt><trkpt lat="46.194573640773655" lon="7.798743710963558"><ele>1912.7</ele></trkpt><trkpt lat="46.194591640599405" lon="7.798730710824329"><ele>1913.6</ele></trkpt><trkpt lat="46.19460064054118" lon="7.798704710778865"><ele>1913.9</ele></trkpt><trkpt lat="46.194618640366905" lon="7.798704710639066"><ele>1914.8</ele></trkpt><trkpt lat="46.19462764015444" lon="7.798730710467116"><ele>1915.9</ele></trkpt><trkpt lat="46.19464563999962" lon="7.798808710339375"><ele>1916.7</ele></trkpt><trkpt lat="46.19468163972841" lon="7.79884771012013"><ele>1918.1</ele></trkpt><trkpt lat="46.19470763951541" lon="7.798912709946344"><ele>1919.2</ele></trkpt><trkpt lat="46.194743639166965" lon="7.798951709665"><ele>1921.0</ele></trkpt><trkpt lat="46.19476163891563" lon="7.798990709461363"><ele>1922.3</ele></trkpt><trkpt lat="46.19477063870321" lon="7.799042709288246"><ele>1923.4</ele></trkpt><trkpt lat="46.194788638490536" lon="7.799107709114496"><ele>1924.5</ele></trkpt><trkpt lat="46.194788638317" lon="7.799172708971885"><ele>1925.4</ele></trkpt><trkpt lat="46.194796638220375" lon="7.799198708893064"><ele>1925.9</ele></trkpt><trkpt lat="46.19481463810398" lon="7.799211708799243"><ele>1926.5</ele></trkpt><trkpt lat="46.194814638026884" lon="7.799224708736572"><ele>1926.9</ele></trkpt><trkpt lat="46.194823637968696" lon="7.79923770868937"><ele>1927.2</ele></trkpt><trkpt lat="46.19483263791052" lon="7.79923770864275"><ele>1927.5</ele></trkpt><trkpt lat="46.194841637833015" lon="7.799224708581187"><ele>1927.9</ele></trkpt><trkpt lat="46.19484163775576" lon="7.799198708520252"><ele>1928.3</ele></trkpt><trkpt lat="46.1948606376199" lon="7.799146708413802"><ele>1929.0</ele></trkpt><trkpt lat="46.1948696374652" lon="7.799120708290727"><ele>1929.8</ele></trkpt><trkpt lat="46.19488763736805" lon="7.799108708213545"><ele>1930.3</ele></trkpt><trkpt lat="46.19490563711671" lon="7.7991477080099"><ele>1931.6</ele></trkpt><trkpt lat="46.19492263692323" lon="7.799173707853405"><ele>1932.6</ele></trkpt><trkpt lat="46.19492263674972" lon="7.799211707711994"><ele>1933.5</ele></trkpt><trkpt lat="46.19493163667221" lon="7.799211707649849"><ele>1933.9</ele></trkpt><trkpt lat="46.19494963657511" lon="7.799212707572087"><ele>1934.4</ele></trkpt><trkpt lat="46.194949636497874" lon="7.799199707510574"><ele>1934.8</ele></trkpt><trkpt lat="46.194959636400995" lon="7.799147707435231"><ele>1935.3</ele></trkpt><trkpt lat="46.194968636207555" lon="7.799069707283447"><ele>1936.3</ele></trkpt><trkpt lat="46.19499563607147" lon="7.799056707175215"><ele>1937.0</ele></trkpt><trkpt lat="46.19500463599405" lon="7.799069707112491"><ele>1937.4</ele></trkpt><trkpt lat="46.19501363585869" lon="7.799082707003193"><ele>1938.1</ele></trkpt><trkpt lat="46.19502263564624" lon="7.7991217068306335"><ele>1939.2</ele></trkpt><trkpt lat="46.19503163558807" lon="7.7991347067834305"><ele>1939.5</ele></trkpt><trkpt lat="46.19504863535602" lon="7.799160706595888"><ele>1940.7</ele></trkpt><trkpt lat="46.19505763516283" lon="7.799186706439433"><ele>1941.7</ele></trkpt><trkpt lat="46.195066634892584" lon="7.799238706219713"><ele>1943.1</ele></trkpt><trkpt lat="46.19506663464186" lon="7.799277706016156"><ele>1944.4</ele></trkpt><trkpt lat="46.19509363440942" lon="7.799290705829131"><ele>1945.6</ele></trkpt><trkpt lat="46.19510263429326" lon="7.799264705737109"><ele>1946.2</ele></trkpt><trkpt lat="46.19511163413852" lon="7.799226705614582"><ele>1947.0</ele></trkpt><trkpt lat="46.19513863379015" lon="7.799174705337352"><ele>1948.8</ele></trkpt><trkpt lat="46.19514763348101" lon="7.79912270509128"><ele>1950.4</ele></trkpt><trkpt lat="46.19514863332658" lon="7.799096704968261"><ele>1951.2</ele></trkpt><trkpt lat="46.195139633211134" lon="7.799083704875764"><ele>1951.8</ele></trkpt><trkpt lat="46.19513063303771" lon="7.799031704738457"><ele>1952.7</ele></trkpt><trkpt lat="46.19512163296083" lon="7.7990187046770085"><ele>1953.1</ele></trkpt><trkpt lat="46.19513063288326" lon="7.799006704615408"><ele>1953.5</ele></trkpt><trkpt lat="46.19515763272796" lon="7.79899370449166"><ele>1954.3</ele></trkpt><trkpt lat="46.195193632630215" lon="7.799006704413247"><ele>1954.8</ele></trkpt><trkpt lat="46.195202632629865" lon="7.798993704413787"><ele>1954.8</ele></trkpt><trkpt lat="46.195202632629865" lon="7.798993704413787"><ele>1954.8</ele></trkpt><trkpt lat="46.195247632435255" lon="7.798980704258889"><ele>1955.8</ele></trkpt><trkpt lat="46.19533763193043" lon="7.798981703854737"><ele>1958.4</ele></trkpt><trkpt lat="46.195355631891154" lon="7.798981703823585"><ele>1958.6</ele></trkpt><trkpt lat="46.1953916315617" lon="7.798891703563579"><ele>1960.3</ele></trkpt><trkpt lat="46.19541863140621" lon="7.7988397034416"><ele>1961.1</ele></trkpt><trkpt lat="46.19543663132839" lon="7.7988397033794055"><ele>1961.5</ele></trkpt><trkpt lat="46.19546363111534" lon="7.798891703206145"><ele>1962.6</ele></trkpt><trkpt lat="46.195490630998684" lon="7.798930703111077"><ele>1963.2</ele></trkpt><trkpt lat="46.1955086309209" lon="7.798943703048294"><ele>1963.6</ele></trkpt><trkpt lat="46.19553563084278" lon="7.798969702984862"><ele>1964.0</ele></trkpt><trkpt lat="46.195589630609255" lon="7.798944702799416"><ele>1965.2</ele></trkpt><trkpt lat="46.1956256305115" lon="7.798957702721005"><ele>1965.7</ele></trkpt><trkpt lat="46.1956256305115" lon="7.798957702721005"><ele>1965.7</ele></trkpt><trkpt lat="46.195670630181894" lon="7.798944702457444"><ele>1967.4</ele></trkpt><trkpt lat="46.19569763002653" lon="7.79894570233307"><ele>1968.2</ele></trkpt><trkpt lat="46.19572462990979" lon="7.798932702240365"><ele>1968.8</ele></trkpt><trkpt lat="46.19574262977402" lon="7.79890670213279"><ele>1969.5</ele></trkpt><trkpt lat="46.195760629618874" lon="7.798854702010876"><ele>1970.3</ele></trkpt><trkpt lat="46.1958056294242" lon="7.798829701856531"><ele>1971.3</ele></trkpt><trkpt lat="46.19585962919062" lon="7.7987777016723285"><ele>1972.5</ele></trkpt><trkpt lat="46.19590462903455" lon="7.798739701549625"><ele>1973.3</ele></trkpt><trkpt lat="46.19594062884018" lon="7.7986877013965685"><ele>1974.3</ele></trkpt><trkpt lat="46.195959628742926" lon="7.798648701320636"><ele>1974.8</ele></trkpt><trkpt lat="46.195968628646064" lon="7.798622701244162"><ele>1975.3</ele></trkpt><trkpt lat="46.19598662854888" lon="7.798597701167594"><ele>1975.8</ele></trkpt><trkpt lat="46.19601362835493" lon="7.798597701012218"><ele>1976.8</ele></trkpt><trkpt lat="46.19607662794736" lon="7.798545700688272"><ele>1978.9</ele></trkpt><trkpt lat="46.19609462786939" lon="7.798520700627229"><ele>1979.3</ele></trkpt><trkpt lat="46.196112627694866" lon="7.798429700491603"><ele>1980.2</ele></trkpt><trkpt lat="46.196103627521474" lon="7.798377700354344"><ele>1981.1</ele></trkpt><trkpt lat="46.19610462717391" lon="7.798299700078533"><ele>1982.9</ele></trkpt><trkpt lat="46.196158626496285" lon="7.798144699542109"><ele>1986.4</ele></trkpt><trkpt lat="46.19620462626268" lon="7.797976699363333"><ele>1987.6</ele></trkpt><trkpt lat="46.19621362624296" lon="7.7979506993489585"><ele>1987.7</ele></trkpt><trkpt lat="46.19624062614546" lon="7.797951699271153"><ele>1988.2</ele></trkpt><trkpt lat="46.19624062614546" lon="7.797951699271153"><ele>1988.2</ele></trkpt><trkpt lat="46.19624062614539" lon="7.797912699272945"><ele>1988.2</ele></trkpt><trkpt lat="46.19624962595192" lon="7.797834699121284"><ele>1989.2</ele></trkpt><trkpt lat="46.1962676257003" lon="7.797769698922415"><ele>1990.5</ele></trkpt><trkpt lat="46.19627762541022" lon="7.79766669869431"><ele>1992.0</ele></trkpt><trkpt lat="46.19628662508162" lon="7.7975496984358275"><ele>1993.7</ele></trkpt><trkpt lat="46.196286624984964" lon="7.7974856983611875"><ele>1994.2</ele></trkpt><trkpt lat="46.19626862488896" lon="7.797420698286701"><ele>1994.7</ele></trkpt><trkpt lat="46.19626062475406" lon="7.797342698181716"><ele>1995.4</ele></trkpt><trkpt lat="46.196251624522674" lon="7.797264697999154"><ele>1996.6</ele></trkpt><trkpt lat="46.19623362452327" lon="7.797238698000458"><ele>1996.6</ele></trkpt><trkpt lat="46.19622462425325" lon="7.797147697787463"><ele>1998.0</ele></trkpt><trkpt lat="46.19619762411902" lon="7.7970826976820025"><ele>1998.7</ele></trkpt><trkpt lat="46.19618962402272" lon="7.797043697606261"><ele>1999.2</ele></trkpt><trkpt lat="46.196189623790964" lon="7.796940697424821"><ele>2000.4</ele></trkpt><trkpt lat="46.19620862311435" lon="7.796707696892394"><ele>2003.9</ele></trkpt><trkpt lat="46.19619062280602" lon="7.796590696649659"><ele>2005.5</ele></trkpt><trkpt lat="46.19616362259457" lon="7.796499696483359"><ele>2006.6</ele></trkpt><trkpt lat="46.196155622343774" lon="7.796396696286481"><ele>2007.9</ele></trkpt><trkpt lat="46.19616462199589" lon="7.796305696011371"><ele>2009.7</ele></trkpt><trkpt lat="46.19615562164875" lon="7.79622769573576"><ele>2011.5</ele></trkpt><trkpt lat="46.19611162095519" lon="7.795994695188315"><ele>2015.1</ele></trkpt><trkpt lat="46.196085620434836" lon="7.795825694777446"><ele>2017.8</ele></trkpt><trkpt lat="46.196076620087624" lon="7.79574769450188"><ele>2019.6</ele></trkpt><trkpt lat="46.19608561981698" lon="7.795657694288833"><ele>2021.0</ele></trkpt><trkpt lat="46.19609461962351" lon="7.795605694136065"><ele>2022.0</ele></trkpt><trkpt lat="46.196130619197554" lon="7.79552769379819"><ele>2024.2</ele></trkpt><trkpt lat="46.1961766187134" lon="7.795489693411838"><ele>2026.7</ele></trkpt><trkpt lat="46.196202618500166" lon="7.795502693240416"><ele>2027.8</ele></trkpt><trkpt lat="46.19622961830639" lon="7.79556769308205"><ele>2028.8</ele></trkpt><trkpt lat="46.19628361784156" lon="7.79567169270448"><ele>2031.2</ele></trkpt><trkpt lat="46.196328617454256" lon="7.795775692389013"><ele>2033.2</ele></trkpt><trkpt lat="46.196390616969786" lon="7.795866691996469"><ele>2035.7</ele></trkpt><trkpt lat="46.19645361663957" lon="7.795944691728645"><ele>2037.4</ele></trkpt><trkpt lat="46.19652561636697" lon="7.796035691506698"><ele>2038.8</ele></trkpt><trkpt lat="46.19655161623106" lon="7.796087691395474"><ele>2039.5</ele></trkpt><trkpt lat="46.19663261572662" lon="7.796191690986648"><ele>2042.1</ele></trkpt><trkpt lat="46.196722615163885" lon="7.796283690531779"><ele>2045.0</ele></trkpt><trkpt lat="46.196919613806514" lon="7.796582689430222"><ele>2052.0</ele></trkpt><trkpt lat="46.19695461353518" lon="7.796647689209677"><ele>2053.4</ele></trkpt><trkpt lat="46.19695461353518" lon="7.796647689209677"><ele>2053.4</ele></trkpt><trkpt lat="46.196981613379954" lon="7.7966996890829"><ele>2054.2</ele></trkpt><trkpt lat="46.197026613262665" lon="7.796764688986426"><ele>2054.8</ele></trkpt><trkpt lat="46.1970896128937" lon="7.796790688689971"><ele>2056.7</ele></trkpt><trkpt lat="46.19710761275809" lon="7.796842688578761"><ele>2057.4</ele></trkpt><trkpt lat="46.1971346126799" lon="7.796855688515905"><ele>2057.8</ele></trkpt><trkpt lat="46.197179612350176" lon="7.796869688251163"><ele>2059.5</ele></trkpt><trkpt lat="46.19723261213603" lon="7.796921688077662"><ele>2060.6</ele></trkpt><trkpt lat="46.197367611706554" lon="7.7969866877323435"><ele>2062.8</ele></trkpt><trkpt lat="46.197412611454034" lon="7.7969876875302875"><ele>2064.1</ele></trkpt><trkpt lat="46.19745761118209" lon="7.796987687312761"><ele>2065.5</ele></trkpt><trkpt lat="46.197529610832014" lon="7.796988687032956"><ele>2067.3</ele></trkpt><trkpt lat="46.19761061055891" lon="7.797040686812714"><ele>2068.7</ele></trkpt><trkpt lat="46.197655610287114" lon="7.79705368659456"><ele>2070.1</ele></trkpt><trkpt lat="46.19769161013133" lon="7.797053686470195"><ele>2070.9</ele></trkpt><trkpt lat="46.19770060995726" lon="7.797028686331678"><ele>2071.8</ele></trkpt><trkpt lat="46.19769160972599" lon="7.7970026861467625"><ele>2073.0</ele></trkpt><trkpt lat="46.19761960936186" lon="7.796910685856777"><ele>2074.9</ele></trkpt><trkpt lat="46.19754860895911" lon="7.79680668553634"><ele>2077.0</ele></trkpt><trkpt lat="46.19744060851894" lon="7.796624685188865"><ele>2079.3</ele></trkpt><trkpt lat="46.19740560828856" lon="7.796546685006632"><ele>2080.5</ele></trkpt><trkpt lat="46.197396608095744" lon="7.796481684854655"><ele>2081.5</ele></trkpt><trkpt lat="46.197378607787364" lon="7.79635268461273"><ele>2083.1</ele></trkpt><trkpt lat="46.19737060749784" lon="7.796196684387571"><ele>2084.6</ele></trkpt><trkpt lat="46.19736160713107" lon="7.796041684100323"><ele>2086.5</ele></trkpt><trkpt lat="46.19735260697692" lon="7.795976683979397"><ele>2087.3</ele></trkpt><trkpt lat="46.19731760670774" lon="7.795820683769948"><ele>2088.7</ele></trkpt><trkpt lat="46.19728260624551" lon="7.79563968340658"><ele>2091.1</ele></trkpt><trkpt lat="46.19723760593814" lon="7.795496683165556"><ele>2092.7</ele></trkpt><trkpt lat="46.19721960549458" lon="7.795340682816419"><ele>2095.0</ele></trkpt><trkpt lat="46.19718460503249" lon="7.7951986824512005"><ele>2097.4</ele></trkpt><trkpt lat="46.19719360480038" lon="7.795107682269412"><ele>2098.6</ele></trkpt><trkpt lat="46.197202604645454" lon="7.795029682149054"><ele>2099.4</ele></trkpt><trkpt lat="46.19723060439324" lon="7.79492668195223"><ele>2100.7</ele></trkpt><trkpt lat="46.197239604180346" lon="7.794809681787234"><ele>2101.8</ele></trkpt><trkpt lat="46.19723960402571" lon="7.794706681668154"><ele>2102.6</ele></trkpt><trkpt lat="46.19722260400691" lon="7.794641681655917"><ele>2102.7</ele></trkpt><trkpt lat="46.19716860348753" lon="7.794459681246309"><ele>2105.4</ele></trkpt><trkpt lat="46.19710660320007" lon="7.794277681022906"><ele>2106.9</ele></trkpt><trkpt lat="46.19709760300728" lon="7.7942256808703885"><ele>2107.9</ele></trkpt><trkpt lat="46.19707960269895" lon="7.794135680626723"><ele>2109.5</ele></trkpt><trkpt lat="46.19706260246785" lon="7.7940446804451495"><ele>2110.7</ele></trkpt><trkpt lat="46.19704460225607" lon="7.7939406802797375"><ele>2111.8</ele></trkpt><trkpt lat="46.19703560214045" lon="7.793875680189918"><ele>2112.4</ele></trkpt><trkpt lat="46.197035602082416" lon="7.793823680145933"><ele>2112.7</ele></trkpt><trkpt lat="46.19704460206263" lon="7.793785680132229"><ele>2112.8</ele></trkpt><trkpt lat="46.197081601906575" lon="7.793681680013022"><ele>2113.6</ele></trkpt><trkpt lat="46.19709960144229" lon="7.7935136796489175"><ele>2116.0</ele></trkpt><trkpt lat="46.19710060122981" lon="7.79343567948214"><ele>2117.1</ele></trkpt><trkpt lat="46.1970826011339" lon="7.793383679407259"><ele>2117.6</ele></trkpt><trkpt lat="46.19705560096104" lon="7.793279679272956"><ele>2118.5</ele></trkpt><trkpt lat="46.19703760082639" lon="7.793150679170845"><ele>2119.2</ele></trkpt><trkpt lat="46.197038600575134" lon="7.793020678975626"><ele>2120.5</ele></trkpt><trkpt lat="46.197056600381224" lon="7.792930678824859"><ele>2121.5</ele></trkpt><trkpt lat="46.197074600225974" lon="7.792865678703884"><ele>2122.3</ele></trkpt><trkpt lat="46.19711160005067" lon="7.792788678567876"><ele>2123.2</ele></trkpt><trkpt lat="46.197219599544304" lon="7.792633678171652"><ele>2125.8</ele></trkpt><trkpt lat="46.197282599310036" lon="7.792543677989613"><ele>2127.0</ele></trkpt><trkpt lat="46.19733659903753" lon="7.7924526777766765"><ele>2128.4</ele></trkpt><trkpt lat="46.19737359882353" lon="7.792349677610956"><ele>2129.5</ele></trkpt><trkpt lat="46.19741859857066" lon="7.792245677414227"><ele>2130.8</ele></trkpt><trkpt lat="46.19744559831849" lon="7.792168677216288"><ele>2132.1</ele></trkpt><trkpt lat="46.1974545982988" lon="7.792142677202014"><ele>2132.2</ele></trkpt><trkpt lat="46.19747359822072" lon="7.792090677142443"><ele>2132.6</ele></trkpt><trkpt lat="46.197473598220625" lon="7.7920776771430855"><ele>2132.6</ele></trkpt><trkpt lat="46.19748259818153" lon="7.792026677114539"><ele>2132.8</ele></trkpt><trkpt lat="46.19750059808438" lon="7.792013677037541"><ele>2133.3</ele></trkpt><trkpt lat="46.19750959796823" lon="7.792000676945095"><ele>2133.9</ele></trkpt><trkpt lat="46.19751859790985" lon="7.791961676900448"><ele>2134.2</ele></trkpt><trkpt lat="46.19753659773544" lon="7.791948676761427"><ele>2135.1</ele></trkpt><trkpt lat="46.197545597580564" lon="7.791884676640499"><ele>2135.9</ele></trkpt><trkpt lat="46.1975545975415" lon="7.7918456766113655"><ele>2136.1</ele></trkpt><trkpt lat="46.19754559744521" lon="7.791793676536471"><ele>2136.6</ele></trkpt><trkpt lat="46.19754659734851" lon="7.791728676462164"><ele>2137.1</ele></trkpt><trkpt lat="46.19755559732873" lon="7.791676676449181"><ele>2137.2</ele></trkpt><trkpt lat="46.19758259719247" lon="7.791625676343006"><ele>2137.9</ele></trkpt><trkpt lat="46.19759159713415" lon="7.791599676297725"><ele>2138.2</ele></trkpt><trkpt lat="46.197600597095104" lon="7.791573676267946"><ele>2138.4</ele></trkpt><trkpt lat="46.19759159690238" lon="7.791521676115538"><ele>2139.4</ele></trkpt><trkpt lat="46.19757359672924" lon="7.791469675978688"><ele>2140.3</ele></trkpt><trkpt lat="46.19755659667184" lon="7.791391675936154"><ele>2140.6</ele></trkpt><trkpt lat="46.19755659622772" lon="7.7912886755846715"><ele>2142.9</ele></trkpt><trkpt lat="46.19756559634303" lon="7.791249675679582"><ele>2142.3</ele></trkpt><trkpt lat="46.19758359638075" lon="7.79118467571371"><ele>2142.1</ele></trkpt><trkpt lat="46.19758359640002" lon="7.791158675730509"><ele>2142.0</ele></trkpt><trkpt lat="46.197593596245085" lon="7.791107675608949"><ele>2142.8</ele></trkpt><trkpt lat="46.19759359605198" lon="7.791055675456496"><ele>2143.8</ele></trkpt><trkpt lat="46.19760259601291" lon="7.7910166754273735"><ele>2144.0</ele></trkpt><trkpt lat="46.19763859587609" lon="7.790900675324399"><ele>2144.7</ele></trkpt><trkpt lat="46.197683595661765" lon="7.790796675158761"><ele>2145.8</ele></trkpt><trkpt lat="46.19769359562267" lon="7.790757675129637"><ele>2146.0</ele></trkpt><trkpt lat="46.197684595507134" lon="7.790706675039216"><ele>2146.6</ele></trkpt><trkpt lat="46.19767559539149" lon="7.790628674950141"><ele>2147.2</ele></trkpt><trkpt lat="46.19768459541027" lon="7.790576674968176"><ele>2147.1</ele></trkpt><trkpt lat="46.19770259521642" lon="7.790511674816282"><ele>2148.1</ele></trkpt><trkpt lat="46.19771159508088" lon="7.790473674709603"><ele>2148.8</ele></trkpt><trkpt lat="46.19770359498455" lon="7.790421674634736"><ele>2149.3</ele></trkpt><trkpt lat="46.19769459490761" lon="7.790369674575374"><ele>2149.7</ele></trkpt><trkpt lat="46.19766759486991" lon="7.790317674547135"><ele>2149.9</ele></trkpt><trkpt lat="46.197640594851656" lon="7.7902916745331"><ele>2150.0</ele></trkpt><trkpt lat="46.19756859471927" lon="7.790239674427634"><ele>2150.7</ele></trkpt><trkpt lat="46.197550594642685" lon="7.790187674368336"><ele>2151.1</ele></trkpt><trkpt lat="46.197542594623584" lon="7.790148674354831"><ele>2151.2</ele></trkpt><trkpt lat="46.197551594487955" lon="7.790083674249508"><ele>2151.9</ele></trkpt><trkpt lat="46.19755159439146" lon="7.790057674173304"><ele>2152.4</ele></trkpt><trkpt lat="46.1975335943341" lon="7.790005674129512"><ele>2152.7</ele></trkpt><trkpt lat="46.19753359410226" lon="7.789914673948046"><ele>2153.9</ele></trkpt><trkpt lat="46.19754259406327" lon="7.789889673918236"><ele>2154.1</ele></trkpt><trkpt lat="46.19754359406314" lon="7.789850673920181"><ele>2154.1</ele></trkpt><trkpt lat="46.19754359412083" lon="7.7897856739699325"><ele>2153.8</ele></trkpt><trkpt lat="46.19753459417901" lon="7.789746674018446"><ele>2153.5</ele></trkpt><trkpt lat="46.19752559417916" lon="7.789681674021746"><ele>2153.5</ele></trkpt><trkpt lat="46.19749859417999" lon="7.789577674027116"><ele>2153.5</ele></trkpt><trkpt lat="46.1974635940268" lon="7.789499673907235"><ele>2154.3</ele></trkpt><trkpt lat="46.19740059354653" lon="7.789382673525986"><ele>2156.8</ele></trkpt><trkpt lat="46.197355593413064" lon="7.789304673421681"><ele>2157.5</ele></trkpt><trkpt lat="46.19728459318414" lon="7.789226673240038"><ele>2158.7</ele></trkpt><trkpt lat="46.197158593015175" lon="7.789122673106555"><ele>2159.6</ele></trkpt><trkpt lat="46.197140592996575" lon="7.78909667309247"><ele>2159.7</ele></trkpt><trkpt lat="46.197131592996826" lon="7.789070673093828"><ele>2159.7</ele></trkpt><trkpt lat="46.197131592880794" lon="7.788979673005398"><ele>2160.3</ele></trkpt><trkpt lat="46.19714159268715" lon="7.788889672854868"><ele>2161.3</ele></trkpt><trkpt lat="46.19714159268715" lon="7.788889672854868"><ele>2161.3</ele></trkpt><trkpt lat="46.19715959258991" lon="7.788863672778565"><ele>2161.8</ele></trkpt><trkpt lat="46.19716859231935" lon="7.788824672563492"><ele>2163.2</ele></trkpt><trkpt lat="46.19716859216477" lon="7.78875967244277"><ele>2164.0</ele></trkpt><trkpt lat="46.19718659181649" lon="7.788682672167559"><ele>2165.8</ele></trkpt><trkpt lat="46.19719559166163" lon="7.788630672046136"><ele>2166.6</ele></trkpt><trkpt lat="46.19719659152642" lon="7.78859167193961"><ele>2167.3</ele></trkpt><trkpt lat="46.1971965913913" lon="7.788565671832433"><ele>2168.0</ele></trkpt><trkpt lat="46.197196591333366" lon="7.788552671786596"><ele>2168.3</ele></trkpt><trkpt lat="46.19722359094593" lon="7.788397671484281"><ele>2170.3</ele></trkpt><trkpt lat="46.197232590791046" lon="7.788345671362867"><ele>2171.1</ele></trkpt><trkpt lat="46.19724259040439" lon="7.788241671058109"><ele>2173.1</ele></trkpt><trkpt lat="46.197251590172314" lon="7.788164670875977"><ele>2174.3</ele></trkpt><trkpt lat="46.19726058999814" lon="7.7881126707390775"><ele>2175.2</ele></trkpt><trkpt lat="46.197269589959205" lon="7.788112670708029"><ele>2175.4</ele></trkpt><trkpt lat="46.19727858992024" lon="7.788112670676977"><ele>2175.6</ele></trkpt><trkpt lat="46.197287589823496" lon="7.788151670597465"><ele>2176.1</ele></trkpt><trkpt lat="46.197296589746024" lon="7.7881776705341075"><ele>2176.5</ele></trkpt><trkpt lat="46.19730558968784" lon="7.788216670485588"><ele>2176.8</ele></trkpt><trkpt lat="46.19733258955177" lon="7.788242670375622"><ele>2177.5</ele></trkpt><trkpt lat="46.197349589377495" lon="7.788281670234072"><ele>2178.4</ele></trkpt><trkpt lat="46.19736758924178" lon="7.788307670124165"><ele>2179.1</ele></trkpt><trkpt lat="46.1973765891836" lon="7.7883336700763"><ele>2179.4</ele></trkpt><trkpt lat="46.19738558910609" lon="7.788346670013597"><ele>2179.8</ele></trkpt><trkpt lat="46.19740358893187" lon="7.7884116698707135"><ele>2180.7</ele></trkpt><trkpt lat="46.19742158875751" lon="7.788424669730469"><ele>2181.6</ele></trkpt><trkpt lat="46.19742158868038" lon="7.788450669667163"><ele>2182.0</ele></trkpt><trkpt lat="46.1974485884479" lon="7.788502669478385"><ele>2183.2</ele></trkpt><trkpt lat="46.197448588370854" lon="7.788554669413758"><ele>2183.6</ele></trkpt><trkpt lat="46.1974655883317" lon="7.788606669380018"><ele>2183.8</ele></trkpt><trkpt lat="46.19747458823495" lon="7.788645669300492"><ele>2184.3</ele></trkpt><trkpt lat="46.19750158813748" lon="7.788684669220851"><ele>2184.8</ele></trkpt><trkpt lat="46.197537587885456" lon="7.788787669013923"><ele>2186.1</ele></trkpt><trkpt lat="46.19756458765295" lon="7.788839668825129"><ele>2187.3</ele></trkpt><trkpt lat="46.19759058751695" lon="7.788878668714493"><ele>2188.0</ele></trkpt><trkpt lat="46.19760858741975" lon="7.788904668635567"><ele>2188.5</ele></trkpt><trkpt lat="46.197653587167224" lon="7.788957668431103"><ele>2189.8</ele></trkpt><trkpt lat="46.19768058701186" lon="7.788996668304958"><ele>2190.6</ele></trkpt><trkpt lat="46.197689587011574" lon="7.789022668303578"><ele>2190.6</ele></trkpt><trkpt lat="46.19776158677715" lon="7.789061668115147"><ele>2191.8</ele></trkpt><trkpt lat="46.197770586661036" lon="7.789061668022096"><ele>2192.4</ele></trkpt><trkpt lat="46.19781558646634" lon="7.789087667865495"><ele>2193.4</ele></trkpt><trkpt lat="46.19784258631092" lon="7.789113667740005"><ele>2194.2</ele></trkpt><trkpt lat="46.197904585884075" lon="7.789191667394654"><ele>2196.4</ele></trkpt><trkpt lat="46.19796758543775" lon="7.7892186670363905"><ele>2198.7</ele></trkpt><trkpt lat="46.198012585030796" lon="7.789257666708624"><ele>2200.8</ele></trkpt><trkpt lat="46.19803058487565" lon="7.789257666584515"><ele>2201.6</ele></trkpt><trkpt lat="46.1980485847399" lon="7.78928366647457"><ele>2202.3</ele></trkpt><trkpt lat="46.198156583925254" lon="7.7893746658182375"><ele>2206.5</ele></trkpt><trkpt lat="46.198245583188644" lon="7.789492665222622"><ele>2210.3</ele></trkpt><trkpt lat="46.19826358301433" lon="7.789530665081053"><ele>2211.2</ele></trkpt><trkpt lat="46.198281582878494" lon="7.789531664972387"><ele>2211.9</ele></trkpt><trkpt lat="46.19829958262697" lon="7.789557664769431"><ele>2213.2</ele></trkpt><trkpt lat="46.19834458223919" lon="7.78957066445847"><ele>2215.2</ele></trkpt><trkpt lat="46.198353582142396" lon="7.7895836643802445"><ele>2215.7</ele></trkpt><trkpt lat="46.19837158194866" lon="7.789583664225124"><ele>2216.7</ele></trkpt><trkpt lat="46.19838958183219" lon="7.789609664130667"><ele>2217.3</ele></trkpt><trkpt lat="46.198407581657854" lon="7.789648663989042"><ele>2218.2</ele></trkpt><trkpt lat="46.198425581522095" lon="7.789661663879753"><ele>2218.9</ele></trkpt><trkpt lat="46.19846158111547" lon="7.789700663551998"><ele>2221.0</ele></trkpt><trkpt lat="46.19850558068913" lon="7.7897136632100334"><ele>2223.2</ele></trkpt><trkpt lat="46.19851458061161" lon="7.789739663146631"><ele>2223.6</ele></trkpt><trkpt lat="46.198505580592716" lon="7.789752663130514"><ele>2223.7</ele></trkpt><trkpt lat="46.198523580457014" lon="7.789791663019878"><ele>2224.4</ele></trkpt><trkpt lat="46.198550580320884" lon="7.78981766290986"><ele>2225.1</ele></trkpt><trkpt lat="46.19856858020446" lon="7.78984366281539"><ele>2225.7</ele></trkpt><trkpt lat="46.19857758014624" lon="7.789869662767484"><ele>2226.0</ele></trkpt><trkpt lat="46.19858658008807" lon="7.789908662718908"><ele>2226.3</ele></trkpt><trkpt lat="46.19861357993261" lon="7.789921662594055"><ele>2227.1</ele></trkpt><trkpt lat="46.19865857985382" lon="7.7899996625277215"><ele>2227.5</ele></trkpt><trkpt lat="46.19867557994985" lon="7.790103662599735"><ele>2227.0</ele></trkpt><trkpt lat="46.19868457993032" lon="7.790155662581487"><ele>2227.1</ele></trkpt><trkpt lat="46.19870257985251" lon="7.790181662518017"><ele>2227.5</ele></trkpt><trkpt lat="46.1987115798136" lon="7.790207662485605"><ele>2227.7</ele></trkpt><trkpt lat="46.19872057977465" lon="7.790233662453198"><ele>2227.9</ele></trkpt><trkpt lat="46.198711579833" lon="7.790246662499094"><ele>2227.6</ele></trkpt><trkpt lat="46.19869357985321" lon="7.790311662511346"><ele>2227.5</ele></trkpt><trkpt lat="46.19869257971827" lon="7.790362662400201"><ele>2228.2</ele></trkpt><trkpt lat="46.19869257973768" lon="7.790388662414357"><ele>2228.1</ele></trkpt><trkpt lat="46.19871957962088" lon="7.790427662319151"><ele>2228.7</ele></trkpt><trkpt lat="46.19873757960094" lon="7.790479662300838"><ele>2228.8</ele></trkpt><trkpt lat="46.198746579542814" lon="7.790518662252253"><ele>2229.1</ele></trkpt><trkpt lat="46.19872857973664" lon="7.7905446624060515"><ele>2228.1</ele></trkpt><trkpt lat="46.198728579756" lon="7.790570662420206"><ele>2228.0</ele></trkpt><trkpt lat="46.19873757977504" lon="7.790609662433629"><ele>2227.9</ele></trkpt><trkpt lat="46.198727579833516" lon="7.790661662477513"><ele>2227.6</ele></trkpt><trkpt lat="46.198727579737096" lon="7.790699662398031"><ele>2228.1</ele></trkpt><trkpt lat="46.19873557971823" lon="7.790972662368344"><ele>2228.2</ele></trkpt><trkpt lat="46.1987535793704" lon="7.791075662083826"><ele>2230.0</ele></trkpt><trkpt lat="46.1987625791772" lon="7.791114661926708"><ele>2231.0</ele></trkpt><trkpt lat="46.198753578984956" lon="7.791257661764312"><ele>2232.0</ele></trkpt><trkpt lat="46.1987795786368" lon="7.791373661479047"><ele>2233.8</ele></trkpt><trkpt lat="46.198797578327586" lon="7.791490661224782"><ele>2235.4</ele></trkpt><trkpt lat="46.1988155780955" lon="7.79155566103523"><ele>2236.6</ele></trkpt><trkpt lat="46.19883257799843" lon="7.791620660954214"><ele>2237.1</ele></trkpt><trkpt lat="46.198832577921465" lon="7.791698660888141"><ele>2237.5</ele></trkpt><trkpt lat="46.19883257743939" lon="7.791840660493119"><ele>2240.0</ele></trkpt><trkpt lat="46.19884957691797" lon="7.791957660068262"><ele>2242.7</ele></trkpt><trkpt lat="46.198858576879196" lon="7.792035660033127"><ele>2242.9</ele></trkpt><trkpt lat="46.19886757668619" lon="7.792151659871959"><ele>2243.9</ele></trkpt><trkpt lat="46.19886657657066" lon="7.792229659774862"><ele>2244.5</ele></trkpt><trkpt lat="46.19883957634048" lon="7.792345659582909"><ele>2245.7</ele></trkpt><trkpt lat="46.19883957616698" lon="7.792397659440631"><ele>2246.6</ele></trkpt><trkpt lat="46.19884857591595" lon="7.792475659234906"><ele>2247.9</ele></trkpt><trkpt lat="46.19882957570466" lon="7.792553659060377"><ele>2249.0</ele></trkpt><trkpt lat="46.19882957528038" lon="7.792656658713835"><ele>2251.2</ele></trkpt><trkpt lat="46.198838574797875" lon="7.792773658319958"><ele>2253.7</ele></trkpt><trkpt lat="46.198864574584775" lon="7.792864658144436"><ele>2254.8</ele></trkpt><trkpt lat="46.19888257425623" lon="7.792967657875281"><ele>2256.5</ele></trkpt><trkpt lat="46.1988735740446" lon="7.793071657699296"><ele>2257.6</ele></trkpt><trkpt lat="46.19888257402518" lon="7.793149657679634"><ele>2257.7</ele></trkpt><trkpt lat="46.19886357396825" lon="7.793213657629876"><ele>2258.0</ele></trkpt><trkpt lat="46.19887257396797" lon="7.79325265762777"><ele>2258.0</ele></trkpt><trkpt lat="46.19887257410327" lon="7.7933306577322385"><ele>2257.3</ele></trkpt><trkpt lat="46.19887257410327" lon="7.7933306577322385"><ele>2257.3</ele></trkpt><trkpt lat="46.1988905739867" lon="7.793317657639751"><ele>2257.9</ele></trkpt><trkpt lat="46.19889057392874" lon="7.793291657594586"><ele>2258.2</ele></trkpt><trkpt lat="46.19889957379316" lon="7.793253657487964"><ele>2258.9</ele></trkpt><trkpt lat="46.198926573695445" lon="7.793227657411609"><ele>2259.4</ele></trkpt><trkpt lat="46.198935573579206" lon="7.793188657320541"><ele>2260.0</ele></trkpt><trkpt lat="46.19896357346207" lon="7.793136657230036"><ele>2260.6</ele></trkpt><trkpt lat="46.19899057328708" lon="7.793072657093645"><ele>2261.5</ele></trkpt><trkpt lat="46.19899957317076" lon="7.79302065700327"><ele>2262.1</ele></trkpt><trkpt lat="46.19899957286172" lon="7.792929656759924"><ele>2263.7</ele></trkpt><trkpt lat="46.19900857272612" lon="7.7928786566539925"><ele>2264.4</ele></trkpt><trkpt lat="46.19903657260903" lon="7.792826656563501"><ele>2265.0</ele></trkpt><trkpt lat="46.19905457245377" lon="7.79278765644137"><ele>2265.8</ele></trkpt><trkpt lat="46.19906357233747" lon="7.792748656350319"><ele>2266.4</ele></trkpt><trkpt lat="46.19908157218212" lon="7.792684656229514"><ele>2267.2</ele></trkpt><trkpt lat="46.1991085719879" lon="7.792632656077001"><ele>2268.2</ele></trkpt><trkpt lat="46.19911757189091" lon="7.7925936560014595"><ele>2268.7</ele></trkpt><trkpt lat="46.199135571561904" lon="7.792529655741094"><ele>2270.4</ele></trkpt><trkpt lat="46.1991545713293" lon="7.7924516555590015"><ele>2271.6</ele></trkpt><trkpt lat="46.199172571309106" lon="7.792412655545436"><ele>2271.7</ele></trkpt><trkpt lat="46.199199571134265" lon="7.792400655406327"><ele>2272.6</ele></trkpt><trkpt lat="46.19925357072645" lon="7.79230965508514"><ele>2274.7</ele></trkpt><trkpt lat="46.19926257053294" lon="7.792257654932766"><ele>2275.7</ele></trkpt><trkpt lat="46.19928957031928" lon="7.7921806547660895"><ele>2276.8</ele></trkpt><trkpt lat="46.19932557022121" lon="7.792154654689698"><ele>2277.3</ele></trkpt><trkpt lat="46.19935357018119" lon="7.7920906546618856"><ele>2277.5</ele></trkpt><trkpt lat="46.19938057006413" lon="7.792025654572114"><ele>2278.1</ele></trkpt><trkpt lat="46.19940756996628" lon="7.791947654498536"><ele>2278.6</ele></trkpt><trkpt lat="46.199425569868964" lon="7.791935654421524"><ele>2279.1</ele></trkpt><trkpt lat="46.199452569520204" lon="7.791857654146377"><ele>2280.9</ele></trkpt><trkpt lat="46.19947056934562" lon="7.791805654009465"><ele>2281.8</ele></trkpt><trkpt lat="46.199471569306915" lon="7.7917926539791384"><ele>2282.0</ele></trkpt><trkpt lat="46.199489569016464" lon="7.791715653750519"><ele>2283.5</ele></trkpt><trkpt lat="46.199507568687416" lon="7.791637653490957"><ele>2285.2</ele></trkpt><trkpt lat="46.19952556826167" lon="7.791534653155203"><ele>2287.4</ele></trkpt><trkpt lat="46.199535567894344" lon="7.791430652866084"><ele>2289.3</ele></trkpt><trkpt lat="46.199535567894344" lon="7.791430652866084"><ele>2289.3</ele></trkpt><trkpt lat="46.199544567836035" lon="7.791430652819506"><ele>2289.6</ele></trkpt><trkpt lat="46.199553567739194" lon="7.791443652741233"><ele>2290.1</ele></trkpt><trkpt lat="46.199561567584645" lon="7.7915086526136825"><ele>2290.9</ele></trkpt><trkpt lat="46.19956156754615" lon="7.791547652580592"><ele>2291.1</ele></trkpt><trkpt lat="46.199570567391326" lon="7.791534652457191"><ele>2291.9</ele></trkpt><trkpt lat="46.19957956733305" lon="7.791521652411305"><ele>2292.2</ele></trkpt><trkpt lat="46.19958856708173" lon="7.791521652209683"><ele>2293.5</ele></trkpt><trkpt lat="46.19959756694637" lon="7.791560652099011"><ele>2294.2</ele></trkpt><trkpt lat="46.19960656688831" lon="7.791638652048277"><ele>2294.5</ele></trkpt><trkpt lat="46.1995975670625" lon="7.791677652185807"><ele>2293.6</ele></trkpt><trkpt lat="46.199597567101264" lon="7.791728652214093"><ele>2293.4</ele></trkpt><trkpt lat="46.19961556686904" lon="7.791780652025139"><ele>2294.6</ele></trkpt><trkpt lat="46.19960556690817" lon="7.791819652054136"><ele>2294.4</ele></trkpt><trkpt lat="46.199596566889326" lon="7.791858652036606"><ele>2294.5</ele></trkpt><trkpt lat="46.19961456665718" lon="7.791923651846954"><ele>2295.7</ele></trkpt><trkpt lat="46.19964156644389" lon="7.791975651673433"><ele>2296.8</ele></trkpt><trkpt lat="46.19966856634636" lon="7.792014651593641"><ele>2297.3</ele></trkpt><trkpt lat="46.19968656626848" lon="7.792053651529415"><ele>2297.7</ele></trkpt><trkpt lat="46.19970456611338" lon="7.792066651404553"><ele>2298.5</ele></trkpt><trkpt lat="46.199695566113796" lon="7.792079651403917"><ele>2298.5</ele></trkpt><trkpt lat="46.19967656603754" lon="7.792118651339935"><ele>2298.9</ele></trkpt><trkpt lat="46.19969456559327" lon="7.792247650976269"><ele>2301.2</ele></trkpt><trkpt lat="46.19970356549644" lon="7.792273650897285"><ele>2301.7</ele></trkpt><trkpt lat="46.19970356540003" lon="7.792312650817668"><ele>2302.2</ele></trkpt><trkpt lat="46.1997035652265" lon="7.792364650675322"><ele>2303.1</ele></trkpt><trkpt lat="46.1997215650521" lon="7.792390650534249"><ele>2304.0</ele></trkpt><trkpt lat="46.19972956503259" lon="7.7924426505159055"><ele>2304.1</ele></trkpt><trkpt lat="46.199747564916066" lon="7.792455650422045"><ele>2304.7</ele></trkpt><trkpt lat="46.19976556478029" lon="7.792494650311285"><ele>2305.4</ele></trkpt><trkpt lat="46.19977456466419" lon="7.7925076502174875"><ele>2306.0</ele></trkpt><trkpt lat="46.19979256447049" lon="7.792533650060901"><ele>2307.0</ele></trkpt><trkpt lat="46.19981956425708" lon="7.792546649889443"><ele>2308.1</ele></trkpt><trkpt lat="46.19982856406384" lon="7.792598649731518"><ele>2309.1</ele></trkpt><trkpt lat="46.19985556386982" lon="7.792637649574171"><ele>2310.1</ele></trkpt><trkpt lat="46.19985556367695" lon="7.7926896494163005"><ele>2311.1</ele></trkpt><trkpt lat="46.19987256354123" lon="7.792728649305536"><ele>2311.8</ele></trkpt><trkpt lat="46.19989056342469" lon="7.792728649212371"><ele>2312.4</ele></trkpt><trkpt lat="46.19989956334717" lon="7.7927676491481845"><ele>2312.8</ele></trkpt><trkpt lat="46.19991756319213" lon="7.792806649021902"><ele>2313.6</ele></trkpt><trkpt lat="46.199926563075955" lon="7.792806648928796"><ele>2314.2</ele></trkpt><trkpt lat="46.199944563017354" lon="7.792832648880753"><ele>2314.5</ele></trkpt><trkpt lat="46.199971562823215" lon="7.79284564872479"><ele>2315.5</ele></trkpt><trkpt lat="46.199980562764964" lon="7.79284564867821"><ele>2315.8</ele></trkpt><trkpt lat="46.19998956253307" lon="7.792897648489253"><ele>2317.0</ele></trkpt><trkpt lat="46.19999856224328" lon="7.792923648255169"><ele>2318.5</ele></trkpt><trkpt lat="46.20000756208865" lon="7.792975648128239"><ele>2319.3</ele></trkpt><trkpt lat="46.2000165620304" lon="7.792988648080952"><ele>2319.6</ele></trkpt><trkpt lat="46.20001556191475" lon="7.793027647985807"><ele>2320.2</ele></trkpt><trkpt lat="46.20003356179823" lon="7.793040647891933"><ele>2320.8</ele></trkpt><trkpt lat="46.20003356172112" lon="7.793066647828498"><ele>2321.2</ele></trkpt><trkpt lat="46.20002456160583" lon="7.793104647733454"><ele>2321.8</ele></trkpt><trkpt lat="46.20002456133577" lon="7.793156647513526"><ele>2323.2</ele></trkpt><trkpt lat="46.20004256116148" lon="7.793234647369612"><ele>2324.1</ele></trkpt><trkpt lat="46.20006056102572" lon="7.793247647260229"><ele>2324.8</ele></trkpt><trkpt lat="46.200069560948236" lon="7.79329964719532"><ele>2325.2</ele></trkpt><trkpt lat="46.20007756085147" lon="7.793325647116313"><ele>2325.7</ele></trkpt><trkpt lat="46.200086560523175" lon="7.793390646849084"><ele>2327.4</ele></trkpt><trkpt lat="46.20010456032947" lon="7.793416646692462"><ele>2328.4</ele></trkpt><trkpt lat="46.20010456023307" lon="7.7934426466135065"><ele>2328.9</ele></trkpt><trkpt lat="46.20011356009756" lon="7.793455646504176"><ele>2329.6</ele></trkpt><trkpt lat="46.20012256003948" lon="7.793520646454069"><ele>2329.9</ele></trkpt><trkpt lat="46.20013155986555" lon="7.793572646311604"><ele>2330.8</ele></trkpt><trkpt lat="46.200158559690735" lon="7.793598646170427"><ele>2331.7</ele></trkpt><trkpt lat="46.20017555947779" lon="7.79362464599829"><ele>2332.8</ele></trkpt><trkpt lat="46.20018455924598" lon="7.793688645808642"><ele>2334.0</ele></trkpt><trkpt lat="46.20021155891687" lon="7.793740645541965"><ele>2335.7</ele></trkpt><trkpt lat="46.20022955881966" lon="7.7937546454635305"><ele>2336.2</ele></trkpt><trkpt lat="46.20023855872279" lon="7.793767645385215"><ele>2336.7</ele></trkpt><trkpt lat="46.20026555856732" lon="7.79379364525954"><ele>2337.5</ele></trkpt><trkpt lat="46.200301558334196" lon="7.793819645071759"><ele>2338.7</ele></trkpt><trkpt lat="46.20031955812133" lon="7.7938846448974894"><ele>2339.8</ele></trkpt><trkpt lat="46.20032855806304" lon="7.793897644850184"><ele>2340.1</ele></trkpt><trkpt lat="46.20034655798506" lon="7.793884644788734"><ele>2340.5</ele></trkpt><trkpt lat="46.200346557830535" lon="7.793845644666771"><ele>2341.3</ele></trkpt><trkpt lat="46.20034655759876" lon="7.7937936444834826"><ele>2342.5</ele></trkpt><trkpt lat="46.200337557483294" lon="7.793767644391899"><ele>2343.1</ele></trkpt><trkpt lat="46.20033755736733" lon="7.793715644301673"><ele>2343.7</ele></trkpt><trkpt lat="46.200346557270265" lon="7.793664644226844"><ele>2344.2</ele></trkpt><trkpt lat="46.200346557173695" lon="7.793638644150708"><ele>2344.7</ele></trkpt><trkpt lat="46.20035555709599" lon="7.793612644090029"><ele>2345.1</ele></trkpt><trkpt lat="46.20036555676718" lon="7.793521643831263"><ele>2346.8</ele></trkpt><trkpt lat="46.20038355651545" lon="7.793495643630938"><ele>2348.1</ele></trkpt><trkpt lat="46.20038355645752" lon="7.793482643585122"><ele>2348.4</ele></trkpt><trkpt lat="46.2003925563219" lon="7.793444643478567"><ele>2349.1</ele></trkpt><trkpt lat="46.20040155616704" lon="7.793418643355853"><ele>2349.9</ele></trkpt><trkpt lat="46.200410556108594" lon="7.793366643312107"><ele>2350.2</ele></trkpt><trkpt lat="46.200428555895336" lon="7.793327643143519"><ele>2351.3</ele></trkpt><trkpt lat="46.20042855576017" lon="7.793301643036374"><ele>2352.0</ele></trkpt><trkpt lat="46.200437555701804" lon="7.7932636429918665"><ele>2352.3</ele></trkpt><trkpt lat="46.2005105553891" lon="7.793030642755988"><ele>2353.9</ele></trkpt><trkpt lat="46.2005555548851" lon="7.792952642356735"><ele>2356.5</ele></trkpt><trkpt lat="46.20057355471046" lon="7.792914642219123"><ele>2357.4</ele></trkpt><trkpt lat="46.20059255430405" lon="7.792823641898319"><ele>2359.5</ele></trkpt><trkpt lat="46.2006195540904" lon="7.792771641730406"><ele>2360.6</ele></trkpt><trkpt lat="46.2006555538957" lon="7.792720641577884"><ele>2361.6</ele></trkpt><trkpt lat="46.20068255370132" lon="7.792668641425479"><ele>2362.6</ele></trkpt><trkpt lat="46.20070055354599" lon="7.792617641304101"><ele>2363.4</ele></trkpt><trkpt lat="46.20072755337107" lon="7.792604641165061"><ele>2364.3</ele></trkpt><trkpt lat="46.20074655313845" lon="7.792552640981706"><ele>2365.5</ele></trkpt><trkpt lat="46.20074655302254" lon="7.792526640890094"><ele>2366.1</ele></trkpt><trkpt lat="46.20074655281011" lon="7.792474640722378"><ele>2367.2</ele></trkpt><trkpt lat="46.20074655273284" lon="7.792448640661783"><ele>2367.6</ele></trkpt><trkpt lat="46.200755552693806" lon="7.792448640630706"><ele>2367.8</ele></trkpt><trkpt lat="46.200764552654846" lon="7.7924616405989156"><ele>2368.0</ele></trkpt><trkpt lat="46.20082755199607" lon="7.792540640066889"><ele>2371.4</ele></trkpt><trkpt lat="46.200880551453686" lon="7.792670639625142"><ele>2374.2</ele></trkpt><trkpt lat="46.20087155145417" lon="7.792708639623102"><ele>2374.2</ele></trkpt><trkpt lat="46.200871551377084" lon="7.79273463955964"><ele>2374.6</ele></trkpt><trkpt lat="46.20088955127984" lon="7.792747639481259"><ele>2375.1</ele></trkpt><trkpt lat="46.20090755110537" lon="7.792760639340848"><ele>2376.0</ele></trkpt><trkpt lat="46.200916550969886" lon="7.7927736392315134"><ele>2376.7</ele></trkpt><trkpt lat="46.200916550912034" lon="7.792812639182832"><ele>2377.0</ele></trkpt><trkpt lat="46.20092455071891" lon="7.792877639024105"><ele>2378.0</ele></trkpt><trkpt lat="46.20092455068035" lon="7.792890638992367"><ele>2378.2</ele></trkpt><trkpt lat="46.2009605504859" lon="7.792942638834161"><ele>2379.2</ele></trkpt><trkpt lat="46.20097855040803" lon="7.792981638769849"><ele>2379.6</ele></trkpt><trkpt lat="46.200987550369156" lon="7.7930076387373335"><ele>2379.8</ele></trkpt><trkpt lat="46.20101455025221" lon="7.793033638642654"><ele>2380.4</ele></trkpt><trkpt lat="46.201023550155476" lon="7.793085638562172"><ele>2380.9</ele></trkpt><trkpt lat="46.20105054996136" lon="7.7931246384047395"><ele>2381.9</ele></trkpt><trkpt lat="46.201058549826" lon="7.793163638293963"><ele>2382.6</ele></trkpt><trkpt lat="46.2010675496907" lon="7.793228638181732"><ele>2383.3</ele></trkpt><trkpt lat="46.20108554951632" lon="7.793280638039149"><ele>2384.2</ele></trkpt><trkpt lat="46.20108554945853" lon="7.7933196379904555"><ele>2384.5</ele></trkpt><trkpt lat="46.201103549322745" lon="7.793358637879604"><ele>2385.2</ele></trkpt><trkpt lat="46.20110354926496" lon="7.793384637831634"><ele>2385.5</ele></trkpt><trkpt lat="46.20108554920797" lon="7.793435637782401"><ele>2385.8</ele></trkpt><trkpt lat="46.20109454914978" lon="7.793461637734367"><ele>2386.1</ele></trkpt><trkpt lat="46.201102548917866" lon="7.793500637546034"><ele>2387.3</ele></trkpt><trkpt lat="46.20108454870663" lon="7.7935916373705005"><ele>2388.4</ele></trkpt><trkpt lat="46.20109354857125" lon="7.793630637259701"><ele>2389.1</ele></trkpt><trkpt lat="46.20111154830039" lon="7.793682637039545"><ele>2390.5</ele></trkpt><trkpt lat="46.201111548146045" lon="7.793707636914077"><ele>2391.3</ele></trkpt><trkpt lat="46.20112854775945" lon="7.793785636599417"><ele>2393.3</ele></trkpt><trkpt lat="46.20114654741146" lon="7.79385063631649"><ele>2395.1</ele></trkpt><trkpt lat="46.201164547256205" lon="7.793837636193007"><ele>2395.9</ele></trkpt><trkpt lat="46.201201546675335" lon="7.7937736357310134"><ele>2398.9</ele></trkpt><trkpt lat="46.201219546423516" lon="7.793747635530713"><ele>2400.2</ele></trkpt><trkpt lat="46.20121954640417" lon="7.79373463551593"><ele>2400.3</ele></trkpt><trkpt lat="46.20125554607429" lon="7.793682635254914"><ele>2402.0</ele></trkpt><trkpt lat="46.201273545861056" lon="7.793644635086306"><ele>2403.1</ele></trkpt><trkpt lat="46.201282545764144" lon="7.793644635008697"><ele>2403.6</ele></trkpt><trkpt lat="46.20129154566713" lon="7.793618634932537"><ele>2404.1</ele></trkpt><trkpt lat="46.20130054547356" lon="7.793553634781015"><ele>2405.1</ele></trkpt><trkpt lat="46.20130954541512" lon="7.79351463473661"><ele>2405.4</ele></trkpt><trkpt lat="46.20134554508515" lon="7.793450634476281"><ele>2407.1</ele></trkpt><trkpt lat="46.20136454496842" lon="7.793411634385276"><ele>2407.7</ele></trkpt><trkpt lat="46.20137354479423" lon="7.793385634247091"><ele>2408.6</ele></trkpt><trkpt lat="46.20137354467825" lon="7.7933466341562205"><ele>2409.2</ele></trkpt><trkpt lat="46.20138254461986" lon="7.793321634111033"><ele>2409.5</ele></trkpt><trkpt lat="46.20140954442558" lon="7.793295633957213"><ele>2410.5</ele></trkpt><trkpt lat="46.20144554411498" lon="7.793243633711739"><ele>2412.1</ele></trkpt><trkpt lat="46.20149054370732" lon="7.793153633390793"><ele>2414.2</ele></trkpt><trkpt lat="46.20150954337816" lon="7.79308863313067"><ele>2415.9</ele></trkpt><trkpt lat="46.20151854326192" lon="7.793075633038287"><ele>2416.5</ele></trkpt><trkpt lat="46.20152654318443" lon="7.793114632974003"><ele>2416.9</ele></trkpt><trkpt lat="46.201544543067946" lon="7.793153632878629"><ele>2417.5</ele></trkpt><trkpt lat="46.20156254285496" lon="7.793205632704982"><ele>2418.6</ele></trkpt><trkpt lat="46.201571542816055" lon="7.793231632672441"><ele>2418.8</ele></trkpt><trkpt lat="46.20157154283558" lon="7.793309632683559"><ele>2418.7</ele></trkpt><trkpt lat="46.20155354275928" lon="7.793335632620189"><ele>2419.1</ele></trkpt><trkpt lat="46.201553542643616" lon="7.79338663252426"><ele>2419.7</ele></trkpt><trkpt lat="46.20156154243107" lon="7.793438632350675"><ele>2420.8</ele></trkpt><trkpt lat="46.20157954221803" lon="7.793464632178483"><ele>2421.9</ele></trkpt><trkpt lat="46.201588542101874" lon="7.793490632083894"><ele>2422.5</ele></trkpt><trkpt lat="46.201597541966464" lon="7.793529631973067"><ele>2423.2</ele></trkpt><trkpt lat="46.201606541908255" lon="7.7935556319250106"><ele>2423.5</ele></trkpt><trkpt lat="46.20161554177283" lon="7.793594631814179"><ele>2424.2</ele></trkpt><trkpt lat="46.201615541715036" lon="7.7936206317661885"><ele>2424.5</ele></trkpt><trkpt lat="46.20162454165673" lon="7.793633631718855"><ele>2424.8</ele></trkpt><trkpt lat="46.201678541287734" lon="7.793685631420858"><ele>2426.7</ele></trkpt><trkpt lat="46.201713541286274" lon="7.793724631418408"><ele>2426.7</ele></trkpt><trkpt lat="46.20172254122807" lon="7.793750631370346"><ele>2427.0</ele></trkpt><trkpt lat="46.20178554103235" lon="7.793803631211807"><ele>2428.0</ele></trkpt><trkpt lat="46.20180354105094" lon="7.793842631224988"><ele>2427.9</ele></trkpt><trkpt lat="46.201812541108495" lon="7.7938426312714535"><ele>2427.6</ele></trkpt><trkpt lat="46.201848541242114" lon="7.793881631377572"><ele>2426.9</ele></trkpt><trkpt lat="46.20187554124093" lon="7.793894631376644"><ele>2426.9</ele></trkpt><trkpt lat="46.20190254118191" lon="7.793933631327726"><ele>2427.2</ele></trkpt><trkpt lat="46.20192954108422" lon="7.793946631249248"><ele>2427.7</ele></trkpt><trkpt lat="46.201956540986586" lon="7.79395963117077"><ele>2428.2</ele></trkpt><trkpt lat="46.20197454094717" lon="7.793959631139622"><ele>2428.4</ele></trkpt><trkpt lat="46.20200154092659" lon="7.793959631123917"><ele>2428.5</ele></trkpt><trkpt lat="46.20202854073235" lon="7.793947630969304"><ele>2429.5</ele></trkpt><trkpt lat="46.202063540576425" lon="7.793973630843503"><ele>2430.3</ele></trkpt><trkpt lat="46.20209054044009" lon="7.793973630734738"><ele>2431.0</ele></trkpt><trkpt lat="46.2021175402265" lon="7.79397363056393"><ele>2432.1</ele></trkpt><trkpt lat="46.20213554010984" lon="7.793960630471474"><ele>2432.7</ele></trkpt><trkpt lat="46.20216254003138" lon="7.7939476304099795"><ele>2433.1</ele></trkpt><trkpt lat="46.20218953981792" lon="7.79397463023764"><ele>2434.2</ele></trkpt><trkpt lat="46.20221653966235" lon="7.794000630111893"><ele>2435.0</ele></trkpt><trkpt lat="46.20223453942992" lon="7.794000629925638"><ele>2436.2</ele></trkpt><trkpt lat="46.202252539293994" lon="7.794013629816197"><ele>2436.9</ele></trkpt><trkpt lat="46.20226153919712" lon="7.794026629737845"><ele>2437.4</ele></trkpt><trkpt lat="46.20227953913846" lon="7.794039629690447"><ele>2437.7</ele></trkpt><trkpt lat="46.20229753902182" lon="7.794052629596516"><ele>2438.3</ele></trkpt><trkpt lat="46.202306538789806" lon="7.79405262941032"><ele>2439.5</ele></trkpt><trkpt lat="46.202324538634564" lon="7.794052629286108"><ele>2440.3</ele></trkpt><trkpt lat="46.20236053842077" lon="7.7941176291115415"><ele>2441.4</ele></trkpt><trkpt lat="46.20237853820763" lon="7.794117628940792"><ele>2442.5</ele></trkpt><trkpt lat="46.202396538052504" lon="7.79415662881436"><ele>2443.3</ele></trkpt><trkpt lat="46.20241453785868" lon="7.794169628658384"><ele>2444.3</ele></trkpt><trkpt lat="46.202477537353936" lon="7.794157628255331"><ele>2446.9</ele></trkpt><trkpt lat="46.202477537353964" lon="7.794170628254592"><ele>2446.9</ele></trkpt><trkpt lat="46.20248653725699" lon="7.7941706281769685"><ele>2447.4</ele></trkpt><trkpt lat="46.20249553704419" lon="7.794144628007767"><ele>2448.5</ele></trkpt><trkpt lat="46.20249553692828" lon="7.794118627916185"><ele>2449.1</ele></trkpt><trkpt lat="46.2024595368332" lon="7.794040627843329"><ele>2449.6</ele></trkpt><trkpt lat="46.20244153666014" lon="7.794001627706082"><ele>2450.5</ele></trkpt><trkpt lat="46.20244153648631" lon="7.793975627567975"><ele>2451.4</ele></trkpt><trkpt lat="46.20244153648631" lon="7.793975627567975"><ele>2451.4</ele></trkpt><trkpt lat="46.20255853650097" lon="7.794183627570786"><ele>2451.3</ele></trkpt><trkpt lat="46.202584536461416" lon="7.794261627535128"><ele>2451.5</ele></trkpt><trkpt lat="46.20262053647926" lon="7.794313627547414"><ele>2451.4</ele></trkpt><trkpt lat="46.20264753649739" lon="7.7943396275612535"><ele>2451.3</ele></trkpt><trkpt lat="46.20271053647557" lon="7.794456627538617"><ele>2451.4</ele></trkpt><trkpt lat="46.202737536474466" lon="7.794482627536939"><ele>2451.4</ele></trkpt><trkpt lat="46.202772536473" lon="7.794547627532984"><ele>2451.4</ele></trkpt><trkpt lat="46.20280853647169" lon="7.794625627528279"><ele>2451.4</ele></trkpt><trkpt lat="46.20284453641236" lon="7.794690627477776"><ele>2451.7</ele></trkpt><trkpt lat="46.20288953631397" lon="7.79475562739618"><ele>2452.2</ele></trkpt><trkpt lat="46.20291553629361" lon="7.794795627378199"><ele>2452.3</ele></trkpt><trkpt lat="46.202924536370524" lon="7.79482062743876"><ele>2451.9</ele></trkpt><trkpt lat="46.20295153636935" lon="7.794847627437026"><ele>2451.9</ele></trkpt><trkpt lat="46.20297853636832" lon="7.794912627433124"><ele>2451.9</ele></trkpt><trkpt lat="46.203014536366794" lon="7.794938627431387"><ele>2451.9</ele></trkpt><trkpt lat="46.203059536345584" lon="7.794990627412587"><ele>2452.0</ele></trkpt><trkpt lat="46.20308653630591" lon="7.795042627378397"><ele>2452.2</ele></trkpt><trkpt lat="46.203130536265526" lon="7.795107627343345"><ele>2452.4</ele></trkpt><trkpt lat="46.20316653634123" lon="7.79514662740292"><ele>2452.0</ele></trkpt><trkpt lat="46.20318453634043" lon="7.79517262740131"><ele>2452.0</ele></trkpt><trkpt lat="46.203220536319606" lon="7.7951856273848"><ele>2452.1</ele></trkpt><trkpt lat="46.203274536433305" lon="7.79528962747156"><ele>2451.5</ele></trkpt><trkpt lat="46.20330153643213" lon="7.795315627469885"><ele>2451.5</ele></trkpt><trkpt lat="46.203310536451085" lon="7.795341627483852"><ele>2451.4</ele></trkpt><trkpt lat="46.20334553641095" lon="7.795354627451832"><ele>2451.6</ele></trkpt><trkpt lat="46.203372536371155" lon="7.795368627419816"><ele>2451.8</ele></trkpt><trkpt lat="46.203399536369965" lon="7.795368627419624"><ele>2451.8</ele></trkpt><trkpt lat="46.20341753638847" lon="7.795381627434266"><ele>2451.7</ele></trkpt><trkpt lat="46.20346253636725" lon="7.795420627416205"><ele>2451.8</ele></trkpt><trkpt lat="46.20348953634688" lon="7.79547262739753"><ele>2451.9</ele></trkpt><trkpt lat="46.20356153624727" lon="7.795537627315736"><ele>2452.4</ele></trkpt><trkpt lat="46.20370453585508" lon="7.795668626996944"><ele>2454.4</ele></trkpt><trkpt lat="46.203740535814966" lon="7.795707626963429"><ele>2454.6</ele></trkpt><trkpt lat="46.203767535852464" lon="7.795746626992039"><ele>2454.4</ele></trkpt><trkpt lat="46.203794535793335" lon="7.795759626944556"><ele>2454.7</ele></trkpt><trkpt lat="46.2038215357729" lon="7.795785626927361"><ele>2454.8</ele></trkpt><trkpt lat="46.20383953577216" lon="7.795811626925748"><ele>2454.8</ele></trkpt><trkpt lat="46.20387553571267" lon="7.795824626878204"><ele>2455.1</ele></trkpt><trkpt lat="46.20392053559489" lon="7.795863626782563"><ele>2455.7</ele></trkpt><trkpt lat="46.203947535593706" lon="7.795890626780828"><ele>2455.7</ele></trkpt><trkpt lat="46.203982535418504" lon="7.795916626639449"><ele>2456.6</ele></trkpt><trkpt lat="46.20401853524316" lon="7.795942626498066"><ele>2457.5</ele></trkpt><trkpt lat="46.204063535221934" lon="7.795981626479994"><ele>2457.6</ele></trkpt><trkpt lat="46.204081535182596" lon="7.796007626447349"><ele>2457.8</ele></trkpt><trkpt lat="46.204108535181426" lon="7.796033626445669"><ele>2457.8</ele></trkpt><trkpt lat="46.20413553512234" lon="7.796046626398187"><ele>2458.1</ele></trkpt><trkpt lat="46.204162535101894" lon="7.796072626380992"><ele>2458.2</ele></trkpt><trkpt lat="46.20419853494584" lon="7.796098626255115"><ele>2459.0</ele></trkpt><trkpt lat="46.204225534886795" lon="7.7961256262068295"><ele>2459.3</ele></trkpt><trkpt lat="46.204252534827745" lon="7.796151626158601"><ele>2459.6</ele></trkpt><trkpt lat="46.20426953480768" lon="7.79616462614222"><ele>2459.7</ele></trkpt><trkpt lat="46.20431453470928" lon="7.796216626061338"><ele>2460.2</ele></trkpt><trkpt lat="46.204332534708584" lon="7.796255626058976"><ele>2460.2</ele></trkpt><trkpt lat="46.2043685347457" lon="7.796307626086774"><ele>2460.0</ele></trkpt><trkpt lat="46.20440453474416" lon="7.796333626085024"><ele>2460.0</ele></trkpt><trkpt lat="46.20444953474232" lon="7.796398626080985"><ele>2460.0</ele></trkpt><trkpt lat="46.20447553458688" lon="7.796463625952939"><ele>2460.8</ele></trkpt><trkpt lat="46.204484534547895" lon="7.796476625921099"><ele>2461.0</ele></trkpt><trkpt lat="46.20450253446988" lon="7.7964896258581575"><ele>2461.4</ele></trkpt><trkpt lat="46.20452053431465" lon="7.796515625732399"><ele>2462.2</ele></trkpt><trkpt lat="46.204538534198036" lon="7.796528625638423"><ele>2462.8</ele></trkpt><trkpt lat="46.204583533887046" lon="7.796516625390513"><ele>2464.4</ele></trkpt><trkpt lat="46.20459253382877" lon="7.796529625343154"><ele>2464.7</ele></trkpt><trkpt lat="46.20460153369331" lon="7.796555625232977"><ele>2465.4</ele></trkpt><trkpt lat="46.2046105336157" lon="7.7965686251700985"><ele>2465.8</ele></trkpt><trkpt lat="46.20462853355688" lon="7.796555625124163"><ele>2466.1</ele></trkpt><trkpt lat="46.204655533497814" lon="7.796568625076671"><ele>2466.4</ele></trkpt><trkpt lat="46.20468253341934" lon="7.7965686250144115"><ele>2466.8</ele></trkpt><trkpt lat="46.2046915333803" lon="7.796568624983309"><ele>2467.0</ele></trkpt><trkpt lat="46.20471853330182" lon="7.796568624921048"><ele>2467.4</ele></trkpt><trkpt lat="46.20473653316583" lon="7.7965686248122985"><ele>2468.1</ele></trkpt><trkpt lat="46.20475453310714" lon="7.796582624764812"><ele>2468.4</ele></trkpt><trkpt lat="46.20478153306733" lon="7.796595624732837"><ele>2468.6</ele></trkpt><trkpt lat="46.204799532989284" lon="7.79659562467064"><ele>2469.0</ele></trkpt><trkpt lat="46.20483553289119" lon="7.796621624591299"><ele>2469.5</ele></trkpt><trkpt lat="46.20488053283125" lon="7.796634624543678"><ele>2469.8</ele></trkpt><trkpt lat="46.204916532597814" lon="7.796621624357956"><ele>2471.0</ele></trkpt><trkpt lat="46.20493453253919" lon="7.79663562431047"><ele>2471.3</ele></trkpt><trkpt lat="46.204952532499696" lon="7.796622624280055"><ele>2471.5</ele></trkpt><trkpt lat="46.20497953232468" lon="7.796622624140206"><ele>2472.4</ele></trkpt><trkpt lat="46.20501553222645" lon="7.796609624063106"><ele>2472.9</ele></trkpt><trkpt lat="46.20504253218661" lon="7.796609624031878"><ele>2473.1</ele></trkpt><trkpt lat="46.20507853212698" lon="7.796597623985758"><ele>2473.4</ele></trkpt><trkpt lat="46.20508753212649" lon="7.796584623986439"><ele>2473.4</ele></trkpt><trkpt lat="46.20510553208699" lon="7.796558623956775"><ele>2473.6</ele></trkpt><trkpt lat="46.205123531989585" lon="7.796545623879807"><ele>2474.1</ele></trkpt><trkpt lat="46.205150531853185" lon="7.796532623771739"><ele>2474.8</ele></trkpt><trkpt lat="46.205159531775436" lon="7.796506623711108"><ele>2475.2</ele></trkpt><trkpt lat="46.20518653169677" lon="7.796442623652534"><ele>2475.6</ele></trkpt><trkpt lat="46.205231531327634" lon="7.79637762336113"><ele>2477.5</ele></trkpt><trkpt lat="46.20528653111251" lon="7.796313623193746"><ele>2478.6</ele></trkpt><trkpt lat="46.205295531112036" lon="7.796287623195178"><ele>2478.6</ele></trkpt><trkpt lat="46.205322530917506" lon="7.796222623043574"><ele>2479.6</ele></trkpt><trkpt lat="46.20533153080117" lon="7.7961976229518495"><ele>2480.2</ele></trkpt><trkpt lat="46.2053405307813" lon="7.796158622938523"><ele>2480.3</ele></trkpt><trkpt lat="46.20534953081935" lon="7.796106622972498"><ele>2480.1</ele></trkpt><trkpt lat="46.20535853087679" lon="7.79606762302123"><ele>2479.8</ele></trkpt><trkpt lat="46.20538553087539" lon="7.796029623023228"><ele>2479.8</ele></trkpt><trkpt lat="46.20542153102812" lon="7.796003623148602"><ele>2479.0</ele></trkpt><trkpt lat="46.20544053116232" lon="7.795977623258578"><ele>2478.3</ele></trkpt><trkpt lat="46.20546753133471" lon="7.795925623401028"><ele>2477.4</ele></trkpt><trkpt lat="46.20547653146927" lon="7.7958616235132645"><ele>2476.7</ele></trkpt><trkpt lat="46.20548553146877" lon="7.7958356235147015"><ele>2476.7</ele></trkpt><trkpt lat="46.205494531448956" lon="7.7958096235006185"><ele>2476.8</ele></trkpt><trkpt lat="46.20549453133304" lon="7.795783623409025"><ele>2477.4</ele></trkpt><trkpt lat="46.205494531217184" lon="7.79577062331668"><ele>2478.0</ele></trkpt><trkpt lat="46.2055125313128" lon="7.7957446233956285"><ele>2477.5</ele></trkpt><trkpt lat="46.20551253137068" lon="7.795731623442925"><ele>2477.2</ele></trkpt><trkpt lat="46.20552153158259" lon="7.79570662361497"><ele>2476.1</ele></trkpt><trkpt lat="46.205539531716816" lon="7.79568062372495"><ele>2475.4</ele></trkpt><trkpt lat="46.205548531658465" lon="7.795667623679089"><ele>2475.7</ele></trkpt><trkpt lat="46.205567531580236" lon="7.795628623619142"><ele>2476.1</ele></trkpt><trkpt lat="46.2055765313093" lon="7.795563623405609"><ele>2477.5</ele></trkpt><trkpt lat="46.2055945311925" lon="7.795538623313833"><ele>2478.1</ele></trkpt><trkpt lat="46.205621531133254" lon="7.795512623268591"><ele>2478.4</ele></trkpt><trkpt lat="46.20564853124779" lon="7.79547362336374"><ele>2477.8</ele></trkpt><trkpt lat="46.20566653151708" lon="7.795408623584567"><ele>2476.4</ele></trkpt><trkpt lat="46.20568453161263" lon="7.795357623664953"><ele>2475.9</ele></trkpt><trkpt lat="46.20568453165114" lon="7.79531862369823"><ele>2475.7</ele></trkpt><trkpt lat="46.205685531612346" lon="7.795279623669441"><ele>2475.9</ele></trkpt><trkpt lat="46.20570353159205" lon="7.795227623656796"><ele>2476.0</ele></trkpt><trkpt lat="46.20572153151395" lon="7.795214623595357"><ele>2476.4</ele></trkpt><trkpt lat="46.20573953145525" lon="7.795228623547881"><ele>2476.7</ele></trkpt><trkpt lat="46.205793531394754" lon="7.795202623502445"><ele>2477.0</ele></trkpt><trkpt lat="46.20581153147116" lon="7.795202623564375"><ele>2476.6</ele></trkpt><trkpt lat="46.20582953150897" lon="7.7952026235952765"><ele>2476.4</ele></trkpt><trkpt lat="46.20588353133271" lon="7.7952036234551985"><ele>2477.3</ele></trkpt><trkpt lat="46.20591053146651" lon="7.795177623565103"><ele>2476.6</ele></trkpt><trkpt lat="46.20594653136829" lon="7.795151623488776"><ele>2477.1</ele></trkpt><trkpt lat="46.205982531154184" lon="7.795138623318611"><ele>2478.2</ele></trkpt><trkpt lat="46.206018531055975" lon="7.795139623240725"><ele>2478.7</ele></trkpt><trkpt lat="46.20604553105464" lon="7.795113623242026"><ele>2478.7</ele></trkpt><trkpt lat="46.206063530918584" lon="7.7950876231348"><ele>2479.4</ele></trkpt><trkpt lat="46.206081530937006" lon="7.795074623150937"><ele>2479.3</ele></trkpt><trkpt lat="46.206099531013315" lon="7.795036623215057"><ele>2478.9</ele></trkpt><trkpt lat="46.20610853097414" lon="7.794997623186218"><ele>2479.1</ele></trkpt><trkpt lat="46.20618153149166" lon="7.794829623614255"><ele>2476.4</ele></trkpt><trkpt lat="46.20620853187631" lon="7.794725623930324"><ele>2474.4</ele></trkpt><trkpt lat="46.206226531971744" lon="7.794622624013697"><ele>2473.9</ele></trkpt><trkpt lat="46.20624553187402" lon="7.794531623941234"><ele>2474.4</ele></trkpt><trkpt lat="46.20629053177505" lon="7.794415623870034"><ele>2474.9</ele></trkpt><trkpt lat="46.20631753181225" lon="7.794363623903858"><ele>2474.7</ele></trkpt><trkpt lat="46.20633553179206" lon="7.794337623889716"><ele>2474.8</ele></trkpt><trkpt lat="46.20638953200189" lon="7.794299624062155"><ele>2473.7</ele></trkpt><trkpt lat="46.20639953171149" lon="7.794221623833899"><ele>2475.2</ele></trkpt><trkpt lat="46.20641753140151" lon="7.794157623589258"><ele>2476.8</ele></trkpt><trkpt lat="46.20644453122631" lon="7.794105623452459"><ele>2477.7</ele></trkpt><trkpt lat="46.206525531241695" lon="7.794041623471081"><ele>2477.6</ele></trkpt><trkpt lat="46.20653453118327" lon="7.794015623425983"><ele>2477.9</ele></trkpt><trkpt lat="46.206552531105125" lon="7.793989623365301"><ele>2478.3</ele></trkpt><trkpt lat="46.20660653110245" lon="7.793925623368607"><ele>2478.3</ele></trkpt><trkpt lat="46.20662553106284" lon="7.793886623339696"><ele>2478.5</ele></trkpt><trkpt lat="46.206634531139564" lon="7.79386062340318"><ele>2478.1</ele></trkpt><trkpt lat="46.20665253121604" lon="7.793860623465098"><ele>2477.7</ele></trkpt><trkpt lat="46.206670531272955" lon="7.7938086235145025"><ele>2477.4</ele></trkpt><trkpt lat="46.20669753142604" lon="7.793757623641339"><ele>2476.6</ele></trkpt><trkpt lat="46.20673353150155" lon="7.793718623705373"><ele>2476.2</ele></trkpt><trkpt lat="46.2067695316542" lon="7.793654623832894"><ele>2475.4</ele></trkpt><trkpt lat="46.206796531672104" lon="7.793602623851209"><ele>2475.3</ele></trkpt><trkpt lat="46.20683353165071" lon="7.793486623842118"><ele>2475.4</ele></trkpt><trkpt lat="46.206833531766456" lon="7.793434623938178"><ele>2474.8</ele></trkpt><trkpt lat="46.20684253165002" lon="7.793408623846549"><ele>2475.4</ele></trkpt><trkpt lat="46.20685153161091" lon="7.793382623816964"><ele>2475.6</ele></trkpt><trkpt lat="46.20686953174532" lon="7.793382623925406"><ele>2474.9</ele></trkpt><trkpt lat="46.206887532014846" lon="7.7933826241424216"><ele>2473.5</ele></trkpt><trkpt lat="46.206887532149985" lon="7.79336962425174"><ele>2472.8</ele></trkpt><trkpt lat="46.20690553228415" lon="7.793318624363119"><ele>2472.1</ele></trkpt><trkpt lat="46.20692353237978" lon="7.793266624443535"><ele>2471.6</ele></trkpt><trkpt lat="46.20692353220585" lon="7.793227624306188"><ele>2472.5</ele></trkpt><trkpt lat="46.206933532127955" lon="7.793175624247073"><ele>2472.9</ele></trkpt><trkpt lat="46.206960532126566" lon="7.793124624249814"><ele>2472.9</ele></trkpt><trkpt lat="46.20699653235641" lon="7.793033624440909"><ele>2471.7</ele></trkpt><trkpt lat="46.207005532510465" lon="7.793020624565668"><ele>2470.9</ele></trkpt><trkpt lat="46.20701453252932" lon="7.793007624581863"><ele>2470.8</ele></trkpt><trkpt lat="46.2070145324326" lon="7.792968624506563"><ele>2471.3</ele></trkpt><trkpt lat="46.207005532278465" lon="7.792942624384044"><ele>2472.1</ele></trkpt><trkpt lat="46.207023532026426" lon="7.792904624184484"><ele>2473.4</ele></trkpt><trkpt lat="46.20704253175504" lon="7.7928656239694645"><ele>2474.8</ele></trkpt><trkpt lat="46.20705153160009" lon="7.792839623846826"><ele>2475.6</ele></trkpt><trkpt lat="46.20706053159961" lon="7.7928266238475095"><ele>2475.6</ele></trkpt><trkpt lat="46.20706953161848" lon="7.792813623863704"><ele>2475.5</ele></trkpt><trkpt lat="46.20708753169495" lon="7.792826623924862"><ele>2475.1</ele></trkpt><trkpt lat="46.20711453169374" lon="7.792827623924612"><ele>2475.1</ele></trkpt><trkpt lat="46.207132531538356" lon="7.792827623800409"><ele>2475.9</ele></trkpt><trkpt lat="46.20715053138303" lon="7.792814623676955"><ele>2476.7</ele></trkpt><trkpt lat="46.2071775312466" lon="7.792801623568949"><ele>2477.4</ele></trkpt><trkpt lat="46.207186531226796" lon="7.792801623553372"><ele>2477.5</ele></trkpt><trkpt lat="46.20719553111046" lon="7.792775623461756"><ele>2478.1</ele></trkpt><trkpt lat="46.2072045311487" lon="7.792775623492709"><ele>2477.9</ele></trkpt><trkpt lat="46.207204531051985" lon="7.792736623417416"><ele>2478.4</ele></trkpt><trkpt lat="46.20722253078071" lon="7.7927116232016065"><ele>2479.8</ele></trkpt><trkpt lat="46.20724953074077" lon="7.792685623171893"><ele>2480.0</ele></trkpt><trkpt lat="46.20725853081746" lon="7.7926466232361165"><ele>2479.6</ele></trkpt><trkpt lat="46.20726753089425" lon="7.79262062329959"><ele>2479.2</ele></trkpt><trkpt lat="46.20727653093237" lon="7.79259462333204"><ele>2479.0</ele></trkpt><trkpt lat="46.20728553091262" lon="7.79258262331716"><ele>2479.1</ele></trkpt><trkpt lat="46.20730353089245" lon="7.792569623302276"><ele>2479.2</ele></trkpt><trkpt lat="46.207330530698044" lon="7.7925566231477434"><ele>2480.2</ele></trkpt><trkpt lat="46.20734853058124" lon="7.792530623056067"><ele>2480.8</ele></trkpt><trkpt lat="46.207376530560445" lon="7.79246562304411"><ele>2480.9</ele></trkpt><trkpt lat="46.20739453050162" lon="7.792440622998902"><ele>2481.2</ele></trkpt><trkpt lat="46.207421530461694" lon="7.792427622968443"><ele>2481.4</ele></trkpt><trkpt lat="46.207439530344914" lon="7.79240162287677"><ele>2482.0</ele></trkpt><trkpt lat="46.207475530381856" lon="7.792401622907524"><ele>2481.8</ele></trkpt><trkpt lat="46.20748453040074" lon="7.792388622923719"><ele>2481.7</ele></trkpt><trkpt lat="46.2075115302449" lon="7.792363622800904"><ele>2482.5</ele></trkpt><trkpt lat="46.207547530127314" lon="7.792337622709098"><ele>2483.1</ele></trkpt><trkpt lat="46.20759252997074" lon="7.79233762258471"><ele>2483.9</ele></trkpt><trkpt lat="46.207655529832635" lon="7.792338622475644"><ele>2484.6</ele></trkpt><trkpt lat="46.20770952973351" lon="7.792312622399221"><ele>2485.1</ele></trkpt><trkpt lat="46.207727529674735" lon="7.7923126223525685"><ele>2485.4</ele></trkpt><trkpt lat="46.20776352951844" lon="7.792287622229691"><ele>2486.2</ele></trkpt><trkpt lat="46.2077815294404" lon="7.792287622167532"><ele>2486.6</ele></trkpt><trkpt lat="46.20779052928544" lon="7.792274622044155"><ele>2487.4</ele></trkpt><trkpt lat="46.207817529322845" lon="7.792287622074224"><ele>2487.2</ele></trkpt><trkpt lat="46.20783552920616" lon="7.792287621981044"><ele>2487.8</ele></trkpt><trkpt lat="46.20784452912837" lon="7.7922616219204555"><ele>2488.2</ele></trkpt><trkpt lat="46.2078445290318" lon="7.792248621843669"><ele>2488.7</ele></trkpt><trkpt lat="46.20785352895392" lon="7.792184621785282"><ele>2489.1</ele></trkpt><trkpt lat="46.207862528760145" lon="7.79211962163391"><ele>2490.1</ele></trkpt><trkpt lat="46.20785452868313" lon="7.7920676215749545"><ele>2490.5</ele></trkpt><trkpt lat="46.20784552858675" lon="7.792015621500495"><ele>2491.0</ele></trkpt><trkpt lat="46.20784552854787" lon="7.7919376214740055"><ele>2491.2</ele></trkpt><trkpt lat="46.20780952845277" lon="7.791872621400503"><ele>2491.7</ele></trkpt><trkpt lat="46.20777352839637" lon="7.7918206213572585"><ele>2492.0</ele></trkpt><trkpt lat="46.2077475283009" lon="7.791794621281423"><ele>2492.5</ele></trkpt><trkpt lat="46.20774752818493" lon="7.7917556211906485"><ele>2493.1</ele></trkpt><trkpt lat="46.20773852812727" lon="7.7917296211457"><ele>2493.4</ele></trkpt><trkpt lat="46.20772952810815" lon="7.79165162113479"><ele>2493.5</ele></trkpt><trkpt lat="46.20770352820545" lon="7.791496621221503"><ele>2493.0</ele></trkpt><trkpt lat="46.20769452822507" lon="7.791457621239341"><ele>2492.9</ele></trkpt><trkpt lat="46.207658528110706" lon="7.791431621148078"><ele>2493.5</ele></trkpt><trkpt lat="46.20765852805265" lon="7.79137962110458"><ele>2493.8</ele></trkpt><trkpt lat="46.20763152799583" lon="7.791340621060521"><ele>2494.1</ele></trkpt><trkpt lat="46.207631528266084" lon="7.791301621279866"><ele>2492.7</ele></trkpt><trkpt lat="46.207604528344554" lon="7.7912886213428365"><ele>2492.3</ele></trkpt><trkpt lat="46.20759552840281" lon="7.791262621390922"><ele>2492.0</ele></trkpt><trkpt lat="46.20756852836537" lon="7.7912496213608655"><ele>2492.2</ele></trkpt><trkpt lat="46.20752352813568" lon="7.791249621175124"><ele>2493.4</ele></trkpt><trkpt lat="46.207487527963565" lon="7.79126162103514"><ele>2494.3</ele></trkpt><trkpt lat="46.207442528158644" lon="7.791222621192781"><ele>2493.3</ele></trkpt><trkpt lat="46.20742552829457" lon="7.791196621302954"><ele>2492.6</ele></trkpt><trkpt lat="46.207380528373776" lon="7.791157621367561"><ele>2492.2</ele></trkpt><trkpt lat="46.20737152856723" lon="7.791131621524188"><ele>2491.2</ele></trkpt><trkpt lat="46.207344528684246" lon="7.791105621618916"><ele>2490.6</ele></trkpt><trkpt lat="46.20729952872487" lon="7.791079621651763"><ele>2490.4</ele></trkpt><trkpt lat="46.207263528726486" lon="7.791052621653588"><ele>2490.4</ele></trkpt><trkpt lat="46.20721852899866" lon="7.790961621876256"><ele>2489.0</ele></trkpt><trkpt lat="46.20717452934796" lon="7.790845622162372"><ele>2487.2</ele></trkpt><trkpt lat="46.207147529735" lon="7.7907026224809295"><ele>2485.2</ele></trkpt><trkpt lat="46.20712052969743" lon="7.790637622453878"><ele>2485.4</ele></trkpt><trkpt lat="46.20707652952542" lon="7.790585622317673"><ele>2486.3</ele></trkpt><trkpt lat="46.207049529565225" lon="7.790559622350377"><ele>2486.1</ele></trkpt><trkpt lat="46.20702252946978" lon="7.790520622275309"><ele>2486.6</ele></trkpt><trkpt lat="46.20698652941321" lon="7.7904296222343286"><ele>2486.9</ele></trkpt><trkpt lat="46.206941529337925" lon="7.790390622174902"><ele>2487.3</ele></trkpt><trkpt lat="46.20693252933822" lon="7.790351622177224"><ele>2487.3</ele></trkpt><trkpt lat="46.206897529301095" lon="7.790312622148727"><ele>2487.5</ele></trkpt><trkpt lat="46.20687952918594" lon="7.790286622057343"><ele>2488.1</ele></trkpt><trkpt lat="46.206870529166984" lon="7.790260622043412"><ele>2488.2</ele></trkpt><trkpt lat="46.206861529089956" lon="7.79020862198448"><ele>2488.6</ele></trkpt><trkpt lat="46.206861529147815" lon="7.790182622032494"><ele>2488.3</ele></trkpt><trkpt lat="46.206924528951404" lon="7.790066621883737"><ele>2489.3</ele></trkpt><trkpt lat="46.206933528873684" lon="7.79004062182317"><ele>2489.7</ele></trkpt><trkpt lat="46.20701552925574" lon="7.7898986221408535"><ele>2487.7</ele></trkpt><trkpt lat="46.207042529486" lon="7.789833622330444"><ele>2486.5</ele></trkpt><trkpt lat="46.20706952960039" lon="7.789743622428472"><ele>2485.9</ele></trkpt><trkpt lat="46.207087529560745" lon="7.789678622401104"><ele>2486.1</ele></trkpt><trkpt lat="46.20709752956008" lon="7.789626622404038"><ele>2486.1</ele></trkpt><trkpt lat="46.207088529502386" lon="7.789561622361365"><ele>2486.4</ele></trkpt><trkpt lat="46.20707952936738" lon="7.789496622256685"><ele>2487.1</ele></trkpt><trkpt lat="46.207080529637075" lon="7.789289622485675"><ele>2485.7</ele></trkpt><trkpt lat="46.20708952981029" lon="7.789237622628125"><ele>2484.8</ele></trkpt><trkpt lat="46.20708952977132" lon="7.78912162260384"><ele>2485.0</ele></trkpt><trkpt lat="46.207080529752176" lon="7.789043622592915"><ele>2485.1</ele></trkpt><trkpt lat="46.20708152963611" lon="7.788991622502918"><ele>2485.7</ele></trkpt><trkpt lat="46.20706352959797" lon="7.788887622478066"><ele>2485.9</ele></trkpt><trkpt lat="46.207054529482335" lon="7.788836622388083"><ele>2486.5</ele></trkpt><trkpt lat="46.20705452957857" lon="7.788732622471604"><ele>2486.0</ele></trkpt><trkpt lat="46.207046529385515" lon="7.788641622321936"><ele>2487.0</ele></trkpt><trkpt lat="46.207073529325726" lon="7.788447622286482"><ele>2487.3</ele></trkpt><trkpt lat="46.207065529344874" lon="7.788265622312579"><ele>2487.2</ele></trkpt><trkpt lat="46.207065529556864" lon="7.78812362249128"><ele>2486.1</ele></trkpt><trkpt lat="46.20704852994341" lon="7.787967622810382"><ele>2484.1</ele></trkpt><trkpt lat="46.207048530001074" lon="7.7878776228620845"><ele>2483.8</ele></trkpt><trkpt lat="46.20704852992348" lon="7.787786622805357"><ele>2484.2</ele></trkpt><trkpt lat="46.207049529845875" lon="7.787669622750128"><ele>2484.6</ele></trkpt><trkpt lat="46.20708553009488" lon="7.78754062295879"><ele>2483.3</ele></trkpt><trkpt lat="46.2070945299784" lon="7.787475622869501"><ele>2483.9</ele></trkpt><trkpt lat="46.20707652976656" lon="7.787423622702184"><ele>2485.0</ele></trkpt><trkpt lat="46.207086529669084" lon="7.787268622633601"><ele>2485.5</ele></trkpt><trkpt lat="46.20707752949552" lon="7.787216622497212"><ele>2486.4</ele></trkpt><trkpt lat="46.20708652941761" lon="7.787138622439682"><ele>2486.8</ele></trkpt><trkpt lat="46.20708752918553" lon="7.787061622258189"><ele>2488.0</ele></trkpt><trkpt lat="46.207114529087185" lon="7.786879622191063"><ele>2488.5</ele></trkpt><trkpt lat="46.20713252924062" lon="7.786802622319356"><ele>2487.7</ele></trkpt><trkpt lat="46.207142529587465" lon="7.786698622604206"><ele>2485.9</ele></trkpt><trkpt lat="46.20716052979878" lon="7.78659562278048"><ele>2484.8</ele></trkpt><trkpt lat="46.20716052985649" lon="7.786530622830724"><ele>2484.5</ele></trkpt><trkpt lat="46.20715152999179" lon="7.786426622945258"><ele>2483.8</ele></trkpt><trkpt lat="46.20716153001044" lon="7.786361622964442"><ele>2483.7</ele></trkpt><trkpt lat="46.20713452972173" lon="7.786284622736688"><ele>2485.2</ele></trkpt><trkpt lat="46.20711652970292" lon="7.7861806227273425"><ele>2485.3</ele></trkpt><trkpt lat="46.207108529915246" lon="7.786024622906847"><ele>2484.2</ele></trkpt><trkpt lat="46.20710853006948" lon="7.785947623035244"><ele>2483.4</ele></trkpt><trkpt lat="46.207126530010534" lon="7.785882622992395"><ele>2483.7</ele></trkpt><trkpt lat="46.20718053000781" lon="7.78580462299652"><ele>2483.7</ele></trkpt><trkpt lat="46.207198530045545" lon="7.785779623028819"><ele>2483.5</ele></trkpt><trkpt lat="46.20719053006501" lon="7.785714623048127"><ele>2483.4</ele></trkpt><trkpt lat="46.20717253008486" lon="7.785610623069762"><ele>2483.3</ele></trkpt><trkpt lat="46.20715453000808" lon="7.785506623013941"><ele>2483.7</ele></trkpt><trkpt lat="46.2071735300455" lon="7.7854036230507395"><ele>2483.5</ele></trkpt><trkpt lat="46.207173530045324" lon="7.785338623054498"><ele>2483.5</ele></trkpt><trkpt lat="46.207173530044926" lon="7.78520862306202"><ele>2483.5</ele></trkpt><trkpt lat="46.20717453010244" lon="7.785092623115194"><ele>2483.2</ele></trkpt><trkpt lat="46.20714753018073" lon="7.785027623181108"><ele>2482.8</ele></trkpt><trkpt lat="46.20714753021914" lon="7.784949623216595"><ele>2482.6</ele></trkpt><trkpt lat="46.20715653025706" lon="7.784858623252775"><ele>2482.4</ele></trkpt><trkpt lat="46.207157530295376" lon="7.784781623288196"><ele>2482.2</ele></trkpt><trkpt lat="46.20716653041058" lon="7.784690623386331"><ele>2481.6</ele></trkpt><trkpt lat="46.20715753044948" lon="7.784651623419627"><ele>2481.4</ele></trkpt><trkpt lat="46.20716653048752" lon="7.784586623454301"><ele>2481.2</ele></trkpt><trkpt lat="46.20719353056329" lon="7.78450962352051"><ele>2480.8</ele></trkpt><trkpt lat="46.20722953060009" lon="7.784457623554235"><ele>2480.6</ele></trkpt><trkpt lat="46.2072395306574" lon="7.7844066236035765"><ele>2480.3</ele></trkpt><trkpt lat="46.20723953071522" lon="7.784367623652293"><ele>2480.0</ele></trkpt><trkpt lat="46.207239530792364" lon="7.784328623716502"><ele>2479.6</ele></trkpt><trkpt lat="46.207257530771926" lon="7.784224623706888"><ele>2479.7</ele></trkpt><trkpt lat="46.20726653079051" lon="7.784147623726763"><ele>2479.6</ele></trkpt><trkpt lat="46.20727653090583" lon="7.784095623822621"><ele>2479.0</ele></trkpt><trkpt lat="46.20729453102074" lon="7.784056623917673"><ele>2478.4</ele></trkpt><trkpt lat="46.207312531038966" lon="7.783965623938286"><ele>2478.3</ele></trkpt><trkpt lat="46.20732153098049" lon="7.783914623894698"><ele>2478.6</ele></trkpt><trkpt lat="46.2073395311147" lon="7.783875624005233"><ele>2477.9</ele></trkpt><trkpt lat="46.2073485310948" lon="7.783823623992682"><ele>2478.0</ele></trkpt><trkpt lat="46.20736753134452" lon="7.783655624203578"><ele>2476.7</ele></trkpt><trkpt lat="46.207385531440146" lon="7.783629624282383"><ele>2476.2</ele></trkpt><trkpt lat="46.207403531554874" lon="7.783513624381867"><ele>2475.6</ele></trkpt><trkpt lat="46.20739453155513" lon="7.783474624384176"><ele>2475.6</ele></trkpt><trkpt lat="46.207422531649534" lon="7.783189624477836"><ele>2475.1</ele></trkpt><trkpt lat="46.20743253180326" lon="7.783072624608393"><ele>2474.3</ele></trkpt><trkpt lat="46.207423531842274" lon="7.783059624640179"><ele>2474.1</ele></trkpt><trkpt lat="46.20740553180443" lon="7.783046624610084"><ele>2474.3</ele></trkpt><trkpt lat="46.207405531958756" lon="7.782981624737719"><ele>2473.5</ele></trkpt><trkpt lat="46.2073875319594" lon="7.782942624740093"><ele>2473.5</ele></trkpt><trkpt lat="46.20737853211417" lon="7.782877624867787"><ele>2472.7</ele></trkpt><trkpt lat="46.207378532307054" lon="7.782800625027072"><ele>2471.7</ele></trkpt><trkpt lat="46.20737953244209" lon="7.782761625137707"><ele>2471.0</ele></trkpt><trkpt lat="46.20738853263467" lon="7.782709625295483"><ele>2470.0</ele></trkpt><trkpt lat="46.20737953275077" lon="7.782657625391453"><ele>2469.4</ele></trkpt><trkpt lat="46.20737053278963" lon="7.782592625426225"><ele>2469.2</ele></trkpt><trkpt lat="46.20736153282849" lon="7.7825286254609365"><ele>2469.0</ele></trkpt><trkpt lat="46.20737053298239" lon="7.782463625588486"><ele>2468.2</ele></trkpt><trkpt lat="46.2073985330196" lon="7.78241162562224"><ele>2468.0</ele></trkpt><trkpt lat="46.20747953305416" lon="7.782308625658551"><ele>2467.8</ele></trkpt><trkpt lat="46.20758753329979" lon="7.782127625869473"><ele>2466.5</ele></trkpt><trkpt lat="46.207615533298295" lon="7.782063625872945"><ele>2466.5</ele></trkpt><trkpt lat="46.20765153335449" lon="7.782024625921378"><ele>2466.2</ele></trkpt><trkpt lat="46.20766053341187" lon="7.7819726259707505"><ele>2465.9</ele></trkpt><trkpt lat="46.207696533603055" lon="7.781882626130495"><ele>2464.9</ele></trkpt><trkpt lat="46.20770553369902" lon="7.781791626213071"><ele>2464.4</ele></trkpt><trkpt lat="46.2077155337755" lon="7.781701626280093"><ele>2464.0</ele></trkpt><trkpt lat="46.20769753381445" lon="7.781545626320138"><ele>2463.8</ele></trkpt><trkpt lat="46.20770653387173" lon="7.781454626371739"><ele>2463.5</ele></trkpt><trkpt lat="46.20768853383377" lon="7.781415626343138"><ele>2463.7</ele></trkpt><trkpt lat="46.207725533889736" lon="7.781312626395232"><ele>2463.4</ele></trkpt><trkpt lat="46.20772553383151" lon="7.781221626354008"><ele>2463.7</ele></trkpt><trkpt lat="46.20774353386907" lon="7.781144626389256"><ele>2463.5</ele></trkpt><trkpt lat="46.20776153386804" lon="7.7810796263928586"><ele>2463.5</ele></trkpt><trkpt lat="46.20778053394428" lon="7.781040626456882"><ele>2463.1</ele></trkpt><trkpt lat="46.207807533865406" lon="7.780911626402165"><ele>2463.5</ele></trkpt><trkpt lat="46.20784353407578" lon="7.780768626580398"><ele>2462.4</ele></trkpt><trkpt lat="46.207853534229635" lon="7.780691626708584"><ele>2461.6</ele></trkpt><trkpt lat="46.20787153446034" lon="7.780600626899435"><ele>2460.4</ele></trkpt><trkpt lat="46.207871534518034" lon="7.780522626950345"><ele>2460.1</ele></trkpt><trkpt lat="46.2079075347287" lon="7.780445627124782"><ele>2459.0</ele></trkpt><trkpt lat="46.20791753484388" lon="7.7803806272213105"><ele>2458.4</ele></trkpt><trkpt lat="46.20790853490196" lon="7.780289627273018"><ele>2458.1</ele></trkpt><trkpt lat="46.20792653503623" lon="7.780264627382677"><ele>2457.4</ele></trkpt><trkpt lat="46.20793553519023" lon="7.780212627509428"><ele>2456.6</ele></trkpt><trkpt lat="46.20794453532472" lon="7.780108627623666"><ele>2455.9</ele></trkpt><trkpt lat="46.2079545354593" lon="7.780044627735609"><ele>2455.2</ele></trkpt><trkpt lat="46.20805353526131" lon="7.779953627585318"><ele>2456.2</ele></trkpt><trkpt lat="46.20810753502686" lon="7.779889627402849"><ele>2457.4</ele></trkpt><trkpt lat="46.20815253492807" lon="7.779825627328796"><ele>2457.9</ele></trkpt><trkpt lat="46.2081795348881" lon="7.779786627299877"><ele>2458.1</ele></trkpt><trkpt lat="46.20821553478978" lon="7.779760627223718"><ele>2458.6</ele></trkpt><trkpt lat="46.20823353465355" lon="7.779708627118218"><ele>2459.3</ele></trkpt><trkpt lat="46.2082615346521" lon="7.779657627120936"><ele>2459.3</ele></trkpt><trkpt lat="46.20827953470905" lon="7.779579627171712"><ele>2459.0</ele></trkpt><trkpt lat="46.20828853468909" lon="7.779501627160634"><ele>2459.1</ele></trkpt><trkpt lat="46.208279534863024" lon="7.77941162730515"><ele>2458.2</ele></trkpt><trkpt lat="46.20826153497962" lon="7.7793596274011225"><ele>2457.6</ele></trkpt><trkpt lat="46.20823553505793" lon="7.779320627465448"><ele>2457.2</ele></trkpt><trkpt lat="46.208181535118094" lon="7.779242627516727"><ele>2456.9</ele></trkpt><trkpt lat="46.20818153513734" lon="7.779216627533689"><ele>2456.8</ele></trkpt><trkpt lat="46.20819953507848" lon="7.779190627488616"><ele>2457.1</ele></trkpt><trkpt lat="46.208226534980646" lon="7.779177627411781"><ele>2457.6</ele></trkpt><trkpt lat="46.208253534921454" lon="7.779164627365899"><ele>2457.9</ele></trkpt><trkpt lat="46.208289534900324" lon="7.779113627353087"><ele>2458.0</ele></trkpt><trkpt lat="46.20833453491754" lon="7.779113627368244"><ele>2457.9</ele></trkpt><trkpt lat="46.20836153483897" lon="7.779074627308376"><ele>2458.3</ele></trkpt><trkpt lat="46.20840653485616" lon="7.779049627324963"><ele>2458.2</ele></trkpt><trkpt lat="46.20843353489344" lon="7.779010627357958"><ele>2458.0</ele></trkpt><trkpt lat="46.208443534873446" lon="7.778932627346874"><ele>2458.1</ele></trkpt><trkpt lat="46.208443534815274" lon="7.7788556273048535"><ele>2458.4</ele></trkpt><trkpt lat="46.20847053481385" lon="7.778803627307634"><ele>2458.4</ele></trkpt><trkpt lat="46.208498534870024" lon="7.778622627364224"><ele>2458.1</ele></trkpt><trkpt lat="46.208534534964514" lon="7.778492627448784"><ele>2457.6</ele></trkpt><trkpt lat="46.208552535001964" lon="7.778376627486245"><ele>2457.4</ele></trkpt><trkpt lat="46.208552535001836" lon="7.77832462748922"><ele>2457.4</ele></trkpt><trkpt lat="46.20857153517455" lon="7.778246627632823"><ele>2456.5</ele></trkpt><trkpt lat="46.20858053521264" lon="7.7781956276666255"><ele>2456.3</ele></trkpt><trkpt lat="46.2086165355002" lon="7.778026627908152"><ele>2454.8</ele></trkpt><trkpt lat="46.2086345356732" lon="7.778001628048722"><ele>2453.9</ele></trkpt><trkpt lat="46.208653535730065" lon="7.777923628099466"><ele>2453.6</ele></trkpt><trkpt lat="46.20864453578831" lon="7.77788462814818"><ele>2453.3</ele></trkpt><trkpt lat="46.20867153605733" lon="7.7778326283675945"><ele>2451.9</ele></trkpt><trkpt lat="46.208680536075974" lon="7.777729628388884"><ele>2451.8</ele></trkpt><trkpt lat="46.20872653615067" lon="7.7775876284585586"><ele>2451.4</ele></trkpt><trkpt lat="46.2087175361317" lon="7.777548628445373"><ele>2451.5</ele></trkpt><trkpt lat="46.208744536246265" lon="7.777522628539506"><ele>2450.9</ele></trkpt><trkpt lat="46.208744536226824" lon="7.777483628526262"><ele>2451.0</ele></trkpt><trkpt lat="46.208744536226654" lon="7.777431628529228"><ele>2451.0</ele></trkpt><trkpt lat="46.208762536264366" lon="7.777392628562271"><ele>2450.8</ele></trkpt><trkpt lat="46.20878053630197" lon="7.777328628596738"><ele>2450.6</ele></trkpt><trkpt lat="46.20879853637827" lon="7.777276628661473"><ele>2450.2</ele></trkpt><trkpt lat="46.20884353647275" lon="7.777250628739999"><ele>2449.7</ele></trkpt><trkpt lat="46.20889853631557" lon="7.777212628617995"><ele>2450.5</ele></trkpt><trkpt lat="46.2089165362568" lon="7.77719962857219"><ele>2450.8</ele></trkpt><trkpt lat="46.20891653610216" lon="7.7771736284498925"><ele>2451.6</ele></trkpt><trkpt lat="46.20892553602431" lon="7.77712162839091"><ele>2452.0</ele></trkpt><trkpt lat="46.20894353613934" lon="7.777096628485042"><ele>2451.4</ele></trkpt><trkpt lat="46.208988536195285" lon="7.777096628531142"><ele>2451.1</ele></trkpt><trkpt lat="46.20901553631" lon="7.777122628622298"><ele>2450.5</ele></trkpt><trkpt lat="46.209051536230945" lon="7.777070628563122"><ele>2450.9</ele></trkpt><trkpt lat="46.209087536287285" lon="7.777070628609281"><ele>2450.6</ele></trkpt><trkpt lat="46.20910553626712" lon="7.777058628594366"><ele>2450.7</ele></trkpt><trkpt lat="46.20914153622683" lon="7.7770586285631715"><ele>2450.9</ele></trkpt><trkpt lat="46.209177536012675" lon="7.7770456283934575"><ele>2452.0</ele></trkpt><trkpt lat="46.20921353589509" lon="7.7770326283011135"><ele>2452.6</ele></trkpt><trkpt lat="46.209258535931596" lon="7.777007628333165"><ele>2452.4</ele></trkpt><trkpt lat="46.20931253590968" lon="7.776968628319536"><ele>2452.5</ele></trkpt><trkpt lat="46.209330535831626" lon="7.77696862825752"><ele>2452.9</ele></trkpt><trkpt lat="46.20935753579175" lon="7.776969628226328"><ele>2453.1</ele></trkpt><trkpt lat="46.209384535674616" lon="7.776969628133301"><ele>2453.7</ele></trkpt><trkpt lat="46.20940253549984" lon="7.7769436279954105"><ele>2454.6</ele></trkpt><trkpt lat="46.20942953542132" lon="7.776943627933331"><ele>2455.0</ele></trkpt><trkpt lat="46.209447535304626" lon="7.776943627840368"><ele>2455.6</ele></trkpt><trkpt lat="46.20949253512867" lon="7.77693062770154"><ele>2456.5</ele></trkpt><trkpt lat="46.20951953493419" lon="7.776931627546574"><ele>2457.5</ele></trkpt><trkpt lat="46.209555534604" lon="7.776879627286266"><ele>2459.2</ele></trkpt><trkpt lat="46.20961853406004" lon="7.776841626854778"><ele>2462.0</ele></trkpt><trkpt lat="46.20962753388574" lon="7.776828626716214"><ele>2462.9</ele></trkpt><trkpt lat="46.20964553382693" lon="7.776815626670415"><ele>2463.2</ele></trkpt><trkpt lat="46.20966353380677" lon="7.776815626654814"><ele>2463.3</ele></trkpt><trkpt lat="46.209681533786615" lon="7.776802626639959"><ele>2463.4</ele></trkpt><trkpt lat="46.209700533727535" lon="7.776737626597138"><ele>2463.7</ele></trkpt><trkpt lat="46.20970953363049" lon="7.7767126265211495"><ele>2464.2</ele></trkpt><trkpt lat="46.20971853349471" lon="7.776673626415021"><ele>2464.9</ele></trkpt><trkpt lat="46.209718533301185" lon="7.7765696262662765"><ele>2465.9</ele></trkpt><trkpt lat="46.20970053318595" lon="7.776517626176564"><ele>2466.5</ele></trkpt><trkpt lat="46.20970053305049" lon="7.7764396260727455"><ele>2467.2</ele></trkpt><trkpt lat="46.209692532915376" lon="7.776362625968931"><ele>2467.9</ele></trkpt><trkpt lat="46.20967453274206" lon="7.7762846258343075"><ele>2468.8</ele></trkpt><trkpt lat="46.20964753256901" lon="7.77615462570274"><ele>2469.7</ele></trkpt><trkpt lat="46.20964853251072" lon="7.776076625660803"><ele>2470.0</ele></trkpt><trkpt lat="46.209648532510606" lon="7.776037625663052"><ele>2470.0</ele></trkpt><trkpt lat="46.20963953247219" lon="7.775973625635856"><ele>2470.2</ele></trkpt><trkpt lat="46.20961253227995" lon="7.775882625486585"><ele>2471.2</ele></trkpt><trkpt lat="46.20961253226055" lon="7.775856625472614"><ele>2471.3</ele></trkpt><trkpt lat="46.20964853229729" lon="7.775778625507781"><ele>2471.1</ele></trkpt><trkpt lat="46.20967653231505" lon="7.775675625528977"><ele>2471.0</ele></trkpt><trkpt lat="46.20968553223698" lon="7.775558625473772"><ele>2471.4</ele></trkpt><trkpt lat="46.209739532311545" lon="7.775481625539689"><ele>2471.0</ele></trkpt><trkpt lat="46.2097665323295" lon="7.7754426255572096"><ele>2470.9</ele></trkpt><trkpt lat="46.20978553230918" lon="7.775403625543845"><ele>2471.0</ele></trkpt><trkpt lat="46.20981253232701" lon="7.775300625565053"><ele>2470.9</ele></trkpt><trkpt lat="46.209839532383455" lon="7.77522262561575"><ele>2470.6</ele></trkpt><trkpt lat="46.20987553234303" lon="7.775171625587492"><ele>2470.8</ele></trkpt><trkpt lat="46.20990253224505" lon="7.7751326255122"><ele>2471.3</ele></trkpt><trkpt lat="46.20993053193439" lon="7.7750546252690045"><ele>2472.9</ele></trkpt><trkpt lat="46.21001153179512" lon="7.7749386251668335"><ele>2473.6</ele></trkpt><trkpt lat="46.2100385317551" lon="7.774900625137894"><ele>2473.8</ele></trkpt><trkpt lat="46.2101285316735" lon="7.774835625079125"><ele>2474.2</ele></trkpt><trkpt lat="46.210155531498174" lon="7.774771624943415"><ele>2475.1</ele></trkpt><trkpt lat="46.21022753134009" lon="7.77469362482366"><ele>2475.9</ele></trkpt><trkpt lat="46.21026353118382" lon="7.774681624700357"><ele>2476.7</ele></trkpt><trkpt lat="46.2102905311246" lon="7.774681624653764"><ele>2477.0</ele></trkpt><trkpt lat="46.21030853102712" lon="7.77466862457705"><ele>2477.5</ele></trkpt><trkpt lat="46.21032653094901" lon="7.774655624515806"><ele>2477.9</ele></trkpt><trkpt lat="46.21036253088946" lon="7.774668624468395"><ele>2478.2</ele></trkpt><trkpt lat="46.21041653073239" lon="7.774669624344217"><ele>2479.0</ele></trkpt><trkpt lat="46.21044353063456" lon="7.774682624265934"><ele>2479.5</ele></trkpt><trkpt lat="46.21044353078919" lon="7.774708624388172"><ele>2478.7</ele></trkpt><trkpt lat="46.210461530827146" lon="7.7747346244174755"><ele>2478.5</ele></trkpt><trkpt lat="46.210470530942715" lon="7.774760624508714"><ele>2477.9</ele></trkpt><trkpt lat="46.21047953094227" lon="7.774760624508647"><ele>2477.9</ele></trkpt><trkpt lat="46.21049753086421" lon="7.774760624446651"><ele>2478.3</ele></trkpt><trkpt lat="46.21050653078649" lon="7.774747624385473"><ele>2478.7</ele></trkpt><trkpt lat="46.2105155305734" lon="7.774721624216764"><ele>2479.8</ele></trkpt><trkpt lat="46.21054253041763" lon="7.774721624092837"><ele>2480.6</ele></trkpt><trkpt lat="46.210560530320166" lon="7.774708624016126"><ele>2481.1</ele></trkpt><trkpt lat="46.21059653012524" lon="7.774696623861885"><ele>2482.1</ele></trkpt><trkpt lat="46.21062353004681" lon="7.774722623798323"><ele>2482.5</ele></trkpt><trkpt lat="46.210659529967934" lon="7.774748623734691"><ele>2482.9</ele></trkpt><trkpt lat="46.21074052940381" lon="7.774722623287071"><ele>2485.8</ele></trkpt><trkpt lat="46.21079452926613" lon="7.77474962317685"><ele>2486.5</ele></trkpt><trkpt lat="46.21083052920653" lon="7.774749623130189"><ele>2486.8</ele></trkpt><trkpt lat="46.21087552891448" lon="7.774710622900114"><ele>2488.3</ele></trkpt><trkpt lat="46.21092052871916" lon="7.774698622745817"><ele>2489.3</ele></trkpt><trkpt lat="46.21103752819221" lon="7.774737622325097"><ele>2492.0</ele></trkpt><trkpt lat="46.21106452807519" lon="7.774776622229839"><ele>2492.6</ele></trkpt><trkpt lat="46.21110052791896" lon="7.774789622105084"><ele>2493.4</ele></trkpt><trkpt lat="46.211145527685126" lon="7.774842621916071"><ele>2494.6</ele></trkpt><trkpt lat="46.21117152752948" lon="7.774868621790636"><ele>2495.4</ele></trkpt><trkpt lat="46.21118052749035" lon="7.774855621760386"><ele>2495.6</ele></trkpt><trkpt lat="46.211172527103976" lon="7.774751621457147"><ele>2497.6</ele></trkpt><trkpt lat="46.21116352704628" lon="7.774712621413076"><ele>2497.9</ele></trkpt><trkpt lat="46.21116352681421" lon="7.774647621231254"><ele>2499.1</ele></trkpt><trkpt lat="46.21116352638879" lon="7.774544620896982"><ele>2501.3</ele></trkpt><trkpt lat="46.21118152627199" lon="7.774531620804807"><ele>2501.9</ele></trkpt><trkpt lat="46.211199526136035" lon="7.774570620694137"><ele>2502.6</ele></trkpt><trkpt lat="46.21121752603874" lon="7.77462262061364"><ele>2503.1</ele></trkpt><trkpt lat="46.211235525883346" lon="7.7746356204890175"><ele>2503.9</ele></trkpt><trkpt lat="46.211253525805404" lon="7.774687620423989"><ele>2504.3</ele></trkpt><trkpt lat="46.211289525629944" lon="7.774726620282247"><ele>2505.2</ele></trkpt><trkpt lat="46.21132552533853" lon="7.77475262004846"><ele>2506.7</ele></trkpt><trkpt lat="46.21133452528031" lon="7.774804619998958"><ele>2507.0</ele></trkpt><trkpt lat="46.21136152514384" lon="7.774817619889732"><ele>2507.7</ele></trkpt><trkpt lat="46.21137852506582" lon="7.7748436198262185"><ele>2508.1</ele></trkpt><trkpt lat="46.21138752502676" lon="7.774843619795217"><ele>2508.3</ele></trkpt><trkpt lat="46.21138752494943" lon="7.774830619734108"><ele>2508.7</ele></trkpt><trkpt lat="46.211379524891754" lon="7.7748046196892835"><ele>2509.0</ele></trkpt><trkpt lat="46.211379524756374" lon="7.774765619583292"><ele>2509.7</ele></trkpt><trkpt lat="46.21137952464033" lon="7.774726619492769"><ele>2510.3</ele></trkpt><trkpt lat="46.21137952433082" lon="7.7746236192513205"><ele>2511.9</ele></trkpt><trkpt lat="46.21137052411843" lon="7.774532619086574"><ele>2513.0</ele></trkpt><trkpt lat="46.21137152390556" lon="7.774454618920999"><ele>2514.1</ele></trkpt><trkpt lat="46.2113805237311" lon="7.774402618784784"><ele>2515.0</ele></trkpt><trkpt lat="46.211371523480075" lon="7.774338618587538"><ele>2516.3</ele></trkpt><trkpt lat="46.211362523403025" lon="7.774286618528785"><ele>2516.7</ele></trkpt><trkpt lat="46.21135352330675" lon="7.7742476184538045"><ele>2517.2</ele></trkpt><trkpt lat="46.211362523132244" lon="7.774208618316835"><ele>2518.1</ele></trkpt><trkpt lat="46.211363522977486" lon="7.774143618196914"><ele>2518.9</ele></trkpt><trkpt lat="46.21137252276424" lon="7.774066618031244"><ele>2520.0</ele></trkpt><trkpt lat="46.21139052255069" lon="7.774027617863281"><ele>2521.1</ele></trkpt><trkpt lat="46.2113905223379" lon="7.7739496176977445"><ele>2522.2</ele></trkpt><trkpt lat="46.21139952214412" lon="7.773910617545318"><ele>2523.2</ele></trkpt><trkpt lat="46.211399522028096" lon="7.773871617454821"><ele>2523.8</ele></trkpt><trkpt lat="46.21139952191203" lon="7.773845617363556"><ele>2524.4</ele></trkpt><trkpt lat="46.211400521679835" lon="7.773755617183263"><ele>2525.6</ele></trkpt><trkpt lat="46.211409521486075" lon="7.773716617030845"><ele>2526.6</ele></trkpt><trkpt lat="46.21140952135067" lon="7.773664616925654"><ele>2527.3</ele></trkpt><trkpt lat="46.21140952135067" lon="7.773664616925654"><ele>2527.3</ele></trkpt><trkpt lat="46.21140952129256" lon="7.773625616881557"><ele>2527.6</ele></trkpt><trkpt lat="46.21139152127399" lon="7.773599616867754"><ele>2527.7</ele></trkpt><trkpt lat="46.21139152121592" lon="7.77356061682366"><ele>2528.0</ele></trkpt><trkpt lat="46.2113825211389" lon="7.773521616764164"><ele>2528.4</ele></trkpt><trkpt lat="46.211401520751004" lon="7.773353616464645"><ele>2530.4</ele></trkpt><trkpt lat="46.211401520557494" lon="7.773249616316135"><ele>2531.4</ele></trkpt><trkpt lat="46.21139252049989" lon="7.773236616270576"><ele>2531.7</ele></trkpt><trkpt lat="46.21139252046114" lon="7.773210616241183"><ele>2531.9</ele></trkpt><trkpt lat="46.21140152038339" lon="7.773185616180738"><ele>2532.3</ele></trkpt><trkpt lat="46.21140152032532" lon="7.773159616135883"><ele>2532.6</ele></trkpt><trkpt lat="46.21140252024781" lon="7.773120616076325"><ele>2533.0</ele></trkpt><trkpt lat="46.21140252017037" lon="7.7730686160175395"><ele>2533.4</ele></trkpt><trkpt lat="46.211402519976936" lon="7.7730036158667435"><ele>2534.4</ele></trkpt><trkpt lat="46.21139351986132" lon="7.772964615776339"><ele>2535.0</ele></trkpt><trkpt lat="46.21140251951273" lon="7.772848615504795"><ele>2536.8</ele></trkpt><trkpt lat="46.2113935194358" lon="7.772835615443777"><ele>2537.2</ele></trkpt><trkpt lat="46.211385519262095" lon="7.772783615307748"><ele>2538.1</ele></trkpt><trkpt lat="46.21138551912671" lon="7.772744615201818"><ele>2538.8</ele></trkpt><trkpt lat="46.21138551903005" lon="7.772731615125276"><ele>2539.3</ele></trkpt><trkpt lat="46.2113945189716" lon="7.772718615079592"><ele>2539.6</ele></trkpt><trkpt lat="46.211421518796406" lon="7.772705614941001"><ele>2540.5</ele></trkpt><trkpt lat="46.21143051869942" lon="7.772718614862852"><ele>2541.0</ele></trkpt><trkpt lat="46.21143951864107" lon="7.772731614815628"><ele>2541.3</ele></trkpt><trkpt lat="46.21144851862136" lon="7.772744614799335"><ele>2541.4</ele></trkpt><trkpt lat="46.211448518582735" lon="7.772744614768411"><ele>2541.6</ele></trkpt><trkpt lat="46.21145751854361" lon="7.772731614738189"><ele>2541.8</ele></trkpt><trkpt lat="46.21144851848598" lon="7.772705614693407"><ele>2542.1</ele></trkpt><trkpt lat="46.21144851831192" lon="7.772667614556499"><ele>2543.0</ele></trkpt><trkpt lat="46.2114395180802" lon="7.772576614376414"><ele>2544.2</ele></trkpt><trkpt lat="46.21142151773295" lon="7.772485614103628"><ele>2546.0</ele></trkpt><trkpt lat="46.21143151759704" lon="7.772433613998407"><ele>2546.7</ele></trkpt><trkpt lat="46.21144051734514" lon="7.7723436138026845"><ele>2548.0</ele></trkpt><trkpt lat="46.211413517172254" lon="7.772278613667586"><ele>2548.9</ele></trkpt><trkpt lat="46.21140451701793" lon="7.772213613547826"><ele>2549.7</ele></trkpt><trkpt lat="46.21137751682571" lon="7.772135613398049"><ele>2550.7</ele></trkpt><trkpt lat="46.21138751668985" lon="7.772096613292068"><ele>2551.4</ele></trkpt><trkpt lat="46.211360516284834" lon="7.771953612976096"><ele>2553.5</ele></trkpt><trkpt lat="46.211351516169174" lon="7.771901612886492"><ele>2554.1</ele></trkpt><trkpt lat="46.211333515899234" lon="7.771811612675544"><ele>2555.5</ele></trkpt><trkpt lat="46.211316515725954" lon="7.771746612540401"><ele>2556.4</ele></trkpt><trkpt lat="46.21129851553332" lon="7.771681612389807"><ele>2557.4</ele></trkpt><trkpt lat="46.21125351532269" lon="7.771603612224735"><ele>2558.5</ele></trkpt><trkpt lat="46.21123551518807" lon="7.771538612120526"><ele>2559.2</ele></trkpt><trkpt lat="46.21120051493826" lon="7.771447611925241"><ele>2560.5</ele></trkpt><trkpt lat="46.21117351474612" lon="7.7713956117739516"><ele>2561.5</ele></trkpt><trkpt lat="46.21116451437918" lon="7.771317611484957"><ele>2563.4</ele></trkpt><trkpt lat="46.2111195141686" lon="7.771265611318349"><ele>2564.5</ele></trkpt><trkpt lat="46.21111051403363" lon="7.771226611212537"><ele>2565.2</ele></trkpt><trkpt lat="46.21110151391803" lon="7.771200611121405"><ele>2565.8</ele></trkpt><trkpt lat="46.211083513764144" lon="7.77114861100098"><ele>2566.6</ele></trkpt><trkpt lat="46.2110575136879" lon="7.771083610943231"><ele>2567.0</ele></trkpt><trkpt lat="46.211039513456555" lon="7.7709806107640285"><ele>2568.2</ele></trkpt><trkpt lat="46.21100351326485" lon="7.7709286106128275"><ele>2569.2</ele></trkpt><trkpt lat="46.210985513226994" lon="7.770901610583663"><ele>2569.4</ele></trkpt><trkpt lat="46.21094951320935" lon="7.7708886105692505"><ele>2569.5</ele></trkpt><trkpt lat="46.21091351315302" lon="7.7708626105247"><ele>2569.8</ele></trkpt><trkpt lat="46.21088751288355" lon="7.770810610311601"><ele>2571.2</ele></trkpt><trkpt lat="46.21085151271124" lon="7.770771610175089"><ele>2572.1</ele></trkpt><trkpt lat="46.21083351249944" lon="7.770732610007531"><ele>2573.2</ele></trkpt><trkpt lat="46.21078851225022" lon="7.770680609810044"><ele>2574.5</ele></trkpt><trkpt lat="46.21075251186528" lon="7.770602609505849"><ele>2576.5</ele></trkpt><trkpt lat="46.21069951151963" lon="7.770498609234266"><ele>2578.3</ele></trkpt><trkpt lat="46.21064551129002" lon="7.770381609056221"><ele>2579.5</ele></trkpt><trkpt lat="46.21060051111805" lon="7.770316608921358"><ele>2580.4</ele></trkpt><trkpt lat="46.210582510925526" lon="7.7702646087700575"><ele>2581.4</ele></trkpt><trkpt lat="46.21053751061834" lon="7.770212608526224"><ele>2583.0</ele></trkpt><trkpt lat="46.210466510331635" lon="7.7701086083011806"><ele>2584.5</ele></trkpt><trkpt lat="46.21042151017903" lon="7.770056608181007"><ele>2585.3</ele></trkpt><trkpt lat="46.21035850993062" lon="7.7699916079844735"><ele>2586.6</ele></trkpt><trkpt lat="46.210331510009176" lon="7.769978608047276"><ele>2586.2</ele></trkpt><trkpt lat="46.21030450985568" lon="7.769926607926973"><ele>2587.0</ele></trkpt><trkpt lat="46.210188509377744" lon="7.769782607550148"><ele>2589.5</ele></trkpt><trkpt lat="46.21010750841502" lon="7.769600606789023"><ele>2594.5</ele></trkpt><trkpt lat="46.210063508339644" lon="7.769535606731465"><ele>2594.9</ele></trkpt><trkpt lat="46.210018508109684" lon="7.769444606551858"><ele>2596.1</ele></trkpt><trkpt lat="46.20999150789826" lon="7.769379606386002"><ele>2597.2</ele></trkpt><trkpt lat="46.209973507647696" lon="7.769302606189904"><ele>2598.5</ele></trkpt><trkpt lat="46.20994750745554" lon="7.769237606039498"><ele>2599.5</ele></trkpt><trkpt lat="46.20993850733981" lon="7.769172605950785"><ele>2600.1</ele></trkpt><trkpt lat="46.20992950710808" lon="7.7690816057709355"><ele>2601.3</ele></trkpt><trkpt lat="46.209920506934544" lon="7.769042605634287"><ele>2602.2</ele></trkpt><trkpt lat="46.20989350681973" lon="7.768990605544926"><ele>2602.8</ele></trkpt><trkpt lat="46.20989450668425" lon="7.768938605439906"><ele>2603.5</ele></trkpt><trkpt lat="46.20991250650929" lon="7.768861605305372"><ele>2604.4</ele></trkpt><trkpt lat="46.20993050635365" lon="7.768809605184774"><ele>2605.2</ele></trkpt><trkpt lat="46.20995750594634" lon="7.768718604865602"><ele>2607.3</ele></trkpt><trkpt lat="46.20994850573405" lon="7.768654604699586"><ele>2608.4</ele></trkpt><trkpt lat="46.209957505482286" lon="7.768602604501806"><ele>2609.7</ele></trkpt><trkpt lat="46.20994950523126" lon="7.768524604305742"><ele>2611.0</ele></trkpt><trkpt lat="46.20993150505802" lon="7.7684596041707685"><ele>2611.9</ele></trkpt><trkpt lat="46.20991350488479" lon="7.7683946040358025"><ele>2612.8</ele></trkpt><trkpt lat="46.20992250480683" lon="7.768329603977885"><ele>2613.2</ele></trkpt><trkpt lat="46.20991350482661" lon="7.768316603994195"><ele>2613.1</ele></trkpt><trkpt lat="46.20985950492563" lon="7.768277604074234"><ele>2612.6</ele></trkpt><trkpt lat="46.20983350486892" lon="7.768264604028867"><ele>2612.9</ele></trkpt><trkpt lat="46.209806504773454" lon="7.768212603954987"><ele>2613.4</ele></trkpt><trkpt lat="46.209797504638544" lon="7.768186603848481"><ele>2614.1</ele></trkpt><trkpt lat="46.2097615044857" lon="7.768186603725148"><ele>2614.9</ele></trkpt><trkpt lat="46.20973450425517" lon="7.768173603540736"><ele>2616.1</ele></trkpt><trkpt lat="46.2097075038893" lon="7.76814760324896"><ele>2618.0</ele></trkpt><trkpt lat="46.209680503909944" lon="7.768147603264615"><ele>2617.9</ele></trkpt><trkpt lat="46.20964450406604" lon="7.768095603391664"><ele>2617.1</ele></trkpt><trkpt lat="46.20959050418439" lon="7.768029603488797"><ele>2616.5</ele></trkpt><trkpt lat="46.2095735042043" lon="7.767965603508279"><ele>2616.4</ele></trkpt><trkpt lat="46.20953750426389" lon="7.767938603556549"><ele>2616.1</ele></trkpt><trkpt lat="46.2095195039554" lon="7.767861603314179"><ele>2617.7</ele></trkpt><trkpt lat="46.20949250386003" lon="7.767834603238785"><ele>2618.2</ele></trkpt><trkpt lat="46.20947450351286" lon="7.767744602966318"><ele>2620.0</ele></trkpt><trkpt lat="46.209456503416945" lon="7.767679602893177"><ele>2620.5</ele></trkpt><trkpt lat="46.20944850339758" lon="7.767549602885728"><ele>2620.6</ele></trkpt><trkpt lat="46.20944850328149" lon="7.767510602795417"><ele>2621.2</ele></trkpt><trkpt lat="46.20943950301121" lon="7.767420602584702"><ele>2622.6</ele></trkpt><trkpt lat="46.20943950287586" lon="7.76739460247815"><ele>2623.3</ele></trkpt><trkpt lat="46.209430502644224" lon="7.767316602297603"><ele>2624.5</ele></trkpt><trkpt lat="46.20943150231539" lon="7.7672126020413375"><ele>2626.2</ele></trkpt><trkpt lat="46.20944050214095" lon="7.7671736019046245"><ele>2627.1</ele></trkpt><trkpt lat="46.20944950194713" lon="7.767122601753197"><ele>2628.1</ele></trkpt><trkpt lat="46.20946750155961" lon="7.7670316014496805"><ele>2630.1</ele></trkpt><trkpt lat="46.20948650119108" lon="7.7668636011663335"><ele>2632.0</ele></trkpt><trkpt lat="46.20950450101592" lon="7.766759601033552"><ele>2632.9</ele></trkpt><trkpt lat="46.209513500841304" lon="7.766681600899247"><ele>2633.8</ele></trkpt><trkpt lat="46.20952250078286" lon="7.7666566008543745"><ele>2634.1</ele></trkpt><trkpt lat="46.20953150074367" lon="7.76661760082581"><ele>2634.3</ele></trkpt><trkpt lat="46.20955950070349" lon="7.766565600797892"><ele>2634.5</ele></trkpt><trkpt lat="46.2095955005663" lon="7.766501600693425"><ele>2635.2</ele></trkpt><trkpt lat="46.209613500371965" lon="7.766423600543619"><ele>2636.2</ele></trkpt><trkpt lat="46.20964050009985" lon="7.766332600332758"><ele>2637.6</ele></trkpt><trkpt lat="46.20964050002241" lon="7.766281600274109"><ele>2638.0</ele></trkpt><trkpt lat="46.20970449970968" lon="7.766138600035283"><ele>2639.6</ele></trkpt><trkpt lat="46.209767499416394" lon="7.76602259981026"><ele>2641.1</ele></trkpt><trkpt lat="46.20977649926119" lon="7.76595759969063"><ele>2641.9</ele></trkpt><trkpt lat="46.20977649902908" lon="7.765880599510035"><ele>2643.1</ele></trkpt><trkpt lat="46.20978649891251" lon="7.765841599419687"><ele>2643.7</ele></trkpt><trkpt lat="46.20981349875639" lon="7.7657765992999295"><ele>2644.5</ele></trkpt><trkpt lat="46.20983149862004" lon="7.765699599196424"><ele>2645.2</ele></trkpt><trkpt lat="46.2098404985809" lon="7.765673599167071"><ele>2645.4</ele></trkpt><trkpt lat="46.209849498483784" lon="7.765647599091385"><ele>2645.9</ele></trkpt><trkpt lat="46.20985849836722" lon="7.765595599001857"><ele>2646.5</ele></trkpt><trkpt lat="46.20987649826956" lon="7.765543598927707"><ele>2647.0</ele></trkpt><trkpt lat="46.209886498210906" lon="7.7654795988852445"><ele>2647.3</ele></trkpt><trkpt lat="46.20990449813258" lon="7.765427598826542"><ele>2647.7</ele></trkpt><trkpt lat="46.209922498034885" lon="7.765375598752393"><ele>2648.2</ele></trkpt><trkpt lat="46.209931497802394" lon="7.765310598571014"><ele>2649.4</ele></trkpt><trkpt lat="46.20994949772417" lon="7.765285598510644"><ele>2649.8</ele></trkpt><trkpt lat="46.20996749764579" lon="7.765233598451943"><ele>2650.2</ele></trkpt><trkpt lat="46.20996749760702" lon="7.7651945984234665"><ele>2650.4</ele></trkpt><trkpt lat="46.20996849756817" lon="7.7651425983957845"><ele>2650.6</ele></trkpt><trkpt lat="46.209986497547824" lon="7.7651035983826135"><ele>2650.7</ele></trkpt><trkpt lat="46.209986497470474" lon="7.7650785983223845"><ele>2651.1</ele></trkpt><trkpt lat="46.20999549741198" lon="7.765052598277595"><ele>2651.4</ele></trkpt><trkpt lat="46.21001349735303" lon="7.765026598232736"><ele>2651.7</ele></trkpt><trkpt lat="46.210022497313844" lon="7.765000598203388"><ele>2651.9</ele></trkpt><trkpt lat="46.210022497275126" lon="7.764961598174914"><ele>2652.1</ele></trkpt><trkpt lat="46.21004049723546" lon="7.764922598146302"><ele>2652.3</ele></trkpt><trkpt lat="46.21004949715752" lon="7.764858598088422"><ele>2652.7</ele></trkpt><trkpt lat="46.210058497040976" lon="7.764806597998909"><ele>2653.3</ele></trkpt><trkpt lat="46.21007749694327" lon="7.76475459792477"><ele>2653.8</ele></trkpt><trkpt lat="46.21009549657491" lon="7.764638597638407"><ele>2655.7</ele></trkpt><trkpt lat="46.210104496381035" lon="7.764573597487943"><ele>2656.7</ele></trkpt><trkpt lat="46.21009549634261" lon="7.764508597461152"><ele>2656.9</ele></trkpt><trkpt lat="46.210095496284495" lon="7.764469597417242"><ele>2657.2</ele></trkpt><trkpt lat="46.210123496089764" lon="7.764418597265769"><ele>2658.2</ele></trkpt><trkpt lat="46.21013249601194" lon="7.764392597205548"><ele>2658.6</ele></trkpt><trkpt lat="46.210141495972756" lon="7.764379597175402"><ele>2658.8</ele></trkpt><trkpt lat="46.210150495875645" lon="7.764353597099736"><ele>2659.3</ele></trkpt><trkpt lat="46.210168495642726" lon="7.764288596918333"><ele>2660.5</ele></trkpt><trkpt lat="46.210241495077774" lon="7.763978596489223"><ele>2663.4</ele></trkpt><trkpt lat="46.21024149505824" lon="7.763926596477012"><ele>2663.5</ele></trkpt><trkpt lat="46.21023249507789" lon="7.763887596494941"><ele>2663.4</ele></trkpt><trkpt lat="46.210250494941384" lon="7.763770596393992"><ele>2664.1</ele></trkpt><trkpt lat="46.21024149494165" lon="7.763719596397225"><ele>2664.1</ele></trkpt><trkpt lat="46.21023349486458" lon="7.763667596338759"><ele>2664.5</ele></trkpt><trkpt lat="46.21021549480737" lon="7.763628596295002"><ele>2664.8</ele></trkpt><trkpt lat="46.21020649465313" lon="7.763589596173972"><ele>2665.6</ele></trkpt><trkpt lat="46.21021549457522" lon="7.763537596115378"><ele>2666.0</ele></trkpt><trkpt lat="46.210233494477535" lon="7.7634855960412725"><ele>2666.5</ele></trkpt><trkpt lat="46.21024249445767" lon="7.763459596027383"><ele>2666.6</ele></trkpt><trkpt lat="46.21024249443819" lon="7.763408596015115"><ele>2666.7</ele></trkpt><trkpt lat="46.21025149437967" lon="7.7633695959711515"><ele>2667.0</ele></trkpt><trkpt lat="46.21027049432063" lon="7.7633305959271155"><ele>2667.3</ele></trkpt><trkpt lat="46.210306494183385" lon="7.763265595822807"><ele>2668.0</ele></trkpt><trkpt lat="46.21031549412481" lon="7.763214595779594"><ele>2668.3</ele></trkpt><trkpt lat="46.21033349406584" lon="7.763188595734757"><ele>2668.6</ele></trkpt><trkpt lat="46.21033349400776" lon="7.76314959569087"><ele>2668.9</ele></trkpt><trkpt lat="46.21033349398836" lon="7.763123595677049"><ele>2669.0</ele></trkpt><trkpt lat="46.21031549396977" lon="7.763084595664173"><ele>2669.1</ele></trkpt><trkpt lat="46.21030649391205" lon="7.763019595621974"><ele>2669.4</ele></trkpt><trkpt lat="46.21029849389303" lon="7.762993595608214"><ele>2669.5</ele></trkpt><trkpt lat="46.21028949385481" lon="7.762980595578218"><ele>2669.7</ele></trkpt><trkpt lat="46.21028049377789" lon="7.762954595518148"><ele>2670.1</ele></trkpt><trkpt lat="46.21027149370092" lon="7.762915595458895"><ele>2670.5</ele></trkpt><trkpt lat="46.21024449339263" lon="7.76277359522094"><ele>2672.1</ele></trkpt><trkpt lat="46.21020949323936" lon="7.762656595105"><ele>2672.9</ele></trkpt><trkpt lat="46.210200493162226" lon="7.762552595049804"><ele>2673.3</ele></trkpt><trkpt lat="46.21017349304714" lon="7.762409594966303"><ele>2673.9</ele></trkpt><trkpt lat="46.210164492989385" lon="7.762345594924052"><ele>2674.2</ele></trkpt><trkpt lat="46.2101654929311" lon="7.7622675948826005"><ele>2674.5</ele></trkpt><trkpt lat="46.21014749285442" lon="7.762189594825858"><ele>2674.9</ele></trkpt><trkpt lat="46.210138492816085" lon="7.762150594797484"><ele>2675.1</ele></trkpt><trkpt lat="46.2101294927777" lon="7.762098594769921"><ele>2675.3</ele></trkpt><trkpt lat="46.21013949258361" lon="7.761982594622724"><ele>2676.3</ele></trkpt><trkpt lat="46.21010349241108" lon="7.761852594492197"><ele>2677.2</ele></trkpt><trkpt lat="46.21008549233443" lon="7.761774594435463"><ele>2677.6</ele></trkpt><trkpt lat="46.21007749200574" lon="7.761593594184434"><ele>2679.3</ele></trkpt><trkpt lat="46.210050491755716" lon="7.761528593988049"><ele>2680.6</ele></trkpt><trkpt lat="46.2100414917175" lon="7.761515593958062"><ele>2680.8</ele></trkpt><trkpt lat="46.210041491620764" lon="7.7614765938833274"><ele>2681.3</ele></trkpt><trkpt lat="46.21002349156353" lon="7.761437593839601"><ele>2681.6</ele></trkpt><trkpt lat="46.21001449138984" lon="7.761359593705638"><ele>2682.5</ele></trkpt><trkpt lat="46.20997949092728" lon="7.761190593346064"><ele>2684.9</ele></trkpt><trkpt lat="46.209979490791845" lon="7.7611255932421"><ele>2685.6</ele></trkpt><trkpt lat="46.209970490695554" lon="7.761087593167382"><ele>2686.1</ele></trkpt><trkpt lat="46.20997949057904" lon="7.761048593077154"><ele>2686.7</ele></trkpt><trkpt lat="46.20998849046242" lon="7.760983592988556"><ele>2687.3</ele></trkpt><trkpt lat="46.209989490365565" lon="7.760931592914642"><ele>2687.8</ele></trkpt><trkpt lat="46.20998049028859" lon="7.760879592856237"><ele>2688.2</ele></trkpt><trkpt lat="46.20998048997899" lon="7.760737592618217"><ele>2689.8</ele></trkpt><trkpt lat="46.20997148988269" lon="7.760698592543568"><ele>2690.3</ele></trkpt><trkpt lat="46.20995348978684" lon="7.760646592469807"><ele>2690.8</ele></trkpt><trkpt lat="46.20994548969044" lon="7.76059459239597"><ele>2691.3</ele></trkpt><trkpt lat="46.209954489631734" lon="7.760503592355314"><ele>2691.6</ele></trkpt><trkpt lat="46.20995448957347" lon="7.76042659231385"><ele>2691.9</ele></trkpt><trkpt lat="46.209963489456754" lon="7.7603225922277215"><ele>2692.5</ele></trkpt><trkpt lat="46.209955489360226" lon="7.760231592156338"><ele>2693.0</ele></trkpt><trkpt lat="46.20994648932184" lon="7.760179592128808"><ele>2693.2</ele></trkpt><trkpt lat="46.20993748922543" lon="7.7601025920565565"><ele>2693.7</ele></trkpt><trkpt lat="46.20993748914799" lon="7.760050591998099"><ele>2694.1</ele></trkpt><trkpt lat="46.20994648903136" lon="7.759972591910343"><ele>2694.7</ele></trkpt><trkpt lat="46.20994648895392" lon="7.7599335918510715"><ele>2695.1</ele></trkpt><trkpt lat="46.209956488721176" lon="7.759817591673116"><ele>2696.3</ele></trkpt><trkpt lat="46.20992048847147" lon="7.759713591479346"><ele>2697.6</ele></trkpt><trkpt lat="46.20986648818407" lon="7.75963559125322"><ele>2699.1</ele></trkpt><trkpt lat="46.209822487973355" lon="7.759518591091198"><ele>2700.2</ele></trkpt><trkpt lat="46.20974148745554" lon="7.759466590678497"><ele>2702.9</ele></trkpt><trkpt lat="46.20970548726406" lon="7.7594395905261875"><ele>2703.9</ele></trkpt><trkpt lat="46.2096874870716" lon="7.759400590374489"><ele>2704.9</ele></trkpt><trkpt lat="46.20965148684147" lon="7.759374590191258"><ele>2706.1</ele></trkpt><trkpt lat="46.20962448678478" lon="7.759348590146823"><ele>2706.4</ele></trkpt><trkpt lat="46.20963348668768" lon="7.759335590070431"><ele>2706.9</ele></trkpt><trkpt lat="46.20966948647338" lon="7.759336589900361"><ele>2708.0</ele></trkpt><trkpt lat="46.20968748635651" lon="7.759323589808468"><ele>2708.6</ele></trkpt><trkpt lat="46.20971448623918" lon="7.759310589716503"><ele>2709.2</ele></trkpt><trkpt lat="46.20972348606479" lon="7.7592975895783916"><ele>2710.1</ele></trkpt><trkpt lat="46.20975048602482" lon="7.759297589547321"><ele>2710.3</ele></trkpt><trkpt lat="46.20979548577123" lon="7.759259589348797"><ele>2711.6</ele></trkpt><trkpt lat="46.209813485654394" lon="7.759246589256901"><ele>2712.2</ele></trkpt><trkpt lat="46.20984148545961" lon="7.759207589104862"><ele>2713.2</ele></trkpt><trkpt lat="46.20985948518795" lon="7.759129588893652"><ele>2714.6</ele></trkpt><trkpt lat="46.20988648503175" lon="7.759052588774886"><ele>2715.4</ele></trkpt><trkpt lat="46.209913484759774" lon="7.759013588561147"><ele>2716.8</ele></trkpt><trkpt lat="46.20998548431143" lon="7.758923588211435"><ele>2719.1</ele></trkpt><trkpt lat="46.21002148401961" lon="7.758858587983852"><ele>2720.6</ele></trkpt><trkpt lat="46.210040483825196" lon="7.758781587834309"><ele>2721.6</ele></trkpt><trkpt lat="46.210049483728" lon="7.758742587759576"><ele>2722.1</ele></trkpt><trkpt lat="46.210049483631266" lon="7.758703587684912"><ele>2722.6</ele></trkpt><trkpt lat="46.21004948341856" lon="7.75865158751851"><ele>2723.7</ele></trkpt><trkpt lat="46.21003148326472" lon="7.758612587397709"><ele>2724.5</ele></trkpt><trkpt lat="46.21001348309164" lon="7.758586587260654"><ele>2725.4</ele></trkpt><trkpt lat="46.209995482976474" lon="7.758534587171535"><ele>2726.0</ele></trkpt><trkpt lat="46.209987482744836" lon="7.758482586989776"><ele>2727.2</ele></trkpt><trkpt lat="46.209987482648145" lon="7.758456586914294"><ele>2727.7</ele></trkpt><trkpt lat="46.20997848241663" lon="7.758430586730894"><ele>2728.9</ele></trkpt><trkpt lat="46.20992448209064" lon="7.758352586474024"><ele>2730.6</ele></trkpt><trkpt lat="46.209915481859184" lon="7.758326586290631"><ele>2731.8</ele></trkpt><trkpt lat="46.20989748172475" lon="7.758300586184441"><ele>2732.5</ele></trkpt><trkpt lat="46.20988848166721" lon="7.758287586139059"><ele>2732.8</ele></trkpt><trkpt lat="46.20990648155029" lon="7.758261586048017"><ele>2733.4</ele></trkpt><trkpt lat="46.20994248135517" lon="7.7582365858950615"><ele>2734.4</ele></trkpt><trkpt lat="46.209969481199174" lon="7.758223585772267"><ele>2735.2</ele></trkpt><trkpt lat="46.209987481120926" lon="7.758210585711248"><ele>2735.6</ele></trkpt><trkpt lat="46.2100054809847" lon="7.758184585604776"><ele>2736.3</ele></trkpt><trkpt lat="46.21002348082907" lon="7.758146585483649"><ele>2737.1</ele></trkpt><trkpt lat="46.21004248046068" lon="7.758055585196214"><ele>2739.0</ele></trkpt><trkpt lat="46.210042480383336" lon="7.758042585135339"><ele>2739.4</ele></trkpt><trkpt lat="46.210042480344676" lon="7.7580295851053185"><ele>2739.6</ele></trkpt><trkpt lat="46.21003348030648" lon="7.758029585074536"><ele>2739.8</ele></trkpt><trkpt lat="46.21001548017217" lon="7.758029584966696"><ele>2740.5</ele></trkpt><trkpt lat="46.20998848001894" lon="7.758029584843497"><ele>2741.3</ele></trkpt><trkpt lat="46.20997047982662" lon="7.758016584690215"><ele>2742.3</ele></trkpt><trkpt lat="46.20994347971197" lon="7.757990584599528"><ele>2742.9</ele></trkpt><trkpt lat="46.209898479056875" lon="7.757860584083731"><ele>2746.3</ele></trkpt><trkpt lat="46.209881478477676" lon="7.757730583629436"><ele>2749.3</ele></trkpt><trkpt lat="46.20988147830365" lon="7.757691583493109"><ele>2750.2</ele></trkpt><trkpt lat="46.20989047812921" lon="7.75765258335671"><ele>2751.1</ele></trkpt><trkpt lat="46.20989047810982" lon="7.7576395833421214"><ele>2751.2</ele></trkpt><trkpt lat="46.209881477955555" lon="7.7576015832212315"><ele>2752.0</ele></trkpt><trkpt lat="46.20987247780129" lon="7.757562583100408"><ele>2752.8</ele></trkpt><trkpt lat="46.20989047754908" lon="7.757523582902244"><ele>2754.1</ele></trkpt><trkpt lat="46.209908477335524" lon="7.757484582734944"><ele>2755.2</ele></trkpt><trkpt lat="46.209927477102454" lon="7.757419582553869"><ele>2756.4</ele></trkpt><trkpt lat="46.209909476813415" lon="7.757380582325154"><ele>2757.9</ele></trkpt><trkpt lat="46.20990047669793" lon="7.757367582233513"><ele>2758.5</ele></trkpt><trkpt lat="46.20986447664175" lon="7.757354582188364"><ele>2758.8</ele></trkpt><trkpt lat="46.20984647656531" lon="7.757328582128482"><ele>2759.2</ele></trkpt><trkpt lat="46.209837476372385" lon="7.757289581976822"><ele>2760.2</ele></trkpt><trkpt lat="46.20983747614045" lon="7.757250581794246"><ele>2761.4</ele></trkpt><trkpt lat="46.20982847588956" lon="7.757211581596315"><ele>2762.7</ele></trkpt><trkpt lat="46.20982847565763" lon="7.757173581413677"><ele>2763.9</ele></trkpt><trkpt lat="46.20981147515582" lon="7.757082581018665"><ele>2766.5</ele></trkpt><trkpt lat="46.20977547455836" lon="7.756978580547537"><ele>2769.6</ele></trkpt><trkpt lat="46.209766474288195" lon="7.756939580334206"><ele>2771.0</ele></trkpt><trkpt lat="46.20975747403728" lon="7.756874580137974"><ele>2772.3</ele></trkpt><trkpt lat="46.209739473844834" lon="7.756835579986409"><ele>2773.3</ele></trkpt><trkpt lat="46.20973047355537" lon="7.756796579757662"><ele>2774.8</ele></trkpt><trkpt lat="46.20974847339977" lon="7.756770579635815"><ele>2775.6</ele></trkpt><trkpt lat="46.20974047322624" lon="7.756745579498695"><ele>2776.5</ele></trkpt><trkpt lat="46.20973147291733" lon="7.756693579255373"><ele>2778.1</ele></trkpt><trkpt lat="46.20974047270422" lon="7.75665457908818"><ele>2779.2</ele></trkpt><trkpt lat="46.20974047262697" lon="7.756654579026487"><ele>2779.6</ele></trkpt><trkpt lat="46.20971347258964" lon="7.7566545789958585"><ele>2779.8</ele></trkpt><trkpt lat="46.209704472532145" lon="7.756641578950508"><ele>2780.1</ele></trkpt><trkpt lat="46.20969547231999" lon="7.75660257878346"><ele>2781.2</ele></trkpt><trkpt lat="46.20969547208801" lon="7.756563578600924"><ele>2782.4</ele></trkpt><trkpt lat="46.20968647197245" lon="7.756537578510152"><ele>2783.0</ele></trkpt><trkpt lat="46.20966847162541" lon="7.75648557823607"><ele>2784.8</ele></trkpt><trkpt lat="46.20966847125806" lon="7.756420577947276"><ele>2786.7</ele></trkpt><trkpt lat="46.20964247083406" lon="7.756329577614122"><ele>2788.9</ele></trkpt><trkpt lat="46.20960647058449" lon="7.756251577419008"><ele>2790.2</ele></trkpt><trkpt lat="46.209579470547155" lon="7.756225577390073"><ele>2790.4</ele></trkpt><trkpt lat="46.209552470355206" lon="7.756186577238614"><ele>2791.4</ele></trkpt><trkpt lat="46.209525470008536" lon="7.756095576967178"><ele>2793.2</ele></trkpt><trkpt lat="46.20948146964338" lon="7.756004576680465"><ele>2795.1</ele></trkpt><trkpt lat="46.209463469277004" lon="7.755940576391792"><ele>2797.0</ele></trkpt><trkpt lat="46.209454468794206" lon="7.755862576011437"><ele>2799.5</ele></trkpt><trkpt lat="46.209454468620265" lon="7.755836575874351"><ele>2800.4</ele></trkpt><trkpt lat="46.20949946840533" lon="7.755836575704365"><ele>2801.5</ele></trkpt><trkpt lat="46.20959846787851" lon="7.755811575288847"><ele>2804.2</ele></trkpt><trkpt lat="46.20965246760509" lon="7.755772575075086"><ele>2805.6</ele></trkpt><trkpt lat="46.209706467312394" lon="7.755747574844978"><ele>2807.1</ele></trkpt><trkpt lat="46.20975146713619" lon="7.755760574704985"><ele>2808.0</ele></trkpt><trkpt lat="46.209760466903795" lon="7.755734574521569"><ele>2809.2</ele></trkpt><trkpt lat="46.20975146674956" lon="7.755695574400839"><ele>2810.0</ele></trkpt><trkpt lat="46.20972546655762" lon="7.755669574248553"><ele>2811.0</ele></trkpt><trkpt lat="46.209698466346325" lon="7.755630574081711"><ele>2812.1</ele></trkpt><trkpt lat="46.20966246617428" lon="7.755604573944927"><ele>2813.0</ele></trkpt><trkpt lat="46.20963546602098" lon="7.755565573824346"><ele>2813.8</ele></trkpt><trkpt lat="46.20960846577107" lon="7.755513573627523"><ele>2815.1</ele></trkpt><trkpt lat="46.20958146565636" lon="7.755474573537782"><ele>2815.7</ele></trkpt><trkpt lat="46.2095544654837" lon="7.7554225734026465"><ele>2816.6</ele></trkpt><trkpt lat="46.20950146515785" lon="7.755370573144364"><ele>2818.3</ele></trkpt><trkpt lat="46.209447464793406" lon="7.755318572855256"><ele>2820.2</ele></trkpt><trkpt lat="46.20938446423626" lon="7.755265572412107"><ele>2823.1</ele></trkpt><trkpt lat="46.20930346375729" lon="7.755213572030715"><ele>2825.6</ele></trkpt><trkpt lat="46.20929446364179" lon="7.75520057193913"><ele>2826.2</ele></trkpt><trkpt lat="46.20926746341128" lon="7.755174571756042"><ele>2827.4</ele></trkpt><trkpt lat="46.20924046314209" lon="7.755135571542971"><ele>2828.8</ele></trkpt><trkpt lat="46.20921346295027" lon="7.755122571389867"><ele>2829.8</ele></trkpt><trkpt lat="46.20918646262303" lon="7.755070571131405"><ele>2831.5</ele></trkpt><trkpt lat="46.2091694622759" lon="7.75499257085917"><ele>2833.3</ele></trkpt><trkpt lat="46.20916046206369" lon="7.754940570693082"><ele>2834.4</ele></trkpt><trkpt lat="46.209142461909885" lon="7.754888570573324"><ele>2835.2</ele></trkpt><trkpt lat="46.20913346187169" lon="7.754875570543424"><ele>2835.4</ele></trkpt><trkpt lat="46.20908846185458" lon="7.754836570530952"><ele>2835.5</ele></trkpt><trkpt lat="46.20906146183661" lon="7.754810570517473"><ele>2835.6</ele></trkpt><trkpt lat="46.209043461663576" lon="7.754784570380584"><ele>2836.5</ele></trkpt><trkpt lat="46.2090174615295" lon="7.754719570277171"><ele>2837.2</ele></trkpt><trkpt lat="46.20899046131821" lon="7.754667570111246"><ele>2838.3</ele></trkpt><trkpt lat="46.2089814612993" lon="7.754654570096761"><ele>2838.4</ele></trkpt><trkpt lat="46.20894546135922" lon="7.754667570142446"><ele>2838.1</ele></trkpt><trkpt lat="46.20891846110935" lon="7.754628569944827"><ele>2839.4</ele></trkpt><trkpt lat="46.2089094608779" lon="7.754602569761619"><ele>2840.6</ele></trkpt><trkpt lat="46.20888246068607" lon="7.754589569608528"><ele>2841.6</ele></trkpt><trkpt lat="46.20884646061078" lon="7.754614569545492"><ele>2842.0</ele></trkpt><trkpt lat="46.208846460398114" lon="7.754575569378491"><ele>2843.1</ele></trkpt><trkpt lat="46.20886446010729" lon="7.754537569149613"><ele>2844.6</ele></trkpt><trkpt lat="46.208864459971956" lon="7.754511569043419"><ele>2845.3</ele></trkpt><trkpt lat="46.208864459546824" lon="7.7544725687068405"><ele>2847.5</ele></trkpt><trkpt lat="46.20884645916118" lon="7.754420568402106"><ele>2849.5</ele></trkpt><trkpt lat="46.20883845894902" lon="7.754407568233452"><ele>2850.6</ele></trkpt><trkpt lat="46.208820458698774" lon="7.754381568034915"><ele>2851.9</ele></trkpt><trkpt lat="46.20882045848615" lon="7.754355567867061"><ele>2853.0</ele></trkpt><trkpt lat="46.208838458272524" lon="7.754303567700796"><ele>2854.1</ele></trkpt><trkpt lat="46.20887445798068" lon="7.7542655674717915"><ele>2855.6</ele></trkpt><trkpt lat="46.20887445782605" lon="7.754239567350193"><ele>2856.4</ele></trkpt><trkpt lat="46.20885645747919" lon="7.754213567074583"><ele>2858.2</ele></trkpt><trkpt lat="46.20885645728585" lon="7.754174566923021"><ele>2859.2</ele></trkpt><trkpt lat="46.20884745703506" lon="7.754135566725291"><ele>2860.5</ele></trkpt><trkpt lat="46.208820456592015" lon="7.754096566373552"><ele>2862.8</ele></trkpt><trkpt lat="46.20879345638087" lon="7.754083566205071"><ele>2863.9</ele></trkpt><trkpt lat="46.20876645628572" lon="7.75408356612821"><ele>2864.4</ele></trkpt><trkpt lat="46.208748456151376" lon="7.754070566021319"><ele>2865.1</ele></trkpt><trkpt lat="46.208731456055716" lon="7.754069565944443"><ele>2865.6</ele></trkpt><trkpt lat="46.20872245588225" lon="7.754044565807449"><ele>2866.5</ele></trkpt><trkpt lat="46.20873145543712" lon="7.7539665654580405"><ele>2868.8</ele></trkpt><trkpt lat="46.20872245524431" lon="7.7539405653057"><ele>2869.8</ele></trkpt><trkpt lat="46.20872245501239" lon="7.7539015651233285"><ele>2871.0</ele></trkpt><trkpt lat="46.208749454798316" lon="7.753862564956151"><ele>2872.1</ele></trkpt><trkpt lat="46.208740454644165" lon="7.753849564833777"><ele>2872.9</ele></trkpt><trkpt lat="46.208722454529216" lon="7.753836564742305"><ele>2873.5</ele></trkpt><trkpt lat="46.20871345435567" lon="7.753810564605386"><ele>2874.4</ele></trkpt><trkpt lat="46.208677454125706" lon="7.753784564422448"><ele>2875.6</ele></trkpt><trkpt lat="46.20865045395323" lon="7.753771564284809"><ele>2876.5</ele></trkpt><trkpt lat="46.20864145389574" lon="7.753758564239512"><ele>2876.8</ele></trkpt><trkpt lat="46.208642453702325" lon="7.753719564087973"><ele>2877.8</ele></trkpt><trkpt lat="46.208633453412894" lon="7.7536805638594455"><ele>2879.3</ele></trkpt><trkpt lat="46.208651452986665" lon="7.75360356352535"><ele>2881.5</ele></trkpt><trkpt lat="46.20866945286971" lon="7.75359056343359"><ele>2882.1</ele></trkpt><trkpt lat="46.20868745284944" lon="7.753590563418028"><ele>2882.2</ele></trkpt><trkpt lat="46.20870545279049" lon="7.75357756337251"><ele>2882.5</ele></trkpt><trkpt lat="46.20874145259524" lon="7.753551563219817"><ele>2883.5</ele></trkpt><trkpt lat="46.20875945230434" lon="7.753500562991885"><ele>2885.0</ele></trkpt><trkpt lat="46.2087774522068" lon="7.753500562914664"><ele>2885.5</ele></trkpt><trkpt lat="46.20878645210968" lon="7.753487562838395"><ele>2886.0</ele></trkpt><trkpt lat="46.20882245189513" lon="7.753461562670292"><ele>2887.1</ele></trkpt><trkpt lat="46.20883145181733" lon="7.753448562609437"><ele>2887.5</ele></trkpt><trkpt lat="46.20882245164386" lon="7.753422562472537"><ele>2888.4</ele></trkpt><trkpt lat="46.20880445156743" lon="7.753396562412784"><ele>2888.8</ele></trkpt><trkpt lat="46.20877745143353" lon="7.753357562307738"><ele>2889.5</ele></trkpt><trkpt lat="46.208742451164824" lon="7.753318562094868"><ele>2890.9</ele></trkpt><trkpt lat="46.20873345093329" lon="7.753266561913483"><ele>2892.1</ele></trkpt><trkpt lat="46.2087424508167" lon="7.753214561824437"><ele>2892.7</ele></trkpt><trkpt lat="46.2087424508167" lon="7.753214561824437"><ele>2892.7</ele></trkpt><trkpt lat="46.20874245091309" lon="7.753163561904948"><ele>2892.2</ele></trkpt><trkpt lat="46.20875145129876" lon="7.753098562217532"><ele>2890.2</ele></trkpt><trkpt lat="46.20877845150968" lon="7.75307256238861"><ele>2889.1</ele></trkpt><trkpt lat="46.208796451663154" lon="7.753046562513517"><ele>2888.3</ele></trkpt><trkpt lat="46.20880545179787" lon="7.753033562622215"><ele>2887.6</ele></trkpt><trkpt lat="46.20881445187464" lon="7.753020562684666"><ele>2887.2</ele></trkpt><trkpt lat="46.20882345200931" lon="7.752995562794171"><ele>2886.5</ele></trkpt><trkpt lat="46.20884145216285" lon="7.752982562918204"><ele>2885.7</ele></trkpt><trkpt lat="46.208869452489566" lon="7.7529305631834955"><ele>2884.0</ele></trkpt><trkpt lat="46.20889645260397" lon="7.75291756327663"><ele>2883.4</ele></trkpt><trkpt lat="46.20891445283472" lon="7.752878563464059"><ele>2882.2</ele></trkpt><trkpt lat="46.20892345298871" lon="7.752853563588969"><ele>2881.4</ele></trkpt><trkpt lat="46.2089414531422" lon="7.752827563713872"><ele>2880.6</ele></trkpt><trkpt lat="46.20894145347044" lon="7.752775563979384"><ele>2878.9</ele></trkpt><trkpt lat="46.208932453741205" lon="7.752736564197855"><ele>2877.5</ele></trkpt><trkpt lat="46.208914453877426" lon="7.752723564306763"><ele>2876.8</ele></trkpt><trkpt lat="46.208914454012515" lon="7.752697564416396"><ele>2876.1</ele></trkpt><trkpt lat="46.20888745412981" lon="7.752684564509969"><ele>2875.5</ele></trkpt><trkpt lat="46.20886145467185" lon="7.752606564946966"><ele>2872.7</ele></trkpt><trkpt lat="46.20886145496144" lon="7.752554565181635"><ele>2871.2</ele></trkpt><trkpt lat="46.20886145528961" lon="7.752489565447994"><ele>2869.5</ele></trkpt><trkpt lat="46.20887045567531" lon="7.7524255657604435"><ele>2867.5</ele></trkpt><trkpt lat="46.208897455963445" lon="7.752373565994882"><ele>2866.0</ele></trkpt><trkpt lat="46.208906456117475" lon="7.752360566118973"><ele>2865.2</ele></trkpt><trkpt lat="46.2088884562729" lon="7.75233456624415"><ele>2864.4</ele></trkpt><trkpt lat="46.20887945642782" lon="7.752308566369252"><ele>2863.6</ele></trkpt><trkpt lat="46.208924456811744" lon="7.752283566678792"><ele>2861.6</ele></trkpt><trkpt lat="46.20893345692705" lon="7.752257566772922"><ele>2861.0</ele></trkpt><trkpt lat="46.2089604571961" lon="7.752244566989332"><ele>2859.6</ele></trkpt><trkpt lat="46.20899745759968" lon="7.7522055673152686"><ele>2857.5</ele></trkpt><trkpt lat="46.20900645775366" lon="7.752179567440222"><ele>2856.7</ele></trkpt><trkpt lat="46.2089974579086" lon="7.752153567565322"><ele>2855.9</ele></trkpt><trkpt lat="46.20901545798492" lon="7.752153567626819"><ele>2855.5</ele></trkpt><trkpt lat="46.20905145825346" lon="7.752141567843082"><ele>2854.1</ele></trkpt><trkpt lat="46.20905145838862" lon="7.752115567952694"><ele>2853.4</ele></trkpt><trkpt lat="46.209033458447344" lon="7.752076568001671"><ele>2853.1</ele></trkpt><trkpt lat="46.20900645860323" lon="7.752050568126915"><ele>2852.3</ele></trkpt><trkpt lat="46.20902445885325" lon="7.751998568330574"><ele>2851.0</ele></trkpt><trkpt lat="46.209006458950775" lon="7.751985568408639"><ele>2850.5</ele></trkpt><trkpt lat="46.20900645906654" lon="7.751946568503699"><ele>2849.9</ele></trkpt><trkpt lat="46.20900645918237" lon="7.751920568597892"><ele>2849.3</ele></trkpt><trkpt lat="46.20902445933595" lon="7.751920568721031"><ele>2848.5</ele></trkpt><trkpt lat="46.20903345945135" lon="7.751907568814288"><ele>2847.9</ele></trkpt><trkpt lat="46.20901545964534" lon="7.751868568971134"><ele>2846.9</ele></trkpt><trkpt lat="46.20899845989724" lon="7.751816569175068"><ele>2845.6</ele></trkpt><trkpt lat="46.208998459993765" lon="7.751804569252915"><ele>2845.1</ele></trkpt><trkpt lat="46.209016460089394" lon="7.751791569330688"><ele>2844.6</ele></trkpt><trkpt lat="46.2090254602048" lon="7.7517915694230775"><ele>2844.0</ele></trkpt><trkpt lat="46.209043460339025" lon="7.751778569531664"><ele>2843.3</ele></trkpt><trkpt lat="46.209070460472866" lon="7.751765569640183"><ele>2842.6</ele></trkpt><trkpt lat="46.20907946058822" lon="7.751752569733434"><ele>2842.0</ele></trkpt><trkpt lat="46.20908846066496" lon="7.751739569795865"><ele>2841.6</ele></trkpt><trkpt lat="46.209097460780235" lon="7.75170056989084"><ele>2841.0</ele></trkpt><trkpt lat="46.20908846099308" lon="7.751649570063808"><ele>2839.9</ele></trkpt><trkpt lat="46.20908846114749" lon="7.751610570189672"><ele>2839.1</ele></trkpt><trkpt lat="46.20909746124348" lon="7.751584570268376"><ele>2838.6</ele></trkpt><trkpt lat="46.20915146149169" lon="7.751532570471709"><ele>2837.3</ele></trkpt><trkpt lat="46.209178461625456" lon="7.751520570580157"><ele>2836.6</ele></trkpt><trkpt lat="46.20917846168336" lon="7.751507570627244"><ele>2836.3</ele></trkpt><trkpt lat="46.20917046178023" lon="7.751468570706941"><ele>2835.8</ele></trkpt><trkpt lat="46.209143461936094" lon="7.751429570833022"><ele>2835.0</ele></trkpt><trkpt lat="46.20913446205237" lon="7.751403570927271"><ele>2834.4</ele></trkpt><trkpt lat="46.209143462187036" lon="7.751364571037648"><ele>2833.7</ele></trkpt><trkpt lat="46.209170462610174" lon="7.751234571385028"><ele>2831.5</ele></trkpt><trkpt lat="46.20919746285974" lon="7.751183571588503"><ele>2830.2</ele></trkpt><trkpt lat="46.20921546297459" lon="7.751157571682527"><ele>2829.6</ele></trkpt><trkpt lat="46.2092424630118" lon="7.751144571713984"><ele>2829.4</ele></trkpt><trkpt lat="46.20926046308801" lon="7.751118571777192"><ele>2829.0</ele></trkpt><trkpt lat="46.209296463163355" lon="7.751106571839331"><ele>2828.6</ele></trkpt><trkpt lat="46.2093414633155" lon="7.751093571963093"><ele>2827.8</ele></trkpt><trkpt lat="46.20935046337297" lon="7.751080572010106"><ele>2827.5</ele></trkpt><trkpt lat="46.209360463565375" lon="7.751002572169261"><ele>2826.5</ele></trkpt><trkpt lat="46.209378463641656" lon="7.750976572232464"><ele>2826.1</ele></trkpt><trkpt lat="46.20937846373809" lon="7.750938572312013"><ele>2825.6</ele></trkpt><trkpt lat="46.20936946383503" lon="7.750912572390845"><ele>2825.1</ele></trkpt><trkpt lat="46.20932446408854" lon="7.750898572592446"><ele>2823.8</ele></trkpt><trkpt lat="46.20930646426337" lon="7.750911572730409"><ele>2822.9</ele></trkpt><trkpt lat="46.20927046443926" lon="7.750937572867668"><ele>2822.0</ele></trkpt><trkpt lat="46.20925246457541" lon="7.750937572975672"><ele>2821.3</ele></trkpt><trkpt lat="46.20921646478978" lon="7.7509245731463166"><ele>2820.2</ele></trkpt><trkpt lat="46.20918046496552" lon="7.750911573286141"><ele>2819.3</ele></trkpt><trkpt lat="46.2091714650818" lon="7.750898573379521"><ele>2818.7</ele></trkpt><trkpt lat="46.20918046521649" lon="7.750859573489874"><ele>2818.0</ele></trkpt><trkpt lat="46.20918946535115" lon="7.750833573599368"><ele>2817.3</ele></trkpt><trkpt lat="46.20918046540955" lon="7.750820573646526"><ele>2817.0</ele></trkpt><trkpt lat="46.20915346554626" lon="7.750833573753744"><ele>2816.3</ele></trkpt><trkpt lat="46.20912646568284" lon="7.750820573862675"><ele>2815.6</ele></trkpt><trkpt lat="46.20910846581897" lon="7.750806573971604"><ele>2814.9</ele></trkpt><trkpt lat="46.209091466186734" lon="7.750755574267845"><ele>2813.0</ele></trkpt><trkpt lat="46.209019466441475" lon="7.750702574472212"><ele>2811.7</ele></trkpt><trkpt lat="46.20900146640376" lon="7.75070257444154"><ele>2811.9</ele></trkpt><trkpt lat="46.20897446627004" lon="7.7507285743321965"><ele>2812.6</ele></trkpt><trkpt lat="46.20895646630955" lon="7.750715574364008"><ele>2812.4</ele></trkpt><trkpt lat="46.208938466368394" lon="7.750702574411231"><ele>2812.1</ele></trkpt><trkpt lat="46.20890246640892" lon="7.750702574442339"><ele>2811.9</ele></trkpt><trkpt lat="46.20883946660524" lon="7.750649574600403"><ele>2810.9</ele></trkpt><trkpt lat="46.20880346662644" lon="7.750649574616103"><ele>2810.8</ele></trkpt><trkpt lat="46.2087584669571" lon="7.750623574880106"><ele>2809.1</ele></trkpt><trkpt lat="46.2087404671318" lon="7.750597575020627"><ele>2808.2</ele></trkpt><trkpt lat="46.2087134673843" lon="7.750571575222849"><ele>2806.9</ele></trkpt><trkpt lat="46.20866846750246" lon="7.750558575316505"><ele>2806.3</ele></trkpt><trkpt lat="46.20865046750338" lon="7.75055857531665"><ele>2806.3</ele></trkpt><trkpt lat="46.2086144673315" lon="7.750570575177485"><ele>2807.2</ele></trkpt><trkpt lat="46.20859646731307" lon="7.750570575162222"><ele>2807.3</ele></trkpt><trkpt lat="46.20856046731481" lon="7.750531575165066"><ele>2807.3</ele></trkpt><trkpt lat="46.20855246739232" lon="7.7504795752301705"><ele>2806.9</ele></trkpt><trkpt lat="46.208525467528744" lon="7.750414575342494"><ele>2806.2</ele></trkpt><trkpt lat="46.20850746758754" lon="7.7503885753905655"><ele>2805.9</ele></trkpt><trkpt lat="46.208480467646794" lon="7.7503625754387055"><ele>2805.6</ele></trkpt><trkpt lat="46.20845346780255" lon="7.750310575565585"><ele>2804.8</ele></trkpt><trkpt lat="46.20844446801544" lon="7.750284575736837"><ele>2803.7</ele></trkpt><trkpt lat="46.208417468267875" lon="7.750245575939893"><ele>2802.4</ele></trkpt><trkpt lat="46.208381468366206" lon="7.750219576018914"><ele>2801.9</ele></trkpt><trkpt lat="46.20834546832929" lon="7.750180575990942"><ele>2802.1</ele></trkpt><trkpt lat="46.2083284682722" lon="7.750167575945708"><ele>2802.4</ele></trkpt><trkpt lat="46.20831046815716" lon="7.750154575854265"><ele>2803.0</ele></trkpt><trkpt lat="46.20828346817779" lon="7.7501285758715905"><ele>2802.9</ele></trkpt><trkpt lat="46.20824746839212" lon="7.750115576042201"><ele>2801.8</ele></trkpt><trkpt lat="46.20821146860651" lon="7.750115576211964"><ele>2800.7</ele></trkpt><trkpt lat="46.20817546864697" lon="7.75010157624398"><ele>2800.5</ele></trkpt><trkpt lat="46.20813946874527" lon="7.750062576323849"><ele>2800.0</ele></trkpt><trkpt lat="46.208139468861084" lon="7.750036576417984"><ele>2799.4</ele></trkpt><trkpt lat="46.208148468957106" lon="7.749998576497427"><ele>2798.9</ele></trkpt><trkpt lat="46.20819346910895" lon="7.749894576627107"><ele>2798.1</ele></trkpt><trkpt lat="46.20821246922354" lon="7.749804576725263"><ele>2797.5</ele></trkpt><trkpt lat="46.208221469396754" lon="7.749752576867239"><ele>2796.6</ele></trkpt><trkpt lat="46.208221469435294" lon="7.749726576899748"><ele>2796.4</ele></trkpt><trkpt lat="46.20821246951299" lon="7.749713576962287"><ele>2796.0</ele></trkpt><trkpt lat="46.20820346960996" lon="7.749687577041086"><ele>2795.5</ele></trkpt><trkpt lat="46.20821246970598" lon="7.749661577119737"><ele>2795.0</ele></trkpt><trkpt lat="46.20823046980157" lon="7.749635577198316"><ele>2794.5</ele></trkpt><trkpt lat="46.20824846987788" lon="7.7496225772606415"><ele>2794.1</ele></trkpt><trkpt lat="46.208257470070436" lon="7.7495845774171"><ele>2793.1</ele></trkpt><trkpt lat="46.2082844702621" lon="7.749545577573477"><ele>2792.1</ele></trkpt><trkpt lat="46.20829347047387" lon="7.749467577747944"><ele>2791.0</ele></trkpt><trkpt lat="46.20829447058934" lon="7.749351577847919"><ele>2790.4</ele></trkpt><trkpt lat="46.20829447078229" lon="7.749286578006195"><ele>2789.4</ele></trkpt><trkpt lat="46.208312470935695" lon="7.749234578132674"><ele>2788.6</ele></trkpt><trkpt lat="46.20833947105021" lon="7.74922157822573"><ele>2788.0</ele></trkpt><trkpt lat="46.20835747108787" lon="7.749208578257244"><ele>2787.8</ele></trkpt><trkpt lat="46.20838447118297" lon="7.749183578335675"><ele>2787.3</ele></trkpt><trkpt lat="46.20840247116266" lon="7.749170578320972"><ele>2787.4</ele></trkpt><trkpt lat="46.208411471084865" lon="7.7491445782609745"><ele>2787.8</ele></trkpt><trkpt lat="46.20842947114175" lon="7.749105578309578"><ele>2787.5</ele></trkpt><trkpt lat="46.208447471295216" lon="7.749066578435209"><ele>2786.7</ele></trkpt><trkpt lat="46.208466471390615" lon="7.749015578515392"><ele>2786.2</ele></trkpt><trkpt lat="46.208475471370804" lon="7.749002578500758"><ele>2786.3</ele></trkpt><trkpt lat="46.208502471311455" lon="7.748989578455175"><ele>2786.6</ele></trkpt><trkpt lat="46.208511471233585" lon="7.748963578395181"><ele>2787.0</ele></trkpt><trkpt lat="46.208538471038864" lon="7.748924578243459"><ele>2788.0</ele></trkpt><trkpt lat="46.20856547080551" lon="7.748886578060871"><ele>2789.2</ele></trkpt><trkpt lat="46.20858347068855" lon="7.748860577969999"><ele>2789.8</ele></trkpt><trkpt lat="46.208610470493944" lon="7.748860577815744"><ele>2790.8</ele></trkpt><trkpt lat="46.208637470357345" lon="7.748860577707701"><ele>2791.5</ele></trkpt><trkpt lat="46.20873646996564" lon="7.748809577402155"><ele>2793.5</ele></trkpt><trkpt lat="46.2087634698483" lon="7.7487965773103635"><ele>2794.1</ele></trkpt><trkpt lat="46.208808469439845" lon="7.748680576994098"><ele>2796.2</ele></trkpt><trkpt lat="46.20882746922606" lon="7.748602576829602"><ele>2797.3</ele></trkpt><trkpt lat="46.2088274691293" lon="7.748550576755978"><ele>2797.8</ele></trkpt><trkpt lat="46.208854469147006" lon="7.748499576774496"><ele>2797.7</ele></trkpt><trkpt lat="46.20887246918446" lon="7.748434576809397"><ele>2797.5</ele></trkpt><trkpt lat="46.20889946920216" lon="7.748369576828827"><ele>2797.4</ele></trkpt><trkpt lat="46.208917469200955" lon="7.748292576833712"><ele>2797.4</ele></trkpt><trkpt lat="46.20899046919661" lon="7.74812457684409"><ele>2797.4</ele></trkpt><trkpt lat="46.20900846917613" lon="7.7480595768327865"><ele>2797.5</ele></trkpt><trkpt lat="46.2090264690591" lon="7.748007576743624"><ele>2798.1</ele></trkpt><trkpt lat="46.20904446900018" lon="7.748007576697274"><ele>2798.4</ele></trkpt><trkpt lat="46.20906246896044" lon="7.747956576669656"><ele>2798.6</ele></trkpt><trkpt lat="46.20908946886224" lon="7.747904576595825"><ele>2799.1</ele></trkpt><trkpt lat="46.20913446880184" lon="7.747878576550961"><ele>2799.4</ele></trkpt><trkpt lat="46.209152468781575" lon="7.747865576536263"><ele>2799.5</ele></trkpt><trkpt lat="46.20917946879941" lon="7.74784057655308"><ele>2799.4</ele></trkpt><trkpt lat="46.20918046876056" lon="7.747801576524819"><ele>2799.6</ele></trkpt><trkpt lat="46.20920746870089" lon="7.747723576483494"><ele>2799.9</ele></trkpt><trkpt lat="46.209234468718556" lon="7.747633576504559"><ele>2799.8</ele></trkpt><trkpt lat="46.20927046877429" lon="7.747542576556417"><ele>2799.5</ele></trkpt><trkpt lat="46.20927946883159" lon="7.747490576605947"><ele>2799.2</ele></trkpt><trkpt lat="46.20928046900517" lon="7.747413576749569"><ele>2798.3</ele></trkpt><trkpt lat="46.209307469100175" lon="7.747361576829747"><ele>2797.8</ele></trkpt><trkpt lat="46.20932546925354" lon="7.747283576957896"><ele>2797.0</ele></trkpt><trkpt lat="46.20933446954256" lon="7.74718057719555"><ele>2795.5</ele></trkpt><trkpt lat="46.209352469753966" lon="7.747128577368192"><ele>2794.4</ele></trkpt><trkpt lat="46.20939847004114" lon="7.747051577603842"><ele>2792.9</ele></trkpt><trkpt lat="46.209434470405995" lon="7.746947577902916"><ele>2791.0</ele></trkpt><trkpt lat="46.20943447052169" lon="7.746882577999547"><ele>2790.4</ele></trkpt><trkpt lat="46.209416470696226" lon="7.7468045781433625"><ele>2789.5</ele></trkpt><trkpt lat="46.209416470811966" lon="7.746753578239075"><ele>2788.9</ele></trkpt><trkpt lat="46.20942647104301" lon="7.746662578429703"><ele>2787.7</ele></trkpt><trkpt lat="46.20944447125443" lon="7.746610578602327"><ele>2786.6</ele></trkpt><trkpt lat="46.20946247142718" lon="7.746559578744084"><ele>2785.7</ele></trkpt><trkpt lat="46.20946247162014" lon="7.746468578903986"><ele>2784.7</ele></trkpt><trkpt lat="46.20948047190846" lon="7.746312579144944"><ele>2783.2</ele></trkpt><trkpt lat="46.20949947198468" lon="7.746300579207164"><ele>2782.8</ele></trkpt><trkpt lat="46.20949947211982" lon="7.746261579317482"><ele>2782.1</ele></trkpt><trkpt lat="46.20950847221585" lon="7.746235579396086"><ele>2781.6</ele></trkpt><trkpt lat="46.20950847227378" lon="7.746222579443126"><ele>2781.3</ele></trkpt><trkpt lat="46.20949947242874" lon="7.746196579568065"><ele>2780.5</ele></trkpt><trkpt lat="46.209481472545384" lon="7.746144579663967"><ele>2779.9</ele></trkpt><trkpt lat="46.20949047264145" lon="7.746131579741728"><ele>2779.4</ele></trkpt><trkpt lat="46.20952647277497" lon="7.74614457984838"><ele>2778.7</ele></trkpt><trkpt lat="46.2095714731979" lon="7.746196580183402"><ele>2776.5</ele></trkpt><trkpt lat="46.20958047327468" lon="7.7461965802449235"><ele>2776.1</ele></trkpt><trkpt lat="46.20959847338967" lon="7.746184580337941"><ele>2775.5</ele></trkpt><trkpt lat="46.20967047388825" lon="7.746158580739396"><ele>2772.9</ele></trkpt><trkpt lat="46.20973347427139" lon="7.7461455810476885"><ele>2770.9</ele></trkpt><trkpt lat="46.20976947454008" lon="7.746146581262904"><ele>2769.5</ele></trkpt><trkpt lat="46.20982347476918" lon="7.746146581447248"><ele>2768.3</ele></trkpt><trkpt lat="46.20985047480659" lon="7.746185581475309"><ele>2768.1</ele></trkpt><trkpt lat="46.20985947486409" lon="7.746185581521434"><ele>2767.8</ele></trkpt><trkpt lat="46.20986847497946" lon="7.7461595816154265"><ele>2767.2</ele></trkpt><trkpt lat="46.20985947513439" lon="7.746133581740358"><ele>2766.4</ele></trkpt><trkpt lat="46.209850475154084" lon="7.7461075817575065"><ele>2766.3</ele></trkpt><trkpt lat="46.20982347544521" lon="7.746081581990363"><ele>2764.8</ele></trkpt><trkpt lat="46.20979647560102" lon="7.746029582117113"><ele>2764.0</ele></trkpt><trkpt lat="46.209760475776584" lon="7.745977582259324"><ele>2763.1</ele></trkpt><trkpt lat="46.20972447606804" lon="7.745925582493923"><ele>2761.6</ele></trkpt><trkpt lat="46.2097154761844" lon="7.745899582588052"><ele>2761.0</ele></trkpt><trkpt lat="46.20971647641608" lon="7.745873582774484"><ele>2759.8</ele></trkpt><trkpt lat="46.20971647655122" lon="7.745847582883937"><ele>2759.1</ele></trkpt><trkpt lat="46.20971647668647" lon="7.745834582992558"><ele>2758.4</ele></trkpt><trkpt lat="46.20978847708849" lon="7.745822583316096"><ele>2756.3</ele></trkpt><trkpt lat="46.2098244772219" lon="7.745809583424424"><ele>2755.6</ele></trkpt><trkpt lat="46.20988747756649" lon="7.745809583701072"><ele>2753.8</ele></trkpt><trkpt lat="46.20987847772142" lon="7.745783583825989"><ele>2753.0</ele></trkpt><trkpt lat="46.20986047785745" lon="7.745744583936414"><ele>2752.3</ele></trkpt><trkpt lat="46.20979747799582" lon="7.745718584046362"><ele>2751.6</ele></trkpt><trkpt lat="46.20978847815082" lon="7.745705584170441"><ele>2750.8</ele></trkpt><trkpt lat="46.20978847828601" lon="7.745679584279886"><ele>2750.1</ele></trkpt><trkpt lat="46.20984247855361" lon="7.745641584497451"><ele>2748.7</ele></trkpt><trkpt lat="46.209896478918004" lon="7.7456415847895626"><ele>2746.8</ele></trkpt><trkpt lat="46.21001347953045" lon="7.745668585279612"><ele>2743.6</ele></trkpt><trkpt lat="46.210058479624834" lon="7.745681585355406"><ele>2743.1</ele></trkpt><trkpt lat="46.2100854796235" lon="7.745694585354363"><ele>2743.1</ele></trkpt><trkpt lat="46.21011247975757" lon="7.7457465854586"><ele>2742.4</ele></trkpt><trkpt lat="46.21013047989203" lon="7.745772585564576"><ele>2741.7</ele></trkpt><trkpt lat="46.21013948006549" lon="7.745772585703081"><ele>2740.8</ele></trkpt><trkpt lat="46.21014848020024" lon="7.745759585811619"><ele>2740.1</ele></trkpt><trkpt lat="46.21013948033574" lon="7.74570758592279"><ele>2739.4</ele></trkpt><trkpt lat="46.21013048066436" lon="7.745603586191253"><ele>2737.7</ele></trkpt><trkpt lat="46.210121480838595" lon="7.745577586331551"><ele>2736.8</ele></trkpt><trkpt lat="46.21010348082012" lon="7.745551586317957"><ele>2736.9</ele></trkpt><trkpt lat="46.21009448087848" lon="7.745538586365047"><ele>2736.6</ele></trkpt><trkpt lat="46.210103481013284" lon="7.74552658647352"><ele>2735.9</ele></trkpt><trkpt lat="46.21012148114762" lon="7.745526586581155"><ele>2735.2</ele></trkpt><trkpt lat="46.21014848133947" lon="7.745526586734907"><ele>2734.2</ele></trkpt><trkpt lat="46.210229481915256" lon="7.745578587192856"><ele>2731.2</ele></trkpt><trkpt lat="46.21029248225984" lon="7.745578587469505"><ele>2729.4</ele></trkpt><trkpt lat="46.210319482355224" lon="7.745592587545387"><ele>2728.9</ele></trkpt><trkpt lat="46.21036448254621" lon="7.745592587699001"><ele>2727.9</ele></trkpt><trkpt lat="46.21038248275777" lon="7.745579587869049"><ele>2726.8</ele></trkpt><trkpt lat="46.21040048281484" lon="7.74559258791427"><ele>2726.5</ele></trkpt><trkpt lat="46.21042748279431" lon="7.745618587897014"><ele>2726.6</ele></trkpt><trkpt lat="46.21048148302352" lon="7.745657588078873"><ele>2725.4</ele></trkpt><trkpt lat="46.21049948311926" lon="7.745644588156545"><ele>2724.9</ele></trkpt><trkpt lat="46.21049048329344" lon="7.745605588297663"><ele>2724.0</ele></trkpt><trkpt lat="46.21048148339044" lon="7.745579588376373"><ele>2723.5</ele></trkpt><trkpt lat="46.21045448348831" lon="7.745553588455216"><ele>2723.0</ele></trkpt><trkpt lat="46.21045448375873" lon="7.745515588673182"><ele>2721.6</ele></trkpt><trkpt lat="46.210427483953204" lon="7.745476588829838"><ele>2720.6</ele></trkpt><trkpt lat="46.21040048405107" lon="7.745449588908742"><ele>2720.1</ele></trkpt><trkpt lat="46.210374484264776" lon="7.7453975890816045"><ele>2719.0</ele></trkpt><trkpt lat="46.21036548441968" lon="7.745359589207253"><ele>2718.2</ele></trkpt><trkpt lat="46.2103384844596" lon="7.745332589239971"><ele>2718.0</ele></trkpt><trkpt lat="46.2102934848287" lon="7.745242589538549"><ele>2716.1</ele></trkpt><trkpt lat="46.21026648504247" lon="7.745203589710585"><ele>2715.0</ele></trkpt><trkpt lat="46.21024848531366" lon="7.745138589930378"><ele>2713.6</ele></trkpt><trkpt lat="46.210239485449364" lon="7.745125590039046"><ele>2712.9</ele></trkpt><trkpt lat="46.210239485565204" lon="7.745099590133064"><ele>2712.3</ele></trkpt><trkpt lat="46.21023048564286" lon="7.745073590196361"><ele>2711.9</ele></trkpt><trkpt lat="46.21021348581753" lon="7.745047590336697"><ele>2711.0</ele></trkpt><trkpt lat="46.21020448610777" lon="7.745021590569344"><ele>2709.5</ele></trkpt><trkpt lat="46.21019548635933" lon="7.744982590772018"><ele>2708.2</ele></trkpt><trkpt lat="46.21018648651415" lon="7.7449305908985355"><ele>2707.4</ele></trkpt><trkpt lat="46.21015948674731" lon="7.744904591085131"><ele>2706.2</ele></trkpt><trkpt lat="46.21015048686367" lon="7.7448915911783915"><ele>2705.6</ele></trkpt><trkpt lat="46.21012348705816" lon="7.744878591333372"><ele>2704.6</ele></trkpt><trkpt lat="46.21013248713498" lon="7.744865591395703"><ele>2704.2</ele></trkpt><trkpt lat="46.21016848734565" lon="7.744839591566407"><ele>2703.1</ele></trkpt><trkpt lat="46.21018648763444" lon="7.744800591799655"><ele>2701.6</ele></trkpt><trkpt lat="46.21021348772969" lon="7.744788591877176"><ele>2701.1</ele></trkpt><trkpt lat="46.210231487844645" lon="7.744762591971038"><ele>2700.5</ele></trkpt><trkpt lat="46.210240488017966" lon="7.744723592111979"><ele>2699.6</ele></trkpt><trkpt lat="46.21026748817114" lon="7.744697592236568"><ele>2698.8</ele></trkpt><trkpt lat="46.21027748824782" lon="7.7446715922997065"><ele>2698.4</ele></trkpt><trkpt lat="46.21027748865311" lon="7.744529592631927"><ele>2696.3</ele></trkpt><trkpt lat="46.21028648872999" lon="7.744516592694253"><ele>2695.9</ele></trkpt><trkpt lat="46.21033148903671" lon="7.744477592942662"><ele>2694.3</ele></trkpt><trkpt lat="46.21034048911356" lon="7.7444645930049845"><ele>2693.9</ele></trkpt><trkpt lat="46.21035848926713" lon="7.744426593130388"><ele>2693.1</ele></trkpt><trkpt lat="46.210376489324126" lon="7.744400593178064"><ele>2692.8</ele></trkpt><trkpt lat="46.210394489400436" lon="7.744387593240316"><ele>2692.4</ele></trkpt><trkpt lat="46.210403489477216" lon="7.744361593303455"><ele>2692.0</ele></trkpt><trkpt lat="46.21040348953511" lon="7.7443355933512725"><ele>2691.7</ele></trkpt><trkpt lat="46.210394489651414" lon="7.744309593445335"><ele>2691.1</ele></trkpt><trkpt lat="46.21035948982698" lon="7.744283593585785"><ele>2690.2</ele></trkpt><trkpt lat="46.21036848994234" lon="7.744244593680522"><ele>2689.6</ele></trkpt><trkpt lat="46.21041349026836" lon="7.744167593946696"><ele>2687.9</ele></trkpt><trkpt lat="46.21042249049948" lon="7.744089594136237"><ele>2686.7</ele></trkpt><trkpt lat="46.21042249053813" lon="7.744076594167838"><ele>2686.5</ele></trkpt><trkpt lat="46.210485490747566" lon="7.744076594336681"><ele>2685.4</ele></trkpt><trkpt lat="46.21050349086249" lon="7.74403859443128"><ele>2684.8</ele></trkpt><trkpt lat="46.21050349099766" lon="7.743999594541478"><ele>2684.1</ele></trkpt><trkpt lat="46.210486491365295" lon="7.743895594840585"><ele>2682.2</ele></trkpt><trkpt lat="46.21049549153852" lon="7.7438435949823"><ele>2681.3</ele></trkpt><trkpt lat="46.21050449165398" lon="7.743817595076216"><ele>2680.7</ele></trkpt><trkpt lat="46.21052249180754" lon="7.743779595201597"><ele>2679.9</ele></trkpt><trkpt lat="46.210540492018964" lon="7.743701595375649"><ele>2678.8</ele></trkpt><trkpt lat="46.2105314920966" lon="7.743675595438914"><ele>2678.4</ele></trkpt><trkpt lat="46.210486492427115" lon="7.743597595705802"><ele>2676.7</ele></trkpt><trkpt lat="46.21050449259995" lon="7.743545595847438"><ele>2675.8</ele></trkpt><trkpt lat="46.21051449267661" lon="7.743506595911363"><ele>2675.4</ele></trkpt><trkpt lat="46.21051449279243" lon="7.743468596006085"><ele>2674.8</ele></trkpt><trkpt lat="46.210532493042486" lon="7.743390596210906"><ele>2673.5</ele></trkpt><trkpt lat="46.210532493409055" lon="7.74320959651463"><ele>2671.6</ele></trkpt><trkpt lat="46.210524493486545" lon="7.743144596580304"><ele>2671.2</ele></trkpt><trkpt lat="46.210524493660145" lon="7.743053596724492"><ele>2670.3</ele></trkpt><trkpt lat="46.21053349375607" lon="7.74298859680542"><ele>2669.8</ele></trkpt><trkpt lat="46.210542493832826" lon="7.742949596869345"><ele>2669.4</ele></trkpt><trkpt lat="46.21053349389116" lon="7.74292359691721"><ele>2669.1</ele></trkpt><trkpt lat="46.21052449398812" lon="7.742898596995787"><ele>2668.6</ele></trkpt><trkpt lat="46.21050749418183" lon="7.742781597157101"><ele>2667.6</ele></trkpt><trkpt lat="46.21048949420194" lon="7.742742597175053"><ele>2667.5</ele></trkpt><trkpt lat="46.21047149420247" lon="7.74263859718166"><ele>2667.5</ele></trkpt><trkpt lat="46.210462494241455" lon="7.7426125972141255"><ele>2667.3</ele></trkpt><trkpt lat="46.21044449437739" lon="7.742547597326034"><ele>2666.6</ele></trkpt><trkpt lat="46.210435494609534" lon="7.7424825975148215"><ele>2665.4</ele></trkpt><trkpt lat="46.210436494783174" lon="7.742418597657298"><ele>2664.5</ele></trkpt><trkpt lat="46.210436494976186" lon="7.742340597816036"><ele>2663.5</ele></trkpt><trkpt lat="46.21042749513108" lon="7.742288597942453"><ele>2662.7</ele></trkpt><trkpt lat="46.21041849532453" lon="7.74223659809964"><ele>2661.7</ele></trkpt><trkpt lat="46.21040949547945" lon="7.742184598226049"><ele>2660.9</ele></trkpt><trkpt lat="46.21038249582829" lon="7.742093598508897"><ele>2659.1</ele></trkpt><trkpt lat="46.210374496041" lon="7.7420165986830085"><ele>2658.0</ele></trkpt><trkpt lat="46.210365496273035" lon="7.7419255988733795"><ele>2656.8</ele></trkpt><trkpt lat="46.2103564964086" lon="7.741886598983581"><ele>2656.1</ele></trkpt><trkpt lat="46.21034749660203" lon="7.741808599142362"><ele>2655.1</ele></trkpt><trkpt lat="46.210347496698574" lon="7.74178259922091"><ele>2654.6</ele></trkpt><trkpt lat="46.21033849681483" lon="7.741743599315721"><ele>2654.0</ele></trkpt><trkpt lat="46.2103394970271" lon="7.741666599489747"><ele>2652.9</ele></trkpt><trkpt lat="46.21033949722014" lon="7.741601599647644"><ele>2651.9</ele></trkpt><trkpt lat="46.210330497548696" lon="7.741497599915727"><ele>2650.2</ele></trkpt><trkpt lat="46.210330497741715" lon="7.741419600074419"><ele>2649.2</ele></trkpt><trkpt lat="46.210321497896544" lon="7.741354600201601"><ele>2648.4</ele></trkpt><trkpt lat="46.21031349807068" lon="7.74130360034329"><ele>2647.5</ele></trkpt><trkpt lat="46.21031349818642" lon="7.741238600439623"><ele>2646.9</ele></trkpt><trkpt lat="46.210277498439105" lon="7.741160600644739"><ele>2645.6</ele></trkpt><trkpt lat="46.210223498885654" lon="7.7409916010094575"><ele>2643.3</ele></trkpt><trkpt lat="46.210188499061054" lon="7.740913601153004"><ele>2642.4</ele></trkpt><trkpt lat="46.210170499139146" lon="7.740887601216283"><ele>2642.0</ele></trkpt><trkpt lat="46.21016149917823" lon="7.740887601247123"><ele>2641.8</ele></trkpt><trkpt lat="46.21015249919797" lon="7.740887601262575"><ele>2641.7</ele></trkpt><trkpt lat="46.21015249925602" lon="7.740900601307936"><ele>2641.4</ele></trkpt><trkpt lat="46.21013449935364" lon="7.7409396013826015"><ele>2640.9</ele></trkpt><trkpt lat="46.210106499490465" lon="7.741003601486577"><ele>2640.2</ele></trkpt><trkpt lat="46.21008849968479" lon="7.741055601637376"><ele>2639.2</ele></trkpt><trkpt lat="46.21009749970381" lon="7.741094601650294"><ele>2639.1</ele></trkpt><trkpt lat="46.210088499781634" lon="7.74112060171031"><ele>2638.7</ele></trkpt><trkpt lat="46.210070499898606" lon="7.741172601799567"><ele>2638.1</ele></trkpt><trkpt lat="46.21005249991891" lon="7.741197601813552"><ele>2638.0</ele></trkpt><trkpt lat="46.210034499997086" lon="7.741210601874437"><ele>2637.6</ele></trkpt><trkpt lat="46.210025500036195" lon="7.741210601905277"><ele>2637.4</ele></trkpt><trkpt lat="46.210016500171704" lon="7.7411586020162515"><ele>2636.7</ele></trkpt><trkpt lat="46.21000750024938" lon="7.741132602079462"><ele>2636.3</ele></trkpt><trkpt lat="46.209989500385376" lon="7.741068602191239"><ele>2635.6</ele></trkpt><trkpt lat="46.20996350056029" lon="7.741016602333103"><ele>2634.7</ele></trkpt><trkpt lat="46.20995450065729" lon="7.7409776024125"><ele>2634.2</ele></trkpt><trkpt lat="46.20994550079283" lon="7.740925602523463"><ele>2633.5</ele></trkpt><trkpt lat="46.20991850089065" lon="7.740899602602194"><ele>2633.0</ele></trkpt><trkpt lat="46.20990950094904" lon="7.740886602649217"><ele>2632.7</ele></trkpt><trkpt lat="46.20987350125956" lon="7.740756602903637"><ele>2631.1</ele></trkpt><trkpt lat="46.209837501435004" lon="7.7406916030463675"><ele>2630.2</ele></trkpt><trkpt lat="46.209793501610704" lon="7.740600603190745"><ele>2629.3</ele></trkpt><trkpt lat="46.209784501746256" lon="7.7405486033016935"><ele>2628.6</ele></trkpt><trkpt lat="46.20974850196034" lon="7.740483603475184"><ele>2627.5</ele></trkpt><trkpt lat="46.20968650242657" lon="7.740301603856029"><ele>2625.1</ele></trkpt><trkpt lat="46.20960550285518" lon="7.740171604203046"><ele>2622.9</ele></trkpt><trkpt lat="46.20957850297225" lon="7.740119604298733"><ele>2622.3</ele></trkpt><trkpt lat="46.20955150318586" lon="7.740042604472867"><ele>2621.2</ele></trkpt><trkpt lat="46.20952450336096" lon="7.740002604613967"><ele>2620.3</ele></trkpt><trkpt lat="46.209489503517034" lon="7.739950604740477"><ele>2619.5</ele></trkpt><trkpt lat="46.209480503575364" lon="7.739924604788284"><ele>2619.2</ele></trkpt><trkpt lat="46.20948050361395" lon="7.739899604820576"><ele>2619.0</ele></trkpt><trkpt lat="46.209489503671364" lon="7.739873604868246"><ele>2618.7</ele></trkpt><trkpt lat="46.20951650380508" lon="7.739795604980489"><ele>2618.0</ele></trkpt><trkpt lat="46.209543503977415" lon="7.739705605124226"><ele>2617.1</ele></trkpt><trkpt lat="46.20955250420863" lon="7.739640605312719"><ele>2615.9</ele></trkpt><trkpt lat="46.20958050436171" lon="7.739588605438739"><ele>2615.1</ele></trkpt><trkpt lat="46.20959850447662" lon="7.739549605533282"><ele>2614.5</ele></trkpt><trkpt lat="46.209607504727195" lon="7.73947260573788"><ele>2613.2</ele></trkpt><trkpt lat="46.20958950480527" lon="7.739459605800334"><ele>2612.8</ele></trkpt><trkpt lat="46.20953550507837" lon="7.739445606016949"><ele>2611.4</ele></trkpt><trkpt lat="46.20949950513807" lon="7.7394456060633665"><ele>2611.1</ele></trkpt><trkpt lat="46.20947250527459" lon="7.739419606172829"><ele>2610.4</ele></trkpt><trkpt lat="46.20947250558347" lon="7.739328606424481"><ele>2608.8</ele></trkpt><trkpt lat="46.20946350581552" lon="7.739251606613817"><ele>2607.6</ele></trkpt><trkpt lat="46.20947350602735" lon="7.73918660678689"><ele>2606.5</ele></trkpt><trkpt lat="46.20947350645203" lon="7.739043607133979"><ele>2604.3</ele></trkpt><trkpt lat="46.209500506663105" lon="7.738992607306068"><ele>2603.2</ele></trkpt><trkpt lat="46.209509506817085" lon="7.738940607432205"><ele>2602.4</ele></trkpt><trkpt lat="46.20952750700924" lon="7.738875607589825"><ele>2601.4</ele></trkpt><trkpt lat="46.209537507163176" lon="7.7388236077159505"><ele>2600.6</ele></trkpt><trkpt lat="46.20953750751058" lon="7.738694608000628"><ele>2598.8</ele></trkpt><trkpt lat="46.209537507703565" lon="7.738616608159154"><ele>2597.8</ele></trkpt><trkpt lat="46.20953750780005" lon="7.738564608239208"><ele>2597.3</ele></trkpt><trkpt lat="46.2095375078772" lon="7.738538608302304"><ele>2596.9</ele></trkpt><trkpt lat="46.209528508012795" lon="7.738499608412391"><ele>2596.2</ele></trkpt><trkpt lat="46.20953850818603" lon="7.738435608554614"><ele>2595.3</ele></trkpt><trkpt lat="46.20954750839783" lon="7.738344608729232"><ele>2594.2</ele></trkpt><trkpt lat="46.20957450878247" lon="7.738163609047566"><ele>2592.2</ele></trkpt><trkpt lat="46.2095745088982" lon="7.738098609143769"><ele>2591.6</ele></trkpt><trkpt lat="46.20956650903363" lon="7.7380336092554085"><ele>2590.9</ele></trkpt><trkpt lat="46.20954850920815" lon="7.737955609398664"><ele>2590.0</ele></trkpt><trkpt lat="46.20953950949797" lon="7.737813609637985"><ele>2588.5</ele></trkpt><trkpt lat="46.20952150963384" lon="7.737722609751256"><ele>2587.8</ele></trkpt><trkpt lat="46.20950450982753" lon="7.73760560991222"><ele>2586.8</ele></trkpt><trkpt lat="46.20949550998233" lon="7.737540610039236"><ele>2586.0</ele></trkpt><trkpt lat="46.20949551017534" lon="7.737476610196869"><ele>2585.0</ele></trkpt><trkpt lat="46.209477510272635" lon="7.737424610277023"><ele>2584.5</ele></trkpt><trkpt lat="46.20947751044639" lon="7.737372610418555"><ele>2583.6</ele></trkpt><trkpt lat="46.20946851050476" lon="7.73735961046554"><ele>2583.3</ele></trkpt><trkpt lat="46.2094685105434" lon="7.737359610496296"><ele>2583.1</ele></trkpt><trkpt lat="46.20944151066071" lon="7.737385610587196"><ele>2582.5</ele></trkpt><trkpt lat="46.20940551079774" lon="7.737397610694384"><ele>2581.8</ele></trkpt><trkpt lat="46.209360510993264" lon="7.737436610846151"><ele>2580.8</ele></trkpt><trkpt lat="46.20935151103228" lon="7.737423610877756"><ele>2580.6</ele></trkpt><trkpt lat="46.209343511206406" lon="7.737371611019341"><ele>2579.7</ele></trkpt><trkpt lat="46.20934351155384" lon="7.737242611303889"><ele>2577.9</ele></trkpt><trkpt lat="46.2093255119021" lon="7.737125611587839"><ele>2576.1</ele></trkpt><trkpt lat="46.209307512173275" lon="7.73704761180793"><ele>2574.7</ele></trkpt><trkpt lat="46.209298512308834" lon="7.737008611917974"><ele>2574.0</ele></trkpt><trkpt lat="46.20929951238601" lon="7.736982611981037"><ele>2573.6</ele></trkpt><trkpt lat="46.20932651273214" lon="7.73685361226535"><ele>2571.8</ele></trkpt><trkpt lat="46.209344512962836" lon="7.736762612455185"><ele>2570.6</ele></trkpt><trkpt lat="46.20934451317519" lon="7.7366846126289985"><ele>2569.5</ele></trkpt><trkpt lat="46.20933651348443" lon="7.73658161288124"><ele>2567.9</ele></trkpt><trkpt lat="46.20932751354277" lon="7.736568612928212"><ele>2567.6</ele></trkpt><trkpt lat="46.20930951364019" lon="7.736542613006775"><ele>2567.1</ele></trkpt><trkpt lat="46.20930051369853" lon="7.73652961305375"><ele>2566.8</ele></trkpt><trkpt lat="46.209309513775345" lon="7.73650361311674"><ele>2566.4</ele></trkpt><trkpt lat="46.20932751396752" lon="7.736451613273471"><ele>2565.4</ele></trkpt><trkpt lat="46.209309514180646" lon="7.736360613448172"><ele>2564.3</ele></trkpt><trkpt lat="46.209291514355264" lon="7.736321613589015"><ele>2563.4</ele></trkpt><trkpt lat="46.209264514433706" lon="7.736269613653821"><ele>2563.0</ele></trkpt><trkpt lat="46.20924751443432" lon="7.7362176136570495"><ele>2563.0</ele></trkpt><trkpt lat="46.209229514492975" lon="7.736166613706353"><ele>2562.7</ele></trkpt><trkpt lat="46.20921151451313" lon="7.736140613723414"><ele>2562.6</ele></trkpt><trkpt lat="46.20921151451296" lon="7.736101613725741"><ele>2562.6</ele></trkpt><trkpt lat="46.209229514434675" lon="7.736062613666439"><ele>2563.0</ele></trkpt><trkpt lat="46.20930151462412" lon="7.735946613826583"><ele>2562.0</ele></trkpt><trkpt lat="46.20934651487295" lon="7.735868614030771"><ele>2560.7</ele></trkpt><trkpt lat="46.209401515256545" lon="7.73577861434322"><ele>2558.7</ele></trkpt><trkpt lat="46.20940151535309" lon="7.735752614421637"><ele>2558.2</ele></trkpt><trkpt lat="46.2094195154488" lon="7.735726614499925"><ele>2557.7</ele></trkpt><trkpt lat="46.20943751554449" lon="7.735713614577437"><ele>2557.2</ele></trkpt><trkpt lat="46.20948251575488" lon="7.735700614746993"><ele>2556.1</ele></trkpt><trkpt lat="46.20953651606135" lon="7.7356496149956175"><ele>2554.5</ele></trkpt><trkpt lat="46.20958151631023" lon="7.735584615199011"><ele>2553.2</ele></trkpt><trkpt lat="46.20963551671316" lon="7.735481615527589"><ele>2551.1</ele></trkpt><trkpt lat="46.20966251688568" lon="7.735442615668069"><ele>2550.2</ele></trkpt><trkpt lat="46.2096995170384" lon="7.735391615793817"><ele>2549.4</ele></trkpt><trkpt lat="46.20970851709572" lon="7.735326615843726"><ele>2549.1</ele></trkpt><trkpt lat="46.20972651713345" lon="7.735300615875885"><ele>2548.9</ele></trkpt><trkpt lat="46.20977151724714" lon="7.735261615970109"><ele>2548.3</ele></trkpt><trkpt lat="46.209789517400644" lon="7.735184616097534"><ele>2547.5</ele></trkpt><trkpt lat="46.209816517553946" lon="7.73517161622109"><ele>2546.7</ele></trkpt><trkpt lat="46.2098435177651" lon="7.735132616392306"><ele>2545.6</ele></trkpt><trkpt lat="46.20987051803411" lon="7.735042616612663"><ele>2544.2</ele></trkpt><trkpt lat="46.20988051820738" lon="7.7349906167540246"><ele>2543.3</ele></trkpt><trkpt lat="46.209898518534786" lon="7.734899617020613"><ele>2541.6</ele></trkpt><trkpt lat="46.20992551893908" lon="7.7348226173477865"><ele>2539.5</ele></trkpt><trkpt lat="46.20994351942098" lon="7.734692617739642"><ele>2537.0</ele></trkpt><trkpt lat="46.20994351967199" lon="7.734615617944022"><ele>2535.7</ele></trkpt><trkpt lat="46.209953519864655" lon="7.734576618099967"><ele>2534.7</ele></trkpt><trkpt lat="46.20994452011604" lon="7.734498618304463"><ele>2533.4</ele></trkpt><trkpt lat="46.20992652040642" lon="7.734394618541301"><ele>2531.9</ele></trkpt><trkpt lat="46.209908520658296" lon="7.734329618745087"><ele>2530.6</ele></trkpt><trkpt lat="46.20989052085223" lon="7.734277618901993"><ele>2529.6</ele></trkpt><trkpt lat="46.20987352108476" lon="7.734225619089628"><ele>2528.4</ele></trkpt><trkpt lat="46.20985552125939" lon="7.73418661923039"><ele>2527.5</ele></trkpt><trkpt lat="46.20983752149191" lon="7.7341226194187325"><ele>2526.3</ele></trkpt><trkpt lat="46.20982852156963" lon="7.734109619481047"><ele>2525.9</ele></trkpt><trkpt lat="46.209801521744694" lon="7.734070619621871"><ele>2525.0</ele></trkpt><trkpt lat="46.20980152184125" lon="7.734044619700248"><ele>2524.5</ele></trkpt><trkpt lat="46.20979252193822" lon="7.734018619778696"><ele>2524.0</ele></trkpt><trkpt lat="46.20978352207374" lon="7.733966619889409"><ele>2523.3</ele></trkpt><trkpt lat="46.20976552222902" lon="7.733914620015552"><ele>2522.5</ele></trkpt><trkpt lat="46.20975652232595" lon="7.7338756200947625"><ele>2522.0</ele></trkpt><trkpt lat="46.20975752253805" lon="7.7337456202714545"><ele>2520.9</ele></trkpt><trkpt lat="46.20974852259628" lon="7.733681620321386"><ele>2520.6</ele></trkpt><trkpt lat="46.20973052273215" lon="7.733616620432913"><ele>2519.9</ele></trkpt><trkpt lat="46.20972152284834" lon="7.733564620528246"><ele>2519.3</ele></trkpt><trkpt lat="46.209694523004025" lon="7.73349962065521"><ele>2518.5</ele></trkpt><trkpt lat="46.20969552329334" lon="7.733330620895642"><ele>2517.0</ele></trkpt><trkpt lat="46.20968652340952" lon="7.733279620990911"><ele>2516.4</ele></trkpt><trkpt lat="46.20969552352489" lon="7.733227621086103"><ele>2515.8</ele></trkpt><trkpt lat="46.209704523756024" lon="7.733110621277309"><ele>2514.6</ele></trkpt><trkpt lat="46.2097055238524" lon="7.733045621357949"><ele>2514.1</ele></trkpt><trkpt lat="46.20970552398747" lon="7.732981621469274"><ele>2513.4</ele></trkpt><trkpt lat="46.209696524045626" lon="7.732916621519246"><ele>2513.1</ele></trkpt><trkpt lat="46.20968752416193" lon="7.732890621613038"><ele>2512.5</ele></trkpt><trkpt lat="46.20967852427822" lon="7.7328516217075896"><ele>2511.9</ele></trkpt><trkpt lat="46.209669524452266" lon="7.732773621850524"><ele>2511.0</ele></trkpt><trkpt lat="46.209669524490884" lon="7.732747621882779"><ele>2510.8</ele></trkpt><trkpt lat="46.20966152456847" lon="7.732721621945823"><ele>2510.4</ele></trkpt><trkpt lat="46.209652524665444" lon="7.732695622024248"><ele>2509.9</ele></trkpt><trkpt lat="46.20963452484" lon="7.732643622165717"><ele>2509.0</ele></trkpt><trkpt lat="46.20962552495622" lon="7.732591622261022"><ele>2508.4</ele></trkpt><trkpt lat="46.20961652516892" lon="7.732488622436136"><ele>2507.3</ele></trkpt><trkpt lat="46.20960752534303" lon="7.732423622578294"><ele>2506.4</ele></trkpt><trkpt lat="46.209607525439516" lon="7.732371622658161"><ele>2505.9</ele></trkpt><trkpt lat="46.20961752557411" lon="7.732306622769446"><ele>2505.2</ele></trkpt><trkpt lat="46.20961752568991" lon="7.73225562286462"><ele>2504.6</ele></trkpt><trkpt lat="46.209599525903116" lon="7.7321906230375665"><ele>2503.5</ele></trkpt><trkpt lat="46.20958152601964" lon="7.732125623133679"><ele>2502.9</ele></trkpt><trkpt lat="46.20958152613538" lon="7.732034623231175"><ele>2502.3</ele></trkpt><trkpt lat="46.209590526212054" lon="7.731982623295601"><ele>2501.9</ele></trkpt><trkpt lat="46.20960052634681" lon="7.7319436234053605"><ele>2501.2</ele></trkpt><trkpt lat="46.20959152644365" lon="7.7318796234859795"><ele>2500.7</ele></trkpt><trkpt lat="46.209591526462944" lon="7.731879623501343"><ele>2500.6</ele></trkpt><trkpt lat="46.20957352654099" lon="7.731853623564451"><ele>2500.2</ele></trkpt><trkpt lat="46.20957352686924" lon="7.731762623830952"><ele>2498.5</ele></trkpt><trkpt lat="46.2095645270627" lon="7.731697623988448"><ele>2497.5</ele></trkpt><trkpt lat="46.209565527371424" lon="7.731555624242526"><ele>2495.9</ele></trkpt><trkpt lat="46.2095565275262" lon="7.731477624370043"><ele>2495.1</ele></trkpt><trkpt lat="46.20956552762224" lon="7.731425624449815"><ele>2494.6</ele></trkpt><trkpt lat="46.20957452771832" lon="7.731373624529595"><ele>2494.1</ele></trkpt><trkpt lat="46.20955652783497" lon="7.731334624624173"><ele>2493.5</ele></trkpt><trkpt lat="46.209547528105645" lon="7.731244624844554"><ele>2492.1</ele></trkpt><trkpt lat="46.209557528201714" lon="7.731205624923564"><ele>2491.6</ele></trkpt><trkpt lat="46.209548528337265" lon="7.731166625033437"><ele>2490.9</ele></trkpt><trkpt lat="46.20955752849129" lon="7.731101625160048"><ele>2490.1</ele></trkpt><trkpt lat="46.20956652864525" lon="7.731036625286662"><ele>2489.3</ele></trkpt><trkpt lat="46.2095845287409" lon="7.7309986253655465"><ele>2488.8</ele></trkpt><trkpt lat="46.20960252908759" lon="7.730881625648734"><ele>2487.0</ele></trkpt><trkpt lat="46.20959352922305" lon="7.730816625760103"><ele>2486.3</ele></trkpt><trkpt lat="46.209603529376906" lon="7.730726625888142"><ele>2485.5</ele></trkpt><trkpt lat="46.20960352949272" lon="7.730661625984079"><ele>2484.9</ele></trkpt><trkpt lat="46.20960352955056" lon="7.730622626032422"><ele>2484.6</ele></trkpt><trkpt lat="46.20959452964746" lon="7.730570626112306"><ele>2484.1</ele></trkpt><trkpt lat="46.20959452970532" lon="7.730531626160644"><ele>2483.8</ele></trkpt><trkpt lat="46.209612529781666" lon="7.730492626224222"><ele>2483.4</ele></trkpt><trkpt lat="46.20963152993506" lon="7.730402626352184"><ele>2482.6</ele></trkpt><trkpt lat="46.20963153005091" lon="7.73036362644661"><ele>2482.0</ele></trkpt><trkpt lat="46.20963153026324" lon="7.7302856266200966"><ele>2480.9</ele></trkpt><trkpt lat="46.209622530437315" lon="7.730194626763668"><ele>2480.0</ele></trkpt><trkpt lat="46.20962253049522" lon="7.730168626811251"><ele>2479.7</ele></trkpt><trkpt lat="46.209631530726504" lon="7.730091626999967"><ele>2478.5</ele></trkpt><trkpt lat="46.209623530900515" lon="7.730013627142772"><ele>2477.6</ele></trkpt><trkpt lat="46.20962353120945" lon="7.7299096273945445"><ele>2476.0</ele></trkpt><trkpt lat="46.20962353146039" lon="7.729819627599419"><ele>2474.7</ele></trkpt><trkpt lat="46.20963253161434" lon="7.729754627725983"><ele>2473.9</ele></trkpt><trkpt lat="46.209641531865" lon="7.729676627930095"><ele>2472.6</ele></trkpt><trkpt lat="46.20968753215248" lon="7.729586628165347"><ele>2471.1</ele></trkpt><trkpt lat="46.20973253238209" lon="7.7295086283538295"><ele>2469.9</ele></trkpt><trkpt lat="46.20978653257262" lon="7.729418628512222"><ele>2468.9</ele></trkpt><trkpt lat="46.209822532706106" lon="7.729366628622472"><ele>2468.2</ele></trkpt><trkpt lat="46.20988553285759" lon="7.729289628749326"><ele>2467.4</ele></trkpt><trkpt lat="46.209894532876454" lon="7.729276628765368"><ele>2467.3</ele></trkpt><trkpt lat="46.20990353295324" lon="7.729237628828978"><ele>2466.9</ele></trkpt><trkpt lat="46.20989553305011" lon="7.729198628908073"><ele>2466.4</ele></trkpt><trkpt lat="46.209913533203654" lon="7.729120629035294"><ele>2465.6</ele></trkpt><trkpt lat="46.209931533434556" lon="7.729043629223889"><ele>2464.4</ele></trkpt><trkpt lat="46.20995853364559" lon="7.728952629397865"><ele>2463.3</ele></trkpt><trkpt lat="46.20999453379839" lon="7.728888629524152"><ele>2462.5</ele></trkpt><trkpt lat="46.21001253389404" lon="7.728849629603049"><ele>2462.0</ele></trkpt><trkpt lat="46.210022534105974" lon="7.728771629776389"><ele>2460.9</ele></trkpt><trkpt lat="46.210022534299036" lon="7.728706629933695"><ele>2459.9</ele></trkpt><trkpt lat="46.21004053441394" lon="7.728642630029377"><ele>2459.3</ele></trkpt><trkpt lat="46.21005853454834" lon="7.72860363013899"><ele>2458.6</ele></trkpt><trkpt lat="46.210067534683006" lon="7.728538630250148"><ele>2457.9</ele></trkpt><trkpt lat="46.21006753479882" lon="7.72848663034527"><ele>2457.3</ele></trkpt><trkpt lat="46.210067534953254" lon="7.728422630471792"><ele>2456.5</ele></trkpt><trkpt lat="46.210077535068486" lon="7.728331630569068"><ele>2455.9</ele></trkpt><trkpt lat="46.210086535125896" lon="7.728292630617304"><ele>2455.6</ele></trkpt><trkpt lat="46.21008653518371" lon="7.728240630666348"><ele>2455.3</ele></trkpt><trkpt lat="46.210086535280176" lon="7.7281766307467885"><ele>2454.8</ele></trkpt><trkpt lat="46.210104535356564" lon="7.728137630810319"><ele>2454.4</ele></trkpt><trkpt lat="46.210113535568325" lon="7.728007630986603"><ele>2453.3</ele></trkpt><trkpt lat="46.2101415357407" lon="7.727917631129753"><ele>2452.4</ele></trkpt><trkpt lat="46.21015953604877" lon="7.727787631382742"><ele>2450.8</ele></trkpt><trkpt lat="46.21015053618417" lon="7.727696631495487"><ele>2450.1</ele></trkpt><trkpt lat="46.210159536357466" lon="7.727619631638016"><ele>2449.2</ele></trkpt><trkpt lat="46.21016953643419" lon="7.727580631701591"><ele>2448.8</ele></trkpt><trkpt lat="46.21016953651139" lon="7.727541631765233"><ele>2448.4</ele></trkpt><trkpt lat="46.21017853660748" lon="7.727502631844169"><ele>2447.9</ele></trkpt><trkpt lat="46.21018753678092" lon="7.727463631984529"><ele>2447.0</ele></trkpt><trkpt lat="46.21017853693574" lon="7.727399632111075"><ele>2446.2</ele></trkpt><trkpt lat="46.21018753703193" lon="7.727373632189269"><ele>2445.7</ele></trkpt><trkpt lat="46.21019653724384" lon="7.7272826323632895"><ele>2444.6</ele></trkpt><trkpt lat="46.21021553766772" lon="7.727140632709034"><ele>2442.4</ele></trkpt><trkpt lat="46.210215537764256" lon="7.7271016327880195"><ele>2441.9</ele></trkpt><trkpt lat="46.210224537841036" lon="7.727062632851591"><ele>2441.5</ele></trkpt><trkpt lat="46.210233537995066" lon="7.726997632978054"><ele>2440.7</ele></trkpt><trkpt lat="46.210224538111284" lon="7.726945633073198"><ele>2440.1</ele></trkpt><trkpt lat="46.210233538226646" lon="7.726881633168891"><ele>2439.5</ele></trkpt><trkpt lat="46.210233538284506" lon="7.726842633217169"><ele>2439.2</ele></trkpt><trkpt lat="46.21023353834238" lon="7.726803633265443"><ele>2438.9</ele></trkpt><trkpt lat="46.21023353838101" lon="7.726790633296889"><ele>2438.7</ele></trkpt><trkpt lat="46.21023453841948" lon="7.726764633329064"><ele>2438.5</ele></trkpt><trkpt lat="46.2102525384573" lon="7.726738633361123"><ele>2438.3</ele></trkpt><trkpt lat="46.210252538534476" lon="7.726699633424746"><ele>2437.9</ele></trkpt><trkpt lat="46.2102705386494" lon="7.726622633521112"><ele>2437.3</ele></trkpt><trkpt lat="46.21027053882306" lon="7.726544633663714"><ele>2436.4</ele></trkpt><trkpt lat="46.21027953882263" lon="7.726518633665125"><ele>2436.4</ele></trkpt><trkpt lat="46.21027953889985" lon="7.726492633728013"><ele>2436.0</ele></trkpt><trkpt lat="46.2102885389573" lon="7.726453633776219"><ele>2435.7</ele></trkpt><trkpt lat="46.21030653905301" lon="7.726402633855749"><ele>2435.2</ele></trkpt><trkpt lat="46.21031653922621" lon="7.726311633999009"><ele>2434.3</ele></trkpt><trkpt lat="46.210325539360916" lon="7.726246634110098"><ele>2433.6</ele></trkpt><trkpt lat="46.210325539438074" lon="7.726207634173716"><ele>2433.2</ele></trkpt><trkpt lat="46.210343539533824" lon="7.7261686342525575"><ele>2432.7</ele></trkpt><trkpt lat="46.210352539649215" lon="7.726117634347496"><ele>2432.1</ele></trkpt><trkpt lat="46.21040654003292" lon="7.725974634662253"><ele>2430.1</ele></trkpt><trkpt lat="46.21040754018736" lon="7.725923634787941"><ele>2429.3</ele></trkpt><trkpt lat="46.21042554036025" lon="7.725845634930389"><ele>2428.4</ele></trkpt><trkpt lat="46.210434540668786" lon="7.725741635181828"><ele>2426.8</ele></trkpt><trkpt lat="46.210452540861056" lon="7.725677635338828"><ele>2425.8</ele></trkpt><trkpt lat="46.21046154093788" lon="7.725651635401632"><ele>2425.4</ele></trkpt><trkpt lat="46.21047054122724" lon="7.725586635635502"><ele>2423.9</ele></trkpt><trkpt lat="46.210498541419064" lon="7.725534635791751"><ele>2422.9</ele></trkpt><trkpt lat="46.21049854168949" lon="7.725470636010268"><ele>2421.5</ele></trkpt><trkpt lat="46.2105165418625" lon="7.725431636150495"><ele>2420.6</ele></trkpt><trkpt lat="46.210534542112796" lon="7.725366636353589"><ele>2419.3</ele></trkpt><trkpt lat="46.21056154255577" lon="7.7252506367129845"><ele>2417.0</ele></trkpt><trkpt lat="46.21055254271065" lon="7.7251986368387735"><ele>2416.2</ele></trkpt><trkpt lat="46.21057054284501" lon="7.725159636948291"><ele>2415.5</ele></trkpt><trkpt lat="46.21058954296005" lon="7.725120637042451"><ele>2414.9</ele></trkpt><trkpt lat="46.21064354342108" lon="7.724978637418447"><ele>2412.5</ele></trkpt><trkpt lat="46.21064354363348" lon="7.724913637590936"><ele>2411.4</ele></trkpt><trkpt lat="46.210652543691054" lon="7.724887637638386"><ele>2411.1</ele></trkpt><trkpt lat="46.2106355447924" lon="7.724524638533736"><ele>2405.4</ele></trkpt><trkpt lat="46.21061754498632" lon="7.724460638690925"><ele>2404.4</ele></trkpt><trkpt lat="46.210636545390884" lon="7.7242916390225576"><ele>2402.3</ele></trkpt><trkpt lat="46.210627545507116" lon="7.724252639116888"><ele>2401.7</ele></trkpt><trkpt lat="46.210636545603236" lon="7.724213639195742"><ele>2401.2</ele></trkpt><trkpt lat="46.210627545719525" lon="7.724175639290013"><ele>2400.6</ele></trkpt><trkpt lat="46.210627545893296" lon="7.724110639431773"><ele>2399.7</ele></trkpt><trkpt lat="46.21063654602804" lon="7.724058639542044"><ele>2399.0</ele></trkpt><trkpt lat="46.21064554618217" lon="7.724019639666943"><ele>2398.2</ele></trkpt><trkpt lat="46.21066354635514" lon="7.723967639807847"><ele>2397.3</ele></trkpt><trkpt lat="46.21067354681831" lon="7.72386464018185"><ele>2394.9</ele></trkpt><trkpt lat="46.21072754716362" lon="7.723799640461343"><ele>2393.1</ele></trkpt><trkpt lat="46.21078154762489" lon="7.723709640834303"><ele>2390.7</ele></trkpt><trkpt lat="46.210835547950865" lon="7.723631641099164"><ele>2389.0</ele></trkpt><trkpt lat="46.2108445480664" lon="7.723606641192572"><ele>2388.4</ele></trkpt><trkpt lat="46.21086254818154" lon="7.723593641285246"><ele>2387.8</ele></trkpt><trkpt lat="46.210880548354574" lon="7.723541641426128"><ele>2386.9</ele></trkpt><trkpt lat="46.21091654864279" lon="7.723502641658244"><ele>2385.4</ele></trkpt><trkpt lat="46.21096254906582" lon="7.723438641999095"><ele>2383.2</ele></trkpt><trkpt lat="46.21098954921922" lon="7.723412642123119"><ele>2382.4</ele></trkpt><trkpt lat="46.21100754937291" lon="7.723373642247927"><ele>2381.6</ele></trkpt><trkpt lat="46.21101654944981" lon="7.723360642309968"><ele>2381.2</ele></trkpt><trkpt lat="46.2110345496229" lon="7.723321642450117"><ele>2380.3</ele></trkpt><trkpt lat="46.21105254973798" lon="7.723296642543457"><ele>2379.7</ele></trkpt><trkpt lat="46.21107054989165" lon="7.72325764266826"><ele>2378.9</ele></trkpt><trkpt lat="46.211097550006436" lon="7.723231642761586"><ele>2378.3</ele></trkpt><trkpt lat="46.21109755014164" lon="7.7231926428711635"><ele>2377.6</ele></trkpt><trkpt lat="46.21109755033471" lon="7.723127643028213"><ele>2376.6</ele></trkpt><trkpt lat="46.21113355046828" lon="7.7230766431382065"><ele>2375.9</ele></trkpt><trkpt lat="46.211134550622695" lon="7.723011643264555"><ele>2375.1</ele></trkpt><trkpt lat="46.21113455068061" lon="7.722985643312028"><ele>2374.8</ele></trkpt><trkpt lat="46.21112555077764" lon="7.722972643389533"><ele>2374.3</ele></trkpt><trkpt lat="46.21110755085564" lon="7.722933643453189"><ele>2373.9</ele></trkpt><trkpt lat="46.21108055097277" lon="7.722920643546164"><ele>2373.3</ele></trkpt><trkpt lat="46.211053551147856" lon="7.722907643685168"><ele>2372.4</ele></trkpt><trkpt lat="46.211035551245295" lon="7.7228816437634515"><ele>2371.9</ele></trkpt><trkpt lat="46.21102655138072" lon="7.722816643874511"><ele>2371.2</ele></trkpt><trkpt lat="46.21103555149618" lon="7.722764643969388"><ele>2370.6</ele></trkpt><trkpt lat="46.211053551611144" lon="7.722700644064858"><ele>2370.0</ele></trkpt><trkpt lat="46.21109055180262" lon="7.722622644222349"><ele>2369.0</ele></trkpt><trkpt lat="46.21110855184047" lon="7.722609644253635"><ele>2368.8</ele></trkpt><trkpt lat="46.211117551955944" lon="7.72257064434779"><ele>2368.2</ele></trkpt><trkpt lat="46.21110855226535" lon="7.722480644598311"><ele>2366.6</ele></trkpt><trkpt lat="46.211108552477725" lon="7.722402644771385"><ele>2365.5</ele></trkpt><trkpt lat="46.21111755278627" lon="7.72228564502326"><ele>2363.9</ele></trkpt><trkpt lat="46.21110955332744" lon="7.722130645461449"><ele>2361.1</ele></trkpt><trkpt lat="46.21110055355957" lon="7.722052645649907"><ele>2359.9</ele></trkpt><trkpt lat="46.21110055367549" lon="7.722026645743396"><ele>2359.3</ele></trkpt><trkpt lat="46.21107455444932" lon="7.721857646366542"><ele>2355.3</ele></trkpt><trkpt lat="46.21106555454629" lon="7.721831646444746"><ele>2354.8</ele></trkpt><trkpt lat="46.211047554585775" lon="7.721844646474842"><ele>2354.6</ele></trkpt><trkpt lat="46.21102955468319" lon="7.721831646552383"><ele>2354.1</ele></trkpt><trkpt lat="46.21102055479944" lon="7.721805646645927"><ele>2353.5</ele></trkpt><trkpt lat="46.21102955489564" lon="7.721779646723998"><ele>2353.0</ele></trkpt><trkpt lat="46.21105655502965" lon="7.721741646833292"><ele>2352.3</ele></trkpt><trkpt lat="46.211056555145554" lon="7.721702646927479"><ele>2351.7</ele></trkpt><trkpt lat="46.21106555533827" lon="7.721650647083682"><ele>2350.7</ele></trkpt><trkpt lat="46.21107455547313" lon="7.721624647192437"><ele>2350.0</ele></trkpt><trkpt lat="46.21108355560803" lon="7.721598647301193"><ele>2349.3</ele></trkpt><trkpt lat="46.21109255591667" lon="7.721521647550806"><ele>2347.7</ele></trkpt><trkpt lat="46.211074556129965" lon="7.721482647721817"><ele>2346.6</ele></trkpt><trkpt lat="46.21107555618788" lon="7.7214696477685445"><ele>2346.3</ele></trkpt><trkpt lat="46.21112055635983" lon="7.721443647907739"><ele>2345.4</ele></trkpt><trkpt lat="46.21119255660797" lon="7.7214306481073995"><ele>2344.1</ele></trkpt><trkpt lat="46.21120155668483" lon="7.721405648170067"><ele>2343.7</ele></trkpt><trkpt lat="46.21121055680034" lon="7.721379648263477"><ele>2343.1</ele></trkpt><trkpt lat="46.211219557012406" lon="7.721327648435004"><ele>2342.0</ele></trkpt><trkpt lat="46.2112285570893" lon="7.721301648497725"><ele>2341.6</ele></trkpt><trkpt lat="46.211273557299954" lon="7.721288648666882"><ele>2340.5</ele></trkpt><trkpt lat="46.211336557702964" lon="7.721211648992817"><ele>2338.4</ele></trkpt><trkpt lat="46.21137255789453" lon="7.721146649149521"><ele>2337.4</ele></trkpt><trkpt lat="46.21139955800915" lon="7.721082649244864"><ele>2336.8</ele></trkpt><trkpt lat="46.211417558104955" lon="7.721056649322861"><ele>2336.3</ele></trkpt><trkpt lat="46.21148055841158" lon="7.721069649567188"><ele>2334.7</ele></trkpt><trkpt lat="46.21150755852638" lon="7.721056649659755"><ele>2334.1</ele></trkpt><trkpt lat="46.21157955877457" lon="7.721070649857942"><ele>2332.8</ele></trkpt><trkpt lat="46.21161555894695" lon="7.7210446499971805"><ele>2331.9</ele></trkpt><trkpt lat="46.211669559137945" lon="7.721057650149524"><ele>2330.9</ele></trkpt><trkpt lat="46.2117415592896" lon="7.721083650270361"><ele>2330.1</ele></trkpt><trkpt lat="46.21175955930825" lon="7.721109650284168"><ele>2330.0</ele></trkpt><trkpt lat="46.21179555942274" lon="7.721136650374513"><ele>2329.4</ele></trkpt><trkpt lat="46.21183155951787" lon="7.721149650450269"><ele>2328.9</ele></trkpt><trkpt lat="46.21185855959412" lon="7.721175650510051"><ele>2328.5</ele></trkpt><trkpt lat="46.211885559709074" lon="7.721201650600505"><ele>2327.9</ele></trkpt><trkpt lat="46.211939559822774" lon="7.721214650691491"><ele>2327.3</ele></trkpt><trkpt lat="46.21200256001343" lon="7.721240650843076"><ele>2326.3</ele></trkpt><trkpt lat="46.212065560262154" lon="7.721267651040632"><ele>2325.0</ele></trkpt><trkpt lat="46.21215556066418" lon="7.72124165136361"><ele>2322.9</ele></trkpt><trkpt lat="46.21220956079709" lon="7.721215651472045"><ele>2322.2</ele></trkpt><trkpt lat="46.212308561140674" lon="7.721151651750983"><ele>2320.4</ele></trkpt><trkpt lat="46.212353561332016" lon="7.721125651905501"><ele>2319.4</ele></trkpt><trkpt lat="46.21237156140852" lon="7.721113651967394"><ele>2319.0</ele></trkpt><trkpt lat="46.21237156148579" lon="7.721100652029461"><ele>2318.6</ele></trkpt><trkpt lat="46.2123535615638" lon="7.721074652092348"><ele>2318.2</ele></trkpt><trkpt lat="46.21233556168062" lon="7.721074652184514"><ele>2317.6</ele></trkpt><trkpt lat="46.21229956187535" lon="7.721034652340321"><ele>2316.6</ele></trkpt><trkpt lat="46.21226356203156" lon="7.721034652463287"><ele>2315.8</ele></trkpt><trkpt lat="46.21223656212937" lon="7.721021652540875"><ele>2315.3</ele></trkpt><trkpt lat="46.21222756220703" lon="7.721008652602997"><ele>2314.9</ele></trkpt><trkpt lat="46.21214656255831" lon="7.720943652883171"><ele>2313.1</ele></trkpt><trkpt lat="46.2120745628126" lon="7.720904653085178"><ele>2311.8</ele></trkpt><trkpt lat="46.21204856292959" lon="7.720865653179489"><ele>2311.2</ele></trkpt><trkpt lat="46.21196756331952" lon="7.720800653490328"><ele>2309.2</ele></trkpt><trkpt lat="46.2119765634544" lon="7.720774653599052"><ele>2308.5</ele></trkpt><trkpt lat="46.21197656347371" lon="7.7207746536143915"><ele>2308.4</ele></trkpt><trkpt lat="46.21201256364615" lon="7.720761653752914"><ele>2307.5</ele></trkpt><trkpt lat="46.21205756383748" lon="7.720748653906717"><ele>2306.5</ele></trkpt><trkpt lat="46.21210256404825" lon="7.720748654075167"><ele>2305.4</ele></trkpt><trkpt lat="46.21215656443244" lon="7.720697654384343"><ele>2303.4</ele></trkpt><trkpt lat="46.212201564836334" lon="7.720632654709672"><ele>2301.3</ele></trkpt><trkpt lat="46.212210565029174" lon="7.720593654865102"><ele>2300.3</ele></trkpt><trkpt lat="46.21228256541262" lon="7.720542655174153"><ele>2298.3</ele></trkpt><trkpt lat="46.212327565642624" lon="7.720516655359326"><ele>2297.1</ele></trkpt><trkpt lat="46.21234556573849" lon="7.7205036554366"><ele>2296.6</ele></trkpt><trkpt lat="46.21240856618048" lon="7.720491655789643"><ele>2294.3</ele></trkpt><trkpt lat="46.212426566315024" lon="7.720491655896906"><ele>2293.6</ele></trkpt><trkpt lat="46.21243556637262" lon="7.720478655943559"><ele>2293.3</ele></trkpt><trkpt lat="46.212426566488844" lon="7.720439656037736"><ele>2292.7</ele></trkpt><trkpt lat="46.21239156668354" lon="7.720400656193443"><ele>2291.7</ele></trkpt><trkpt lat="46.212337566995096" lon="7.72036165644131"><ele>2290.1</ele></trkpt><trkpt lat="46.212238567540545" lon="7.720334656872905"><ele>2287.3</ele></trkpt><trkpt lat="46.212211567715606" lon="7.720308657012524"><ele>2286.4</ele></trkpt><trkpt lat="46.21212156808654" lon="7.720243657308017"><ele>2284.5</ele></trkpt><trkpt lat="46.21207656828172" lon="7.7202176574630865"><ele>2283.5</ele></trkpt><trkpt lat="46.21204956837944" lon="7.720191657541342"><ele>2283.0</ele></trkpt><trkpt lat="46.21202256849648" lon="7.720139657636313"><ele>2282.4</ele></trkpt><trkpt lat="46.21196056873086" lon="7.720074657824234"><ele>2281.2</ele></trkpt><trkpt lat="46.21192456888694" lon="7.72003565794925"><ele>2280.4</ele></trkpt><trkpt lat="46.211915568983905" lon="7.720009658027379"><ele>2279.9</ele></trkpt><trkpt lat="46.2118975691585" lon="7.719957658168303"><ele>2279.0</ele></trkpt><trkpt lat="46.21187956925585" lon="7.719931658246487"><ele>2278.5</ele></trkpt><trkpt lat="46.21185256933429" lon="7.719931658308022"><ele>2278.1</ele></trkpt><trkpt lat="46.21183456937369" lon="7.7199316583388145"><ele>2277.9</ele></trkpt><trkpt lat="46.21182556941268" lon="7.71989265837162"><ele>2277.7</ele></trkpt><trkpt lat="46.211825569567225" lon="7.71985365849639"><ele>2276.9</ele></trkpt><trkpt lat="46.211807569722524" lon="7.719801658621966"><ele>2276.1</ele></trkpt><trkpt lat="46.211780569878165" lon="7.719749658747597"><ele>2275.3</ele></trkpt><trkpt lat="46.211781569974605" lon="7.719697658827029"><ele>2274.8</ele></trkpt><trkpt lat="46.21179957008946" lon="7.719568658925763"><ele>2274.2</ele></trkpt><trkpt lat="46.211781570186794" lon="7.719529659004627"><ele>2273.7</ele></trkpt><trkpt lat="46.21177257026445" lon="7.7195036590674135"><ele>2273.3</ele></trkpt><trkpt lat="46.211781570379976" lon="7.719477659160756"><ele>2272.7</ele></trkpt><trkpt lat="46.21179957053383" lon="7.719451659284709"><ele>2271.9</ele></trkpt><trkpt lat="46.211826570706634" lon="7.719425659423943"><ele>2271.0</ele></trkpt><trkpt lat="46.21187157087868" lon="7.7194136595623215"><ele>2270.1</ele></trkpt><trkpt lat="46.21187157087868" lon="7.7194136595623215"><ele>2270.1</ele></trkpt><trkpt lat="46.211907571012546" lon="7.719439659668074"><ele>2269.4</ele></trkpt><trkpt lat="46.21195257122339" lon="7.7194656598351195"><ele>2268.3</ele></trkpt><trkpt lat="46.212033571606895" lon="7.719543660137233"><ele>2266.3</ele></trkpt><trkpt lat="46.21206057174118" lon="7.719582660242367"><ele>2265.6</ele></trkpt><trkpt lat="46.21215957206577" lon="7.7196086605011"><ele>2263.9</ele></trkpt><trkpt lat="46.21221257229568" lon="7.719648660682704"><ele>2262.7</ele></trkpt><trkpt lat="46.21224857250695" lon="7.719687660849138"><ele>2261.6</ele></trkpt><trkpt lat="46.21232057294883" lon="7.719778661196666"><ele>2259.3</ele></trkpt><trkpt lat="46.212536573752374" lon="7.71996066182994"><ele>2255.1</ele></trkpt><trkpt lat="46.21262657403863" lon="7.719961662059386"><ele>2253.6</ele></trkpt><trkpt lat="46.21267957417177" lon="7.719974662165735"><ele>2252.9</ele></trkpt><trkpt lat="46.2127245743439" lon="7.719961662304172"><ele>2252.0</ele></trkpt><trkpt lat="46.21276157451631" lon="7.719935662443347"><ele>2251.1</ele></trkpt><trkpt lat="46.212797574766014" lon="7.719884662645187"><ele>2249.8</ele></trkpt><trkpt lat="46.212824574919495" lon="7.719858662769082"><ele>2249.0</ele></trkpt><trkpt lat="46.212833574996424" lon="7.719832662831737"><ele>2248.6</ele></trkpt><trkpt lat="46.212833574996424" lon="7.719832662831737"><ele>2248.6</ele></trkpt><trkpt lat="46.21283357505431" lon="7.719806662879111"><ele>2248.3</ele></trkpt><trkpt lat="46.212860575265665" lon="7.719742663051005"><ele>2247.2</ele></trkpt><trkpt lat="46.21292357563017" lon="7.719651663346782"><ele>2245.3</ele></trkpt><trkpt lat="46.2129505758223" lon="7.719612663502023"><ele>2244.3</ele></trkpt><trkpt lat="46.21298657601397" lon="7.719548663658509"><ele>2243.3</ele></trkpt><trkpt lat="46.213014576147934" lon="7.719483663769082"><ele>2242.6</ele></trkpt><trkpt lat="46.213023576224806" lon="7.719444663832411"><ele>2242.2</ele></trkpt><trkpt lat="46.21305057633959" lon="7.719393663926921"><ele>2241.6</ele></trkpt><trkpt lat="46.213041576436474" lon="7.7193286640070555"><ele>2241.1</ele></trkpt><trkpt lat="46.2130415766295" lon="7.719211664166522"><ele>2240.1</ele></trkpt><trkpt lat="46.21303257674573" lon="7.7191596642613085"><ele>2239.5</ele></trkpt><trkpt lat="46.213041576880556" lon="7.719108664371266"><ele>2238.8</ele></trkpt><trkpt lat="46.21306057703433" lon="7.719069664495872"><ele>2238.0</ele></trkpt><trkpt lat="46.21309657722612" lon="7.71904366465036"><ele>2237.0</ele></trkpt><trkpt lat="46.2131145773413" lon="7.7190046647442925"><ele>2236.4</ele></trkpt><trkpt lat="46.21316857759031" lon="7.718979664944623"><ele>2235.1</ele></trkpt><trkpt lat="46.21315957768733" lon="7.718953665022716"><ele>2234.6</ele></trkpt><trkpt lat="46.21314157780403" lon="7.718940665115529"><ele>2234.0</ele></trkpt><trkpt lat="46.21311457792109" lon="7.718914665209073"><ele>2233.4</ele></trkpt><trkpt lat="46.213105577960086" lon="7.718901665240477"><ele>2233.2</ele></trkpt><trkpt lat="46.21307857809649" lon="7.718875665349358"><ele>2232.5</ele></trkpt><trkpt lat="46.213051578213545" lon="7.718848665442951"><ele>2231.9</ele></trkpt><trkpt lat="46.21301557829233" lon="7.718822665505876"><ele>2231.5</ele></trkpt><trkpt lat="46.21299757831236" lon="7.718822665521328"><ele>2231.4</ele></trkpt><trkpt lat="46.212925578605244" lon="7.718783665753856"><ele>2229.9</ele></trkpt><trkpt lat="46.21290757868336" lon="7.718783665815319"><ele>2229.5</ele></trkpt><trkpt lat="46.21286257893642" lon="7.7187316660176695"><ele>2228.2</ele></trkpt><trkpt lat="46.212835579034206" lon="7.718731666094526"><ele>2227.7</ele></trkpt><trkpt lat="46.212800579132235" lon="7.718705666172775"><ele>2227.2</ele></trkpt><trkpt lat="46.212746579308494" lon="7.7187046663112"><ele>2226.3</ele></trkpt><trkpt lat="46.21268357952373" lon="7.7187046664803"><ele>2225.2</ele></trkpt><trkpt lat="46.212656579582806" lon="7.718691666527149"><ele>2224.9</ele></trkpt><trkpt lat="46.212629579738476" lon="7.718639666652701"><ele>2224.1</ele></trkpt><trkpt lat="46.21261157983581" lon="7.71861366673084"><ele>2223.6</ele></trkpt><trkpt lat="46.212602579913366" lon="7.718574666794256"><ele>2223.2</ele></trkpt><trkpt lat="46.212584579991486" lon="7.7185616668563855"><ele>2222.8</ele></trkpt><trkpt lat="46.21256658006951" lon="7.718548666918519"><ele>2222.4</ele></trkpt><trkpt lat="46.2125395801479" lon="7.718535666980703"><ele>2222.0</ele></trkpt><trkpt lat="46.212530580244916" lon="7.718522667058109"><ele>2221.5</ele></trkpt><trkpt lat="46.21250358028471" lon="7.718522667088954"><ele>2221.3</ele></trkpt><trkpt lat="46.21248558034344" lon="7.718535667134403"><ele>2221.0</ele></trkpt><trkpt lat="46.21244058049992" lon="7.7185216672580985"><ele>2220.2</ele></trkpt><trkpt lat="46.212386580695494" lon="7.718521667411799"><ele>2219.2</ele></trkpt><trkpt lat="46.21231458089181" lon="7.718508667566282"><ele>2218.2</ele></trkpt><trkpt lat="46.212287580989475" lon="7.718495667643806"><ele>2217.7</ele></trkpt><trkpt lat="46.212251581048896" lon="7.71846966769138"><ele>2217.4</ele></trkpt><trkpt lat="46.21220658114734" lon="7.718455667769067"><ele>2216.9</ele></trkpt><trkpt lat="46.21217958124516" lon="7.718455667845916"><ele>2216.4</ele></trkpt><trkpt lat="46.212161581303846" lon="7.718442667892707"><ele>2216.1</ele></trkpt><trkpt lat="46.21216258136172" lon="7.718416667940044"><ele>2215.8</ele></trkpt><trkpt lat="46.212189581515226" lon="7.7183906680638925"><ele>2215.0</ele></trkpt><trkpt lat="46.212198581592055" lon="7.718352668127132"><ele>2214.6</ele></trkpt><trkpt lat="46.212198581592055" lon="7.718352668127132"><ele>2214.6</ele></trkpt><trkpt lat="46.212288581994144" lon="7.718261668453275"><ele>2212.5</ele></trkpt><trkpt lat="46.21231558216701" lon="7.718223668593076"><ele>2211.6</ele></trkpt><trkpt lat="46.2123335823401" lon="7.7181716687336435"><ele>2210.7</ele></trkpt><trkpt lat="46.21235158251324" lon="7.718132668873543"><ele>2209.8</ele></trkpt><trkpt lat="46.21238758268563" lon="7.718081669013944"><ele>2208.9</ele></trkpt><trkpt lat="46.2123785828213" lon="7.71805566912268"><ele>2208.2</ele></trkpt><trkpt lat="46.21236058289934" lon="7.718042669184802"><ele>2207.8</ele></trkpt><trkpt lat="46.212306583230216" lon="7.7180286694465465"><ele>2206.1</ele></trkpt><trkpt lat="46.21228058334719" lon="7.718002669540052"><ele>2205.5</ele></trkpt><trkpt lat="46.2122715834442" lon="7.718002669616781"><ele>2205.0</ele></trkpt><trkpt lat="46.21226258352184" lon="7.71797666967951"><ele>2204.6</ele></trkpt><trkpt lat="46.21226258352184" lon="7.71797666967951"><ele>2204.6</ele></trkpt><trkpt lat="46.21226258356048" lon="7.71796366971084"><ele>2204.4</ele></trkpt><trkpt lat="46.21221758377495" lon="7.717950669880472"><ele>2203.3</ele></trkpt><trkpt lat="46.21204658459366" lon="7.7178586705302905"><ele>2199.1</ele></trkpt><trkpt lat="46.21200158476945" lon="7.717845670669245"><ele>2198.2</ele></trkpt><trkpt lat="46.2119205852173" lon="7.71780667102443"><ele>2195.9</ele></trkpt><trkpt lat="46.21191158527565" lon="7.717793671071157"><ele>2195.6</ele></trkpt><trkpt lat="46.21192058531391" lon="7.717780671102428"><ele>2195.4</ele></trkpt><trkpt lat="46.21199258562024" lon="7.717742671349251"><ele>2193.8</ele></trkpt><trkpt lat="46.21202858585062" lon="7.717690671535677"><ele>2192.6</ele></trkpt><trkpt lat="46.212118586233586" lon="7.71765267184372"><ele>2190.6</ele></trkpt><trkpt lat="46.212137586310064" lon="7.717626671906256"><ele>2190.2</ele></trkpt><trkpt lat="46.21212858642631" lon="7.7176006719996355"><ele>2189.6</ele></trkpt><trkpt lat="46.2121105865044" lon="7.717587672061747"><ele>2189.2</ele></trkpt><trkpt lat="46.21205658668051" lon="7.717573672200796"><ele>2188.3</ele></trkpt><trkpt lat="46.21199358701169" lon="7.717547672463186"><ele>2186.6</ele></trkpt><trkpt lat="46.2119665872254" lon="7.71752167263334"><ele>2185.5</ele></trkpt><trkpt lat="46.21193958738108" lon="7.717495672757496"><ele>2184.7</ele></trkpt><trkpt lat="46.21193058747807" lon="7.717469672835537"><ele>2184.2</ele></trkpt><trkpt lat="46.21193958759359" lon="7.717430672929459"><ele>2183.6</ele></trkpt><trkpt lat="46.21199358786184" lon="7.717353673147685"><ele>2182.2</ele></trkpt><trkpt lat="46.21203858814986" lon="7.717301673380031"><ele>2180.7</ele></trkpt><trkpt lat="46.21212858851349" lon="7.71725067367337"><ele>2178.8</ele></trkpt><trkpt lat="46.21220958876149" lon="7.717224673873504"><ele>2177.5</ele></trkpt><trkpt lat="46.2122825890678" lon="7.717186674120289"><ele>2175.9</ele></trkpt><trkpt lat="46.21229158916405" lon="7.717160674198215"><ele>2175.4</ele></trkpt><trkpt lat="46.21229158916405" lon="7.717160674198215"><ele>2175.4</ele></trkpt><trkpt lat="46.21227358922268" lon="7.717134674245636"><ele>2175.1</ele></trkpt><trkpt lat="46.21220158947687" lon="7.717108674446722"><ele>2173.8</ele></trkpt><trkpt lat="46.21217458967121" lon="7.717069674602183"><ele>2172.8</ele></trkpt><trkpt lat="46.21208459009992" lon="7.71699167494399"><ele>2170.6</ele></trkpt><trkpt lat="46.2119585908395" lon="7.716938675530065"><ele>2166.8</ele></trkpt><trkpt lat="46.21190459107371" lon="7.716938675714384"><ele>2165.6</ele></trkpt><trkpt lat="46.21182359154086" lon="7.716911676084212"><ele>2163.2</ele></trkpt><trkpt lat="46.211752591930285" lon="7.716872676393252"><ele>2161.2</ele></trkpt><trkpt lat="46.21168959212616" lon="7.716885676546305"><ele>2160.2</ele></trkpt><trkpt lat="46.211635592321535" lon="7.716846676701916"><ele>2159.2</ele></trkpt><trkpt lat="46.21158159261354" lon="7.716781676935487"><ele>2157.7</ele></trkpt><trkpt lat="46.211545592924026" lon="7.716690677185569"><ele>2156.1</ele></trkpt><trkpt lat="46.21150059321569" lon="7.716625677419073"><ele>2154.6</ele></trkpt><trkpt lat="46.21144759346888" lon="7.716547677622606"><ele>2153.3</ele></trkpt><trkpt lat="46.21142059379847" lon="7.716482677886647"><ele>2151.6</ele></trkpt><trkpt lat="46.21138459405114" lon="7.716443678088124"><ele>2150.3</ele></trkpt><trkpt lat="46.21137559416738" lon="7.716417678181458"><ele>2149.7</ele></trkpt><trkpt lat="46.21137559416738" lon="7.716417678181458"><ele>2149.7</ele></trkpt><trkpt lat="46.211411594668405" lon="7.71633967858372"><ele>2147.1</ele></trkpt><trkpt lat="46.2114385949379" lon="7.716300678800126"><ele>2145.7</ele></trkpt><trkpt lat="46.2114475950728" lon="7.71627567890863"><ele>2145.0</ele></trkpt><trkpt lat="46.2114475953046" lon="7.716197679096475"><ele>2143.8</ele></trkpt><trkpt lat="46.211429595440585" lon="7.716171679205192"><ele>2143.1</ele></trkpt><trkpt lat="46.21139459563523" lon="7.716145679360005"><ele>2142.1</ele></trkpt><trkpt lat="46.21138559577087" lon="7.716119679468665"><ele>2141.4</ele></trkpt><trkpt lat="46.211385595867455" lon="7.716106679545957"><ele>2140.9</ele></trkpt><trkpt lat="46.21141259600163" lon="7.716067679655038"><ele>2140.2</ele></trkpt><trkpt lat="46.211412596098256" lon="7.716054679732336"><ele>2139.7</ele></trkpt><trkpt lat="46.2113945962342" lon="7.716015679841693"><ele>2139.0</ele></trkpt><trkpt lat="46.21137659640888" lon="7.716002679980417"><ele>2138.1</ele></trkpt><trkpt lat="46.21134959664185" lon="7.715963680166473"><ele>2136.9</ele></trkpt><trkpt lat="46.21129559697261" lon="7.715950680428057"><ele>2135.2</ele></trkpt><trkpt lat="46.21126859718623" lon="7.715924680598136"><ele>2134.1</ele></trkpt><trkpt lat="46.21124159734195" lon="7.71591168072158"><ele>2133.3</ele></trkpt><trkpt lat="46.21120559755587" lon="7.715872680892355"><ele>2132.2</ele></trkpt><trkpt lat="46.211188597943" lon="7.715781681203549"><ele>2130.2</ele></trkpt><trkpt lat="46.21117059811766" lon="7.715755681342911"><ele>2129.3</ele></trkpt><trkpt lat="46.21117059817561" lon="7.715742681389539"><ele>2129.0</ele></trkpt><trkpt lat="46.21117059823355" lon="7.715729681436171"><ele>2128.7</ele></trkpt><trkpt lat="46.21116159829191" lon="7.7157166814828555"><ele>2128.4</ele></trkpt><trkpt lat="46.21113459838957" lon="7.715716681559665"><ele>2127.9</ele></trkpt><trkpt lat="46.211134598466856" lon="7.715690681622264"><ele>2127.5</ele></trkpt><trkpt lat="46.21114359867906" lon="7.715651681792755"><ele>2126.4</ele></trkpt><trkpt lat="46.211197598986175" lon="7.715612682039615"><ele>2124.8</ele></trkpt><trkpt lat="46.211224599081795" lon="7.7156136821160395"><ele>2124.3</ele></trkpt><trkpt lat="46.21131459958066" lon="7.715522682518523"><ele>2121.7</ele></trkpt><trkpt lat="46.21137759986812" lon="7.7154846827499375"><ele>2120.2</ele></trkpt><trkpt lat="46.21141360005993" lon="7.715445682904921"><ele>2119.2</ele></trkpt><trkpt lat="46.21146760030901" lon="7.715394683106377"><ele>2117.9</ele></trkpt><trkpt lat="46.211503600423555" lon="7.715381683198761"><ele>2117.3</ele></trkpt><trkpt lat="46.21157560078807" lon="7.715381683489566"><ele>2115.4</ele></trkpt><trkpt lat="46.211638601094876" lon="7.715343683736301"><ele>2113.8</ele></trkpt><trkpt lat="46.21164760117184" lon="7.715330683798197"><ele>2113.4</ele></trkpt><trkpt lat="46.21165660138405" lon="7.7152916839686645"><ele>2112.3</ele></trkpt><trkpt lat="46.21164860163558" lon="7.71523968417053"><ele>2111.0</ele></trkpt><trkpt lat="46.21163060175222" lon="7.715213684263882"><ele>2110.4</ele></trkpt><trkpt lat="46.21159460186952" lon="7.715187684357342"><ele>2109.8</ele></trkpt><trkpt lat="46.21155860204487" lon="7.71517468449615"><ele>2108.9</ele></trkpt><trkpt lat="46.211513602297835" lon="7.715122684698231"><ele>2107.6</ele></trkpt><trkpt lat="46.21149560237585" lon="7.715109684760288"><ele>2107.2</ele></trkpt><trkpt lat="46.21145060253222" lon="7.715083684884454"><ele>2106.4</ele></trkpt><trkpt lat="46.21142360268783" lon="7.715043685009193"><ele>2105.6</ele></trkpt><trkpt lat="46.21138760282451" lon="7.715030685117342"><ele>2104.9</ele></trkpt><trkpt lat="46.21130660321421" lon="7.714978685426926"><ele>2102.9</ele></trkpt><trkpt lat="46.21127060333161" lon="7.714978685519107"><ele>2102.3</ele></trkpt><trkpt lat="46.21124460354517" lon="7.714939685689766"><ele>2101.2</ele></trkpt><trkpt lat="46.21121760370087" lon="7.714926685813185"><ele>2100.4</ele></trkpt><trkpt lat="46.21114560395491" lon="7.7149006860141425"><ele>2099.1</ele></trkpt><trkpt lat="46.21110960413028" lon="7.714886686152989"><ele>2098.2</ele></trkpt><trkpt lat="46.211064604305996" lon="7.714886686291204"><ele>2097.3</ele></trkpt><trkpt lat="46.2110016045984" lon="7.714873686522126"><ele>2095.8</ele></trkpt><trkpt lat="46.21096560473512" lon="7.714873686629632"><ele>2095.1</ele></trkpt><trkpt lat="46.21091160498855" lon="7.71487268682926"><ele>2093.8</ele></trkpt><trkpt lat="46.21080360551468" lon="7.714872687243743"><ele>2091.1</ele></trkpt><trkpt lat="46.21074960580678" lon="7.714885687473344"><ele>2089.6</ele></trkpt><trkpt lat="46.210740605884475" lon="7.714885687534706"><ele>2089.2</ele></trkpt><trkpt lat="46.210731606020076" lon="7.714872687642682"><ele>2088.5</ele></trkpt><trkpt lat="46.21075860623157" lon="7.714807687814266"><ele>2087.4</ele></trkpt><trkpt lat="46.21077660646265" lon="7.714742688001226"><ele>2086.2</ele></trkpt><trkpt lat="46.21079460680974" lon="7.714652688281356"><ele>2084.4</ele></trkpt><trkpt lat="46.21082260704047" lon="7.714587688468252"><ele>2083.2</ele></trkpt><trkpt lat="46.210876607366856" lon="7.714509688732246"><ele>2081.5</ele></trkpt><trkpt lat="46.21093060790586" lon="7.714406689166027"><ele>2078.7</ele></trkpt><trkpt lat="46.21101160852111" lon="7.714303689660942"><ele>2075.5</ele></trkpt><trkpt lat="46.21108360894356" lon="7.714251690000184"><ele>2073.3</ele></trkpt><trkpt lat="46.21114660940501" lon="7.71420069037008"><ele>2070.9</ele></trkpt><trkpt lat="46.21114660940501" lon="7.71420069037008"><ele>2070.9</ele></trkpt><trkpt lat="46.2111646096362" lon="7.714161690555753"><ele>2069.7</ele></trkpt><trkpt lat="46.211192609905716" lon="7.714135690771394"><ele>2068.3</ele></trkpt><trkpt lat="46.21123761005868" lon="7.714123690894304"><ele>2067.5</ele></trkpt><trkpt lat="46.21131861017158" lon="7.714110690986402"><ele>2066.9</ele></trkpt><trkpt lat="46.21144461080464" lon="7.714059691493837"><ele>2063.6</ele></trkpt><trkpt lat="46.21157061145714" lon="7.714046692014777"><ele>2060.2</ele></trkpt><trkpt lat="46.21166961182062" lon="7.714008692307188"><ele>2058.3</ele></trkpt><trkpt lat="46.21177761216454" lon="7.713996692582979"><ele>2056.5</ele></trkpt><trkpt lat="46.211840612355495" lon="7.713996692735862"><ele>2055.5</ele></trkpt><trkpt lat="46.21190361268163" lon="7.713932692999073"><ele>2053.8</ele></trkpt><trkpt lat="46.21197561293016" lon="7.713906693199113"><ele>2052.5</ele></trkpt><trkpt lat="46.2120296131215" lon="7.713919693351429"><ele>2051.5</ele></trkpt><trkpt lat="46.212074613313206" lon="7.713945693503182"><ele>2050.5</ele></trkpt><trkpt lat="46.212181613715266" lon="7.713972693823103"><ele>2048.4</ele></trkpt><trkpt lat="46.21223561402266" lon="7.713998694066761"><ele>2046.8</ele></trkpt><trkpt lat="46.21227161415678" lon="7.714037694171974"><ele>2046.1</ele></trkpt><trkpt lat="46.2122986141944" lon="7.714037694202466"><ele>2045.9</ele></trkpt><trkpt lat="46.21232561421272" lon="7.7140246942182475"><ele>2045.8</ele></trkpt><trkpt lat="46.212604615284924" lon="7.7140006950759865"><ele>2040.2</ele></trkpt><trkpt lat="46.212721615667114" lon="7.713949695384227"><ele>2038.2</ele></trkpt><trkpt lat="46.21283861606854" lon="7.713846695710247"><ele>2036.1</ele></trkpt><trkpt lat="46.212929616355" lon="7.71379469594205"><ele>2034.6</ele></trkpt><trkpt lat="46.21295661660528" lon="7.713768696142347"><ele>2033.3</ele></trkpt><trkpt lat="46.212938616760596" lon="7.713729696266893"><ele>2032.5</ele></trkpt><trkpt lat="46.21288461701388" lon="7.7136906964682765"><ele>2031.2</ele></trkpt><trkpt lat="46.21282161713217" lon="7.713664696561822"><ele>2030.6</ele></trkpt><trkpt lat="46.21276761717289" lon="7.713651696593403"><ele>2030.4</ele></trkpt><trkpt lat="46.212740617386494" lon="7.713625696763358"><ele>2029.3</ele></trkpt><trkpt lat="46.21269561760089" lon="7.71361269693281"><ele>2028.2</ele></trkpt><trkpt lat="46.212659617756835" lon="7.713573697057454"><ele>2027.4</ele></trkpt><trkpt lat="46.212596617952435" lon="7.713533697212949"><ele>2026.4</ele></trkpt><trkpt lat="46.212560618011786" lon="7.713520697259744"><ele>2026.1</ele></trkpt><trkpt lat="46.212524618206494" lon="7.713533697412591"><ele>2025.1</ele></trkpt><trkpt lat="46.21249761828477" lon="7.7134946974758805"><ele>2024.7</ele></trkpt><trkpt lat="46.21246261844032" lon="7.713312697607224"><ele>2023.9</ele></trkpt><trkpt lat="46.21244461863411" lon="7.713209697765407"><ele>2022.9</ele></trkpt><trkpt lat="46.212399618925666" lon="7.713157697997964"><ele>2021.4</ele></trkpt><trkpt lat="46.212337619275836" lon="7.713066698278417"><ele>2019.6</ele></trkpt><trkpt lat="46.21227461943264" lon="7.71297569840563"><ele>2018.8</ele></trkpt><trkpt lat="46.21226561951012" lon="7.712897698470629"><ele>2018.4</ele></trkpt><trkpt lat="46.212256619722886" lon="7.712780698644711"><ele>2017.3</ele></trkpt><trkpt lat="46.21223961997461" lon="7.712689698848264"><ele>2016.0</ele></trkpt><trkpt lat="46.21222162005257" lon="7.712650698911479"><ele>2015.6</ele></trkpt><trkpt lat="46.212077620715164" lon="7.7126116994351035"><ele>2012.2</ele></trkpt><trkpt lat="46.21195162120318" lon="7.712571699820762"><ele>2009.7</ele></trkpt><trkpt lat="46.21187962153447" lon="7.712532700083476"><ele>2008.0</ele></trkpt><trkpt lat="46.21179862186613" lon="7.71251970034503"><ele>2006.3</ele></trkpt><trkpt lat="46.21178962202105" lon="7.71249370046887"><ele>2005.5</ele></trkpt><trkpt lat="46.21179862207873" lon="7.712480700515387"><ele>2005.2</ele></trkpt><trkpt lat="46.21187962248158" lon="7.712415700839704"><ele>2003.1</ele></trkpt><trkpt lat="46.21196062284578" lon="7.712351701133325"><ele>2001.2</ele></trkpt><trkpt lat="46.21202462317192" lon="7.712274701396995"><ele>1999.5</ele></trkpt><trkpt lat="46.21212362359348" lon="7.712196701737116"><ele>1997.3</ele></trkpt><trkpt lat="46.21220462384179" lon="7.712171701936985"><ele>1996.0</ele></trkpt><trkpt lat="46.21227662403253" lon="7.71215870209039"><ele>1995.0</ele></trkpt><trkpt lat="46.212321624204904" lon="7.712171702227426"><ele>1994.1</ele></trkpt><trkpt lat="46.21240262449198" lon="7.712172702456737"><ele>1992.6</ele></trkpt><trkpt lat="46.212429624684404" lon="7.712198702608597"><ele>1991.6</ele></trkpt><trkpt lat="46.21244762476114" lon="7.7122117026691805"><ele>1991.2</ele></trkpt><trkpt lat="46.212447624896306" lon="7.712159702778835"><ele>1990.5</ele></trkpt><trkpt lat="46.212447625050906" lon="7.712107702903805"><ele>1989.7</ele></trkpt><trkpt lat="46.21243862516719" lon="7.712068702997583"><ele>1989.1</ele></trkpt><trkpt lat="46.21239362536204" lon="7.712003703154053"><ele>1988.1</ele></trkpt><trkpt lat="46.21236662561425" lon="7.711951703355777"><ele>1986.8</ele></trkpt><trkpt lat="46.21232162594451" lon="7.711886703619486"><ele>1985.1</ele></trkpt><trkpt lat="46.21227762631325" lon="7.711795703915019"><ele>1983.2</ele></trkpt><trkpt lat="46.212232626604816" lon="7.7117437041474775"><ele>1981.7</ele></trkpt><trkpt lat="46.212205626779806" lon="7.711730704286116"><ele>1980.8</ele></trkpt><trkpt lat="46.21211562713113" lon="7.7117307045624"><ele>1979.0</ele></trkpt><trkpt lat="46.2119986275608" lon="7.711729704900166"><ele>1976.8</ele></trkpt><trkpt lat="46.211908628008814" lon="7.711742705252457"><ele>1974.5</ele></trkpt><trkpt lat="46.21189962820247" lon="7.7117297054063085"><ele>1973.5</ele></trkpt><trkpt lat="46.2118996282991" lon="7.7117037054841004"><ele>1973.0</ele></trkpt><trkpt lat="46.21193562849107" lon="7.711677705638291"><ele>1972.0</ele></trkpt><trkpt lat="46.21198962877895" lon="7.711600705871306"><ele>1970.5</ele></trkpt><trkpt lat="46.21204362898951" lon="7.711535706042487"><ele>1969.4</ele></trkpt><trkpt lat="46.21207162912373" lon="7.711483706151939"><ele>1968.7</ele></trkpt><trkpt lat="46.21209862931592" lon="7.711406706308503"><ele>1967.7</ele></trkpt><trkpt lat="46.212125629527485" lon="7.711341706479832"><ele>1966.6</ele></trkpt><trkpt lat="46.21215263002905" lon="7.711238706882679"><ele>1964.0</ele></trkpt><trkpt lat="46.21217963037589" lon="7.711160707161822"><ele>1962.2</ele></trkpt><trkpt lat="46.21223363072184" lon="7.711095707440221"><ele>1960.4</ele></trkpt><trkpt lat="46.21226063085617" lon="7.711083707547844"><ele>1959.7</ele></trkpt><trkpt lat="46.212260630933436" lon="7.711057707610302"><ele>1959.3</ele></trkpt><trkpt lat="46.21222563116668" lon="7.711005707796691"><ele>1958.1</ele></trkpt><trkpt lat="46.21219863130291" lon="7.710979707905252"><ele>1957.4</ele></trkpt><trkpt lat="46.21217163141992" lon="7.71097970799732"><ele>1956.8</ele></trkpt><trkpt lat="46.212144631556164" lon="7.71095270810593"><ele>1956.1</ele></trkpt><trkpt lat="46.212117631692436" lon="7.710939708213904"><ele>1955.4</ele></trkpt><trkpt lat="46.21203663208205" lon="7.710913708521915"><ele>1953.4</ele></trkpt><trkpt lat="46.211982632451324" lon="7.710900708813862"><ele>1951.5</ele></trkpt><trkpt lat="46.21191963276298" lon="7.710900709059313"><ele>1949.9</ele></trkpt><trkpt lat="46.2118926329574" lon="7.710938709210939"><ele>1948.9</ele></trkpt><trkpt lat="46.211847633287825" lon="7.710977709469852"><ele>1947.2</ele></trkpt><trkpt lat="46.21173063410433" lon="7.711067710109848"><ele>1943.0</ele></trkpt><trkpt lat="46.21168563428001" lon="7.711080710247388"><ele>1942.1</ele></trkpt><trkpt lat="46.21162263457234" lon="7.711092710476987"><ele>1940.6</ele></trkpt><trkpt lat="46.2114966351375" lon="7.711079710922533"><ele>1937.7</ele></trkpt><trkpt lat="46.211487635234526" lon="7.71107971099918"><ele>1937.2</ele></trkpt><trkpt lat="46.211505635581744" lon="7.711014711277733"><ele>1935.4</ele></trkpt><trkpt lat="46.211532635735395" lon="7.7109757114018835"><ele>1934.6</ele></trkpt><trkpt lat="46.21155963596628" lon="7.710911711588424"><ele>1933.4</ele></trkpt><trkpt lat="46.21157763612024" lon="7.710872711712621"><ele>1932.6</ele></trkpt><trkpt lat="46.21159563627423" lon="7.710846711836233"><ele>1931.8</ele></trkpt><trkpt lat="46.211604636486484" lon="7.710794712007012"><ele>1930.7</ele></trkpt><trkpt lat="46.211631636620766" lon="7.710768712115254"><ele>1930.0</ele></trkpt><trkpt lat="46.21163163669807" lon="7.710756712177068"><ele>1929.6</ele></trkpt><trkpt lat="46.211614636814666" lon="7.710730712270232"><ele>1929.0</ele></trkpt><trkpt lat="46.21159663689264" lon="7.71072971233165"><ele>1928.6</ele></trkpt><trkpt lat="46.21156063702931" lon="7.7107427124384955"><ele>1927.9</ele></trkpt><trkpt lat="46.211533637107664" lon="7.7107687124987585"><ele>1927.5</ele></trkpt><trkpt lat="46.21152463716596" lon="7.710755712545345"><ele>1927.2</ele></trkpt><trkpt lat="46.21151563722428" lon="7.710755712591352"><ele>1926.9</ele></trkpt><trkpt lat="46.21152463728188" lon="7.710729712638418"><ele>1926.6</ele></trkpt><trkpt lat="46.211551637396894" lon="7.710703712731334"><ele>1926.0</ele></trkpt><trkpt lat="46.21157863768582" lon="7.710652712963233"><ele>1924.5</ele></trkpt><trkpt lat="46.21160563776215" lon="7.710613713026095"><ele>1924.1</ele></trkpt><trkpt lat="46.21164163799277" lon="7.710561713212027"><ele>1922.9</ele></trkpt><trkpt lat="46.21168663845491" lon="7.710419713585725"><ele>1920.5</ele></trkpt><trkpt lat="46.21172263862749" lon="7.710354713726274"><ele>1919.6</ele></trkpt><trkpt lat="46.21175963881938" lon="7.710290713882089"><ele>1918.6</ele></trkpt><trkpt lat="46.21181363901066" lon="7.710212714038428"><ele>1917.6</ele></trkpt><trkpt lat="46.21184963926055" lon="7.710135714240768"><ele>1916.3</ele></trkpt><trkpt lat="46.21188563941382" lon="7.7100707143659895"><ele>1915.5</ele></trkpt><trkpt lat="46.21194863991408" lon="7.7099547147690215"><ele>1912.9</ele></trkpt><trkpt lat="46.212002640318076" lon="7.709876715093825"><ele>1910.8</ele></trkpt><trkpt lat="46.21202964047173" lon="7.709850715217358"><ele>1910.0</ele></trkpt><trkpt lat="46.212029640568396" lon="7.709838715294472"><ele>1909.5</ele></trkpt><trkpt lat="46.21201264064629" lon="7.70982471535645"><ele>1909.1</ele></trkpt><trkpt lat="46.21199464074366" lon="7.70983771543256"><ele>1908.6</ele></trkpt><trkpt lat="46.2119766409569" lon="7.7098117156022825"><ele>1907.5</ele></trkpt><trkpt lat="46.211949641073886" lon="7.70981171569433"><ele>1906.9</ele></trkpt><trkpt lat="46.211850641676854" lon="7.709837716168537"><ele>1903.8</ele></trkpt><trkpt lat="46.21171564220375" lon="7.709875716581147"><ele>1901.1</ele></trkpt><trkpt lat="46.21166164230233" lon="7.709888716657453"><ele>1900.6</ele></trkpt><trkpt lat="46.21162564234224" lon="7.709874716688901"><ele>1900.4</ele></trkpt><trkpt lat="46.21159864242046" lon="7.70983571675203"><ele>1900.0</ele></trkpt><trkpt lat="46.211598642401036" lon="7.70979671673843"><ele>1900.1</ele></trkpt><trkpt lat="46.211571642440596" lon="7.709783716769784"><ele>1899.9</ele></trkpt><trkpt lat="46.211553642460615" lon="7.709796716784626"><ele>1899.8</ele></trkpt><trkpt lat="46.21153564249985" lon="7.709770716816499"><ele>1899.6</ele></trkpt><trkpt lat="46.21153564249985" lon="7.709770716816499"><ele>1899.6</ele></trkpt><trkpt lat="46.21149964259766" lon="7.709705716896136"><ele>1899.1</ele></trkpt><trkpt lat="46.21149964259766" lon="7.709705716896136"><ele>1899.1</ele></trkpt><trkpt lat="46.21149064261723" lon="7.709679716912645"><ele>1899.0</ele></trkpt><trkpt lat="46.21149064275255" lon="7.709653717020999"><ele>1898.3</ele></trkpt><trkpt lat="46.211499642945476" lon="7.70961571717578"><ele>1897.3</ele></trkpt><trkpt lat="46.21149964304207" lon="7.709576717254073"><ele>1896.8</ele></trkpt><trkpt lat="46.21148164323597" lon="7.709550717408469"><ele>1895.8</ele></trkpt><trkpt lat="46.211446643353085" lon="7.709511717502265"><ele>1895.2</ele></trkpt><trkpt lat="46.211437643585334" lon="7.709459717688382"><ele>1894.0</ele></trkpt><trkpt lat="46.21141064360553" lon="7.709433717704984"><ele>1893.9</ele></trkpt><trkpt lat="46.21139264374144" lon="7.709394717814001"><ele>1893.2</ele></trkpt><trkpt lat="46.211365643916324" lon="7.709355717953694"><ele>1892.3</ele></trkpt><trkpt lat="46.21132064418845" lon="7.70930371817063"><ele>1890.9</ele></trkpt><trkpt lat="46.211302644362995" lon="7.7092517183108376"><ele>1890.0</ele></trkpt><trkpt lat="46.211266644538206" lon="7.709238718449438"><ele>1889.1</ele></trkpt><trkpt lat="46.21124864471279" lon="7.709199718589075"><ele>1888.2</ele></trkpt><trkpt lat="46.21122264488758" lon="7.709160718728753"><ele>1887.3</ele></trkpt><trkpt lat="46.21124064500292" lon="7.709121718822247"><ele>1886.7</ele></trkpt><trkpt lat="46.211258645079546" lon="7.709082718885114"><ele>1886.3</ele></trkpt><trkpt lat="46.21128564527189" lon="7.709056719039242"><ele>1885.3</ele></trkpt><trkpt lat="46.21131264538695" lon="7.709031719132076"><ele>1884.7</ele></trkpt><trkpt lat="46.211339645579194" lon="7.708979719287342"><ele>1883.7</ele></trkpt><trkpt lat="46.21136664571353" lon="7.708940719396092"><ele>1883.0</ele></trkpt><trkpt lat="46.21137564580983" lon="7.708914719473744"><ele>1882.5</ele></trkpt><trkpt lat="46.21140264594418" lon="7.7088887195819344"><ele>1881.8</ele></trkpt><trkpt lat="46.21144764621326" lon="7.708863719797178"><ele>1880.4</ele></trkpt><trkpt lat="46.21148364640535" lon="7.7088507199506875"><ele>1879.4</ele></trkpt><trkpt lat="46.21151064652044" lon="7.7088507200424266"><ele>1878.8</ele></trkpt><trkpt lat="46.21154664669326" lon="7.7088637201794885"><ele>1877.9</ele></trkpt><trkpt lat="46.211555646770236" lon="7.7088637202407"><ele>1877.5</ele></trkpt><trkpt lat="46.2115646468279" lon="7.708850720287156"><ele>1877.2</ele></trkpt><trkpt lat="46.211564646905224" lon="7.708837720348978"><ele>1876.8</ele></trkpt><trkpt lat="46.2115646469826" lon="7.708825720410756"><ele>1876.4</ele></trkpt><trkpt lat="46.211573647040225" lon="7.708812720457214"><ele>1876.1</ele></trkpt><trkpt lat="46.2116096472323" lon="7.708786720611285"><ele>1875.1</ele></trkpt><trkpt lat="46.21162764732828" lon="7.708760720688888"><ele>1874.6</ele></trkpt><trkpt lat="46.211627647502176" lon="7.708721720828401"><ele>1873.7</ele></trkpt><trkpt lat="46.2116276476375" lon="7.708695720936727"><ele>1873.0</ele></trkpt><trkpt lat="46.21162864788874" lon="7.708643721138055"><ele>1871.7</ele></trkpt><trkpt lat="46.21161964800499" lon="7.70861772123111"><ele>1871.1</ele></trkpt><trkpt lat="46.21161064808265" lon="7.7086047212929785"><ele>1870.7</ele></trkpt><trkpt lat="46.211601648218206" lon="7.708566721401866"><ele>1870.0</ele></trkpt><trkpt lat="46.21159264829579" lon="7.708540721464293"><ele>1869.6</ele></trkpt><trkpt lat="46.211583648450684" lon="7.7085017215885365"><ele>1868.8</ele></trkpt><trkpt lat="46.21157464887611" lon="7.708384721930532"><ele>1866.6</ele></trkpt><trkpt lat="46.21158364904976" lon="7.708332722070548"><ele>1865.7</ele></trkpt><trkpt lat="46.211565649282285" lon="7.708293722256084"><ele>1864.5</ele></trkpt><trkpt lat="46.21157464937861" lon="7.708267722333722"><ele>1864.0</ele></trkpt><trkpt lat="46.21159364962924" lon="7.708216722534885"><ele>1862.7</ele></trkpt><trkpt lat="46.21159364993841" lon="7.708138722783246"><ele>1861.1</ele></trkpt><trkpt lat="46.21157565007432" lon="7.708112722891646"><ele>1860.4</ele></trkpt><trkpt lat="46.21156665044181" lon="7.708021723186545"><ele>1858.5</ele></trkpt><trkpt lat="46.211566650770365" lon="7.707943723450207"><ele>1856.8</ele></trkpt><trkpt lat="46.21156665092497" lon="7.707905723574339"><ele>1856.0</ele></trkpt><trkpt lat="46.21154865111883" lon="7.707866723729228"><ele>1855.0</ele></trkpt><trkpt lat="46.21153065125476" lon="7.707840723837622"><ele>1854.3</ele></trkpt><trkpt lat="46.211522651351665" lon="7.707814723915337"><ele>1853.8</ele></trkpt><trkpt lat="46.21150465144887" lon="7.707775723993666"><ele>1853.3</ele></trkpt><trkpt lat="46.21150465152613" lon="7.707749724056027"><ele>1852.9</ele></trkpt><trkpt lat="46.21147765168157" lon="7.707671724182007"><ele>1852.1</ele></trkpt><trkpt lat="46.211477651894164" lon="7.707619724352664"><ele>1851.0</ele></trkpt><trkpt lat="46.21147765220346" lon="7.707567724599869"><ele>1849.4</ele></trkpt><trkpt lat="46.211450652474895" lon="7.707489724817705"><ele>1848.0</ele></trkpt><trkpt lat="46.21145165299666" lon="7.707373725236048"><ele>1845.3</ele></trkpt><trkpt lat="46.21144265328676" lon="7.707256725470749"><ele>1843.8</ele></trkpt><trkpt lat="46.211407654543905" lon="7.706867726482652"><ele>1837.3</ele></trkpt><trkpt lat="46.21138965485367" lon="7.706763726732115"><ele>1835.7</ele></trkpt><trkpt lat="46.21138965485367" lon="7.706763726732115"><ele>1835.7</ele></trkpt><trkpt lat="46.21138065512449" lon="7.706673726950315"><ele>1834.3</ele></trkpt><trkpt lat="46.211381655414264" lon="7.706569727184357"><ele>1832.8</ele></trkpt><trkpt lat="46.21139065585828" lon="7.706401727543526"><ele>1830.5</ele></trkpt><trkpt lat="46.21138165632226" lon="7.706219727918672"><ele>1828.1</ele></trkpt><trkpt lat="46.2113736564964" lon="7.706141728059787"><ele>1827.2</ele></trkpt><trkpt lat="46.2113736564964" lon="7.706141728059787"><ele>1827.2</ele></trkpt><trkpt lat="46.21139165653442" lon="7.706115728091407"><ele>1827.0</ele></trkpt><trkpt lat="46.211427656571786" lon="7.706090728122888"><ele>1826.8</ele></trkpt><trkpt lat="46.21148165662798" lon="7.706077728169076"><ele>1826.5</ele></trkpt><trkpt lat="46.21150865666571" lon="7.706064728200098"><ele>1826.3</ele></trkpt><trkpt lat="46.21153565674207" lon="7.7060137282633425"><ele>1825.9</ele></trkpt></trkseg></trk></gpx>