<?xml version="1.0" encoding="utf-8"?><gpx version="1.1" creator="MySchweizMobil - https://map.schweizmobil.ch/" xmlns:xsi="http://www.w3.org/2001/XMLSchema-instance" xmlns="http://www.topografix.com/GPX/1/1" xsi:schemaLocation="http://www.topografix.com/GPX/1/1 http://www.topografix.com/GPX/1/1/gpx.xsd"><metadata><name>6 Alpine Passes Trail - Stage 18</name><bounds minlat="46.20765453555963" minlon="7.901940708612812" maxlat="46.25484458323139" maxlon="8.029033686791568" /></metadata><trk><name>6 Alpine Passes Trail - Stage 18</name><trkseg><trkpt lat="46.2469156230261" lon="8.029033686791568"><ele>1997.7</ele></trkpt><trkpt lat="46.24696062300502" lon="8.029020686775814"><ele>1997.8</ele></trkpt><trkpt lat="46.2469966229843" lon="8.029008686760072"><ele>1997.9</ele></trkpt><trkpt lat="46.24709562294178" lon="8.028944686730272"><ele>1998.1</ele></trkpt><trkpt lat="46.247222622878795" lon="8.028842686685982"><ele>1998.4</ele></trkpt><trkpt lat="46.24736662283445" lon="8.028727686658272"><ele>1998.6</ele></trkpt><trkpt lat="46.247456622830995" lon="8.028663686660696"><ele>1998.6</ele></trkpt><trkpt lat="46.247456622830995" lon="8.028663686660696"><ele>1998.6</ele></trkpt><trkpt lat="46.24744862283116" lon="8.028611686663158"><ele>1998.6</ele></trkpt><trkpt lat="46.24744862285041" lon="8.028572686681045"><ele>1998.5</ele></trkpt><trkpt lat="46.24746662288835" lon="8.028533686714908"><ele>1998.3</ele></trkpt><trkpt lat="46.247511622983424" lon="8.028508686796204"><ele>1997.8</ele></trkpt><trkpt lat="46.24764662332675" lon="8.028457687087222"><ele>1996.0</ele></trkpt><trkpt lat="46.24772862359465" lon="8.028419687313628"><ele>1994.6</ele></trkpt><trkpt lat="46.24777362372841" lon="8.028381687427686"><ele>1993.9</ele></trkpt><trkpt lat="46.2478366238614" lon="8.028304687543436"><ele>1993.2</ele></trkpt><trkpt lat="46.2478366238614" lon="8.028304687543436"><ele>1993.2</ele></trkpt><trkpt lat="46.247936623876754" lon="8.028175687564877"><ele>1993.1</ele></trkpt><trkpt lat="46.247936623876754" lon="8.028175687564877"><ele>1993.1</ele></trkpt><trkpt lat="46.24797262385602" lon="8.028137687550336"><ele>1993.2</ele></trkpt><trkpt lat="46.24797262385602" lon="8.028137687550336"><ele>1993.2</ele></trkpt><trkpt lat="46.247927623915544" lon="8.028058687602504"><ele>1992.9</ele></trkpt><trkpt lat="46.24786562399499" lon="8.027980687670805"><ele>1992.5</ele></trkpt><trkpt lat="46.24776762417247" lon="8.027823687823377"><ele>1991.6</ele></trkpt><trkpt lat="46.24766962440797" lon="8.027667688024138"><ele>1990.4</ele></trkpt><trkpt lat="46.24751762450981" lon="8.027457688115144"><ele>1989.9</ele></trkpt><trkpt lat="46.247409624494175" lon="8.027353688104519"><ele>1990.0</ele></trkpt><trkpt lat="46.247320624671346" lon="8.027222688255808"><ele>1989.1</ele></trkpt><trkpt lat="46.24728462473057" lon="8.027170688306663"><ele>1988.8</ele></trkpt><trkpt lat="46.24724962463496" lon="8.027130688228329"><ele>1989.3</ele></trkpt><trkpt lat="46.24724962463496" lon="8.027130688228329"><ele>1989.3</ele></trkpt><trkpt lat="46.247213624674956" lon="8.0271176882613"><ele>1989.1</ele></trkpt><trkpt lat="46.247213624674956" lon="8.0271176882613"><ele>1989.1</ele></trkpt><trkpt lat="46.24717762471493" lon="8.027078688295472"><ele>1988.9</ele></trkpt><trkpt lat="46.24714162479358" lon="8.027026688362401"><ele>1988.5</ele></trkpt><trkpt lat="46.24698062487627" lon="8.026790688438568"><ele>1988.1</ele></trkpt><trkpt lat="46.24684762497738" lon="8.026581688529392"><ele>1987.6</ele></trkpt><trkpt lat="46.24672262503959" lon="8.026386688587367"><ele>1987.3</ele></trkpt><trkpt lat="46.24664162496475" lon="8.026255688529586"><ele>1987.7</ele></trkpt><trkpt lat="46.24650862500752" lon="8.02591768857812"><ele>1987.5</ele></trkpt><trkpt lat="46.2464906249693" lon="8.025865688548475"><ele>1987.7</ele></trkpt><trkpt lat="46.24648262496938" lon="8.02578768855212"><ele>1987.7</ele></trkpt><trkpt lat="46.24652762490948" lon="8.02570968850722"><ele>1988.0</ele></trkpt><trkpt lat="46.24651962485159" lon="8.025657688461443"><ele>1988.3</ele></trkpt><trkpt lat="46.24648362491082" lon="8.025605688512282"><ele>1988.0</ele></trkpt><trkpt lat="46.24646562489202" lon="8.02555368849871"><ele>1988.1</ele></trkpt><trkpt lat="46.246439624795904" lon="8.025449688423294"><ele>1988.6</ele></trkpt><trkpt lat="46.24643062481546" lon="8.025397688441819"><ele>1988.5</ele></trkpt><trkpt lat="46.246431624970015" lon="8.025280688575801"><ele>1987.7</ele></trkpt><trkpt lat="46.24642262504758" lon="8.025215688643147"><ele>1987.3</ele></trkpt><trkpt lat="46.24636062512675" lon="8.024994688718007"><ele>1986.9</ele></trkpt><trkpt lat="46.24630762512831" lon="8.02483868872551"><ele>1986.9</ele></trkpt><trkpt lat="46.246245625110745" lon="8.024656688718197"><ele>1987.0</ele></trkpt><trkpt lat="46.246245625110745" lon="8.024656688718197"><ele>1987.0</ele></trkpt><trkpt lat="46.24626362528402" lon="8.024565688866929"><ele>1986.1</ele></trkpt><trkpt lat="46.2462826253413" lon="8.024527688916786"><ele>1985.8</ele></trkpt><trkpt lat="46.2462826253413" lon="8.024527688916786"><ele>1985.8</ele></trkpt><trkpt lat="46.246318625359216" lon="8.024488688934436"><ele>1985.7</ele></trkpt><trkpt lat="46.246318625359216" lon="8.024488688934436"><ele>1985.7</ele></trkpt><trkpt lat="46.24630962537887" lon="8.024449688952359"><ele>1985.6</ele></trkpt><trkpt lat="46.246229625420135" lon="8.02431968899097"><ele>1985.4</ele></trkpt><trkpt lat="46.24623862538101" lon="8.024267688961167"><ele>1985.6</ele></trkpt><trkpt lat="46.2461846254989" lon="8.024189689061512"><ele>1985.0</ele></trkpt><trkpt lat="46.2461846254989" lon="8.024189689061512"><ele>1985.0</ele></trkpt><trkpt lat="46.24607762536701" lon="8.024058688955689"><ele>1985.7</ele></trkpt><trkpt lat="46.245988625505404" lon="8.023914689075353"><ele>1985.0</ele></trkpt><trkpt lat="46.245890625721486" lon="8.023745689260494"><ele>1983.9</ele></trkpt><trkpt lat="46.245872625799414" lon="8.023692689327317"><ele>1983.5</ele></trkpt><trkpt lat="46.245855626128844" lon="8.023589689605346"><ele>1981.8</ele></trkpt><trkpt lat="46.24583762634211" lon="8.023472689787598"><ele>1980.7</ele></trkpt><trkpt lat="46.24581962647815" lon="8.023420689902581"><ele>1980.0</ele></trkpt><trkpt lat="46.24581962647815" lon="8.023420689902581"><ele>1980.0</ele></trkpt><trkpt lat="46.24578462646003" lon="8.023406689887361"><ele>1980.1</ele></trkpt><trkpt lat="46.24578462646003" lon="8.023406689887361"><ele>1980.1</ele></trkpt><trkpt lat="46.24573962651962" lon="8.02336768993763"><ele>1979.8</ele></trkpt><trkpt lat="46.24571262659796" lon="8.023341690003264"><ele>1979.4</ele></trkpt><trkpt lat="46.245667626657664" lon="8.023314690052981"><ele>1979.1</ele></trkpt><trkpt lat="46.245631626581435" lon="8.023288689990114"><ele>1979.5</ele></trkpt><trkpt lat="46.24560462654361" lon="8.02326268995933"><ele>1979.7</ele></trkpt><trkpt lat="46.245560626622485" lon="8.023183690027496"><ele>1979.3</ele></trkpt><trkpt lat="46.24553362660406" lon="8.023170690012188"><ele>1979.4</ele></trkpt><trkpt lat="46.2454976265473" lon="8.023170689964198"><ele>1979.7</ele></trkpt><trkpt lat="46.24543462651089" lon="8.023169689932484"><ele>1979.9</ele></trkpt><trkpt lat="46.245416626511535" lon="8.02315668993319"><ele>1979.9</ele></trkpt><trkpt lat="46.24539862653145" lon="8.023130689950554"><ele>1979.8</ele></trkpt><trkpt lat="46.24538962655097" lon="8.023065689969666"><ele>1979.7</ele></trkpt><trkpt lat="46.24538162655115" lon="8.0230136899721"><ele>1979.7</ele></trkpt><trkpt lat="46.24535462657135" lon="8.022948689991317"><ele>1979.6</ele></trkpt><trkpt lat="46.2453366265331" lon="8.022883689962274"><ele>1979.8</ele></trkpt><trkpt lat="46.245310626591916" lon="8.022805690014211"><ele>1979.5</ele></trkpt><trkpt lat="46.24530162653409" lon="8.02275368996845"><ele>1979.8</ele></trkpt><trkpt lat="46.24523962645869" lon="8.022661689908777"><ele>1980.2</ele></trkpt><trkpt lat="46.245203626382526" lon="8.022635689845918"><ele>1980.6</ele></trkpt><trkpt lat="46.245149626442476" lon="8.022596689896234"><ele>1980.3</ele></trkpt><trkpt lat="46.24511362646311" lon="8.022595689912562"><ele>1980.2</ele></trkpt><trkpt lat="46.24511362646311" lon="8.022595689912562"><ele>1980.2</ele></trkpt><trkpt lat="46.24504262662024" lon="8.022478690046897"><ele>1979.4</ele></trkpt><trkpt lat="46.24504262662024" lon="8.022478690046897"><ele>1979.4</ele></trkpt><trkpt lat="46.24489062666405" lon="8.02228269008894"><ele>1979.2</ele></trkpt><trkpt lat="46.24472962668869" lon="8.022059690116206"><ele>1979.1</ele></trkpt><trkpt lat="46.24464062667223" lon="8.021903690107832"><ele>1979.2</ele></trkpt><trkpt lat="46.24453362661743" lon="8.021668690071069"><ele>1979.5</ele></trkpt><trkpt lat="46.24453362661743" lon="8.021668690071069"><ele>1979.5</ele></trkpt><trkpt lat="46.24450762661813" lon="8.021564690075998"><ele>1979.5</ele></trkpt><trkpt lat="46.24446262659998" lon="8.021408690067368"><ele>1979.6</ele></trkpt><trkpt lat="46.244436626697286" lon="8.0212396901556"><ele>1979.1</ele></trkpt><trkpt lat="46.24441962681369" lon="8.021097690258598"><ele>1978.5</ele></trkpt><trkpt lat="46.24441962681369" lon="8.021097690258598"><ele>1978.5</ele></trkpt><trkpt lat="46.244384626969385" lon="8.020928690395069"><ele>1977.7</ele></trkpt><trkpt lat="46.24436662700846" lon="8.020837690431476"><ele>1977.5</ele></trkpt><trkpt lat="46.24432262716461" lon="8.0207076905662"><ele>1976.7</ele></trkpt><trkpt lat="46.24426062743748" lon="8.020576690797446"><ele>1975.3</ele></trkpt><trkpt lat="46.24417962767243" lon="8.02047269099544"><ele>1974.1</ele></trkpt><trkpt lat="46.244153627750684" lon="8.020446691061032"><ele>1973.7</ele></trkpt><trkpt lat="46.244153627750684" lon="8.020446691061032"><ele>1973.7</ele></trkpt><trkpt lat="46.244108627868336" lon="8.020393691160097"><ele>1973.1</ele></trkpt><trkpt lat="46.24405462802495" lon="8.020315691292481"><ele>1972.3</ele></trkpt><trkpt lat="46.24391262835847" lon="8.020054691578302"><ele>1970.6</ele></trkpt><trkpt lat="46.24391262835847" lon="8.020054691578302"><ele>1970.6</ele></trkpt><trkpt lat="46.24393062837707" lon="8.020015691596035"><ele>1970.5</ele></trkpt><trkpt lat="46.24391262868718" lon="8.019950691856083"><ele>1968.9</ele></trkpt><trkpt lat="46.24390362878418" lon="8.019911691938221"><ele>1968.4</ele></trkpt><trkpt lat="46.24388662890083" lon="8.019885692035874"><ele>1967.8</ele></trkpt><trkpt lat="46.243859629017926" lon="8.01987269213299"><ele>1967.2</ele></trkpt><trkpt lat="46.24385062907617" lon="8.019833692183"><ele>1966.9</ele></trkpt><trkpt lat="46.24383262909611" lon="8.01980769220036"><ele>1966.8</ele></trkpt><trkpt lat="46.24384162919247" lon="8.019768692282382"><ele>1966.3</ele></trkpt><trkpt lat="46.24387762942327" lon="8.019704692477802"><ele>1965.1</ele></trkpt><trkpt lat="46.24388762963554" lon="8.01961369265855"><ele>1964.0</ele></trkpt><trkpt lat="46.243896629847804" lon="8.019522692839296"><ele>1962.9</ele></trkpt><trkpt lat="46.24391563005991" lon="8.019458693018754"><ele>1961.8</ele></trkpt><trkpt lat="46.243933630136546" lon="8.019419693084659"><ele>1961.4</ele></trkpt><trkpt lat="46.24396963025127" lon="8.019393693181982"><ele>1960.8</ele></trkpt><trkpt lat="46.24399663046316" lon="8.0193556933602"><ele>1959.7</ele></trkpt><trkpt lat="46.244023630655605" lon="8.019303693522994"><ele>1958.7</ele></trkpt><trkpt lat="46.244051630925185" lon="8.01917469375351"><ele>1957.3</ele></trkpt><trkpt lat="46.244069630982416" lon="8.019109693804529"><ele>1957.0</ele></trkpt><trkpt lat="46.244097631058786" lon="8.019084693869733"><ele>1956.6</ele></trkpt><trkpt lat="46.24412463123192" lon="8.019058694015282"><ele>1955.7</ele></trkpt><trkpt lat="46.24416063138544" lon="8.019058694143535"><ele>1954.9</ele></trkpt><trkpt lat="46.24419663151962" lon="8.019059694255688"><ele>1954.2</ele></trkpt><trkpt lat="46.244214631596385" lon="8.01905969431982"><ele>1953.8</ele></trkpt><trkpt lat="46.244268631807216" lon="8.019008694498451"><ele>1952.7</ele></trkpt><trkpt lat="46.244295631844906" lon="8.018995694531"><ele>1952.5</ele></trkpt><trkpt lat="46.24432263192123" lon="8.018956694596834"><ele>1952.1</ele></trkpt><trkpt lat="46.24435863199723" lon="8.018892694663755"><ele>1951.7</ele></trkpt><trkpt lat="46.24439563209237" lon="8.018776694749077"><ele>1951.2</ele></trkpt><trkpt lat="46.244450632089986" lon="8.018621694755756"><ele>1951.2</ele></trkpt><trkpt lat="46.24446863214723" lon="8.018543694807354"><ele>1950.9</ele></trkpt><trkpt lat="46.24446963220505" lon="8.018478694858459"><ele>1950.6</ele></trkpt><trkpt lat="46.244434632399376" lon="8.01827069502864"><ele>1949.6</ele></trkpt><trkpt lat="46.2443906324972" lon="8.018049695119176"><ele>1949.1</ele></trkpt><trkpt lat="46.24437263253642" lon="8.017997695153738"><ele>1948.9</ele></trkpt><trkpt lat="46.24431963282823" lon="8.017854695401354"><ele>1947.4</ele></trkpt><trkpt lat="46.24426563310099" lon="8.017789695629387"><ele>1946.0</ele></trkpt><trkpt lat="46.244238633198535" lon="8.017724695712756"><ele>1945.5</ele></trkpt><trkpt lat="46.24420363352846" lon="8.017568695992935"><ele>1943.8</ele></trkpt><trkpt lat="46.24420363360578" lon="8.017529696058915"><ele>1943.4</ele></trkpt><trkpt lat="46.2441956336834" lon="8.017503696124352"><ele>1943.0</ele></trkpt><trkpt lat="46.24418663381906" lon="8.017438696239719"><ele>1942.3</ele></trkpt><trkpt lat="46.24417763397404" lon="8.017360696371718"><ele>1941.5</ele></trkpt><trkpt lat="46.24417863410931" lon="8.017308696486436"><ele>1940.8</ele></trkpt><trkpt lat="46.24416963422562" lon="8.017269696584568"><ele>1940.2</ele></trkpt><trkpt lat="46.24413363438161" lon="8.017204696716139"><ele>1939.4</ele></trkpt><trkpt lat="46.2441076345952" lon="8.017113696896978"><ele>1938.3</ele></trkpt><trkpt lat="46.24409863476963" lon="8.017074697043267"><ele>1937.4</ele></trkpt><trkpt lat="46.24411763525242" lon="8.016918697451505"><ele>1934.9</ele></trkpt><trkpt lat="46.24410863534934" lon="8.016854697534695"><ele>1934.4</ele></trkpt><trkpt lat="46.24408163567913" lon="8.016775697811303"><ele>1932.7</ele></trkpt><trkpt lat="46.24405563604753" lon="8.01667169812112"><ele>1930.8</ele></trkpt><trkpt lat="46.24404763649267" lon="8.01654269849616"><ele>1928.5</ele></trkpt><trkpt lat="46.244038636705575" lon="8.016438698677435"><ele>1927.4</ele></trkpt><trkpt lat="46.24399463713269" lon="8.01632169903607"><ele>1925.2</ele></trkpt><trkpt lat="46.24395863744333" lon="8.016217699297751"><ele>1923.6</ele></trkpt><trkpt lat="46.24387863769755" lon="8.016112699511574"><ele>1922.3</ele></trkpt><trkpt lat="46.243824637795974" lon="8.016008699596778"><ele>1921.8</ele></trkpt><trkpt lat="46.24378963793238" lon="8.015891699714551"><ele>1921.1</ele></trkpt><trkpt lat="46.24376363814596" lon="8.015800699895316"><ele>1920.0</ele></trkpt><trkpt lat="46.24373663843699" lon="8.01569670014086"><ele>1918.5</ele></trkpt><trkpt lat="46.243719638862956" lon="8.015540700501004"><ele>1916.3</ele></trkpt><trkpt lat="46.24367563950264" lon="8.015306701041293"><ele>1913.0</ele></trkpt><trkpt lat="46.24363163989082" lon="8.015124701370604"><ele>1911.0</ele></trkpt><trkpt lat="46.24359664012402" lon="8.015007701568576"><ele>1909.8</ele></trkpt><trkpt lat="46.2435706404729" lon="8.01483870186508"><ele>1908.0</ele></trkpt><trkpt lat="46.24357064060812" lon="8.014747701981447"><ele>1907.3</ele></trkpt><trkpt lat="46.243561640840475" lon="8.014657702178058"><ele>1906.1</ele></trkpt><trkpt lat="46.24354464095703" lon="8.014605702276738"><ele>1905.5</ele></trkpt><trkpt lat="46.24351764120941" lon="8.01452670248901"><ele>1904.2</ele></trkpt><trkpt lat="46.24349964132602" lon="8.014474702587691"><ele>1903.6</ele></trkpt><trkpt lat="46.243437641521545" lon="8.014396702751966"><ele>1902.6</ele></trkpt><trkpt lat="46.243437641734204" lon="8.014305702932498"><ele>1901.5</ele></trkpt><trkpt lat="46.24347564275781" lon="8.01395670379813"><ele>1896.2</ele></trkpt><trkpt lat="46.24349364289253" lon="8.013917703912066"><ele>1895.5</ele></trkpt><trkpt lat="46.24352064291086" lon="8.013878703929665"><ele>1895.4</ele></trkpt><trkpt lat="46.24352064291086" lon="8.013878703929665"><ele>1895.4</ele></trkpt><trkpt lat="46.24355764292881" lon="8.01384070394717"><ele>1895.3</ele></trkpt><trkpt lat="46.24355764292881" lon="8.01384070394717"><ele>1895.3</ele></trkpt><trkpt lat="46.24357564304423" lon="8.013814704044485"><ele>1894.7</ele></trkpt><trkpt lat="46.243557643102854" lon="8.013788704093868"><ele>1894.4</ele></trkpt><trkpt lat="46.24352164316199" lon="8.01369770414621"><ele>1894.1</ele></trkpt><trkpt lat="46.24351364323949" lon="8.013632704213295"><ele>1893.7</ele></trkpt><trkpt lat="46.243504643259094" lon="8.0135937042311"><ele>1893.6</ele></trkpt><trkpt lat="46.243504643259094" lon="8.0135937042311"><ele>1893.6</ele></trkpt><trkpt lat="46.24350464327834" lon="8.013554704248856"><ele>1893.5</ele></trkpt><trkpt lat="46.243522643335595" lon="8.01348970429974"><ele>1893.2</ele></trkpt><trkpt lat="46.24355064337299" lon="8.013334704338467"><ele>1893.0</ele></trkpt><trkpt lat="46.24358764335206" lon="8.013218704327297"><ele>1893.1</ele></trkpt><trkpt lat="46.243605643235064" lon="8.013127704234918"><ele>1893.7</ele></trkpt><trkpt lat="46.243605643235064" lon="8.013127704234918"><ele>1893.7</ele></trkpt><trkpt lat="46.24358764325493" lon="8.013075704253348"><ele>1893.6</ele></trkpt><trkpt lat="46.24357064327469" lon="8.012997704272912"><ele>1893.5</ele></trkpt><trkpt lat="46.243561643332875" lon="8.012919704324517"><ele>1893.2</ele></trkpt><trkpt lat="46.243553643371705" lon="8.012854704359503"><ele>1893.0</ele></trkpt><trkpt lat="46.24352664346921" lon="8.012763704443866"><ele>1892.5</ele></trkpt><trkpt lat="46.243482643489884" lon="8.012672704464151"><ele>1892.4</ele></trkpt><trkpt lat="46.243383643396236" lon="8.012541704390248"><ele>1892.9</ele></trkpt><trkpt lat="46.24333964353299" lon="8.012437704507361"><ele>1892.2</ele></trkpt><trkpt lat="46.24325964369003" lon="8.012190704646986"><ele>1891.4</ele></trkpt><trkpt lat="46.243224643555365" lon="8.012021704542297"><ele>1892.1</ele></trkpt><trkpt lat="46.24323364361289" lon="8.011943704593788"><ele>1891.8</ele></trkpt><trkpt lat="46.24325264380555" lon="8.011840704758612"><ele>1890.8</ele></trkpt><trkpt lat="46.243270644036876" lon="8.011723704956129"><ele>1889.6</ele></trkpt><trkpt lat="46.24328064415251" lon="8.01167270505455"><ele>1889.0</ele></trkpt><trkpt lat="46.24327164423015" lon="8.011620705121045"><ele>1888.6</ele></trkpt><trkpt lat="46.24322664430894" lon="8.011554705188352"><ele>1888.2</ele></trkpt><trkpt lat="46.243164644310845" lon="8.011450705193255"><ele>1888.2</ele></trkpt><trkpt lat="46.243137644176144" lon="8.011385705083969"><ele>1888.9</ele></trkpt><trkpt lat="46.243129644060176" lon="8.011333704990047"><ele>1889.5</ele></trkpt><trkpt lat="46.243111643925175" lon="8.011255704881284"><ele>1890.2</ele></trkpt><trkpt lat="46.24308564365482" lon="8.011112704663137"><ele>1891.6</ele></trkpt><trkpt lat="46.24305064321029" lon="8.01086570430526"><ele>1893.9</ele></trkpt><trkpt lat="46.243041642920076" lon="8.01076170406929"><ele>1895.4</ele></trkpt><trkpt lat="46.24303364288148" lon="8.010697704040068"><ele>1895.6</ele></trkpt><trkpt lat="46.24303364276519" lon="8.010619703947262"><ele>1896.2</ele></trkpt><trkpt lat="46.24304364253235" lon="8.01052870375874"><ele>1897.4</ele></trkpt><trkpt lat="46.243043642338606" lon="8.01042470360293"><ele>1898.4</ele></trkpt><trkpt lat="46.24303564200956" lon="8.010295703336007"><ele>1900.1</ele></trkpt><trkpt lat="46.24302664185479" lon="8.01019170321234"><ele>1900.9</ele></trkpt><trkpt lat="46.243018641680656" lon="8.010100703072059"><ele>1901.8</ele></trkpt><trkpt lat="46.24301864152566" lon="8.010022702947195"><ele>1902.6</ele></trkpt><trkpt lat="46.24302864140901" lon="8.009944702854355"><ele>1903.2</ele></trkpt><trkpt lat="46.2430376413699" lon="8.009906702823905"><ele>1903.4</ele></trkpt><trkpt lat="46.243037641427634" lon="8.009776702877746"><ele>1903.1</ele></trkpt><trkpt lat="46.24305664134946" lon="8.009737702815212"><ele>1903.5</ele></trkpt><trkpt lat="46.243074641232624" lon="8.009699702720566"><ele>1904.1</ele></trkpt><trkpt lat="46.24307464123259" lon="8.00968670272114"><ele>1904.1</ele></trkpt><trkpt lat="46.24307464123259" lon="8.00968670272114"><ele>1904.1</ele></trkpt><trkpt lat="46.24305664123309" lon="8.009634702723538"><ele>1904.1</ele></trkpt><trkpt lat="46.24305664123309" lon="8.009634702723538"><ele>1904.1</ele></trkpt><trkpt lat="46.24304864098151" lon="8.009517702520276"><ele>1905.4</ele></trkpt><trkpt lat="46.24304864098151" lon="8.009517702520276"><ele>1905.4</ele></trkpt><trkpt lat="46.243048640749116" lon="8.009452702330714"><ele>1906.6</ele></trkpt><trkpt lat="46.243076640496305" lon="8.009349702126643"><ele>1907.9</ele></trkpt><trkpt lat="46.243085640069836" lon="8.009193701780715"><ele>1910.1</ele></trkpt><trkpt lat="46.24310463991407" lon="8.009115701655777"><ele>1910.9</ele></trkpt><trkpt lat="46.243177639465976" lon="8.008922701295106"><ele>1913.2</ele></trkpt><trkpt lat="46.24319563938781" lon="8.008896701232013"><ele>1913.6</ele></trkpt><trkpt lat="46.24324063917311" lon="8.008806701059367"><ele>1914.7</ele></trkpt><trkpt lat="46.243295638938676" lon="8.008690700871787"><ele>1915.9</ele></trkpt><trkpt lat="46.24333163876307" lon="8.008638700729582"><ele>1916.8</ele></trkpt><trkpt lat="46.24341263837296" lon="8.008561700411855"><ele>1918.8</ele></trkpt><trkpt lat="46.24344963808108" lon="8.008458700175721"><ele>1920.3</ele></trkpt><trkpt lat="46.243485637905515" lon="8.008419700032944"><ele>1921.2</ele></trkpt><trkpt lat="46.24349463782774" lon="8.008393699969918"><ele>1921.6</ele></trkpt><trkpt lat="46.24351263776897" lon="8.008368699922826"><ele>1921.9</ele></trkpt><trkpt lat="46.2435216377105" lon="8.008342699875831"><ele>1922.2</ele></trkpt><trkpt lat="46.2435216377105" lon="8.008342699875831"><ele>1922.2</ele></trkpt><trkpt lat="46.24354063759363" lon="8.008303699781264"><ele>1922.8</ele></trkpt><trkpt lat="46.24354063749673" lon="8.00826469970283"><ele>1923.3</ele></trkpt><trkpt lat="46.243522637400545" lon="8.008238699623933"><ele>1923.8</ele></trkpt><trkpt lat="46.24346863711204" lon="8.008199699385491"><ele>1925.3</ele></trkpt><trkpt lat="46.24339763672732" lon="8.008120699068774"><ele>1927.3</ele></trkpt><trkpt lat="46.24329863620806" lon="8.00802869864059"><ele>1930.0</ele></trkpt><trkpt lat="46.2431916356117" lon="8.007949698147751"><ele>1933.1</ele></trkpt><trkpt lat="46.2431466353616" lon="8.00789769794193"><ele>1934.4</ele></trkpt><trkpt lat="46.243119635168895" lon="8.007832697784684"><ele>1935.4</ele></trkpt><trkpt lat="46.24306663476412" lon="8.007754697451828"><ele>1937.5</ele></trkpt><trkpt lat="46.24295063399374" lon="8.007584696818897"><ele>1941.5</ele></trkpt><trkpt lat="46.24279763310865" lon="8.007453696088277"><ele>1946.1</ele></trkpt><trkpt lat="46.24259263193484" lon="8.007191695123463"><ele>1952.2</ele></trkpt><trkpt lat="46.242484631435325" lon="8.00707369471267"><ele>1954.8</ele></trkpt><trkpt lat="46.242395630993286" lon="8.007008694347462"><ele>1957.1</ele></trkpt><trkpt lat="46.24224263030184" lon="8.006902693776121"><ele>1960.7</ele></trkpt><trkpt lat="46.24206362959203" lon="8.006771693190073"><ele>1964.4</ele></trkpt><trkpt lat="46.24199162924614" lon="8.006718692904395"><ele>1966.2</ele></trkpt><trkpt lat="46.24192862901621" lon="8.00670569271302"><ele>1967.4</ele></trkpt><trkpt lat="46.241884628862984" lon="8.006691692585692"><ele>1968.2</ele></trkpt><trkpt lat="46.24184862869004" lon="8.006665692442832"><ele>1969.1</ele></trkpt><trkpt lat="46.24183062857452" lon="8.006639692347958"><ele>1969.7</ele></trkpt><trkpt lat="46.241785628421304" lon="8.006625692220641"><ele>1970.5</ele></trkpt><trkpt lat="46.241758628267405" lon="8.006599692093761"><ele>1971.3</ele></trkpt><trkpt lat="46.24165962782581" lon="8.006533691728722"><ele>1973.6</ele></trkpt><trkpt lat="46.241633627652455" lon="8.006481691587002"><ele>1974.5</ele></trkpt><trkpt lat="46.241606627498534" lon="8.00644269146073"><ele>1975.3</ele></trkpt><trkpt lat="46.24157062728681" lon="8.006377691287614"><ele>1976.4</ele></trkpt><trkpt lat="46.24153562701699" lon="8.00629969106701"><ele>1977.8</ele></trkpt><trkpt lat="46.241454626594056" lon="8.006220690718516"><ele>1980.0</ele></trkpt><trkpt lat="46.241374626035494" lon="8.006102690259631"><ele>1982.9</ele></trkpt><trkpt lat="46.241231625034054" lon="8.005906689436127"><ele>1988.1</ele></trkpt><trkpt lat="46.24115062464984" lon="8.005828689119683"><ele>1990.1</ele></trkpt><trkpt lat="46.241078624265434" lon="8.00580168880084"><ele>1992.1</ele></trkpt><trkpt lat="46.24094462349607" lon="8.005683688166071"><ele>1996.1</ele></trkpt><trkpt lat="46.24091762334224" lon="8.005657688039229"><ele>1996.9</ele></trkpt><trkpt lat="46.240863623034535" lon="8.005617687784998"><ele>1998.5</ele></trkpt><trkpt lat="46.240792622669424" lon="8.005591687482145"><ele>2000.4</ele></trkpt><trkpt lat="46.2407566224385" lon="8.005551687291916"><ele>2001.6</ele></trkpt><trkpt lat="46.240702622169614" lon="8.00553868706849"><ele>2003.0</ele></trkpt><trkpt lat="46.24067562199629" lon="8.005499686926237"><ele>2003.9</ele></trkpt><trkpt lat="46.2406306218238" lon="8.005472686783538"><ele>2004.8</ele></trkpt><trkpt lat="46.240594621612196" lon="8.00544668660869"><ele>2005.9</ele></trkpt><trkpt lat="46.2405586214587" lon="8.00542068648192"><ele>2006.7</ele></trkpt><trkpt lat="46.240532621304716" lon="8.005368686356297"><ele>2007.5</ele></trkpt><trkpt lat="46.24047862111309" lon="8.005315686198847"><ele>2008.5</ele></trkpt><trkpt lat="46.24045162101733" lon="8.00530268611949"><ele>2009.0</ele></trkpt><trkpt lat="46.240379620652206" lon="8.005236685818538"><ele>2010.9</ele></trkpt><trkpt lat="46.24034462049868" lon="8.005223685691162"><ele>2011.7</ele></trkpt><trkpt lat="46.24032662038321" lon="8.00521068559573"><ele>2012.3</ele></trkpt><trkpt lat="46.24029961999704" lon="8.00510668528027"><ele>2014.3</ele></trkpt><trkpt lat="46.24027361980435" lon="8.005041685123219"><ele>2015.3</ele></trkpt><trkpt lat="46.24023761943784" lon="8.004963684822638"><ele>2017.2</ele></trkpt><trkpt lat="46.24021061912923" lon="8.004923684568293"><ele>2018.8</ele></trkpt><trkpt lat="46.24017461905312" lon="8.004910684505026"><ele>2019.2</ele></trkpt><trkpt lat="46.240102618823585" lon="8.004896684313836"><ele>2020.4</ele></trkpt><trkpt lat="46.24003061857476" lon="8.004883684106582"><ele>2021.7</ele></trkpt><trkpt lat="46.239950618229365" lon="8.004843683820525"><ele>2023.5</ele></trkpt><trkpt lat="46.23991461813388" lon="8.00480468374246"><ele>2024.0</ele></trkpt><trkpt lat="46.239869617961375" lon="8.004790683599186"><ele>2024.9</ele></trkpt><trkpt lat="46.23977961761641" lon="8.004750683313198"><ele>2026.7</ele></trkpt><trkpt lat="46.239689617135966" lon="8.004711682915008"><ele>2029.2</ele></trkpt><trkpt lat="46.23960061677158" lon="8.004658682613616"><ele>2031.1</ele></trkpt><trkpt lat="46.239564616598784" lon="8.004632682470856"><ele>2032.0</ele></trkpt><trkpt lat="46.2395286164065" lon="8.004592682312735"><ele>2033.0</ele></trkpt><trkpt lat="46.2395286164065" lon="8.004592682312735"><ele>2033.0</ele></trkpt><trkpt lat="46.23948361615656" lon="8.004527682107787"><ele>2034.3</ele></trkpt><trkpt lat="46.239385615676326" lon="8.00442268171279"><ele>2036.8</ele></trkpt><trkpt lat="46.23928761527341" lon="8.004305681382464"><ele>2038.9</ele></trkpt><trkpt lat="46.23912661450514" lon="8.004121680751307"><ele>2042.9</ele></trkpt><trkpt lat="46.239045614063" lon="8.004030680387633"><ele>2045.2</ele></trkpt><trkpt lat="46.238965613640254" lon="8.003964680038802"><ele>2047.4</ele></trkpt><trkpt lat="46.23888461317882" lon="8.003873679659128"><ele>2049.8</ele></trkpt><trkpt lat="46.2388576129862" lon="8.00380767950223"><ele>2050.8</ele></trkpt><trkpt lat="46.23882261279391" lon="8.003755679344714"><ele>2051.8</ele></trkpt><trkpt lat="46.23878661238872" lon="8.003638679014093"><ele>2053.9</ele></trkpt><trkpt lat="46.23873361202295" lon="8.003547678714382"><ele>2055.8</ele></trkpt><trkpt lat="46.238679611734675" lon="8.003481678477566"><ele>2057.3</ele></trkpt><trkpt lat="46.23863461150408" lon="8.003429678288098"><ele>2058.5</ele></trkpt><trkpt lat="46.23860861133087" lon="8.00339067814595"><ele>2059.4</ele></trkpt><trkpt lat="46.238554611042645" lon="8.003351677907858"><ele>2060.9</ele></trkpt><trkpt lat="46.23850961075411" lon="8.003311677669764"><ele>2062.4</ele></trkpt><trkpt lat="46.238473610639375" lon="8.003311677573874"><ele>2063.0</ele></trkpt><trkpt lat="46.23838361025581" lon="8.00327167725597"><ele>2065.0</ele></trkpt><trkpt lat="46.23833860998662" lon="8.003245677033233"><ele>2066.4</ele></trkpt><trkpt lat="46.238249609602946" lon="8.003166676717198"><ele>2068.4</ele></trkpt><trkpt lat="46.23815960920009" lon="8.003126676383294"><ele>2070.5</ele></trkpt><trkpt lat="46.23806060881679" lon="8.00306067606672"><ele>2072.5</ele></trkpt><trkpt lat="46.238025608702024" lon="8.003047675971448"><ele>2073.1</ele></trkpt><trkpt lat="46.23797160849135" lon="8.003046675795636"><ele>2074.2</ele></trkpt><trkpt lat="46.23795360839527" lon="8.003033675716281"><ele>2074.7</ele></trkpt><trkpt lat="46.23788160804967" lon="8.00298167543091"><ele>2076.5</ele></trkpt><trkpt lat="46.23784560785751" lon="8.00292867527351"><ele>2077.5</ele></trkpt><trkpt lat="46.23780960766536" lon="8.002889675115439"><ele>2078.5</ele></trkpt><trkpt lat="46.23772960726202" lon="8.00281067478338"><ele>2080.6</ele></trkpt><trkpt lat="46.23771160714656" lon="8.002784674688643"><ele>2081.2</ele></trkpt><trkpt lat="46.23766660699356" lon="8.002784674560786"><ele>2082.0</ele></trkpt><trkpt lat="46.23763960693654" lon="8.002771674513529"><ele>2082.3</ele></trkpt><trkpt lat="46.237630606859454" lon="8.002758674450149"><ele>2082.7</ele></trkpt><trkpt lat="46.237621606685614" lon="8.002706674308557"><ele>2083.6</ele></trkpt><trkpt lat="46.237586606493316" lon="8.002653674151171"><ele>2084.6</ele></trkpt><trkpt lat="46.23755060626247" lon="8.002601673961708"><ele>2085.8</ele></trkpt><trkpt lat="46.2375416061273" lon="8.002549673852164"><ele>2086.5</ele></trkpt><trkpt lat="46.23744360564721" lon="8.00244467345745"><ele>2089.0</ele></trkpt><trkpt lat="46.23738060518525" lon="8.002379673076605"><ele>2091.4</ele></trkpt><trkpt lat="46.23732660495523" lon="8.002365672885428"><ele>2092.6</ele></trkpt><trkpt lat="46.23729960485949" lon="8.002352672806149"><ele>2093.1</ele></trkpt><trkpt lat="46.23727360466698" lon="8.002313672648047"><ele>2094.1</ele></trkpt><trkpt lat="46.237237604590966" lon="8.00230067258484"><ele>2094.5</ele></trkpt><trkpt lat="46.23719260447658" lon="8.002273672490338"><ele>2095.1</ele></trkpt><trkpt lat="46.23717460422569" lon="8.002221672284774"><ele>2096.4</ele></trkpt><trkpt lat="46.23713860393685" lon="8.002182672046667"><ele>2097.9</ele></trkpt><trkpt lat="46.237075603707126" lon="8.00216867185555"><ele>2099.1</ele></trkpt><trkpt lat="46.237031603554" lon="8.002129671729607"><ele>2099.9</ele></trkpt><trkpt lat="46.236986603071976" lon="8.002038671333942"><ele>2102.4</ele></trkpt><trkpt lat="46.23695060289913" lon="8.001973671193204"><ele>2103.3</ele></trkpt><trkpt lat="46.23689760264959" lon="8.001920670987928"><ele>2104.6</ele></trkpt><trkpt lat="46.23667360155523" lon="8.00169867008737"><ele>2110.3</ele></trkpt><trkpt lat="46.23658360134592" lon="8.001671669913105"><ele>2111.4</ele></trkpt><trkpt lat="46.23652960109638" lon="8.001592669709133"><ele>2112.7</ele></trkpt><trkpt lat="46.236503600942534" lon="8.00154066958374"><ele>2113.5</ele></trkpt><trkpt lat="46.236485600633586" lon="8.001475669330821"><ele>2115.1</ele></trkpt><trkpt lat="46.23643160067424" lon="8.001436669365109"><ele>2114.9</ele></trkpt><trkpt lat="46.23633360042647" lon="8.001357669161438"><ele>2116.2</ele></trkpt><trkpt lat="46.236252600178" lon="8.00127866895766"><ele>2117.5</ele></trkpt><trkpt lat="46.23620859992811" lon="8.001213668752966"><ele>2118.8</ele></trkpt><trkpt lat="46.236064599101866" lon="8.001108668070499"><ele>2123.1</ele></trkpt><trkpt lat="46.23601159887156" lon="8.001004667883807"><ele>2124.3</ele></trkpt><trkpt lat="46.23598459862098" lon="8.000913667680308"><ele>2125.6</ele></trkpt><trkpt lat="46.235921598352576" lon="8.000886667457877"><ele>2127.0</ele></trkpt><trkpt lat="46.235859597967966" lon="8.000795667142523"><ele>2129.0</ele></trkpt><trkpt lat="46.23583259785278" lon="8.000704667051126"><ele>2129.6</ele></trkpt><trkpt lat="46.2357615976619" lon="8.000599666896662"><ele>2130.6</ele></trkpt><trkpt lat="46.235698597354684" lon="8.00052166664474"><ele>2132.2</ele></trkpt><trkpt lat="46.235609597145206" lon="8.000416666474395"><ele>2133.3</ele></trkpt><trkpt lat="46.235519596703654" lon="8.000311666111925"><ele>2135.6</ele></trkpt><trkpt lat="46.235421596262476" lon="8.000220665748822"><ele>2137.9</ele></trkpt><trkpt lat="46.23536759601301" lon="8.000154665544311"><ele>2139.2</ele></trkpt><trkpt lat="46.23530559570567" lon="8.000011665295657"><ele>2140.8</ele></trkpt><trkpt lat="46.235296595609015" lon="7.999907665220835"><ele>2141.3</ele></trkpt><trkpt lat="46.23531559551122" lon="7.999765665147732"><ele>2141.8</ele></trkpt><trkpt lat="46.235315595414356" lon="7.9997136650702725"><ele>2142.3</ele></trkpt><trkpt lat="46.23530759529835" lon="7.999609664979443"><ele>2142.9</ele></trkpt><trkpt lat="46.23532659520057" lon="7.999480664905702"><ele>2143.4</ele></trkpt><trkpt lat="46.23533559502584" lon="7.999363664767388"><ele>2144.3</ele></trkpt><trkpt lat="46.23533559483223" lon="7.999298664610546"><ele>2145.3</ele></trkpt><trkpt lat="46.23537259426947" lon="7.999091664156395"><ele>2148.2</ele></trkpt><trkpt lat="46.23540059376502" lon="7.998923663748402"><ele>2150.8</ele></trkpt><trkpt lat="46.235428593144576" lon="7.998742663245042"><ele>2154.0</ele></trkpt><trkpt lat="46.23546559291074" lon="7.998639663057876"><ele>2155.2</ele></trkpt><trkpt lat="46.23551059269609" lon="7.998587662884117"><ele>2156.3</ele></trkpt><trkpt lat="46.23554659242369" lon="7.998523662662999"><ele>2157.7</ele></trkpt><trkpt lat="46.23556459221009" lon="7.99845866249007"><ele>2158.8</ele></trkpt><trkpt lat="46.23557459207408" lon="7.998380662381875"><ele>2159.5</ele></trkpt><trkpt lat="46.235565591861445" lon="7.998290662210381"><ele>2160.6</ele></trkpt><trkpt lat="46.23559359168606" lon="7.998212662070063"><ele>2161.5</ele></trkpt><trkpt lat="46.23567559131482" lon="7.998019661775121"><ele>2163.4</ele></trkpt><trkpt lat="46.23569359106244" lon="7.997941661570859"><ele>2164.7</ele></trkpt><trkpt lat="46.235766590401155" lon="7.997644661041172"><ele>2168.1</ele></trkpt><trkpt lat="46.23582258995339" lon="7.997385660685764"><ele>2170.4</ele></trkpt><trkpt lat="46.235859589602896" lon="7.99707466041315"><ele>2172.2</ele></trkpt><trkpt lat="46.23587058919538" lon="7.996737660094043"><ele>2174.3</ele></trkpt><trkpt lat="46.23586158913746" lon="7.996646660050692"><ele>2174.6</ele></trkpt><trkpt lat="46.235862589040586" lon="7.9965946599733"><ele>2175.1</ele></trkpt><trkpt lat="46.23586258902108" lon="7.996530659960534"><ele>2175.2</ele></trkpt><trkpt lat="46.23587158903991" lon="7.9964786599791084"><ele>2175.1</ele></trkpt><trkpt lat="46.23588058905884" lon="7.996452659996364"><ele>2175.0</ele></trkpt><trkpt lat="46.23589858907734" lon="7.996426660013562"><ele>2174.9</ele></trkpt><trkpt lat="46.23591758913447" lon="7.99638866006336"><ele>2174.6</ele></trkpt><trkpt lat="46.23592658917268" lon="7.996349660097276"><ele>2174.4</ele></trkpt><trkpt lat="46.235935589172165" lon="7.9962846601005015"><ele>2174.4</ele></trkpt><trkpt lat="46.23593558892049" lon="7.996193659897084"><ele>2175.7</ele></trkpt><trkpt lat="46.23594558870716" lon="7.996129659724245"><ele>2176.8</ele></trkpt><trkpt lat="46.235954588571246" lon="7.996077659614812"><ele>2177.5</ele></trkpt><trkpt lat="46.23597258837699" lon="7.996012659457978"><ele>2178.5</ele></trkpt><trkpt lat="46.235991588201976" lon="7.995948659317093"><ele>2179.4</ele></trkpt><trkpt lat="46.23600958796898" lon="7.995883659128262"><ele>2180.6</ele></trkpt><trkpt lat="46.23604658750296" lon="7.995754658750559"><ele>2183.0</ele></trkpt><trkpt lat="46.23609158697855" lon="7.995612658325475"><ele>2185.7</ele></trkpt><trkpt lat="46.23612858653198" lon="7.995534657961214"><ele>2188.0</ele></trkpt><trkpt lat="46.23617358614308" lon="7.995457657644846"><ele>2190.0</ele></trkpt><trkpt lat="46.236219585696084" lon="7.9953286572831335"><ele>2192.3</ele></trkpt><trkpt lat="46.23631058474409" lon="7.995108656509821"><ele>2197.2</ele></trkpt><trkpt lat="46.236337584452684" lon="7.995044656272938"><ele>2198.7</ele></trkpt><trkpt lat="46.23640058400515" lon="7.99499265590722"><ele>2201.0</ele></trkpt><trkpt lat="46.23645458363532" lon="7.994941655605509"><ele>2202.9</ele></trkpt><trkpt lat="46.236491583246796" lon="7.994877655288586"><ele>2204.9</ele></trkpt><trkpt lat="46.236545582935" lon="7.994825655034928"><ele>2206.5</ele></trkpt><trkpt lat="46.2365995827005" lon="7.994748654846548"><ele>2207.7</ele></trkpt><trkpt lat="46.23666358231075" lon="7.994645654531467"><ele>2209.7</ele></trkpt><trkpt lat="46.23681758094988" lon="7.99442665342191"><ele>2216.7</ele></trkpt><trkpt lat="46.23683558071688" lon="7.9943756532324555"><ele>2217.9</ele></trkpt><trkpt lat="46.23683558056194" lon="7.994310653107838"><ele>2218.7</ele></trkpt><trkpt lat="46.23680058027294" lon="7.994193652874161"><ele>2220.2</ele></trkpt><trkpt lat="46.23677457979016" lon="7.994076652480474"><ele>2222.7</ele></trkpt><trkpt lat="46.23676557950009" lon="7.993959652246645"><ele>2224.2</ele></trkpt><trkpt lat="46.23678457928597" lon="7.99377865207993"><ele>2225.3</ele></trkpt><trkpt lat="46.236812579149124" lon="7.9936616519738255"><ele>2226.0</ele></trkpt><trkpt lat="46.23689457885496" lon="7.993442651744696"><ele>2227.5</ele></trkpt><trkpt lat="46.236984578657406" lon="7.993287651592178"><ele>2228.5</ele></trkpt><trkpt lat="46.23712157834142" lon="7.992977651351429"><ele>2230.1</ele></trkpt><trkpt lat="46.23712157834142" lon="7.992977651351429"><ele>2230.1</ele></trkpt><trkpt lat="46.237166578184414" lon="7.992848651229868"><ele>2230.9</ele></trkpt><trkpt lat="46.2372575779673" lon="7.992629651064699"><ele>2232.0</ele></trkpt><trkpt lat="46.237339577711964" lon="7.992461650864967"><ele>2233.3</ele></trkpt><trkpt lat="46.237448577378046" lon="7.992268650602398"><ele>2235.0</ele></trkpt><trkpt lat="46.23753057704541" lon="7.9921266503373705"><ele>2236.7</ele></trkpt><trkpt lat="46.23760257675187" lon="7.991971650105078"><ele>2238.2</ele></trkpt><trkpt lat="46.23765757655585" lon="7.991868649950162"><ele>2239.2</ele></trkpt><trkpt lat="46.23772957626237" lon="7.99175264971586"><ele>2240.7</ele></trkpt><trkpt lat="46.23778457608576" lon="7.991662649576263"><ele>2241.6</ele></trkpt><trkpt lat="46.237793576007824" lon="7.991597649515626"><ele>2242.0</ele></trkpt><trkpt lat="46.23782157581293" lon="7.991494649360908"><ele>2243.0</ele></trkpt><trkpt lat="46.237866575539954" lon="7.991390649142172"><ele>2244.4</ele></trkpt><trkpt lat="46.23790257540299" lon="7.991365649031307"><ele>2245.1</ele></trkpt><trkpt lat="46.23792957528567" lon="7.99132664893722"><ele>2245.7</ele></trkpt><trkpt lat="46.238047574641946" lon="7.991172648416821"><ele>2249.0</ele></trkpt><trkpt lat="46.238111574232754" lon="7.991069648086007"><ele>2251.1</ele></trkpt><trkpt lat="46.23815657395985" lon="7.99099164786594"><ele>2252.5</ele></trkpt><trkpt lat="46.238201573667524" lon="7.99090164763052"><ele>2254.0</ele></trkpt><trkpt lat="46.23822957349203" lon="7.990824647490468"><ele>2254.9</ele></trkpt><trkpt lat="46.23823957316227" lon="7.990655647227469"><ele>2256.6</ele></trkpt><trkpt lat="46.23824857292925" lon="7.990474647045052"><ele>2257.8</ele></trkpt><trkpt lat="46.23826757271528" lon="7.990344646875887"><ele>2258.9</ele></trkpt><trkpt lat="46.23827657261792" lon="7.990267646799938"><ele>2259.4</ele></trkpt><trkpt lat="46.23826857254075" lon="7.990215646738773"><ele>2259.8</ele></trkpt><trkpt lat="46.23827757246284" lon="7.9901636466774955"><ele>2260.2</ele></trkpt><trkpt lat="46.23829657224885" lon="7.990033646508349"><ele>2261.3</ele></trkpt><trkpt lat="46.23832357209266" lon="7.989930646385687"><ele>2262.1</ele></trkpt><trkpt lat="46.23834157191776" lon="7.989904646243059"><ele>2263.0</ele></trkpt><trkpt lat="46.23844057152656" lon="7.989853645925347"><ele>2265.0</ele></trkpt><trkpt lat="46.23849557135004" lon="7.989815645783097"><ele>2265.9</ele></trkpt><trkpt lat="46.23858557111401" lon="7.989764645593344"><ele>2267.1</ele></trkpt><trkpt lat="46.23863057095724" lon="7.989739645466467"><ele>2267.9</ele></trkpt><trkpt lat="46.23868457080007" lon="7.989687645340956"><ele>2268.7</ele></trkpt><trkpt lat="46.238765570583624" lon="7.989610645168624"><ele>2269.8</ele></trkpt><trkpt lat="46.23882057044576" lon="7.989559645059043"><ele>2270.5</ele></trkpt><trkpt lat="46.238865570385705" lon="7.989521645012786"><ele>2270.8</ele></trkpt><trkpt lat="46.23891057038357" lon="7.9894306450172845"><ele>2270.8</ele></trkpt><trkpt lat="46.23891957036369" lon="7.989379645003933"><ele>2270.9</ele></trkpt><trkpt lat="46.238911570228396" lon="7.989314644895525"><ele>2271.6</ele></trkpt><trkpt lat="46.23890257007381" lon="7.989236644771833"><ele>2272.4</ele></trkpt><trkpt lat="46.23889357011279" lon="7.989210644805231"><ele>2272.2</ele></trkpt><trkpt lat="46.238858570036754" lon="7.989171644743595"><ele>2272.6</ele></trkpt><trkpt lat="46.23879556982646" lon="7.989118644570993"><ele>2273.7</ele></trkpt><trkpt lat="46.23875056978942" lon="7.98905364454277"><ele>2273.9</ele></trkpt><trkpt lat="46.2387235697711" lon="7.989001644529722"><ele>2274.0</ele></trkpt><trkpt lat="46.23869756981044" lon="7.988858644569429"><ele>2273.8</ele></trkpt><trkpt lat="46.238697569771645" lon="7.988819644539524"><ele>2274.0</ele></trkpt><trkpt lat="46.238661569792455" lon="7.98880664455644"><ele>2273.9</ele></trkpt><trkpt lat="46.238589569544104" lon="7.988844644347132"><ele>2275.2</ele></trkpt><trkpt lat="46.23855356941016" lon="7.98883064423623"><ele>2275.9</ele></trkpt><trkpt lat="46.23851756929558" lon="7.988817644141263"><ele>2276.5</ele></trkpt><trkpt lat="46.238446568853384" lon="7.988739643778257"><ele>2278.8</ele></trkpt><trkpt lat="46.238383568662435" lon="7.988686643621662"><ele>2279.8</ele></trkpt><trkpt lat="46.238329568374304" lon="7.988621643385736"><ele>2281.3</ele></trkpt><trkpt lat="46.2383215682198" lon="7.988569643260681"><ele>2282.1</ele></trkpt><trkpt lat="46.23833956798669" lon="7.988504643072215"><ele>2283.3</ele></trkpt><trkpt lat="46.23838556777148" lon="7.988362642903629"><ele>2284.4</ele></trkpt><trkpt lat="46.23838556757781" lon="7.988284642747954"><ele>2285.4</ele></trkpt><trkpt lat="46.238386567248575" lon="7.9881686424824165"><ele>2287.1</ele></trkpt><trkpt lat="46.238386567074336" lon="7.988116642341346"><ele>2288.0</ele></trkpt><trkpt lat="46.238368566958904" lon="7.988077642247651"><ele>2288.6</ele></trkpt><trkpt lat="46.23834156686322" lon="7.988037642170058"><ele>2289.1</ele></trkpt><trkpt lat="46.2382255668679" lon="7.987971642174366"><ele>2289.1</ele></trkpt><trkpt lat="46.23816256700581" lon="7.9879066422901275"><ele>2288.4</ele></trkpt><trkpt lat="46.238144567141866" lon="7.9878676424042"><ele>2287.7</ele></trkpt><trkpt lat="46.23812656723917" lon="7.987815642486997"><ele>2287.2</ele></trkpt><trkpt lat="46.238108567240005" lon="7.987815642487121"><ele>2287.2</ele></trkpt><trkpt lat="46.23808156714437" lon="7.987814642407452"><ele>2287.7</ele></trkpt><trkpt lat="46.23805456699078" lon="7.987827642279097"><ele>2288.5</ele></trkpt><trkpt lat="46.23803756691411" lon="7.987814642215981"><ele>2288.9</ele></trkpt><trkpt lat="46.238019566798556" lon="7.9877366421243705"><ele>2289.5</ele></trkpt><trkpt lat="46.23801956674046" lon="7.98771064207781"><ele>2289.8</ele></trkpt><trkpt lat="46.23798356660645" lon="7.9876846419675775"><ele>2290.5</ele></trkpt><trkpt lat="46.237920566318905" lon="7.987670641729046"><ele>2292.0</ele></trkpt><trkpt lat="46.23789356626194" lon="7.987644641682676"><ele>2292.3</ele></trkpt><trkpt lat="46.23789356626194" lon="7.987644641682676"><ele>2292.3</ele></trkpt><trkpt lat="46.237930565679825" lon="7.987554641207807"><ele>2295.3</ele></trkpt><trkpt lat="46.237957565426946" lon="7.987476641004043"><ele>2296.6</ele></trkpt><trkpt lat="46.23795856513651" lon="7.987398640768501"><ele>2298.1</ele></trkpt><trkpt lat="46.2379405648275" lon="7.9873076405178125"><ele>2299.7</ele></trkpt><trkpt lat="46.23789656442274" lon="7.987190640188806"><ele>2301.8</ele></trkpt><trkpt lat="46.237869564133575" lon="7.9871256399527795"><ele>2303.3</ele></trkpt><trkpt lat="46.23783356376729" lon="7.9870346396543"><ele>2305.2</ele></trkpt><trkpt lat="46.237834563631694" lon="7.986982639545229"><ele>2305.9</ele></trkpt><trkpt lat="46.237861563204554" lon="7.986853639200433"><ele>2308.1</ele></trkpt><trkpt lat="46.237870562913905" lon="7.986801638963481"><ele>2309.6</ele></trkpt><trkpt lat="46.237871562623496" lon="7.986736638727288"><ele>2311.1</ele></trkpt><trkpt lat="46.23786256221738" lon="7.986658638396004"><ele>2313.2</ele></trkpt><trkpt lat="46.237862561946415" lon="7.986607638175058"><ele>2314.6</ele></trkpt><trkpt lat="46.23784556181164" lon="7.986567638065486"><ele>2315.3</ele></trkpt><trkpt lat="46.23782756158008" lon="7.9865026378773765"><ele>2316.5</ele></trkpt><trkpt lat="46.237827561289656" lon="7.9864256376418625"><ele>2318.0</ele></trkpt><trkpt lat="46.237828561038" lon="7.98637363743695"><ele>2319.3</ele></trkpt><trkpt lat="46.237810560767805" lon="7.986321637216202"><ele>2320.7</ele></trkpt><trkpt lat="46.23783756061185" lon="7.986295637089597"><ele>2321.5</ele></trkpt><trkpt lat="46.23785556041753" lon="7.9862826369304"><ele>2322.5</ele></trkpt><trkpt lat="46.23785556014655" lon="7.986218636710178"><ele>2323.9</ele></trkpt><trkpt lat="46.23784755985662" lon="7.98617963647269"><ele>2325.4</ele></trkpt><trkpt lat="46.237829559644474" lon="7.986127636299882"><ele>2326.5</ele></trkpt><trkpt lat="46.23784755923724" lon="7.986049635968469"><ele>2328.6</ele></trkpt><trkpt lat="46.2378475589275" lon="7.985984635716367"><ele>2330.2</ele></trkpt><trkpt lat="46.23783955879236" lon="7.985958635605994"><ele>2330.9</ele></trkpt><trkpt lat="46.237812558638744" lon="7.985945635479078"><ele>2331.7</ele></trkpt><trkpt lat="46.237812558638744" lon="7.985945635479078"><ele>2331.7</ele></trkpt><trkpt lat="46.237803558542254" lon="7.985906635401372"><ele>2332.2</ele></trkpt><trkpt lat="46.23779455834901" lon="7.985828635245907"><ele>2333.2</ele></trkpt><trkpt lat="46.23780455813549" lon="7.985737635075044"><ele>2334.3</ele></trkpt><trkpt lat="46.23780455807725" lon="7.985673635030593"><ele>2334.6</ele></trkpt><trkpt lat="46.23784955797833" lon="7.985582634955345"><ele>2335.1</ele></trkpt><trkpt lat="46.237904557782315" lon="7.985518634798684"><ele>2336.1</ele></trkpt><trkpt lat="46.238048557234094" lon="7.985403634356625"><ele>2338.9</ele></trkpt><trkpt lat="46.23813055697868" lon="7.985274634155393"><ele>2340.2</ele></trkpt><trkpt lat="46.23815755691916" lon="7.985170634112945"><ele>2340.5</ele></trkpt><trkpt lat="46.23815855680274" lon="7.985067634022702"><ele>2341.1</ele></trkpt><trkpt lat="46.23813155661022" lon="7.984989633867401"><ele>2342.1</ele></trkpt><trkpt lat="46.23812355624275" lon="7.984898633568909"><ele>2344.0</ele></trkpt><trkpt lat="46.238123556126524" lon="7.984846633475906"><ele>2344.6</ele></trkpt><trkpt lat="46.23814155583537" lon="7.984781633239719"><ele>2346.1</ele></trkpt><trkpt lat="46.238132555603435" lon="7.984729633050936"><ele>2347.3</ele></trkpt><trkpt lat="46.238105555527234" lon="7.984716632987945"><ele>2347.7</ele></trkpt><trkpt lat="46.238052555432745" lon="7.9847036329091585"><ele>2348.2</ele></trkpt><trkpt lat="46.238016555318175" lon="7.984676632815047"><ele>2348.8</ele></trkpt><trkpt lat="46.23799855520277" lon="7.984637632721466"><ele>2349.4</ele></trkpt><trkpt lat="46.237998554970375" lon="7.984560632533997"><ele>2350.6</ele></trkpt><trkpt lat="46.23801755469847" lon="7.984469632315223"><ele>2352.0</ele></trkpt><trkpt lat="46.23804455452309" lon="7.9844436321727015"><ele>2352.9</ele></trkpt><trkpt lat="46.23808055423144" lon="7.984457631932088"><ele>2354.4</ele></trkpt><trkpt lat="46.23809855413402" lon="7.984496631849957"><ele>2354.9</ele></trkpt><trkpt lat="46.23811655403642" lon="7.984470631771393"><ele>2355.4</ele></trkpt><trkpt lat="46.23811655392028" lon="7.984431631677695"><ele>2356.0</ele></trkpt><trkpt lat="46.238152553608984" lon="7.9843676314253855"><ele>2357.6</ele></trkpt><trkpt lat="46.2381985530841" lon="7.9841996310030305"><ele>2360.3</ele></trkpt><trkpt lat="46.23821755194118" lon="7.98393963007485"><ele>2366.2</ele></trkpt><trkpt lat="46.238235551688724" lon="7.983888629869902"><ele>2367.5</ele></trkpt><trkpt lat="46.23829055137658" lon="7.983823629617555"><ele>2369.1</ele></trkpt><trkpt lat="46.23830855124031" lon="7.983785629507724"><ele>2369.8</ele></trkpt><trkpt lat="46.238317551007455" lon="7.983694629321029"><ele>2371.0</ele></trkpt><trkpt lat="46.23831855073626" lon="7.983577629103888"><ele>2372.4</ele></trkpt><trkpt lat="46.2382925501177" lon="7.983370628604456"><ele>2375.6</ele></trkpt><trkpt lat="46.23827554969247" lon="7.983240628260425"><ele>2377.8</ele></trkpt><trkpt lat="46.23825754936412" lon="7.983162627993386"><ele>2379.5</ele></trkpt><trkpt lat="46.23824854909352" lon="7.983097627773477"><ele>2380.9</ele></trkpt><trkpt lat="46.238267548840994" lon="7.983032627569345"><ele>2382.2</ele></trkpt><trkpt lat="46.238285548685326" lon="7.9830076274428405"><ele>2383.0</ele></trkpt><trkpt lat="46.238303548549055" lon="7.9829816273323715"><ele>2383.7</ele></trkpt><trkpt lat="46.23830354823929" lon="7.982903627081198"><ele>2385.3</ele></trkpt><trkpt lat="46.23831354771613" lon="7.982774626657135"><ele>2388.0</ele></trkpt><trkpt lat="46.23832254758022" lon="7.982735626547456"><ele>2388.7</ele></trkpt><trkpt lat="46.23834054748261" lon="7.982722626468203"><ele>2389.2</ele></trkpt><trkpt lat="46.23836754736544" lon="7.982748626370755"><ele>2389.8</ele></trkpt><trkpt lat="46.23839454719027" lon="7.982787626224674"><ele>2390.7</ele></trkpt><trkpt lat="46.23851954646929" lon="7.982905625626355"><ele>2394.4</ele></trkpt><trkpt lat="46.238573545964144" lon="7.982971625207088"><ele>2397.0</ele></trkpt><trkpt lat="46.238617545749534" lon="7.98302362502821"><ele>2398.1</ele></trkpt><trkpt lat="46.23865354563187" lon="7.983023624932135"><ele>2398.7</ele></trkpt><trkpt lat="46.23868954566894" lon="7.983011624964488"><ele>2398.5</ele></trkpt><trkpt lat="46.238816545140516" lon="7.9828826245396085"><ele>2401.2</ele></trkpt><trkpt lat="46.23893354469007" lon="7.982780624177186"><ele>2403.5</ele></trkpt><trkpt lat="46.23899754460954" lon="7.982677624118615"><ele>2403.9</ele></trkpt><trkpt lat="46.239033544336756" lon="7.98257362390062"><ele>2405.3</ele></trkpt><trkpt lat="46.23907954402491" lon="7.982496623649112"><ele>2406.9</ele></trkpt><trkpt lat="46.23910654375263" lon="7.982419623429679"><ele>2408.3</ele></trkpt><trkpt lat="46.23913454344129" lon="7.982237623184198"><ele>2409.9</ele></trkpt><trkpt lat="46.23921654322417" lon="7.982031623019531"><ele>2411.0</ele></trkpt><trkpt lat="46.23925354308662" lon="7.9818886229155215"><ele>2411.7</ele></trkpt><trkpt lat="46.239316542889874" lon="7.981746622763378"><ele>2412.7</ele></trkpt><trkpt lat="46.239343542811184" lon="7.98170862270145"><ele>2413.1</ele></trkpt><trkpt lat="46.23939854251812" lon="7.981579622468809"><ele>2414.6</ele></trkpt><trkpt lat="46.23944354247721" lon="7.981514622440205"><ele>2414.8</ele></trkpt><trkpt lat="46.23955254251055" lon="7.98137362247928"><ele>2414.6</ele></trkpt><trkpt lat="46.23960654250786" lon="7.981270622484684"><ele>2414.6</ele></trkpt><trkpt lat="46.23967054244651" lon="7.981128622444305"><ele>2414.9</ele></trkpt><trkpt lat="46.23977954240211" lon="7.9808576224268295"><ele>2415.1</ele></trkpt><trkpt lat="46.23983454237993" lon="7.980740622417047"><ele>2415.2</ele></trkpt><trkpt lat="46.23987054235873" lon="7.980663622405152"><ele>2415.3</ele></trkpt><trkpt lat="46.23989854235724" lon="7.980585622409338"><ele>2415.3</ele></trkpt><trkpt lat="46.239916542394674" lon="7.9804306224498545"><ele>2415.1</ele></trkpt><trkpt lat="46.239926542432535" lon="7.980313622488284"><ele>2414.9</ele></trkpt><trkpt lat="46.23993554239309" lon="7.980210622462083"><ele>2415.1</ele></trkpt><trkpt lat="46.239954542004675" lon="7.980003622154339"><ele>2417.1</ele></trkpt><trkpt lat="46.239954542004675" lon="7.980003622154339"><ele>2417.1</ele></trkpt><trkpt lat="46.23993654192802" lon="7.979976622092139"><ele>2417.5</ele></trkpt><trkpt lat="46.23992854185073" lon="7.97991262203195"><ele>2417.9</ele></trkpt><trkpt lat="46.2399105418513" lon="7.97983462203647"><ele>2417.9</ele></trkpt><trkpt lat="46.23988354196846" lon="7.97979462213469"><ele>2417.3</ele></trkpt><trkpt lat="46.23983954210574" lon="7.979755622248937"><ele>2416.6</ele></trkpt><trkpt lat="46.23980354224261" lon="7.979690622364584"><ele>2415.9</ele></trkpt><trkpt lat="46.23975854241843" lon="7.9795996225136845"><ele>2415.0</ele></trkpt><trkpt lat="46.23969654255628" lon="7.979481622632494"><ele>2414.3</ele></trkpt><trkpt lat="46.23965154267416" lon="7.979403622732969"><ele>2413.7</ele></trkpt><trkpt lat="46.239624542771985" lon="7.9793646228151625"><ele>2413.2</ele></trkpt><trkpt lat="46.23957154296773" lon="7.979338622976613"><ele>2412.2</ele></trkpt><trkpt lat="46.23953554322071" lon="7.979298623186608"><ele>2410.9</ele></trkpt><trkpt lat="46.23951754337618" lon="7.9792596233166115"><ele>2410.1</ele></trkpt><trkpt lat="46.23950854349256" lon="7.979220623414631"><ele>2409.5</ele></trkpt><trkpt lat="46.23949954355093" lon="7.979194623464033"><ele>2409.2</ele></trkpt><trkpt lat="46.23947354366808" lon="7.97915562356217"><ele>2408.6</ele></trkpt><trkpt lat="46.239437543863" lon="7.979103623724949"><ele>2407.6</ele></trkpt><trkpt lat="46.23941954397965" lon="7.979051623823753"><ele>2407.0</ele></trkpt><trkpt lat="46.23939354421263" lon="7.978934624022016"><ele>2405.8</ele></trkpt><trkpt lat="46.239366544368366" lon="7.978843624154983"><ele>2405.0</ele></trkpt><trkpt lat="46.23935754444599" lon="7.9787916242218015"><ele>2404.6</ele></trkpt><trkpt lat="46.239322544640764" lon="7.978713624386014"><ele>2403.6</ele></trkpt><trkpt lat="46.23929554466092" lon="7.978596624408709"><ele>2403.5</ele></trkpt><trkpt lat="46.239286544564514" lon="7.978557624331162"><ele>2404.0</ele></trkpt><trkpt lat="46.23926854458468" lon="7.978570624346526"><ele>2403.9</ele></trkpt><trkpt lat="46.23923254466374" lon="7.97858262440995"><ele>2403.5</ele></trkpt><trkpt lat="46.239197544742574" lon="7.978556624475487"><ele>2403.1</ele></trkpt><trkpt lat="46.23917054476299" lon="7.9785176244938265"><ele>2403.0</ele></trkpt><trkpt lat="46.23914354491888" lon="7.97847862462387"><ele>2402.2</ele></trkpt><trkpt lat="46.23911654507464" lon="7.97841362475537"><ele>2401.4</ele></trkpt><trkpt lat="46.23909854517212" lon="7.978386624836799"><ele>2400.9</ele></trkpt><trkpt lat="46.239072545269906" lon="7.978360624918228"><ele>2400.4</ele></trkpt><trkpt lat="46.23904554536779" lon="7.978347624998944"><ele>2399.9</ele></trkpt><trkpt lat="46.23901854558153" lon="7.97825662517976"><ele>2398.8</ele></trkpt><trkpt lat="46.23894754589379" lon="7.978113625443582"><ele>2397.2</ele></trkpt><trkpt lat="46.23892054595281" lon="7.978048625495276"><ele>2396.9</ele></trkpt><trkpt lat="46.23885854624535" lon="7.977917625742391"><ele>2395.4</ele></trkpt><trkpt lat="46.2388225463627" lon="7.977813625844189"><ele>2394.8</ele></trkpt><trkpt lat="46.238787546518765" lon="7.9777226259771705"><ele>2394.0</ele></trkpt><trkpt lat="46.23870754669575" lon="7.977501626133666"><ele>2393.1</ele></trkpt><trkpt lat="46.23864554667861" lon="7.977332626127568"><ele>2393.2</ele></trkpt><trkpt lat="46.238582546874525" lon="7.977215626294086"><ele>2392.2</ele></trkpt><trkpt lat="46.23852954705077" lon="7.977149626441745"><ele>2391.3</ele></trkpt><trkpt lat="46.2384935472262" lon="7.977058626590663"><ele>2390.4</ele></trkpt><trkpt lat="46.23843154744144" lon="7.976954626772402"><ele>2389.3</ele></trkpt><trkpt lat="46.238395547559" lon="7.976915626870559"><ele>2388.7</ele></trkpt><trkpt lat="46.23833254767772" lon="7.976888626968232"><ele>2388.1</ele></trkpt><trkpt lat="46.23829654785335" lon="7.976862627113528"><ele>2387.2</ele></trkpt><trkpt lat="46.238251548009984" lon="7.9768096272444335"><ele>2386.4</ele></trkpt><trkpt lat="46.23818954818669" lon="7.976770627390633"><ele>2385.5</ele></trkpt><trkpt lat="46.23818954818669" lon="7.976770627390633"><ele>2385.5</ele></trkpt><trkpt lat="46.23813554824706" lon="7.97675662743966"><ele>2385.2</ele></trkpt><trkpt lat="46.2380725483659" lon="7.976756627535833"><ele>2384.6</ele></trkpt><trkpt lat="46.23802754852252" lon="7.976703627666728"><ele>2383.8</ele></trkpt><trkpt lat="46.23797354848605" lon="7.976651627638095"><ele>2384.0</ele></trkpt><trkpt lat="46.23791054848863" lon="7.976599627641427"><ele>2384.0</ele></trkpt><trkpt lat="46.2378755487028" lon="7.976546627820113"><ele>2382.9</ele></trkpt><trkpt lat="46.237785548764585" lon="7.976468627872939"><ele>2382.6</ele></trkpt><trkpt lat="46.23771454876744" lon="7.976376627878545"><ele>2382.6</ele></trkpt><trkpt lat="46.23764254880899" lon="7.976272627916736"><ele>2382.4</ele></trkpt><trkpt lat="46.23761554884863" lon="7.976207627952437"><ele>2382.2</ele></trkpt><trkpt lat="46.2375535488319" lon="7.976154627939863"><ele>2382.3</ele></trkpt><trkpt lat="46.2375085488336" lon="7.97607662794451"><ele>2382.3</ele></trkpt><trkpt lat="46.23747354883489" lon="7.975985627949805"><ele>2382.3</ele></trkpt><trkpt lat="46.237410548759726" lon="7.975803627896537"><ele>2382.7</ele></trkpt><trkpt lat="46.23738454856716" lon="7.975725627741532"><ele>2383.7</ele></trkpt><trkpt lat="46.23732154837621" lon="7.97563362758757"><ele>2384.7</ele></trkpt><trkpt lat="46.237295548241704" lon="7.975555627480427"><ele>2385.4</ele></trkpt><trkpt lat="46.23726854814607" lon="7.975503627403749"><ele>2385.9</ele></trkpt><trkpt lat="46.237170548072534" lon="7.975360627348585"><ele>2386.3</ele></trkpt><trkpt lat="46.23708954807583" lon="7.975268627354273"><ele>2386.3</ele></trkpt><trkpt lat="46.23697354829316" lon="7.975073627541386"><ele>2385.2</ele></trkpt><trkpt lat="46.23682154845417" lon="7.974941627677392"><ele>2384.4</ele></trkpt><trkpt lat="46.236776548436666" lon="7.9748896276646475"><ele>2384.5</ele></trkpt><trkpt lat="46.23674954836051" lon="7.974889627601042"><ele>2384.9</ele></trkpt><trkpt lat="46.23667754805425" lon="7.974914627344975"><ele>2386.5</ele></trkpt><trkpt lat="46.236632548036866" lon="7.974914627329348"><ele>2386.6</ele></trkpt><trkpt lat="46.23659654811575" lon="7.974887627394901"><ele>2386.2</ele></trkpt><trkpt lat="46.236588548290015" lon="7.974822627542112"><ele>2385.3</ele></trkpt><trkpt lat="46.23657954832902" lon="7.974796627575518"><ele>2385.1</ele></trkpt><trkpt lat="46.23655254825275" lon="7.974783627512635"><ele>2385.5</ele></trkpt><trkpt lat="46.23651654817698" lon="7.974770627449817"><ele>2385.9</ele></trkpt><trkpt lat="46.23646254814045" lon="7.974705627421913"><ele>2386.1</ele></trkpt><trkpt lat="46.23643554814147" lon="7.974652627425048"><ele>2386.1</ele></trkpt><trkpt lat="46.23637354808607" lon="7.974613627379809"><ele>2386.4</ele></trkpt><trkpt lat="46.23636454820242" lon="7.974574627477735"><ele>2385.8</ele></trkpt><trkpt lat="46.23635554839608" lon="7.974535627639449"><ele>2384.8</ele></trkpt><trkpt lat="46.236337548435515" lon="7.974509627672922"><ele>2384.6</ele></trkpt><trkpt lat="46.23631054833997" lon="7.974496627594094"><ele>2385.1</ele></trkpt><trkpt lat="46.23626554820653" lon="7.9744956274828285"><ele>2385.8</ele></trkpt><trkpt lat="46.23622954820804" lon="7.97445662748525"><ele>2385.8</ele></trkpt><trkpt lat="46.236212548285906" lon="7.9743916275527775"><ele>2385.4</ele></trkpt><trkpt lat="46.236176548364696" lon="7.9743396276197105"><ele>2385.0</ele></trkpt><trkpt lat="46.23611454850243" lon="7.974196627739726"><ele>2384.3</ele></trkpt><trkpt lat="46.2360695485813" lon="7.9740536278117675"><ele>2383.9</ele></trkpt><trkpt lat="46.236052548620606" lon="7.97400062784673"><ele>2383.7</ele></trkpt><trkpt lat="46.236016548486646" lon="7.97396162773752"><ele>2384.4</ele></trkpt><trkpt lat="46.23598054835272" lon="7.973922627628311"><ele>2385.1</ele></trkpt><trkpt lat="46.23596254831468" lon="7.973870627599429"><ele>2385.3</ele></trkpt><trkpt lat="46.23595354841164" lon="7.973831627681394"><ele>2384.8</ele></trkpt><trkpt lat="46.23592754864474" lon="7.973766627876547"><ele>2383.6</ele></trkpt><trkpt lat="46.235918548664344" lon="7.973727627894724"><ele>2383.5</ele></trkpt><trkpt lat="46.23589154864609" lon="7.973701627880412"><ele>2383.6</ele></trkpt><trkpt lat="46.235873548646765" lon="7.973662627882702"><ele>2383.6</ele></trkpt><trkpt lat="46.235856548802026" lon="7.973584628014722"><ele>2382.8</ele></trkpt><trkpt lat="46.23582054882272" lon="7.97351962803453"><ele>2382.7</ele></trkpt><trkpt lat="46.23578454863076" lon="7.973466627878264"><ele>2383.7</ele></trkpt><trkpt lat="46.23574054853587" lon="7.973427627801016"><ele>2384.2</ele></trkpt><trkpt lat="46.23571354834359" lon="7.973401627643189"><ele>2385.2</ele></trkpt><trkpt lat="46.23568654795786" lon="7.973375627325911"><ele>2387.2</ele></trkpt><trkpt lat="46.23565054757239" lon="7.9732966270116465"><ele>2389.2</ele></trkpt><trkpt lat="46.235605547574124" lon="7.973231627015583"><ele>2389.2</ele></trkpt><trkpt lat="46.235498547520585" lon="7.973152626972905"><ele>2389.5</ele></trkpt><trkpt lat="46.23542654756217" lon="7.97306162701037"><ele>2389.3</ele></trkpt><trkpt lat="46.235391547544175" lon="7.97299662699829"><ele>2389.4</ele></trkpt><trkpt lat="46.23537354758349" lon="7.9729446270332005"><ele>2389.2</ele></trkpt><trkpt lat="46.23525754751081" lon="7.97280062697826"><ele>2389.6</ele></trkpt><trkpt lat="46.23521254749337" lon="7.972774626964084"><ele>2389.7</ele></trkpt><trkpt lat="46.23518554751373" lon="7.972709626983835"><ele>2389.6</ele></trkpt><trkpt lat="46.2351495474185" lon="7.972669626906599"><ele>2390.1</ele></trkpt><trkpt lat="46.23512354749688" lon="7.972630626972726"><ele>2389.7</ele></trkpt><trkpt lat="46.23509654745934" lon="7.972604626942478"><ele>2389.9</ele></trkpt><trkpt lat="46.23501554730802" lon="7.9725646268177375"><ele>2390.7</ele></trkpt><trkpt lat="46.23496154734903" lon="7.9725386268514535"><ele>2390.5</ele></trkpt><trkpt lat="46.2349255473505" lon="7.972499626853882"><ele>2390.5</ele></trkpt><trkpt lat="46.23484554719913" lon="7.972433626730578"><ele>2391.3</ele></trkpt><trkpt lat="46.23480054720098" lon="7.97239462673307"><ele>2391.3</ele></trkpt><trkpt lat="46.23473754716493" lon="7.972354626703862"><ele>2391.5</ele></trkpt><trkpt lat="46.2346485471299" lon="7.9722506266784"><ele>2391.7</ele></trkpt><trkpt lat="46.23458554713243" lon="7.972184626682525"><ele>2391.7</ele></trkpt><trkpt lat="46.234486547156095" lon="7.972144626701402"><ele>2391.6</ele></trkpt><trkpt lat="46.234396547218" lon="7.972117626751373"><ele>2391.3</ele></trkpt><trkpt lat="46.23427154714592" lon="7.9720386266928935"><ele>2391.7</ele></trkpt><trkpt lat="46.234217547109594" lon="7.972025626662119"><ele>2391.9</ele></trkpt><trkpt lat="46.23417254707288" lon="7.972025626630557"><ele>2392.1</ele></trkpt><trkpt lat="46.23407354711588" lon="7.971998626664653"><ele>2391.9</ele></trkpt><trkpt lat="46.23398354700376" lon="7.971984626570422"><ele>2392.5</ele></trkpt><trkpt lat="46.23394754696675" lon="7.97199662653813"><ele>2392.7</ele></trkpt><trkpt lat="46.2338845470084" lon="7.972061626566843"><ele>2392.5</ele></trkpt><trkpt lat="46.23374854713075" lon="7.972163626657784"><ele>2391.9</ele></trkpt><trkpt lat="46.23365854709627" lon="7.9722276266229795"><ele>2392.1</ele></trkpt><trkpt lat="46.233577547080536" lon="7.9722396266069495"><ele>2392.2</ele></trkpt><trkpt lat="46.23349654702625" lon="7.97229062655686"><ele>2392.5</ele></trkpt><trkpt lat="46.23341554703004" lon="7.972354626553874"><ele>2392.5</ele></trkpt><trkpt lat="46.2333425470335" lon="7.972418626550834"><ele>2392.5</ele></trkpt><trkpt lat="46.233252547018246" lon="7.972456626533415"><ele>2392.6</ele></trkpt><trkpt lat="46.23323454701912" lon="7.972482626532097"><ele>2392.6</ele></trkpt><trkpt lat="46.23322554703902" lon="7.972521626545929"><ele>2392.5</ele></trkpt><trkpt lat="46.23321654707821" lon="7.972573626574985"><ele>2392.3</ele></trkpt><trkpt lat="46.23318854709895" lon="7.972624626588287"><ele>2392.2</ele></trkpt><trkpt lat="46.23317054709988" lon="7.972676626585521"><ele>2392.2</ele></trkpt><trkpt lat="46.233161546965256" lon="7.972779626468246"><ele>2392.9</ele></trkpt><trkpt lat="46.233142546985626" lon="7.972844626480708"><ele>2392.8</ele></trkpt><trkpt lat="46.23312454698651" lon="7.972857626480108"><ele>2392.8</ele></trkpt><trkpt lat="46.233088547026775" lon="7.9728706265115274"><ele>2392.6</ele></trkpt><trkpt lat="46.23303554706766" lon="7.972830626546025"><ele>2392.4</ele></trkpt><trkpt lat="46.23297254714765" lon="7.972778626613141"><ele>2392.0</ele></trkpt><trkpt lat="46.2329275472656" lon="7.972751626710628"><ele>2391.4</ele></trkpt><trkpt lat="46.232855547307395" lon="7.9727386267437526"><ele>2391.2</ele></trkpt><trkpt lat="46.23273854723516" lon="7.972723626681652"><ele>2391.6</ele></trkpt><trkpt lat="46.232675547257244" lon="7.972697626699489"><ele>2391.5</ele></trkpt><trkpt lat="46.23259554733805" lon="7.9726706267653356"><ele>2391.1</ele></trkpt><trkpt lat="46.232550547456" lon="7.97265762686204"><ele>2390.5</ele></trkpt><trkpt lat="46.23248754757485" lon="7.97266962695748"><ele>2389.9</ele></trkpt><trkpt lat="46.23245154765382" lon="7.972682627020786"><ele>2389.5</ele></trkpt><trkpt lat="46.2324055477913" lon="7.972720627130604"><ele>2388.8</ele></trkpt><trkpt lat="46.23229754804777" lon="7.972823627332909"><ele>2387.5</ele></trkpt><trkpt lat="46.232252548165974" lon="7.972887627425337"><ele>2386.9</ele></trkpt><trkpt lat="46.23222554820593" lon="7.97292662745525"><ele>2386.7</ele></trkpt><trkpt lat="46.23217954830475" lon="7.972964627533188"><ele>2386.2</ele></trkpt><trkpt lat="46.232089548482975" lon="7.973041627673046"><ele>2385.3</ele></trkpt><trkpt lat="46.232008548641495" lon="7.973131627796176"><ele>2384.5</ele></trkpt><trkpt lat="46.23189054885959" lon="7.97319562796885"><ele>2383.4</ele></trkpt><trkpt lat="46.231764549058724" lon="7.973271628124972"><ele>2382.4</ele></trkpt><trkpt lat="46.23173754911799" lon="7.973297628171562"><ele>2382.1</ele></trkpt><trkpt lat="46.231692549352175" lon="7.973361628359665"><ele>2380.9</ele></trkpt><trkpt lat="46.23160154982057" lon="7.97347762873656"><ele>2378.5</ele></trkpt><trkpt lat="46.23155654997739" lon="7.973554628860176"><ele>2377.7</ele></trkpt><trkpt lat="46.23151055013449" lon="7.973671628981593"><ele>2376.9</ele></trkpt><trkpt lat="46.23143855023466" lon="7.973774629056133"><ele>2376.4</ele></trkpt><trkpt lat="46.23137455021848" lon="7.973890629034225"><ele>2376.5</ele></trkpt><trkpt lat="46.23131155014422" lon="7.9739806289659105"><ele>2376.9</ele></trkpt><trkpt lat="46.23125655020505" lon="7.9741226290062865"><ele>2376.6</ele></trkpt><trkpt lat="46.2311845502666" lon="7.974251629047498"><ele>2376.3</ele></trkpt><trkpt lat="46.23112055050175" lon="7.974367629232898"><ele>2375.1</ele></trkpt><trkpt lat="46.231012550603516" lon="7.9744826293070465"><ele>2374.6</ele></trkpt><trkpt lat="46.23092155060772" lon="7.9745466293041565"><ele>2374.6</ele></trkpt><trkpt lat="46.23072355071352" lon="7.974687629377503"><ele>2374.1</ele></trkpt><trkpt lat="46.23060655075738" lon="7.974712629408848"><ele>2373.9</ele></trkpt><trkpt lat="46.230561550952736" lon="7.974724629567977"><ele>2372.9</ele></trkpt><trkpt lat="46.23048055107236" lon="7.974762629662138"><ele>2372.3</ele></trkpt><trkpt lat="46.230426551113524" lon="7.974788629692982"><ele>2372.1</ele></trkpt><trkpt lat="46.23034455138794" lon="7.9748526299133"><ele>2370.7</ele></trkpt><trkpt lat="46.23026355166251" lon="7.97496863013074"><ele>2369.3</ele></trkpt><trkpt lat="46.23019055172404" lon="7.975097630171994"><ele>2369.0</ele></trkpt><trkpt lat="46.230136551688084" lon="7.975187630135517"><ele>2369.2</ele></trkpt><trkpt lat="46.230099551670556" lon="7.975251630116303"><ele>2369.3</ele></trkpt><trkpt lat="46.230081551632736" lon="7.975277630083094"><ele>2369.5</ele></trkpt><trkpt lat="46.230081551632736" lon="7.975277630083094"><ele>2369.5</ele></trkpt><trkpt lat="46.230045551576545" lon="7.975341630031975"><ele>2369.8</ele></trkpt><trkpt lat="46.23000955152027" lon="7.9753936299815145"><ele>2370.1</ele></trkpt><trkpt lat="46.229927551234184" lon="7.9754836297378935"><ele>2371.6</ele></trkpt><trkpt lat="46.22989155113927" lon="7.975534629655589"><ele>2372.1</ele></trkpt><trkpt lat="46.22986455100533" lon="7.975599629540544"><ele>2372.8</ele></trkpt><trkpt lat="46.22981055075663" lon="7.975676629329335"><ele>2374.1</ele></trkpt><trkpt lat="46.22974655041185" lon="7.975792629036285"><ele>2375.9</ele></trkpt><trkpt lat="46.229710550258886" lon="7.975831628906781"><ele>2376.7</ele></trkpt><trkpt lat="46.22968355010558" lon="7.97586962877727"><ele>2377.5</ele></trkpt><trkpt lat="46.22963854991436" lon="7.975908628615933"><ele>2378.5</ele></trkpt><trkpt lat="46.22961954974134" lon="7.975933628471137"><ele>2379.4</ele></trkpt><trkpt lat="46.229575549627306" lon="7.975933628375749"><ele>2380.0</ele></trkpt><trkpt lat="46.2295215495523" lon="7.97592062831305"><ele>2380.4</ele></trkpt><trkpt lat="46.2294945494181" lon="7.975893628203089"><ele>2381.1</ele></trkpt><trkpt lat="46.22923354875291" lon="7.975839627649699"><ele>2384.6</ele></trkpt><trkpt lat="46.22923354875291" lon="7.975839627649699"><ele>2384.6</ele></trkpt><trkpt lat="46.22917954858129" lon="7.975825627507312"><ele>2385.5</ele></trkpt><trkpt lat="46.22912554840968" lon="7.975812627364873"><ele>2386.4</ele></trkpt><trkpt lat="46.229053548258086" lon="7.975785627239291"><ele>2387.2</ele></trkpt><trkpt lat="46.22902754820124" lon="7.97577262719235"><ele>2387.5</ele></trkpt><trkpt lat="46.22896454801076" lon="7.975771627033359"><ele>2388.5</ele></trkpt><trkpt lat="46.228901547800845" lon="7.975758626859087"><ele>2389.6</ele></trkpt><trkpt lat="46.22884754757123" lon="7.975731626669586"><ele>2390.8</ele></trkpt><trkpt lat="46.22880254734119" lon="7.9756926264806856"><ele>2392.0</ele></trkpt><trkpt lat="46.22878454724531" lon="7.975692626401065"><ele>2392.5</ele></trkpt><trkpt lat="46.22873054701563" lon="7.975653626212235"><ele>2393.7</ele></trkpt><trkpt lat="46.22869454678525" lon="7.975639626021884"><ele>2394.9</ele></trkpt><trkpt lat="46.22856054605635" lon="7.97552162542337"><ele>2398.7</ele></trkpt><trkpt lat="46.228443545520086" lon="7.975442624982063"><ele>2401.5</ele></trkpt><trkpt lat="46.22837254507852" lon="7.975390624618664"><ele>2403.8</ele></trkpt><trkpt lat="46.228264544445395" lon="7.9753246240968485"><ele>2407.1</ele></trkpt><trkpt lat="46.22819254396526" lon="7.975284623700908"><ele>2409.6</ele></trkpt><trkpt lat="46.22814754379323" lon="7.975258623559159"><ele>2410.5</ele></trkpt><trkpt lat="46.22812054363983" lon="7.9752456234324995"><ele>2411.3</ele></trkpt><trkpt lat="46.22805854341055" lon="7.975205623243821"><ele>2412.5</ele></trkpt><trkpt lat="46.22801354321914" lon="7.975166623086857"><ele>2413.5</ele></trkpt><trkpt lat="46.22794154287422" lon="7.975100622804026"><ele>2415.3</ele></trkpt><trkpt lat="46.22791454272084" lon="7.975087622677375"><ele>2416.1</ele></trkpt><trkpt lat="46.22788754268333" lon="7.975061622647138"><ele>2416.3</ele></trkpt><trkpt lat="46.22787054264527" lon="7.97502262261756"><ele>2416.5</ele></trkpt><trkpt lat="46.2278435425498" lon="7.974996622539484"><ele>2417.0</ele></trkpt><trkpt lat="46.22779854228128" lon="7.975008622315873"><ele>2418.4</ele></trkpt><trkpt lat="46.22779854228128" lon="7.975008622315873"><ele>2418.4</ele></trkpt><trkpt lat="46.22777154218579" lon="7.974995622237062"><ele>2418.9</ele></trkpt><trkpt lat="46.227708542091754" lon="7.97493062216144"><ele>2419.4</ele></trkpt><trkpt lat="46.227663542112886" lon="7.974864622181431"><ele>2419.3</ele></trkpt><trkpt lat="46.22762854211431" lon="7.974812622184613"><ele>2419.3</ele></trkpt><trkpt lat="46.22759254219308" lon="7.974760622251585"><ele>2418.9</ele></trkpt><trkpt lat="46.22754754202103" lon="7.974734622109859"><ele>2419.8</ele></trkpt><trkpt lat="46.22751154200322" lon="7.974707622095693"><ele>2419.9</ele></trkpt><trkpt lat="46.22738554164168" lon="7.9746936217944135"><ele>2421.8</ele></trkpt><trkpt lat="46.22734954160462" lon="7.974693621762781"><ele>2422.0</ele></trkpt><trkpt lat="46.227305541548475" lon="7.9746406217182475"><ele>2422.3</ele></trkpt><trkpt lat="46.2272335417446" lon="7.974536621884091"><ele>2421.3</ele></trkpt><trkpt lat="46.22715354134211" lon="7.974457621554266"><ele>2423.4</ele></trkpt><trkpt lat="46.22712654118852" lon="7.97439262143056"><ele>2424.2</ele></trkpt><trkpt lat="46.227063540978484" lon="7.9743016212607545"><ele>2425.3</ele></trkpt><trkpt lat="46.22699254119393" lon="7.974197621442537"><ele>2424.2</ele></trkpt><trkpt lat="46.22694754100263" lon="7.974170621284937"><ele>2425.2</ele></trkpt><trkpt lat="46.22687554075447" lon="7.974131621080378"><ele>2426.5</ele></trkpt><trkpt lat="46.226813540583116" lon="7.974065620941052"><ele>2427.4</ele></trkpt><trkpt lat="46.22675954064331" lon="7.973987620993686"><ele>2427.1</ele></trkpt><trkpt lat="46.22661654018563" lon="7.9738956206172595"><ele>2429.5</ele></trkpt><trkpt lat="46.22649053995909" lon="7.973790620432787"><ele>2430.7</ele></trkpt><trkpt lat="46.226410539749715" lon="7.973660620265342"><ele>2431.8</ele></trkpt><trkpt lat="46.22634853950071" lon="7.97349062006816"><ele>2433.1</ele></trkpt><trkpt lat="46.22627653932964" lon="7.973360619932561"><ele>2434.0</ele></trkpt><trkpt lat="46.226196539081684" lon="7.973243619732521"><ele>2435.3</ele></trkpt><trkpt lat="46.22608953875752" lon="7.9730866194711885"><ele>2437.0</ele></trkpt><trkpt lat="46.22603553870189" lon="7.9730606194252305"><ele>2437.3</ele></trkpt><trkpt lat="46.22588253857344" lon="7.973032619316333"><ele>2438.0</ele></trkpt><trkpt lat="46.22567553831222" lon="7.973017619095507"><ele>2439.4</ele></trkpt><trkpt lat="46.22551353812637" lon="7.973042618935849"><ele>2440.4</ele></trkpt><trkpt lat="46.22540553795744" lon="7.973066618791796"><ele>2441.3</ele></trkpt><trkpt lat="46.22532453792244" lon="7.973066618760503"><ele>2441.5</ele></trkpt><trkpt lat="46.22523453779144" lon="7.973117618646665"><ele>2442.2</ele></trkpt><trkpt lat="46.22515353762143" lon="7.973194618499399"><ele>2443.1</ele></trkpt><trkpt lat="46.22507153752874" lon="7.973270618415962"><ele>2443.6</ele></trkpt><trkpt lat="46.22499953745513" lon="7.973386618346119"><ele>2444.0</ele></trkpt><trkpt lat="46.224953537438154" lon="7.973477618325334"><ele>2444.1</ele></trkpt><trkpt lat="46.2249265373624" lon="7.973580618255899"><ele>2444.5</ele></trkpt><trkpt lat="46.22486253721127" lon="7.973735618119998"><ele>2445.3</ele></trkpt><trkpt lat="46.22482653707789" lon="7.973825618003535"><ele>2446.0</ele></trkpt><trkpt lat="46.224672536988706" lon="7.973966617916906"><ele>2446.5</ele></trkpt><trkpt lat="46.224591537011825" lon="7.973992617931963"><ele>2446.4</ele></trkpt><trkpt lat="46.22452853695676" lon="7.974030617882424"><ele>2446.7</ele></trkpt><trkpt lat="46.224456536979424" lon="7.974042617898211"><ele>2446.6</ele></trkpt><trkpt lat="46.22434853681057" lon="7.97408061775334"><ele>2447.5</ele></trkpt><trkpt lat="46.22427653671739" lon="7.974131617671242"><ele>2448.0</ele></trkpt><trkpt lat="46.22420353683664" lon="7.974156617766013"><ele>2447.4</ele></trkpt><trkpt lat="46.22405053653472" lon="7.974233617507638"><ele>2449.0</ele></trkpt><trkpt lat="46.22395153644277" lon="7.974283617425787"><ele>2449.5</ele></trkpt><trkpt lat="46.22387953660061" lon="7.974296617553128"><ele>2448.7</ele></trkpt><trkpt lat="46.22382553658376" lon="7.974308617536889"><ele>2448.8</ele></trkpt><trkpt lat="46.22378953652754" lon="7.97432161748858"><ele>2449.1</ele></trkpt><trkpt lat="46.22373553633688" lon="7.974359617327365"><ele>2450.1</ele></trkpt><trkpt lat="46.223707536125836" lon="7.974411617149218"><ele>2451.2</ele></trkpt><trkpt lat="46.22367153601169" lon="7.9744626170509"><ele>2451.8</ele></trkpt><trkpt lat="46.22360853609199" lon="7.974513617112229"><ele>2451.4</ele></trkpt><trkpt lat="46.223545536037065" lon="7.974565617061886"><ele>2451.7</ele></trkpt><trkpt lat="46.22348253592418" lon="7.974616616963768"><ele>2452.3</ele></trkpt><trkpt lat="46.22341853577281" lon="7.974693616832277"><ele>2453.1</ele></trkpt><trkpt lat="46.22336453575614" lon="7.97477061681233"><ele>2453.2</ele></trkpt><trkpt lat="46.22332853571925" lon="7.974796616779219"><ele>2453.4</ele></trkpt><trkpt lat="46.22322953562709" lon="7.974782616701019"><ele>2453.9</ele></trkpt><trkpt lat="46.22311253540073" lon="7.974832616507671"><ele>2455.1</ele></trkpt><trkpt lat="46.223013535444004" lon="7.974870616538119"><ele>2454.9</ele></trkpt><trkpt lat="46.22295053538893" lon="7.9748836164900005"><ele>2455.2</ele></trkpt><trkpt lat="46.222923535370796" lon="7.9748706164749965"><ele>2455.3</ele></trkpt><trkpt lat="46.222824535259335" lon="7.974843616381595"><ele>2455.9</ele></trkpt><trkpt lat="46.22274353526301" lon="7.974842616382241"><ele>2455.9</ele></trkpt><trkpt lat="46.22262653522959" lon="7.974815616352753"><ele>2456.1</ele></trkpt><trkpt lat="46.22252753517606" lon="7.974801616306448"><ele>2456.4</ele></trkpt><trkpt lat="46.222491535119744" lon="7.974787616259674"><ele>2456.7</ele></trkpt><trkpt lat="46.222428535122624" lon="7.9747876162601345"><ele>2456.7</ele></trkpt><trkpt lat="46.22235653516448" lon="7.974773616293354"><ele>2456.5</ele></trkpt><trkpt lat="46.222276535129375" lon="7.974746616263594"><ele>2456.7</ele></trkpt><trkpt lat="46.22221353513219" lon="7.974720616265546"><ele>2456.7</ele></trkpt><trkpt lat="46.22218653513323" lon="7.974681616267972"><ele>2456.7</ele></trkpt><trkpt lat="46.22213253528994" lon="7.974590616401129"><ele>2455.9</ele></trkpt><trkpt lat="46.22207053529252" lon="7.974511616406098"><ele>2455.9</ele></trkpt><trkpt lat="46.222007535295035" lon="7.974394616413248"><ele>2455.9</ele></trkpt><trkpt lat="46.22197253531568" lon="7.974316616433911"><ele>2455.8</ele></trkpt><trkpt lat="46.221810534936395" lon="7.974211616122235"><ele>2457.8</ele></trkpt><trkpt lat="46.221739534804264" lon="7.974171616013442"><ele>2458.5</ele></trkpt><trkpt lat="46.221685534710126" lon="7.974170615934176"><ele>2459.0</ele></trkpt><trkpt lat="46.22154953450398" lon="7.974195615758369"><ele>2460.1</ele></trkpt><trkpt lat="46.22147853439131" lon="7.974194615663287"><ele>2460.7</ele></trkpt><trkpt lat="46.22138753420239" lon="7.974219615503089"><ele>2461.7</ele></trkpt><trkpt lat="46.221324534108774" lon="7.974245615422347"><ele>2462.2</ele></trkpt><trkpt lat="46.22127953403366" lon="7.9742706153574705"><ele>2462.6</ele></trkpt><trkpt lat="46.22122553395888" lon="7.974270615294093"><ele>2463.0</ele></trkpt><trkpt lat="46.22112753384724" lon="7.974217615202191"><ele>2463.6</ele></trkpt><trkpt lat="46.22105553375406" lon="7.974229615122318"><ele>2464.1</ele></trkpt><trkpt lat="46.220992533640995" lon="7.974202615028674"><ele>2464.7</ele></trkpt><trkpt lat="46.22096553358423" lon="7.97420261498104"><ele>2465.0</ele></trkpt><trkpt lat="46.2208935334138" lon="7.974240614835901"><ele>2465.9</ele></trkpt><trkpt lat="46.220775533187584" lon="7.974291614642518"><ele>2467.1</ele></trkpt><trkpt lat="46.22072153307425" lon="7.974316614545824"><ele>2467.7</ele></trkpt><trkpt lat="46.22064953298102" lon="7.974342614465144"><ele>2468.2</ele></trkpt><trkpt lat="46.22055053279276" lon="7.974444614300575"><ele>2469.2</ele></trkpt><trkpt lat="46.22047753268047" lon="7.974521614201025"><ele>2469.8</ele></trkpt><trkpt lat="46.22039653262666" lon="7.974650614146367"><ele>2470.1</ele></trkpt><trkpt lat="46.22030553241868" lon="7.974740613966479"><ele>2471.2</ele></trkpt><trkpt lat="46.220197532211415" lon="7.974804613788207"><ele>2472.3</ele></trkpt><trkpt lat="46.22006253206331" lon="7.974880613657268"><ele>2473.1</ele></trkpt><trkpt lat="46.21999053185427" lon="7.974905613480973"><ele>2474.2</ele></trkpt><trkpt lat="46.21988253151156" lon="7.974891613195576"><ele>2476.0</ele></trkpt><trkpt lat="46.219693530921596" lon="7.974903612702012"><ele>2479.1</ele></trkpt><trkpt lat="46.21964853076923" lon="7.974915612574093"><ele>2479.9</ele></trkpt><trkpt lat="46.21961253075147" lon="7.9748896125599185"><ele>2480.0</ele></trkpt><trkpt lat="46.21956753059912" lon="7.974901612432006"><ele>2480.8</ele></trkpt><trkpt lat="46.21952253050462" lon="7.974888612353364"><ele>2481.3</ele></trkpt><trkpt lat="46.2194595303723" lon="7.974887612242281"><ele>2482.0</ele></trkpt><trkpt lat="46.219360530203154" lon="7.974925612097318"><ele>2482.9</ele></trkpt><trkpt lat="46.219360530203154" lon="7.974925612097318"><ele>2482.9</ele></trkpt><trkpt lat="46.21922653130956" lon="7.974794613014686"><ele>2477.2</ele></trkpt><trkpt lat="46.21917253173679" lon="7.974768613367348"><ele>2475.0</ele></trkpt><trkpt lat="46.21910953187479" lon="7.974754613480228"><ele>2474.3</ele></trkpt><trkpt lat="46.21903753207119" lon="7.974766613639502"><ele>2473.3</ele></trkpt><trkpt lat="46.218938532404" lon="7.974766613911279"><ele>2471.6</ele></trkpt><trkpt lat="46.21887553259994" lon="7.974765614071236"><ele>2470.6</ele></trkpt><trkpt lat="46.21883953262106" lon="7.974803614085259"><ele>2470.5</ele></trkpt><trkpt lat="46.21875853277936" lon="7.97484161421122"><ele>2469.7</ele></trkpt><trkpt lat="46.218641532707494" lon="7.974840614148365"><ele>2470.1</ele></trkpt><trkpt lat="46.218569532652886" lon="7.974866614099569"><ele>2470.4</ele></trkpt><trkpt lat="46.21853353290553" lon="7.974852614307905"><ele>2469.1</ele></trkpt><trkpt lat="46.2184885331199" lon="7.974839614484371"><ele>2468.0</ele></trkpt><trkpt lat="46.21842553358619" lon="7.974825614868285"><ele>2465.6</ele></trkpt><trkpt lat="46.21836253374358" lon="7.974851614994808"><ele>2464.8</ele></trkpt><trkpt lat="46.21833553364841" lon="7.974889614913105"><ele>2465.3</ele></trkpt><trkpt lat="46.218308533919966" lon="7.974889615136517"><ele>2463.9</ele></trkpt><trkpt lat="46.21827253417246" lon="7.9748506153462895"><ele>2462.6</ele></trkpt><trkpt lat="46.21822753434824" lon="7.974823615491661"><ele>2461.7</ele></trkpt><trkpt lat="46.21817353452448" lon="7.974823615635549"><ele>2460.8</ele></trkpt><trkpt lat="46.218119534604284" lon="7.974861615697544"><ele>2460.4</ele></trkpt><trkpt lat="46.21805653480025" lon="7.974873615856757"><ele>2459.4</ele></trkpt><trkpt lat="46.21800253495727" lon="7.974899615983217"><ele>2458.6</ele></trkpt><trkpt lat="46.217912535405546" lon="7.974924616349152"><ele>2456.3</ele></trkpt><trkpt lat="46.217858535581854" lon="7.974962616490875"><ele>2455.4</ele></trkpt><trkpt lat="46.21783053567974" lon="7.974988616569311"><ele>2454.9</ele></trkpt><trkpt lat="46.21779453577798" lon="7.975000616648608"><ele>2454.4</ele></trkpt><trkpt lat="46.21776753577919" lon="7.975000616648805"><ele>2454.4</ele></trkpt><trkpt lat="46.21774053568389" lon="7.975000616569281"><ele>2454.9</ele></trkpt><trkpt lat="46.2177235356266" lon="7.974961616523806"><ele>2455.2</ele></trkpt><trkpt lat="46.21769653584016" lon="7.974948616700131"><ele>2454.1</ele></trkpt><trkpt lat="46.21765153613172" lon="7.974921616941161"><ele>2452.6</ele></trkpt><trkpt lat="46.21758853628903" lon="7.9749086170699135"><ele>2451.8</ele></trkpt><trkpt lat="46.21755253644503" lon="7.974881617199265"><ele>2451.0</ele></trkpt><trkpt lat="46.21751653660106" lon="7.974868617327821"><ele>2450.2</ele></trkpt><trkpt lat="46.21748053667975" lon="7.974816617394825"><ele>2449.8</ele></trkpt><trkpt lat="46.2174365367782" lon="7.974790617476343"><ele>2449.3</ele></trkpt><trkpt lat="46.21741853691403" lon="7.974751617590302"><ele>2448.6</ele></trkpt><trkpt lat="46.21724753703724" lon="7.974632617693995"><ele>2448.0</ele></trkpt><trkpt lat="46.217059537354" lon="7.974423617962358"><ele>2446.4</ele></trkpt><trkpt lat="46.21702453716237" lon="7.974384617805407"><ele>2447.4</ele></trkpt><trkpt lat="46.21700653704741" lon="7.974397617709147"><ele>2448.0</ele></trkpt><trkpt lat="46.21696953697201" lon="7.97443561764348"><ele>2448.4</ele></trkpt><trkpt lat="46.21688853693711" lon="7.974460617610764"><ele>2448.6</ele></trkpt><trkpt lat="46.21683453672722" lon="7.97446061743579"><ele>2449.7</ele></trkpt><trkpt lat="46.216790536536045" lon="7.9744336172782235"><ele>2450.7</ele></trkpt><trkpt lat="46.216718536712854" lon="7.974355617426682"><ele>2449.8</ele></trkpt><trkpt lat="46.21668253702325" lon="7.9743296176835"><ele>2448.2</ele></trkpt><trkpt lat="46.21663753727611" lon="7.974276617894099"><ele>2446.9</ele></trkpt><trkpt lat="46.2166285372765" lon="7.974276617894165"><ele>2446.9</ele></trkpt><trkpt lat="46.21661053729679" lon="7.974328617907274"><ele>2446.8</ele></trkpt><trkpt lat="46.21659253741344" lon="7.974328618003055"><ele>2446.2</ele></trkpt><trkpt lat="46.21642253738203" lon="7.974184617980615"><ele>2446.4</ele></trkpt><trkpt lat="46.216332537270226" lon="7.974157617887159"><ele>2447.0</ele></trkpt><trkpt lat="46.21628753711786" lon="7.974169617759271"><ele>2447.8</ele></trkpt><trkpt lat="46.21626053704195" lon="7.974195617694218"><ele>2448.2</ele></trkpt><trkpt lat="46.21617953704563" lon="7.974194617694865"><ele>2448.2</ele></trkpt><trkpt lat="46.21615253704677" lon="7.974168617696544"><ele>2448.2</ele></trkpt><trkpt lat="46.21611653710613" lon="7.974116617747596"><ele>2447.9</ele></trkpt><trkpt lat="46.21608153716551" lon="7.974089617797215"><ele>2447.6</ele></trkpt><trkpt lat="46.21600053720787" lon="7.974102617828949"><ele>2447.4</ele></trkpt><trkpt lat="46.215909537308626" lon="7.974140617907157"><ele>2446.9</ele></trkpt><trkpt lat="46.21588253738714" lon="7.974165617969695"><ele>2446.5</ele></trkpt><trkpt lat="46.21582853748617" lon="7.974191618048312"><ele>2446.0</ele></trkpt><trkpt lat="46.21572953762589" lon="7.974216618159205"><ele>2445.3</ele></trkpt><trkpt lat="46.2156935378014" lon="7.974267618300039"><ele>2444.4</ele></trkpt><trkpt lat="46.21567553782152" lon="7.9742676183161105"><ele>2444.3</ele></trkpt><trkpt lat="46.215567538154374" lon="7.974214618590921"><ele>2442.6</ele></trkpt><trkpt lat="46.215531538252556" lon="7.974214618670896"><ele>2442.1</ele></trkpt><trkpt lat="46.215504538350366" lon="7.974239618749379"><ele>2441.6</ele></trkpt><trkpt lat="46.215468538448626" lon="7.97429161882639"><ele>2441.1</ele></trkpt><trkpt lat="46.215441538604445" lon="7.974329618951964"><ele>2440.3</ele></trkpt><trkpt lat="46.2154055385481" lon="7.974316618905138"><ele>2440.6</ele></trkpt><trkpt lat="46.21537853858779" lon="7.9742646189401745"><ele>2440.4</ele></trkpt><trkpt lat="46.21529753880356" lon="7.974211619119129"><ele>2439.3</ele></trkpt><trkpt lat="46.215252539037344" lon="7.974237619309281"><ele>2438.1</ele></trkpt><trkpt lat="46.21519853921368" lon="7.974288619450254"><ele>2437.2</ele></trkpt><trkpt lat="46.21512653966094" lon="7.974313619816017"><ele>2434.9</ele></trkpt><trkpt lat="46.21507253975992" lon="7.974326619895383"><ele>2434.4</ele></trkpt><trkpt lat="46.21501853987815" lon="7.974312619992221"><ele>2433.8</ele></trkpt><trkpt lat="46.21494654020945" lon="7.974286620265223"><ele>2432.1</ele></trkpt><trkpt lat="46.214847540194484" lon="7.974259620251526"><ele>2432.2</ele></trkpt><trkpt lat="46.214775540197735" lon="7.974258620252103"><ele>2432.2</ele></trkpt><trkpt lat="46.214721540219415" lon="7.974258620268438"><ele>2432.1</ele></trkpt><trkpt lat="46.21468554022106" lon="7.974244620269494"><ele>2432.1</ele></trkpt><trkpt lat="46.21457854024516" lon="7.974243620286267"><ele>2432.0</ele></trkpt><trkpt lat="46.2145245402476" lon="7.974243620286657"><ele>2432.0</ele></trkpt><trkpt lat="46.21438054035055" lon="7.974254620366788"><ele>2431.5</ele></trkpt><trkpt lat="46.21422754066641" lon="7.974279620621545"><ele>2429.9</ele></trkpt><trkpt lat="46.214100541038896" lon="7.974303620923993"><ele>2428.0</ele></trkpt><trkpt lat="46.214037541234845" lon="7.974342621081664"><ele>2427.0</ele></trkpt><trkpt lat="46.21393854150963" lon="7.974392621302735"><ele>2425.6</ele></trkpt><trkpt lat="46.21385754178356" lon="7.974417621525096"><ele>2424.2</ele></trkpt><trkpt lat="46.213803541921145" lon="7.974430621636346"><ele>2423.5</ele></trkpt><trkpt lat="46.21376754215421" lon="7.974391621830103"><ele>2422.3</ele></trkpt><trkpt lat="46.213740542406256" lon="7.974365622039005"><ele>2421.0</ele></trkpt><trkpt lat="46.21370454269736" lon="7.974351622279175"><ele>2419.5</ele></trkpt><trkpt lat="46.21365954277659" lon="7.974364622342534"><ele>2419.1</ele></trkpt><trkpt lat="46.21363254279718" lon="7.974389622357262"><ele>2419.0</ele></trkpt><trkpt lat="46.21357854289624" lon="7.9744416224344326"><ele>2418.5</ele></trkpt><trkpt lat="46.213515542976246" lon="7.974440622498707"><ele>2418.1</ele></trkpt><trkpt lat="46.21348854311253" lon="7.97442762261123"><ele>2417.4</ele></trkpt><trkpt lat="46.213461543287345" lon="7.97441462275563"><ele>2416.5</ele></trkpt><trkpt lat="46.21338954334851" lon="7.974426622803298"><ele>2416.2</ele></trkpt><trkpt lat="46.21334454340855" lon="7.97446462284931"><ele>2415.9</ele></trkpt><trkpt lat="46.21332654340944" lon="7.9744776228487115"><ele>2415.9</ele></trkpt><trkpt lat="46.2132815435078" lon="7.974438622930935"><ele>2415.4</ele></trkpt><trkpt lat="46.21321854358768" lon="7.974398622997403"><ele>2415.0</ele></trkpt><trkpt lat="46.21319154364672" lon="7.974385623046152"><ele>2414.7</ele></trkpt><trkpt lat="46.21313854372609" lon="7.974307623114683"><ele>2414.3</ele></trkpt><trkpt lat="46.21311154378509" lon="7.974268623164888"><ele>2414.0</ele></trkpt><trkpt lat="46.21307554386381" lon="7.974254623229706"><ele>2413.6</ele></trkpt><trkpt lat="46.21300354427221" lon="7.974228623566441"><ele>2411.5</ele></trkpt><trkpt lat="46.212958544447936" lon="7.974227623710292"><ele>2410.6</ele></trkpt><trkpt lat="46.21294054456451" lon="7.97422762380607"><ele>2410.0</ele></trkpt><trkpt lat="46.212860545223926" lon="7.974136624353733"><ele>2406.6</ele></trkpt><trkpt lat="46.212761545363435" lon="7.974135624466085"><ele>2405.9</ele></trkpt><trkpt lat="46.212725545692905" lon="7.974057624741702"><ele>2404.2</ele></trkpt><trkpt lat="46.21268154600344" lon="7.973991625000757"><ele>2402.6</ele></trkpt><trkpt lat="46.21264554612076" lon="7.973978625097386"><ele>2402.0</ele></trkpt><trkpt lat="46.21259154616172" lon="7.973964625130434"><ele>2401.8</ele></trkpt><trkpt lat="46.212519546647044" lon="7.9738606255352655"><ele>2399.3</ele></trkpt><trkpt lat="46.21247454672615" lon="7.9738346256008"><ele>2398.9</ele></trkpt><trkpt lat="46.2124395467662" lon="7.973820625633711"><ele>2398.7</ele></trkpt><trkpt lat="46.212376546788" lon="7.973716625655909"><ele>2398.6</ele></trkpt><trkpt lat="46.21234054711749" lon="7.973651625930764"><ele>2396.9</ele></trkpt><trkpt lat="46.212304547157636" lon="7.973638625963627"><ele>2396.7</ele></trkpt><trkpt lat="46.212287547312656" lon="7.973586626094165"><ele>2395.9</ele></trkpt><trkpt lat="46.21224254750738" lon="7.973520626257556"><ele>2394.9</ele></trkpt><trkpt lat="46.21219754785653" lon="7.973455626548404"><ele>2393.1</ele></trkpt><trkpt lat="46.212170547934825" lon="7.9734296266138"><ele>2392.7</ele></trkpt><trkpt lat="46.21215354803194" lon="7.973390626695787"><ele>2392.2</ele></trkpt><trkpt lat="46.21209954832363" lon="7.973338626938151"><ele>2390.7</ele></trkpt><trkpt lat="46.212090548439704" lon="7.9732996270360195"><ele>2390.1</ele></trkpt><trkpt lat="46.21206354851802" lon="7.973285627100743"><ele>2389.7</ele></trkpt><trkpt lat="46.21204554865378" lon="7.973233627215328"><ele>2389.0</ele></trkpt><trkpt lat="46.21201054877095" lon="7.973194627313377"><ele>2388.4</ele></trkpt><trkpt lat="46.21195654890817" lon="7.9731036274303895"><ele>2387.7</ele></trkpt><trkpt lat="46.21185854906652" lon="7.9729856275651425"><ele>2386.9</ele></trkpt><trkpt lat="46.21178654920448" lon="7.972894627682273"><ele>2386.2</ele></trkpt><trkpt lat="46.2117325493033" lon="7.972881627763064"><ele>2385.7</ele></trkpt><trkpt lat="46.21161654936619" lon="7.972841627813925"><ele>2385.4</ele></trkpt><trkpt lat="46.21156254938779" lon="7.972827627831022"><ele>2385.3</ele></trkpt><trkpt lat="46.21149054931362" lon="7.972774627770727"><ele>2385.7</ele></trkpt><trkpt lat="46.21144554925769" lon="7.972761627723958"><ele>2386.0</ele></trkpt><trkpt lat="46.211346549223535" lon="7.972773627692121"><ele>2386.2</ele></trkpt><trkpt lat="46.21118454921136" lon="7.972784627676726"><ele>2386.3</ele></trkpt><trkpt lat="46.21107654913904" lon="7.972809627612357"><ele>2386.7</ele></trkpt><trkpt lat="46.21095054910605" lon="7.972821627580713"><ele>2386.9</ele></trkpt><trkpt lat="46.21082454911145" lon="7.972768627584555"><ele>2386.9</ele></trkpt><trkpt lat="46.21069954915534" lon="7.972702627620981"><ele>2386.7</ele></trkpt><trkpt lat="46.21066354921478" lon="7.972689627669771"><ele>2386.4</ele></trkpt><trkpt lat="46.210636549273765" lon="7.972650627719938"><ele>2386.1</ele></trkpt><trkpt lat="46.21054654935466" lon="7.972571627788709"><ele>2385.7</ele></trkpt><trkpt lat="46.21046654937723" lon="7.9724926278096"><ele>2385.6</ele></trkpt><trkpt lat="46.210385549477124" lon="7.972440627892744"><ele>2385.1</ele></trkpt><trkpt lat="46.21031354955744" lon="7.972439627957058"><ele>2384.7</ele></trkpt><trkpt lat="46.21021454971635" lon="7.9724776280831415"><ele>2383.9</ele></trkpt><trkpt lat="46.21017854979523" lon="7.972515628145036"><ele>2383.5</ele></trkpt><trkpt lat="46.21007954978039" lon="7.972553628127696"><ele>2383.6</ele></trkpt><trkpt lat="46.21007954978039" lon="7.972553628127696"><ele>2383.6</ele></trkpt><trkpt lat="46.20997954968873" lon="7.972695628040849"><ele>2384.1</ele></trkpt><trkpt lat="46.20993454957517" lon="7.972759627941998"><ele>2384.7</ele></trkpt><trkpt lat="46.209907549499306" lon="7.97279862787628"><ele>2385.1</ele></trkpt><trkpt lat="46.20987954957807" lon="7.972914627933788"><ele>2384.7</ele></trkpt><trkpt lat="46.20987054959788" lon="7.972953627947624"><ele>2384.6</ele></trkpt><trkpt lat="46.209852549637404" lon="7.972992627977467"><ele>2384.4</ele></trkpt><trkpt lat="46.209824549658016" lon="7.973030627991498"><ele>2384.3</ele></trkpt><trkpt lat="46.209788549563285" lon="7.973082627909173"><ele>2384.8</ele></trkpt><trkpt lat="46.20976154946811" lon="7.973107627828294"><ele>2385.3</ele></trkpt><trkpt lat="46.20972554941187" lon="7.9731206277800135"><ele>2385.6</ele></trkpt><trkpt lat="46.20966254910596" lon="7.973119627525519"><ele>2387.2</ele></trkpt><trkpt lat="46.20961754874139" lon="7.973132627222303"><ele>2389.1</ele></trkpt><trkpt lat="46.20957254858914" lon="7.973157627093732"><ele>2389.9</ele></trkpt><trkpt lat="46.20950954836042" lon="7.973157626902928"><ele>2391.1</ele></trkpt><trkpt lat="46.20945554818921" lon="7.973182626758485"><ele>2392.0</ele></trkpt><trkpt lat="46.20944654791973" lon="7.973234626532526"><ele>2393.4</ele></trkpt><trkpt lat="46.209419547496566" lon="7.97326062618064"><ele>2395.6</ele></trkpt><trkpt lat="46.20936554732532" lon="7.97325962603764"><ele>2396.5</ele></trkpt><trkpt lat="46.20932954717255" lon="7.97324662591112"><ele>2397.3</ele></trkpt><trkpt lat="46.209329547018065" lon="7.973207625785793"><ele>2398.1</ele></trkpt><trkpt lat="46.209338546921046" lon="7.973155625708943"><ele>2398.6</ele></trkpt><trkpt lat="46.209329546786286" lon="7.973116625599624"><ele>2399.3</ele></trkpt><trkpt lat="46.20928454661457" lon="7.973090625457961"><ele>2400.2</ele></trkpt><trkpt lat="46.20922154659805" lon="7.97308962544253"><ele>2400.3</ele></trkpt><trkpt lat="46.209168546735384" lon="7.973063625555923"><ele>2399.6</ele></trkpt><trkpt lat="46.209114546602606" lon="7.973023625446979"><ele>2400.3</ele></trkpt><trkpt lat="46.209051546624636" lon="7.97299762546482"><ele>2400.2</ele></trkpt><trkpt lat="46.208988546164534" lon="7.973035625080657"><ele>2402.6</ele></trkpt><trkpt lat="46.20894354572281" lon="7.9730356247144245"><ele>2404.9</ele></trkpt><trkpt lat="46.20889854545477" lon="7.97304762449096"><ele>2406.3</ele></trkpt><trkpt lat="46.20888054522404" lon="7.973034624300571"><ele>2407.5</ele></trkpt><trkpt lat="46.208871544973555" lon="7.972995624095636"><ele>2408.8</ele></trkpt><trkpt lat="46.20887154454901" lon="7.972956623747214"><ele>2411.0</ele></trkpt><trkpt lat="46.208853544221775" lon="7.972930623477875"><ele>2412.7</ele></trkpt><trkpt lat="46.2088355440489" lon="7.972917623335307"><ele>2413.6</ele></trkpt><trkpt lat="46.20883654401022" lon="7.9728916233048865"><ele>2413.8</ele></trkpt><trkpt lat="46.20882754401047" lon="7.972852623307139"><ele>2413.8</ele></trkpt><trkpt lat="46.208827543971765" lon="7.972800623278186"><ele>2414.0</ele></trkpt><trkpt lat="46.20884554391278" lon="7.972723623234573"><ele>2414.3</ele></trkpt><trkpt lat="46.208855543815574" lon="7.972619623160665"><ele>2414.8</ele></trkpt><trkpt lat="46.208855543757544" lon="7.972567623115781"><ele>2415.1</ele></trkpt><trkpt lat="46.20881954358538" lon="7.972502622976271"><ele>2416.0</ele></trkpt><trkpt lat="46.20876654347191" lon="7.972476622882498"><ele>2416.6</ele></trkpt><trkpt lat="46.20872154330006" lon="7.972398622743791"><ele>2417.5</ele></trkpt><trkpt lat="46.20871254297216" lon="7.972294622478809"><ele>2419.2</ele></trkpt><trkpt lat="46.208686542645125" lon="7.972216622212488"><ele>2420.9</ele></trkpt><trkpt lat="46.20869554225854" lon="7.972099621900323"><ele>2422.9</ele></trkpt><trkpt lat="46.20867854222057" lon="7.97204762187151"><ele>2423.1</ele></trkpt><trkpt lat="46.20861554228096" lon="7.971969621924166"><ele>2422.8</ele></trkpt><trkpt lat="46.20859754235881" lon="7.971904621991698"><ele>2422.4</ele></trkpt><trkpt lat="46.20858054187658" lon="7.971683621605937"><ele>2424.9</ele></trkpt><trkpt lat="46.20854554172339" lon="7.971554621485999"><ele>2425.7</ele></trkpt><trkpt lat="46.20849254162898" lon="7.97144962141265"><ele>2426.2</ele></trkpt><trkpt lat="46.208456541533934" lon="7.971371621337645"><ele>2426.7</ele></trkpt><trkpt lat="46.20839354115069" lon="7.97130662102312"><ele>2428.7</ele></trkpt><trkpt lat="46.208357540785705" lon="7.971267620722863"><ele>2430.6</ele></trkpt><trkpt lat="46.20833154059392" lon="7.971253620564516"><ele>2431.6</ele></trkpt><trkpt lat="46.208267540211075" lon="7.9712796202448555"><ele>2433.6</ele></trkpt><trkpt lat="46.208231539826976" lon="7.97130461992505"><ele>2435.6</ele></trkpt><trkpt lat="46.20819553940422" lon="7.9713176195740525"><ele>2437.8</ele></trkpt><trkpt lat="46.208177539231485" lon="7.971330619430053"><ele>2438.7</ele></trkpt><trkpt lat="46.20817753896132" lon="7.971304619208472"><ele>2440.1</ele></trkpt><trkpt lat="46.208205538901964" lon="7.971226619164902"><ele>2440.4</ele></trkpt><trkpt lat="46.208223538901" lon="7.97117561916767"><ele>2440.4</ele></trkpt><trkpt lat="46.20820553882459" lon="7.971162619104809"><ele>2440.8</ele></trkpt><trkpt lat="46.20817853853634" lon="7.971122618868294"><ele>2442.3</ele></trkpt><trkpt lat="46.208152538498695" lon="7.9710576188403115"><ele>2442.5</ele></trkpt><trkpt lat="46.208116538403445" lon="7.970914618769047"><ele>2443.0</ele></trkpt><trkpt lat="46.20810853834567" lon="7.970824618726425"><ele>2443.3</ele></trkpt><trkpt lat="46.20807253830847" lon="7.970746618699266"><ele>2443.5</ele></trkpt><trkpt lat="46.20801953815622" lon="7.9706546185774325"><ele>2444.3</ele></trkpt><trkpt lat="46.20796553808138" lon="7.970615618516323"><ele>2444.7</ele></trkpt><trkpt lat="46.20788453821983" lon="7.970536618632926"><ele>2444.0</ele></trkpt><trkpt lat="46.20783953829899" lon="7.970523618697712"><ele>2443.6</ele></trkpt><trkpt lat="46.20782153839611" lon="7.970484618779712"><ele>2443.1</ele></trkpt><trkpt lat="46.20782253853092" lon="7.9704326188941765"><ele>2442.4</ele></trkpt><trkpt lat="46.20782253866584" lon="7.970393619007907"><ele>2441.7</ele></trkpt><trkpt lat="46.207840538857795" lon="7.970355619169239"><ele>2440.7</ele></trkpt><trkpt lat="46.207840538857795" lon="7.970355619169239"><ele>2440.7</ele></trkpt><trkpt lat="46.20787653885603" lon="7.970316619171188"><ele>2440.7</ele></trkpt><trkpt lat="46.20787653885603" lon="7.970316619171188"><ele>2440.7</ele></trkpt><trkpt lat="46.207877538759334" lon="7.970238619095963"><ele>2441.2</ele></trkpt><trkpt lat="46.20790453856469" lon="7.970070618946014"><ele>2442.2</ele></trkpt><trkpt lat="46.20789653850707" lon="7.970031618900504"><ele>2442.5</ele></trkpt><trkpt lat="46.20786053843137" lon="7.969992618839266"><ele>2442.9</ele></trkpt><trkpt lat="46.207842538451445" lon="7.969979618856063"><ele>2442.8</ele></trkpt><trkpt lat="46.20782453845212" lon="7.969940618858414"><ele>2442.8</ele></trkpt><trkpt lat="46.20779753841464" lon="7.9699016188289695"><ele>2443.0</ele></trkpt><trkpt lat="46.207770538377154" lon="7.969849618800264"><ele>2443.2</ele></trkpt><trkpt lat="46.20774453832014" lon="7.969758618757842"><ele>2443.5</ele></trkpt><trkpt lat="46.20773553830121" lon="7.969732618743459"><ele>2443.6</ele></trkpt><trkpt lat="46.2077265382629" lon="7.969693618713881"><ele>2443.8</ele></trkpt><trkpt lat="46.20773553822378" lon="7.969654618684178"><ele>2444.0</ele></trkpt><trkpt lat="46.20775453808774" lon="7.969602618575501"><ele>2444.7</ele></trkpt><trkpt lat="46.207763538087164" lon="7.9695516185783335"><ele>2444.7</ele></trkpt><trkpt lat="46.207790538085526" lon="7.969434618584796"><ele>2444.7</ele></trkpt><trkpt lat="46.20779053808549" lon="7.969408618586276"><ele>2444.7</ele></trkpt><trkpt lat="46.20778253810501" lon="7.969369618604482"><ele>2444.6</ele></trkpt><trkpt lat="46.20778253812415" lon="7.969318618623308"><ele>2444.5</ele></trkpt><trkpt lat="46.20779153812357" lon="7.969266618626205"><ele>2444.5</ele></trkpt><trkpt lat="46.20778253814315" lon="7.969227618644415"><ele>2444.4</ele></trkpt><trkpt lat="46.20778353810435" lon="7.9691756186155125"><ele>2444.6</ele></trkpt><trkpt lat="46.20775653804738" lon="7.969071618573845"><ele>2444.9</ele></trkpt><trkpt lat="46.20774753800904" lon="7.969019618545016"><ele>2445.1</ele></trkpt><trkpt lat="46.207730537913235" lon="7.968980618467725"><ele>2445.6</ele></trkpt><trkpt lat="46.20772153783637" lon="7.968941618406302"><ele>2446.0</ele></trkpt><trkpt lat="46.207712537470016" lon="7.968863618108201"><ele>2447.9</ele></trkpt><trkpt lat="46.207730537198906" lon="7.968786617889488"><ele>2449.3</ele></trkpt><trkpt lat="46.20772253716047" lon="7.968708617862136"><ele>2449.5</ele></trkpt><trkpt lat="46.207722537121704" lon="7.968656617833255"><ele>2449.7</ele></trkpt><trkpt lat="46.207722537102335" lon="7.968630617818808"><ele>2449.8</ele></trkpt><trkpt lat="46.20772253706365" lon="7.968591617789181"><ele>2450.0</ele></trkpt><trkpt lat="46.207705536832684" lon="7.968513617602643"><ele>2451.2</ele></trkpt><trkpt lat="46.20769653669791" lon="7.968474617493453"><ele>2451.9</ele></trkpt><trkpt lat="46.20768753664035" lon="7.968436617447911"><ele>2452.2</ele></trkpt><trkpt lat="46.20769653656269" lon="7.968410617385624"><ele>2452.6</ele></trkpt><trkpt lat="46.20770553652365" lon="7.9683846173551975"><ele>2452.8</ele></trkpt><trkpt lat="46.207696536446825" lon="7.9683716172922985"><ele>2453.2</ele></trkpt><trkpt lat="46.20768853635072" lon="7.968345617214221"><ele>2453.7</ele></trkpt><trkpt lat="46.2076615361395" lon="7.968280617042949"><ele>2454.8</ele></trkpt><trkpt lat="46.20766153606223" lon="7.968241616981478"><ele>2455.2</ele></trkpt><trkpt lat="46.207689535983405" lon="7.968125616924201"><ele>2455.6</ele></trkpt><trkpt lat="46.207689535944766" lon="7.968099616893837"><ele>2455.8</ele></trkpt><trkpt lat="46.2076895358674" lon="7.96803461683386"><ele>2456.2</ele></trkpt><trkpt lat="46.20768053582913" lon="7.967995616804305"><ele>2456.4</ele></trkpt><trkpt lat="46.20768053579041" lon="7.967956616774686"><ele>2456.6</ele></trkpt><trkpt lat="46.20766353569457" lon="7.967904616698162"><ele>2457.1</ele></trkpt><trkpt lat="46.20765453555973" lon="7.967839616590476"><ele>2457.8</ele></trkpt><trkpt lat="46.20765453555963" lon="7.967813616591964"><ele>2457.8</ele></trkpt><trkpt lat="46.207663535559035" lon="7.967749616595559"><ele>2457.8</ele></trkpt><trkpt lat="46.20767353553908" lon="7.967684616583278"><ele>2457.9</ele></trkpt><trkpt lat="46.20768253553861" lon="7.967658616584702"><ele>2457.9</ele></trkpt><trkpt lat="46.20768253553846" lon="7.96761961658693"><ele>2457.9</ele></trkpt><trkpt lat="46.20769153546074" lon="7.967567616526147"><ele>2458.3</ele></trkpt><trkpt lat="46.207700535440836" lon="7.967503616513819"><ele>2458.4</ele></trkpt><trkpt lat="46.20770153547923" lon="7.967451616548637"><ele>2458.2</ele></trkpt><trkpt lat="46.2077015354984" lon="7.967425616566044"><ele>2458.1</ele></trkpt><trkpt lat="46.20771053559429" lon="7.967373616648572"><ele>2457.6</ele></trkpt><trkpt lat="46.207719535748026" lon="7.967309616779548"><ele>2456.8</ele></trkpt><trkpt lat="46.207729535901684" lon="7.967257616909836"><ele>2456.0</ele></trkpt><trkpt lat="46.20773853611327" lon="7.967192617088632"><ele>2454.9</ele></trkpt><trkpt lat="46.20775653624725" lon="7.967128617203614"><ele>2454.2</ele></trkpt><trkpt lat="46.2077655363238" lon="7.967063617270954"><ele>2453.8</ele></trkpt><trkpt lat="46.20775753640109" lon="7.966985617339156"><ele>2453.4</ele></trkpt><trkpt lat="46.207757536420225" lon="7.966946617357306"><ele>2453.3</ele></trkpt><trkpt lat="46.20774853645897" lon="7.966868617393666"><ele>2453.1</ele></trkpt><trkpt lat="46.207749536478104" lon="7.966829617411809"><ele>2453.0</ele></trkpt><trkpt lat="46.207749536497396" lon="7.9668166174284725"><ele>2452.9</ele></trkpt><trkpt lat="46.20773153655574" lon="7.96672661748151"><ele>2452.6</ele></trkpt><trkpt lat="46.20769653661474" lon="7.966570617538431"><ele>2452.3</ele></trkpt><trkpt lat="46.20767053675022" lon="7.966336617663422"><ele>2451.6</ele></trkpt><trkpt lat="46.207670536730724" lon="7.966284617650472"><ele>2451.7</ele></trkpt><trkpt lat="46.2076885366333" lon="7.966233617573646"><ele>2452.2</ele></trkpt><trkpt lat="46.20768953665236" lon="7.966168617593272"><ele>2452.1</ele></trkpt><trkpt lat="46.20770753653555" lon="7.966090617502071"><ele>2452.7</ele></trkpt><trkpt lat="46.207716536496456" lon="7.966052617472334"><ele>2452.9</ele></trkpt><trkpt lat="46.20772553647656" lon="7.96600061745932"><ele>2453.0</ele></trkpt><trkpt lat="46.207744536436884" lon="7.965922617431793"><ele>2453.2</ele></trkpt><trkpt lat="46.207762536397205" lon="7.965832617404961"><ele>2453.4</ele></trkpt><trkpt lat="46.20778153645389" lon="7.965728617458523"><ele>2453.1</ele></trkpt><trkpt lat="46.20779953654928" lon="7.965651617542385"><ele>2452.6</ele></trkpt><trkpt lat="46.207808536645125" lon="7.965599617624877"><ele>2452.1</ele></trkpt><trkpt lat="46.207799536722604" lon="7.965560617690846"><ele>2451.7</ele></trkpt><trkpt lat="46.207800536645244" lon="7.965521617629389"><ele>2452.1</ele></trkpt><trkpt lat="46.207809536606206" lon="7.965508617598226"><ele>2452.3</ele></trkpt><trkpt lat="46.20782753658601" lon="7.965470617584349"><ele>2452.4</ele></trkpt><trkpt lat="46.20783653652765" lon="7.96544461753801"><ele>2452.7</ele></trkpt><trkpt lat="46.20785453639161" lon="7.965392617429416"><ele>2453.4</ele></trkpt><trkpt lat="46.20787253633281" lon="7.965354617383704"><ele>2453.7</ele></trkpt><trkpt lat="46.2079095363503" lon="7.96530261740232"><ele>2453.6</ele></trkpt><trkpt lat="46.20794553644504" lon="7.9652766174831315"><ele>2453.1</ele></trkpt><trkpt lat="46.207972536598" lon="7.96523861761245"><ele>2452.3</ele></trkpt><trkpt lat="46.207999536770195" lon="7.965186617758484"><ele>2451.4</ele></trkpt><trkpt lat="46.208017536884945" lon="7.96512261785751"><ele>2450.8</ele></trkpt><trkpt lat="46.20801753692346" lon="7.9651096178900875"><ele>2450.6</ele></trkpt><trkpt lat="46.208009536846546" lon="7.965070617828698"><ele>2451.0</ele></trkpt><trkpt lat="46.20800953686562" lon="7.965005617848326"><ele>2450.9</ele></trkpt><trkpt lat="46.20800953694256" lon="7.9649276179164445"><ele>2450.5</ele></trkpt><trkpt lat="46.20799153694328" lon="7.964901617918062"><ele>2450.5</ele></trkpt><trkpt lat="46.207992536943074" lon="7.964849617921018"><ele>2450.5</ele></trkpt><trkpt lat="46.2079925370008" lon="7.964810617970996"><ele>2450.2</ele></trkpt><trkpt lat="46.20801953711523" lon="7.964772618068469"><ele>2449.6</ele></trkpt><trkpt lat="46.20803753732633" lon="7.964694618247869"><ele>2448.5</ele></trkpt><trkpt lat="46.20803853734549" lon="7.9646556182660015"><ele>2448.4</ele></trkpt><trkpt lat="46.20802053746177" lon="7.964565618366758"><ele>2447.8</ele></trkpt><trkpt lat="46.208020537538694" lon="7.964500618434126"><ele>2447.4</ele></trkpt><trkpt lat="46.208021537615686" lon="7.96444861850075"><ele>2447.0</ele></trkpt><trkpt lat="46.208030537846504" lon="7.964370618696118"><ele>2445.8</ele></trkpt><trkpt lat="46.208021537943075" lon="7.964280618780887"><ele>2445.3</ele></trkpt><trkpt lat="46.208040537980686" lon="7.964241618814801"><ele>2445.1</ele></trkpt><trkpt lat="46.208058538037626" lon="7.964202618864637"><ele>2444.8</ele></trkpt><trkpt lat="46.20808553805556" lon="7.964164618882519"><ele>2444.7</ele></trkpt><trkpt lat="46.20816653810953" lon="7.964087618934057"><ele>2444.4</ele></trkpt><trkpt lat="46.208211538126655" lon="7.964035618952604"><ele>2444.3</ele></trkpt><trkpt lat="46.2082575381436" lon="7.963958618972566"><ele>2444.2</ele></trkpt><trkpt lat="46.20828453814212" lon="7.963893618976066"><ele>2444.2</ele></trkpt><trkpt lat="46.208302538160645" lon="7.963894618991794"><ele>2444.1</ele></trkpt><trkpt lat="46.208329538217235" lon="7.96388161904008"><ele>2443.8</ele></trkpt><trkpt lat="46.20834753817778" lon="7.963855619009601"><ele>2444.0</ele></trkpt><trkpt lat="46.20837453813792" lon="7.963829618979053"><ele>2444.2</ele></trkpt><trkpt lat="46.20840153819448" lon="7.963804619028024"><ele>2443.9</ele></trkpt><trkpt lat="46.20846553821068" lon="7.963740619047114"><ele>2443.8</ele></trkpt><trkpt lat="46.20850153818967" lon="7.963714619032415"><ele>2443.9</ele></trkpt><trkpt lat="46.20857353818621" lon="7.963663619034792"><ele>2443.9</ele></trkpt><trkpt lat="46.20866353818215" lon="7.963651619034822"><ele>2443.9</ele></trkpt><trkpt lat="46.20869953821908" lon="7.963638619067126"><ele>2443.7</ele></trkpt><trkpt lat="46.208717538198854" lon="7.96361261905256"><ele>2443.8</ele></trkpt><trkpt lat="46.208744538216834" lon="7.963574619070443"><ele>2443.7</ele></trkpt><trkpt lat="46.20876353825431" lon="7.963496619106565"><ele>2443.5</ele></trkpt><trkpt lat="46.20878153833044" lon="7.963432619173734"><ele>2443.1</ele></trkpt><trkpt lat="46.20880853842559" lon="7.963393619255326"><ele>2442.6</ele></trkpt><trkpt lat="46.208853538693354" lon="7.963303619482907"><ele>2441.2</ele></trkpt><trkpt lat="46.208881538807795" lon="7.963290619578927"><ele>2440.6</ele></trkpt><trkpt lat="46.20889953905777" lon="7.963277619786414"><ele>2439.3</ele></trkpt><trkpt lat="46.20893553957692" lon="7.963239620217982"><ele>2436.6</ele></trkpt><trkpt lat="46.208989540056756" lon="7.963226620616165"><ele>2434.1</ele></trkpt><trkpt lat="46.20900754021028" lon="7.9632146207440275"><ele>2433.3</ele></trkpt><trkpt lat="46.20904354049799" lon="7.9632146209824715"><ele>2431.8</ele></trkpt><trkpt lat="46.20907954074728" lon="7.9632406211876186"><ele>2430.5</ele></trkpt><trkpt lat="46.209106541016205" lon="7.963240621410219"><ele>2429.1</ele></trkpt><trkpt lat="46.2091245410539" lon="7.963215621443329"><ele>2428.9</ele></trkpt><trkpt lat="46.209151541284136" lon="7.963189621635569"><ele>2427.7</ele></trkpt><trkpt lat="46.209169541302494" lon="7.963163621652821"><ele>2427.6</ele></trkpt><trkpt lat="46.20917854145639" lon="7.963125621782214"><ele>2426.8</ele></trkpt><trkpt lat="46.20917954166827" lon="7.963047621961654"><ele>2425.7</ele></trkpt><trkpt lat="46.209188541744766" lon="7.962969622029646"><ele>2425.3</ele></trkpt><trkpt lat="46.20918854193745" lon="7.96289162219318"><ele>2424.3</ele></trkpt><trkpt lat="46.209206541994426" lon="7.962853622242931"><ele>2424.0</ele></trkpt><trkpt lat="46.20920754212928" lon="7.962801622357251"><ele>2423.3</ele></trkpt><trkpt lat="46.20920754216772" lon="7.962762622391273"><ele>2423.1</ele></trkpt><trkpt lat="46.20919854222593" lon="7.962723622441275"><ele>2422.8</ele></trkpt><trkpt lat="46.20918954222618" lon="7.962684622443538"><ele>2422.8</ele></trkpt><trkpt lat="46.209189542226014" lon="7.962619622447204"><ele>2422.8</ele></trkpt><trkpt lat="46.20919054222575" lon="7.962555622450807"><ele>2422.8</ele></trkpt><trkpt lat="46.20919954241817" lon="7.962516622612061"><ele>2421.8</ele></trkpt><trkpt lat="46.20921754255236" lon="7.96250362272405"><ele>2421.1</ele></trkpt><trkpt lat="46.20926254289755" lon="7.962477623011605"><ele>2419.3</ele></trkpt><trkpt lat="46.209298542895795" lon="7.9624396230134895"><ele>2419.3</ele></trkpt><trkpt lat="46.20933454287487" lon="7.962426622998049"><ele>2419.4</ele></trkpt><trkpt lat="46.20937054295046" lon="7.962427623061383"><ele>2419.0</ele></trkpt><trkpt lat="46.20943354306344" lon="7.9624406231556675"><ele>2418.4</ele></trkpt><trkpt lat="46.209532543271266" lon="7.962441623329934"><ele>2417.3</ele></trkpt><trkpt lat="46.20956854336604" lon="7.962416623410641"><ele>2416.8</ele></trkpt><trkpt lat="46.20958654340367" lon="7.962377623444531"><ele>2416.6</ele></trkpt><trkpt lat="46.209605543383475" lon="7.962351623429942"><ele>2416.7</ele></trkpt><trkpt lat="46.20964154345878" lon="7.962261623498391"><ele>2416.3</ele></trkpt><trkpt lat="46.20965054353514" lon="7.96214462356855"><ele>2415.9</ele></trkpt><trkpt lat="46.20964254357386" lon="7.962066623604819"><ele>2415.7</ele></trkpt><trkpt lat="46.20964254359308" lon="7.962041623622133"><ele>2415.6</ele></trkpt><trkpt lat="46.20965154361181" lon="7.962002623640172"><ele>2415.5</ele></trkpt><trkpt lat="46.209642543631446" lon="7.961963623658342"><ele>2415.4</ele></trkpt><trkpt lat="46.20963454363166" lon="7.961924623660587"><ele>2415.4</ele></trkpt><trkpt lat="46.20963454365088" lon="7.961898623677963"><ele>2415.3</ele></trkpt><trkpt lat="46.209643543669586" lon="7.961846623696729"><ele>2415.2</ele></trkpt><trkpt lat="46.2096345437277" lon="7.961794623747451"><ele>2414.9</ele></trkpt><trkpt lat="46.20962554374728" lon="7.961755623765619"><ele>2414.8</ele></trkpt><trkpt lat="46.20961654378618" lon="7.961729623798963"><ele>2414.6</ele></trkpt><trkpt lat="46.20959954380613" lon="7.961690623817185"><ele>2414.5</ele></trkpt><trkpt lat="46.20959954380607" lon="7.961664623818649"><ele>2414.5</ele></trkpt><trkpt lat="46.209608543805565" lon="7.961639623819988"><ele>2414.5</ele></trkpt><trkpt lat="46.209644543842415" lon="7.9616006238537445"><ele>2414.3</ele></trkpt><trkpt lat="46.2096715438605" lon="7.961587623870191"><ele>2414.2</ele></trkpt><trkpt lat="46.209752544242626" lon="7.961536624190671"><ele>2412.2</ele></trkpt><trkpt lat="46.209788544896966" lon="7.961511624732754"><ele>2408.8</ele></trkpt><trkpt lat="46.20979754501223" lon="7.9614856248296055"><ele>2408.2</ele></trkpt><trkpt lat="46.209798545127825" lon="7.961446624927249"><ele>2407.6</ele></trkpt><trkpt lat="46.20978054534083" lon="7.961420625103842"><ele>2406.5</ele></trkpt><trkpt lat="46.20971754588365" lon="7.961355625553402"><ele>2403.7</ele></trkpt><trkpt lat="46.20969954596151" lon="7.961315625619405"><ele>2403.3</ele></trkpt><trkpt lat="46.2096735460975" lon="7.961250625734594"><ele>2402.6</ele></trkpt><trkpt lat="46.2096735461167" lon="7.961225625751899"><ele>2402.5</ele></trkpt><trkpt lat="46.209682546116184" lon="7.961186625754013"><ele>2402.5</ele></trkpt><trkpt lat="46.20971854607584" lon="7.9611346257248465"><ele>2402.7</ele></trkpt><trkpt lat="46.20977254599613" lon="7.961083625663677"><ele>2403.1</ele></trkpt><trkpt lat="46.20982654583929" lon="7.961058625537413"><ele>2403.9</ele></trkpt><trkpt lat="46.20983654585807" lon="7.961032625554705"><ele>2403.8</ele></trkpt><trkpt lat="46.209845545799574" lon="7.960980625509825"><ele>2404.1</ele></trkpt><trkpt lat="46.20985454566386" lon="7.960889625403492"><ele>2404.8</ele></trkpt><trkpt lat="46.2098725455472" lon="7.96086462530931"><ele>2405.4</ele></trkpt><trkpt lat="46.209890545411255" lon="7.960825625200007"><ele>2406.1</ele></trkpt><trkpt lat="46.20995454531176" lon="7.960774625122861"><ele>2406.6</ele></trkpt><trkpt lat="46.21001754532802" lon="7.960697625142631"><ele>2406.5</ele></trkpt><trkpt lat="46.21008154534408" lon="7.960581625164576"><ele>2406.4</ele></trkpt><trkpt lat="46.21009954538169" lon="7.960529625199175"><ele>2406.2</ele></trkpt><trkpt lat="46.210108545400374" lon="7.960451625219383"><ele>2406.1</ele></trkpt><trkpt lat="46.2101265454186" lon="7.960374625239475"><ele>2406.0</ele></trkpt><trkpt lat="46.210145545417575" lon="7.960309625242978"><ele>2406.0</ele></trkpt><trkpt lat="46.21016354543587" lon="7.960244625262399"><ele>2405.9</ele></trkpt><trkpt lat="46.2101635454936" lon="7.960180625313702"><ele>2405.6</ele></trkpt><trkpt lat="46.21017354560856" lon="7.960089625414161"><ele>2405.0</ele></trkpt><trkpt lat="46.210182545608006" lon="7.960024625417734"><ele>2405.0</ele></trkpt><trkpt lat="46.21018254558864" lon="7.959998625403282"><ele>2405.1</ele></trkpt><trkpt lat="46.210227545567136" lon="7.959934625390639"><ele>2405.2</ele></trkpt><trkpt lat="46.21027354560353" lon="7.959883625424976"><ele>2405.0</ele></trkpt><trkpt lat="46.21029154566047" lon="7.959831625475471"><ele>2404.7</ele></trkpt><trkpt lat="46.210291545718164" lon="7.959779625526103"><ele>2404.4</ele></trkpt><trkpt lat="46.21029154591096" lon="7.959727625688072"><ele>2403.4</ele></trkpt><trkpt lat="46.210292546007175" lon="7.959663625771172"><ele>2402.9</ele></trkpt><trkpt lat="46.21031954602518" lon="7.9596246257890675"><ele>2402.8</ele></trkpt><trkpt lat="46.2103465458888" lon="7.959585625679716"><ele>2403.5</ele></trkpt><trkpt lat="46.210391545828806" lon="7.959560625633074"><ele>2403.8</ele></trkpt><trkpt lat="46.21049954580467" lon="7.959535625617794"><ele>2403.9</ele></trkpt><trkpt lat="46.21053554580297" lon="7.959522625618261"><ele>2403.9</ele></trkpt><trkpt lat="46.21065254581695" lon="7.959472625636132"><ele>2403.8</ele></trkpt><trkpt lat="46.21074354581274" lon="7.95942162563833"><ele>2403.8</ele></trkpt><trkpt lat="46.21077954586883" lon="7.959356625689426"><ele>2403.5</ele></trkpt><trkpt lat="46.21078854588737" lon="7.959240625711755"><ele>2403.4</ele></trkpt><trkpt lat="46.21078954588716" lon="7.959188625714655"><ele>2403.4</ele></trkpt><trkpt lat="46.21069954589084" lon="7.959083625721169"><ele>2403.4</ele></trkpt><trkpt lat="46.210690545891104" lon="7.959044625723416"><ele>2403.4</ele></trkpt><trkpt lat="46.21069154589093" lon="7.9589936257262615"><ele>2403.4</ele></trkpt><trkpt lat="46.21072754598541" lon="7.958863625812791"><ele>2402.9</ele></trkpt><trkpt lat="46.21072854610076" lon="7.9587476259146985"><ele>2402.3</ele></trkpt><trkpt lat="46.21076454621481" lon="7.958695626012766"><ele>2401.7</ele></trkpt><trkpt lat="46.21080054609734" lon="7.958670625918487"><ele>2402.3</ele></trkpt><trkpt lat="46.210854546056275" lon="7.958644625887745"><ele>2402.5</ele></trkpt><trkpt lat="46.21089954611217" lon="7.958645625935082"><ele>2402.2</ele></trkpt><trkpt lat="46.21094454607151" lon="7.9586326259036735"><ele>2402.4</ele></trkpt><trkpt lat="46.21105254612445" lon="7.958581625953464"><ele>2402.1</ele></trkpt><trkpt lat="46.211097546257605" lon="7.958595626063683"><ele>2401.4</ele></trkpt><trkpt lat="46.211133546255944" lon="7.958582626064154"><ele>2401.4</ele></trkpt><trkpt lat="46.2111965462337" lon="7.958531626050653"><ele>2401.5</ele></trkpt><trkpt lat="46.21131354638284" lon="7.958506626178438"><ele>2400.7</ele></trkpt><trkpt lat="46.21138654645662" lon="7.958468626243658"><ele>2400.3</ele></trkpt><trkpt lat="46.21144954622203" lon="7.958391626056668"><ele>2401.5</ele></trkpt><trkpt lat="46.21144954622203" lon="7.958391626056668"><ele>2401.5</ele></trkpt><trkpt lat="46.21146754633687" lon="7.958352626154135"><ele>2400.9</ele></trkpt><trkpt lat="46.21148554631665" lon="7.958313626140282"><ele>2401.0</ele></trkpt><trkpt lat="46.21152154650801" lon="7.958301626299727"><ele>2400.0</ele></trkpt><trkpt lat="46.21155754679589" lon="7.958288626538739"><ele>2398.5</ele></trkpt><trkpt lat="46.21158554716117" lon="7.95825062684281"><ele>2396.6</ele></trkpt><trkpt lat="46.21160354739189" lon="7.9582376270342445"><ele>2395.4</ele></trkpt><trkpt lat="46.2116395477956" lon="7.958237627367948"><ele>2393.3</ele></trkpt><trkpt lat="46.21166654804508" lon="7.958173627578056"><ele>2392.0</ele></trkpt><trkpt lat="46.21168454823722" lon="7.958147627738402"><ele>2391.0</ele></trkpt><trkpt lat="46.21172054854429" lon="7.958121627994033"><ele>2389.4</ele></trkpt><trkpt lat="46.211747548851804" lon="7.958096628249677"><ele>2387.8</ele></trkpt><trkpt lat="46.21178354931323" lon="7.958044628633965"><ele>2385.4</ele></trkpt><trkpt lat="46.211837549696796" lon="7.9580196289530205"><ele>2383.4</ele></trkpt><trkpt lat="46.21189155004179" lon="7.958019629238885"><ele>2381.6</ele></trkpt><trkpt lat="46.21189155023492" lon="7.958058629395749"><ele>2380.6</ele></trkpt><trkpt lat="46.21190955033066" lon="7.9580846294736896"><ele>2380.1</ele></trkpt><trkpt lat="46.211927550580725" lon="7.958058629681739"><ele>2378.8</ele></trkpt><trkpt lat="46.2119365507153" lon="7.9580336297943735"><ele>2378.1</ele></trkpt><trkpt lat="46.211963551022905" lon="7.9580336300486225"><ele>2376.5</ele></trkpt><trkpt lat="46.212008551522736" lon="7.958033630461772"><ele>2373.9</ele></trkpt><trkpt lat="46.21203555184978" lon="7.958072630729773"><ele>2372.2</ele></trkpt><trkpt lat="46.2120985522137" lon="7.958086631030706"><ele>2370.3</ele></trkpt><trkpt lat="46.212116552290134" lon="7.9580866310941945"><ele>2369.9</ele></trkpt><trkpt lat="46.2121525524045" lon="7.958125631187206"><ele>2369.3</ele></trkpt><trkpt lat="46.212170552538886" lon="7.958151631296966"><ele>2368.6</ele></trkpt><trkpt lat="46.21217955261582" lon="7.958190631358366"><ele>2368.2</ele></trkpt><trkpt lat="46.21221455276884" lon="7.95825663148171"><ele>2367.4</ele></trkpt><trkpt lat="46.21222355278783" lon="7.958282631496112"><ele>2367.3</ele></trkpt><trkpt lat="46.21225055276746" lon="7.958321631477875"><ele>2367.4</ele></trkpt><trkpt lat="46.21228655272757" lon="7.9583996314415195"><ele>2367.6</ele></trkpt><trkpt lat="46.21231255278454" lon="7.958464631485468"><ele>2367.3</ele></trkpt><trkpt lat="46.212339553053845" lon="7.958568631702206"><ele>2365.9</ele></trkpt><trkpt lat="46.21235755307245" lon="7.958594631716554"><ele>2365.8</ele></trkpt><trkpt lat="46.212384552994045" lon="7.9585816316534626"><ele>2366.2</ele></trkpt><trkpt lat="46.21241155301214" lon="7.958568631669893"><ele>2366.1</ele></trkpt><trkpt lat="46.21248355324043" lon="7.958530631862324"><ele>2364.9</ele></trkpt><trkpt lat="46.21251055325854" lon="7.958518631878696"><ele>2364.8</ele></trkpt><trkpt lat="46.212591553293535" lon="7.958505631910651"><ele>2364.6</ele></trkpt><trkpt lat="46.212645553310416" lon="7.958480631927548"><ele>2364.5</ele></trkpt><trkpt lat="46.21269955326929" lon="7.958429631898167"><ele>2364.7</ele></trkpt><trkpt lat="46.21275355328621" lon="7.958416631914403"><ele>2364.6</ele></trkpt><trkpt lat="46.212816553341355" lon="7.958430631960902"><ele>2364.3</ele></trkpt><trkpt lat="46.21287955339646" lon="7.958404632009599"><ele>2364.0</ele></trkpt><trkpt lat="46.21293355337476" lon="7.958392631993976"><ele>2364.1</ele></trkpt><trkpt lat="46.21297855341142" lon="7.958392632025467"><ele>2363.9</ele></trkpt><trkpt lat="46.21303255350556" lon="7.9584066321038325"><ele>2363.4</ele></trkpt><trkpt lat="46.21308655354193" lon="7.958432632133837"><ele>2363.2</ele></trkpt><trkpt lat="46.213122553540366" lon="7.958446632132813"><ele>2363.2</ele></trkpt><trkpt lat="46.213203553691216" lon="7.958446632259474"><ele>2362.4</ele></trkpt><trkpt lat="46.213239553921305" lon="7.958447632450012"><ele>2361.2</ele></trkpt><trkpt lat="46.213284554131626" lon="7.9584476326246385"><ele>2360.1</ele></trkpt><trkpt lat="46.21331155424623" lon="7.958422632721246"><ele>2359.5</ele></trkpt><trkpt lat="46.21335655432146" lon="7.958422632784545"><ele>2359.1</ele></trkpt><trkpt lat="46.213392554358514" lon="7.958435632815388"><ele>2358.9</ele></trkpt><trkpt lat="46.21350955443052" lon="7.958397632880269"><ele>2358.5</ele></trkpt><trkpt lat="46.21357255444707" lon="7.958385632896389"><ele>2358.4</ele></trkpt><trkpt lat="46.21361755450302" lon="7.95838663294373"><ele>2358.1</ele></trkpt><trkpt lat="46.21366255459758" lon="7.958399633022221"><ele>2357.6</ele></trkpt><trkpt lat="46.21372555476862" lon="7.958425633163489"><ele>2356.7</ele></trkpt><trkpt lat="46.21377055468949" lon="7.958439633098791"><ele>2357.1</ele></trkpt><trkpt lat="46.21379755482343" lon="7.958413633211355"><ele>2356.4</ele></trkpt><trkpt lat="46.21383355472513" lon="7.958349633135088"><ele>2356.9</ele></trkpt><trkpt lat="46.213869554839114" lon="7.958271633234536"><ele>2356.3</ele></trkpt><trkpt lat="46.21393355481684" lon="7.958220633220978"><ele>2356.4</ele></trkpt><trkpt lat="46.213969554834534" lon="7.9581956332380015"><ele>2356.3</ele></trkpt><trkpt lat="46.214014554851886" lon="7.958195633253587"><ele>2356.2</ele></trkpt><trkpt lat="46.214059554907834" lon="7.958195633300986"><ele>2355.9</ele></trkpt><trkpt lat="46.214113554905474" lon="7.958196633300548"><ele>2355.9</ele></trkpt><trkpt lat="46.21416755492234" lon="7.958171633317442"><ele>2355.8</ele></trkpt><trkpt lat="46.21434755495303" lon="7.958133633350073"><ele>2355.6</ele></trkpt><trkpt lat="46.214428554949436" lon="7.95812163335016"><ele>2355.6</ele></trkpt><trkpt lat="46.21451855506131" lon="7.958109633445611"><ele>2355.0</ele></trkpt><trkpt lat="46.214617555134204" lon="7.958110633508472"><ele>2354.6</ele></trkpt><trkpt lat="46.214689555150414" lon="7.958124633523108"><ele>2354.5</ele></trkpt><trkpt lat="46.21473455514842" lon="7.958111633523505"><ele>2354.5</ele></trkpt><trkpt lat="46.2147885551654" lon="7.958112633538975"><ele>2354.4</ele></trkpt><trkpt lat="46.214841555163176" lon="7.958151633536467"><ele>2354.4</ele></trkpt><trkpt lat="46.21488655518056" lon="7.958164633551343"><ele>2354.3</ele></trkpt><trkpt lat="46.21493155517863" lon="7.958165633550974"><ele>2354.3</ele></trkpt><trkpt lat="46.21499455517585" lon="7.9581526335512445"><ele>2354.3</ele></trkpt><trkpt lat="46.215030555174195" lon="7.958127633552363"><ele>2354.3</ele></trkpt><trkpt lat="46.21506755517254" lon="7.958101633553525"><ele>2354.3</ele></trkpt><trkpt lat="46.21513055518872" lon="7.9579856335753405"><ele>2354.2</ele></trkpt><trkpt lat="46.21521255522342" lon="7.957869633612923"><ele>2354.0</ele></trkpt><trkpt lat="46.21524855518321" lon="7.957857633581523"><ele>2354.2</ele></trkpt><trkpt lat="46.215320555180014" lon="7.957832633582386"><ele>2354.2</ele></trkpt><trkpt lat="46.21548255517292" lon="7.957820633581906"><ele>2354.2</ele></trkpt><trkpt lat="46.21552755519023" lon="7.957808633598156"><ele>2354.1</ele></trkpt><trkpt lat="46.21559055518735" lon="7.957769633599846"><ele>2354.1</ele></trkpt><trkpt lat="46.215626555185786" lon="7.957770633599538"><ele>2354.1</ele></trkpt><trkpt lat="46.21568055529929" lon="7.957783633693868"><ele>2353.5</ele></trkpt><trkpt lat="46.21581455539051" lon="7.957940633763854"><ele>2353.0</ele></trkpt><trkpt lat="46.21585955536943" lon="7.958005633744071"><ele>2353.1</ele></trkpt><trkpt lat="46.21587755534939" lon="7.958031633726622"><ele>2353.2</ele></trkpt><trkpt lat="46.21591355534785" lon="7.958032633726314"><ele>2353.2</ele></trkpt><trkpt lat="46.21593155536634" lon="7.958019633742803"><ele>2353.1</ele></trkpt><trkpt lat="46.21595855536501" lon="7.957967633745462"><ele>2353.1</ele></trkpt><trkpt lat="46.21600355536294" lon="7.95791663374794"><ele>2353.1</ele></trkpt><trkpt lat="46.2160665553985" lon="7.957839633783519"><ele>2352.9</ele></trkpt><trkpt lat="46.2160935553973" lon="7.957813633784752"><ele>2352.9</ele></trkpt><trkpt lat="46.21614755539492" lon="7.957814633784318"><ele>2352.9</ele></trkpt><trkpt lat="46.21619255543159" lon="7.957827633815099"><ele>2352.7</ele></trkpt><trkpt lat="46.21621955541119" lon="7.9578536337975825"><ele>2352.8</ele></trkpt><trkpt lat="46.21625555540985" lon="7.957918633793773"><ele>2352.8</ele></trkpt><trkpt lat="46.21627355540918" lon="7.957957633791514"><ele>2352.8</ele></trkpt><trkpt lat="46.21630055540803" lon="7.9579716337905575"><ele>2352.8</ele></trkpt><trkpt lat="46.2163365554065" lon="7.957971633790304"><ele>2352.8</ele></trkpt><trkpt lat="46.216417555422204" lon="7.957946633807012"><ele>2352.7</ele></trkpt><trkpt lat="46.216462555458804" lon="7.957933633839215"><ele>2352.5</ele></trkpt><trkpt lat="46.21651655545644" lon="7.957921633839493"><ele>2352.5</ele></trkpt><trkpt lat="46.216678555487846" lon="7.957858633873613"><ele>2352.3</ele></trkpt><trkpt lat="46.2167595554841" lon="7.957793633876601"><ele>2352.3</ele></trkpt><trkpt lat="46.216813555481636" lon="7.957768633877591"><ele>2352.3</ele></trkpt><trkpt lat="46.21687655547885" lon="7.9577436338785175"><ele>2352.3</ele></trkpt><trkpt lat="46.2170655555285" lon="7.957732633925505"><ele>2352.0</ele></trkpt><trkpt lat="46.217110555507176" lon="7.957706633910713"><ele>2352.1</ele></trkpt><trkpt lat="46.217146555447634" lon="7.95769363386346"><ele>2352.4</ele></trkpt><trkpt lat="46.21720155546446" lon="7.9576686338803455"><ele>2352.3</ele></trkpt><trkpt lat="46.217264555500286" lon="7.9576436339130785"><ele>2352.1</ele></trkpt><trkpt lat="46.21733655553563" lon="7.957592633947172"><ele>2351.9</ele></trkpt><trkpt lat="46.21733655553563" lon="7.957592633947172"><ele>2351.9</ele></trkpt><trkpt lat="46.217372555456734" lon="7.957566633884732"><ele>2352.3</ele></trkpt><trkpt lat="46.21740855549376" lon="7.957553633916995"><ele>2352.1</ele></trkpt><trkpt lat="46.217462555510565" lon="7.957502633935309"><ele>2352.0</ele></trkpt><trkpt lat="46.217462555510565" lon="7.957502633935309"><ele>2352.0</ele></trkpt><trkpt lat="46.217507555469915" lon="7.9574776339045545"><ele>2352.2</ele></trkpt><trkpt lat="46.21758955548543" lon="7.9574006339241"><ele>2352.1</ele></trkpt><trkpt lat="46.217652555521084" lon="7.957335633959023"><ele>2351.9</ele></trkpt><trkpt lat="46.21768855551937" lon="7.95728463396156"><ele>2351.9</ele></trkpt><trkpt lat="46.2177155554988" lon="7.957258633946887"><ele>2352.0</ele></trkpt><trkpt lat="46.21773355549797" lon="7.95724663394742"><ele>2352.0</ele></trkpt><trkpt lat="46.217778555495954" lon="7.957220633948526"><ele>2352.0</ele></trkpt><trkpt lat="46.21780555545615" lon="7.957220633916531"><ele>2352.2</ele></trkpt><trkpt lat="46.217832555474246" lon="7.957208633932901"><ele>2352.1</ele></trkpt><trkpt lat="46.217896555509824" lon="7.9571046339699505"><ele>2351.9</ele></trkpt><trkpt lat="46.21793255554679" lon="7.957092634002158"><ele>2351.7</ele></trkpt><trkpt lat="46.21796855554501" lon="7.957027634005462"><ele>2351.7</ele></trkpt><trkpt lat="46.218013555542946" lon="7.956976634007936"><ele>2351.7</ele></trkpt><trkpt lat="46.218086555520316" lon="7.956938633993602"><ele>2351.8</ele></trkpt><trkpt lat="46.21812255551869" lon="7.956912633994771"><ele>2351.8</ele></trkpt><trkpt lat="46.218158555594286" lon="7.956887634059496"><ele>2351.4</ele></trkpt><trkpt lat="46.21822155561067" lon="7.956810634079168"><ele>2351.3</ele></trkpt><trkpt lat="46.21827555562754" lon="7.956784634096118"><ele>2351.2</ele></trkpt><trkpt lat="46.21833855558617" lon="7.956785634063817"><ele>2351.4</ele></trkpt><trkpt lat="46.21839255558376" lon="7.956759634064862"><ele>2351.4</ele></trkpt><trkpt lat="46.21844655565854" lon="7.956734634129453"><ele>2351.0</ele></trkpt><trkpt lat="46.21846455565773" lon="7.956721634130039"><ele>2351.0</ele></trkpt><trkpt lat="46.21847355563792" lon="7.95668263411621"><ele>2351.1</ele></trkpt><trkpt lat="46.21850155563659" lon="7.956644634118092"><ele>2351.1</ele></trkpt><trkpt lat="46.218537555634974" lon="7.956631634118551"><ele>2351.1</ele></trkpt><trkpt lat="46.21860955563175" lon="7.956606634119416"><ele>2351.1</ele></trkpt><trkpt lat="46.21867255555169" lon="7.956581634056735"><ele>2351.5</ele></trkpt><trkpt lat="46.21873555562615" lon="7.956555634121318"><ele>2351.1</ele></trkpt><trkpt lat="46.218762555605586" lon="7.9565306341066"><ele>2351.2</ele></trkpt><trkpt lat="46.21880755562268" lon="7.956452634126449"><ele>2351.1</ele></trkpt><trkpt lat="46.218844555640274" lon="7.9564146341441715"><ele>2351.0</ele></trkpt><trkpt lat="46.218871555581046" lon="7.956375634098411"><ele>2351.3</ele></trkpt><trkpt lat="46.218907555598776" lon="7.956362634114772"><ele>2351.2</ele></trkpt><trkpt lat="46.21895255567407" lon="7.956363634178007"><ele>2350.8</ele></trkpt><trkpt lat="46.21897955567293" lon="7.956376634177103"><ele>2350.8</ele></trkpt><trkpt lat="46.21903255565144" lon="7.9564156341587005"><ele>2350.9</ele></trkpt><trkpt lat="46.21905955563097" lon="7.95642963414185"><ele>2351.0</ele></trkpt><trkpt lat="46.21912255564758" lon="7.956429634157306"><ele>2350.9</ele></trkpt><trkpt lat="46.21914055560817" lon="7.956429634125378"><ele>2351.1</ele></trkpt><trkpt lat="46.219167555568305" lon="7.956417634094043"><ele>2351.3</ele></trkpt><trkpt lat="46.21917755562578" lon="7.956391634143096"><ele>2351.0</ele></trkpt><trkpt lat="46.219186555702485" lon="7.956352634208772"><ele>2350.6</ele></trkpt><trkpt lat="46.21918655570236" lon="7.956300634211613"><ele>2350.6</ele></trkpt><trkpt lat="46.219213555758785" lon="7.956197634264757"><ele>2350.3</ele></trkpt><trkpt lat="46.21929555579327" lon="7.956003634306593"><ele>2350.1</ele></trkpt><trkpt lat="46.21933255579146" lon="7.95593963430983"><ele>2350.1</ele></trkpt><trkpt lat="46.21936855577049" lon="7.9559136342951"><ele>2350.2</ele></trkpt><trkpt lat="46.21943155586433" lon="7.955927634373396"><ele>2349.7</ele></trkpt><trkpt lat="46.21953855584062" lon="7.956006634352425"><ele>2349.8</ele></trkpt><trkpt lat="46.219556555839894" lon="7.956019634351591"><ele>2349.8</ele></trkpt><trkpt lat="46.21958355581943" lon="7.956019634335499"><ele>2349.9</ele></trkpt><trkpt lat="46.21965555587411" lon="7.9559816343847745"><ele>2349.6</ele></trkpt><trkpt lat="46.21969155589184" lon="7.9559816344004215"><ele>2349.5</ele></trkpt><trkpt lat="46.2197725558885" lon="7.956021634397671"><ele>2349.5</ele></trkpt><trkpt lat="46.21981755586727" lon="7.956034634380746"><ele>2349.6</ele></trkpt><trkpt lat="46.21986255586527" lon="7.956035634380373"><ele>2349.6</ele></trkpt><trkpt lat="46.21991655595945" lon="7.956009634460921"><ele>2349.1</ele></trkpt><trkpt lat="46.220042555915306" lon="7.955997634428896"><ele>2349.3</ele></trkpt><trkpt lat="46.22008755591331" lon="7.9559856344292355"><ele>2349.3</ele></trkpt><trkpt lat="46.22017755590921" lon="7.9559346344313955"><ele>2349.3</ele></trkpt><trkpt lat="46.2202405559064" lon="7.955896634433028"><ele>2349.3</ele></trkpt><trkpt lat="46.22033955590197" lon="7.955845634435126"><ele>2349.3</ele></trkpt><trkpt lat="46.22039455593806" lon="7.955806634468671"><ele>2349.1</ele></trkpt><trkpt lat="46.22044855599348" lon="7.955742634519489"><ele>2348.8</ele></trkpt><trkpt lat="46.220511555971136" lon="7.955652634508069"><ele>2348.9</ele></trkpt><trkpt lat="46.22060255592814" lon="7.955523634482678"><ele>2349.1</ele></trkpt><trkpt lat="46.220638555926556" lon="7.955498634483798"><ele>2349.1</ele></trkpt><trkpt lat="46.22068355588591" lon="7.955472634453103"><ele>2349.3</ele></trkpt><trkpt lat="46.22077355590119" lon="7.955434634470449"><ele>2349.2</ele></trkpt><trkpt lat="46.2208815558964" lon="7.955409634471061"><ele>2349.2</ele></trkpt><trkpt lat="46.22104355586997" lon="7.95538563445534"><ele>2349.3</ele></trkpt><trkpt lat="46.22110655586714" lon="7.955359634456318"><ele>2349.3</ele></trkpt><trkpt lat="46.22115155588445" lon="7.955334634473271"><ele>2349.2</ele></trkpt><trkpt lat="46.2212155558815" lon="7.955283634475607"><ele>2349.2</ele></trkpt><trkpt lat="46.2212695558983" lon="7.955231634493972"><ele>2349.1</ele></trkpt><trkpt lat="46.22134155593365" lon="7.955180634528056"><ele>2348.9</ele></trkpt><trkpt lat="46.22136855591311" lon="7.955155634513333"><ele>2349.0</ele></trkpt><trkpt lat="46.22145855590911" lon="7.955130634514069"><ele>2349.0</ele></trkpt><trkpt lat="46.22147655590827" lon="7.955104634515364"><ele>2349.0</ele></trkpt><trkpt lat="46.22151355588706" lon="7.955013634504183"><ele>2349.1</ele></trkpt><trkpt lat="46.22155855594267" lon="7.954897634557901"><ele>2348.8</ele></trkpt><trkpt lat="46.22162255586224" lon="7.954768634500913"><ele>2349.2</ele></trkpt><trkpt lat="46.22174055589525" lon="7.954588634541716"><ele>2349.0</ele></trkpt><trkpt lat="46.22176755591327" lon="7.954549634559553"><ele>2348.9</ele></trkpt><trkpt lat="46.22185855587001" lon="7.9543306345390965"><ele>2349.1</ele></trkpt><trkpt lat="46.22196755609634" lon="7.954072634743184"><ele>2347.9</ele></trkpt><trkpt lat="46.222021556228846" lon="7.953955634860469"><ele>2347.2</ele></trkpt><trkpt lat="46.22204955618878" lon="7.9538786348326855"><ele>2347.4</ele></trkpt><trkpt lat="46.222076556264795" lon="7.953852634897499"><ele>2347.0</ele></trkpt><trkpt lat="46.2221215561661" lon="7.953801634820494"><ele>2347.5</ele></trkpt><trkpt lat="46.22217555608641" lon="7.953763634758608"><ele>2347.9</ele></trkpt><trkpt lat="46.222202556085115" lon="7.9537376347598405"><ele>2347.9</ele></trkpt><trkpt lat="46.22222955612234" lon="7.953672634794994"><ele>2347.7</ele></trkpt><trkpt lat="46.222257556121086" lon="7.953647634796166"><ele>2347.7</ele></trkpt><trkpt lat="46.22234755629089" lon="7.953596634941376"><ele>2346.8</ele></trkpt><trkpt lat="46.222392556269405" lon="7.953531634928715"><ele>2346.9</ele></trkpt><trkpt lat="46.22242855626782" lon="7.953506634929828"><ele>2346.9</ele></trkpt><trkpt lat="46.222509556186814" lon="7.953442634869178"><ele>2347.3</ele></trkpt><trkpt lat="46.22258155612565" lon="7.9534166348224105"><ele>2347.6</ele></trkpt><trkpt lat="46.22263555618131" lon="7.953430634868952"><ele>2347.3</ele></trkpt><trkpt lat="46.22267155617979" lon="7.953443634867992"><ele>2347.3</ele></trkpt><trkpt lat="46.22269855619805" lon="7.953469634882278"><ele>2347.2</ele></trkpt><trkpt lat="46.22273455615799" lon="7.95353563484663"><ele>2347.4</ele></trkpt><trkpt lat="46.22277055619519" lon="7.953561634876749"><ele>2347.2</ele></trkpt><trkpt lat="46.22278855615578" lon="7.953574634844126"><ele>2347.4</ele></trkpt><trkpt lat="46.222824556154215" lon="7.953574634843872"><ele>2347.4</ele></trkpt><trkpt lat="46.22285155621096" lon="7.953549634892735"><ele>2347.1</ele></trkpt><trkpt lat="46.222869556229256" lon="7.9534716349127645"><ele>2347.0</ele></trkpt><trkpt lat="46.22286955615187" lon="7.953432634851318"><ele>2347.4</ele></trkpt><trkpt lat="46.22298755631998" lon="7.95322663500479"><ele>2346.5</ele></trkpt><trkpt lat="46.22306955627729" lon="7.953071634980891"><ele>2346.7</ele></trkpt><trkpt lat="46.22317755631079" lon="7.952917635020328"><ele>2346.5</ele></trkpt><trkpt lat="46.22332255628475" lon="7.952775635011176"><ele>2346.6</ele></trkpt><trkpt lat="46.22343955622166" lon="7.95275163496399"><ele>2346.9</ele></trkpt><trkpt lat="46.2236285564258" lon="7.9526886351409365"><ele>2345.8</ele></trkpt><trkpt lat="46.22368255650078" lon="7.952701635203422"><ele>2345.4</ele></trkpt><trkpt lat="46.223727556537455" lon="7.952701635234895"><ele>2345.2</ele></trkpt><trkpt lat="46.22379955661168" lon="7.952715635297205"><ele>2344.8</ele></trkpt><trkpt lat="46.22384455651316" lon="7.952728635216712"><ele>2345.3</ele></trkpt><trkpt lat="46.223889556453265" lon="7.9527426351679535"><ele>2345.6</ele></trkpt><trkpt lat="46.22393455647064" lon="7.952729635184241"><ele>2345.5</ele></trkpt><trkpt lat="46.22397955652659" lon="7.952717635232263"><ele>2345.2</ele></trkpt><trkpt lat="46.2240515565427" lon="7.952679635249726"><ele>2345.1</ele></trkpt><trkpt lat="46.22409655654067" lon="7.952666635250119"><ele>2345.1</ele></trkpt><trkpt lat="46.224114556655806" lon="7.952653635346068"><ele>2344.5</ele></trkpt><trkpt lat="46.224150556654195" lon="7.952641635346469"><ele>2344.5</ele></trkpt><trkpt lat="46.224195556710285" lon="7.952654635393128"><ele>2344.2</ele></trkpt><trkpt lat="46.224249556727266" lon="7.952655635408589"><ele>2344.1</ele></trkpt><trkpt lat="46.2243035566477" lon="7.95268163534322"><ele>2344.5</ele></trkpt><trkpt lat="46.224330556569335" lon="7.952707635278039"><ele>2344.9</ele></trkpt><trkpt lat="46.224366556567816" lon="7.952720635277077"><ele>2344.9</ele></trkpt><trkpt lat="46.224402556566275" lon="7.952721635276773"><ele>2344.9</ele></trkpt><trkpt lat="46.22443855658396" lon="7.952721635292414"><ele>2344.8</ele></trkpt><trkpt lat="46.22449255662027" lon="7.952709635324478"><ele>2344.6</ele></trkpt><trkpt lat="46.2245285566381" lon="7.95272263533941"><ele>2344.5</ele></trkpt><trkpt lat="46.22457355665552" lon="7.952748635353574"><ele>2344.4</ele></trkpt><trkpt lat="46.22470755668874" lon="7.952879635377286"><ele>2344.2</ele></trkpt><trkpt lat="46.22473455668772" lon="7.952918635374967"><ele>2344.2</ele></trkpt><trkpt lat="46.224769556705674" lon="7.952970635387782"><ele>2344.1</ele></trkpt><trkpt lat="46.22482355672309" lon="7.953114635395444"><ele>2344.0</ele></trkpt><trkpt lat="46.22486855672133" lon="7.953179635391584"><ele>2344.0</ele></trkpt><trkpt lat="46.22490355673929" lon="7.953231635404401"><ele>2343.9</ele></trkpt><trkpt lat="46.22493055669959" lon="7.953257635371009"><ele>2344.1</ele></trkpt><trkpt lat="46.224948556698784" lon="7.953257635370882"><ele>2344.1</ele></trkpt><trkpt lat="46.22496655671731" lon="7.953245635387305"><ele>2344.0</ele></trkpt><trkpt lat="46.224984556735734" lon="7.9532196354044915"><ele>2343.9</ele></trkpt><trkpt lat="46.225003556754054" lon="7.9531546354237985"><ele>2343.8</ele></trkpt><trkpt lat="46.225040556809645" lon="7.952895635485349"><ele>2343.5</ele></trkpt><trkpt lat="46.22505855678941" lon="7.952857635471396"><ele>2343.6</ele></trkpt><trkpt lat="46.22510355676804" lon="7.952831635456609"><ele>2343.7</ele></trkpt><trkpt lat="46.22513955676652" lon="7.95283163545636"><ele>2343.7</ele></trkpt><trkpt lat="46.22517555678429" lon="7.952845635471237"><ele>2343.6</ele></trkpt><trkpt lat="46.2252385567817" lon="7.952884635468673"><ele>2343.6</ele></trkpt><trkpt lat="46.22527455678016" lon="7.952885635468366"><ele>2343.6</ele></trkpt><trkpt lat="46.22530155679828" lon="7.952885635484074"><ele>2343.5</ele></trkpt><trkpt lat="46.22534655689284" lon="7.952833635566066"><ele>2343.0</ele></trkpt><trkpt lat="46.22537355689166" lon="7.95283463556582"><ele>2343.0</ele></trkpt><trkpt lat="46.22539155689089" lon="7.9528346355656945"><ele>2343.0</ele></trkpt><trkpt lat="46.225409556890234" lon="7.952873635563446"><ele>2343.0</ele></trkpt><trkpt lat="46.22544455696643" lon="7.953016635618986"><ele>2342.6</ele></trkpt><trkpt lat="46.225488557003935" lon="7.95326263563706"><ele>2342.4</ele></trkpt><trkpt lat="46.2255145570224" lon="7.9533536356478125"><ele>2342.3</ele></trkpt><trkpt lat="46.22554155702137" lon="7.953405635644795"><ele>2342.3</ele></trkpt><trkpt lat="46.22560455703838" lon="7.953536635653111"><ele>2342.2</ele></trkpt><trkpt lat="46.22574655707162" lon="7.953783635670454"><ele>2342.0</ele></trkpt><trkpt lat="46.225755557071345" lon="7.953822635668268"><ele>2342.0</ele></trkpt><trkpt lat="46.22576455709052" lon="7.953887635680561"><ele>2341.9</ele></trkpt><trkpt lat="46.22576455712916" lon="7.953900635711644"><ele>2341.7</ele></trkpt><trkpt lat="46.225808557204815" lon="7.953978635770677"><ele>2341.3</ele></trkpt><trkpt lat="46.2258805571632" lon="7.954031635735491"><ele>2341.5</ele></trkpt><trkpt lat="46.22592555718066" lon="7.954057635749661"><ele>2341.4</ele></trkpt><trkpt lat="46.22599755727421" lon="7.954071635827883"><ele>2340.9</ele></trkpt><trkpt lat="46.22611455724991" lon="7.954098635809701"><ele>2341.0</ele></trkpt><trkpt lat="46.2261505572483" lon="7.954098635809449"><ele>2341.0</ele></trkpt><trkpt lat="46.22620455722666" lon="7.954086635793828"><ele>2341.1</ele></trkpt><trkpt lat="46.22648355725296" lon="7.9540116358277615"><ele>2340.9</ele></trkpt><trkpt lat="46.22662755724656" lon="7.953947635830244"><ele>2340.9</ele></trkpt><trkpt lat="46.22673555728048" lon="7.953922635862647"><ele>2340.7</ele></trkpt><trkpt lat="46.22683455729544" lon="7.953884635879922"><ele>2340.6</ele></trkpt><trkpt lat="46.22688955731218" lon="7.953833635898212"><ele>2340.5</ele></trkpt><trkpt lat="46.22693455729072" lon="7.953756635886195"><ele>2340.6</ele></trkpt><trkpt lat="46.22707855734216" lon="7.953666635937787"><ele>2340.3</ele></trkpt><trkpt lat="46.227114557321116" lon="7.953615635924413"><ele>2340.4</ele></trkpt><trkpt lat="46.22718755733704" lon="7.953525635944702"><ele>2340.3</ele></trkpt><trkpt lat="46.22726855727537" lon="7.953461635899931"><ele>2340.6</ele></trkpt><trkpt lat="46.22732255738882" lon="7.953409635997764"><ele>2340.0</ele></trkpt><trkpt lat="46.2273775573863" lon="7.953358636000156"><ele>2340.0</ele></trkpt><trkpt lat="46.22740455748161" lon="7.95330663608228"><ele>2339.5</ele></trkpt><trkpt lat="46.227422557325994" lon="7.953255635957764"><ele>2340.3</ele></trkpt><trkpt lat="46.22744955732478" lon="7.953229635958991"><ele>2340.3</ele></trkpt><trkpt lat="46.227476557362266" lon="7.953216635991304"><ele>2340.1</ele></trkpt><trkpt lat="46.22749455741948" lon="7.953217636038807"><ele>2339.8</ele></trkpt><trkpt lat="46.22753055722444" lon="7.953165635882431"><ele>2340.8</ele></trkpt><trkpt lat="46.22755755726192" lon="7.9531656359140355"><ele>2340.6</ele></trkpt><trkpt lat="46.22764755752864" lon="7.953153636136602"><ele>2339.2</ele></trkpt><trkpt lat="46.22771055748729" lon="7.953154636104316"><ele>2339.4</ele></trkpt><trkpt lat="46.227746557543746" lon="7.953167636151045"><ele>2339.1</ele></trkpt><trkpt lat="46.22777355750391" lon="7.953167636119066"><ele>2339.3</ele></trkpt><trkpt lat="46.227809557463665" lon="7.9531556360876765"><ele>2339.5</ele></trkpt><trkpt lat="46.22783655748176" lon="7.9531296361048"><ele>2339.4</ele></trkpt><trkpt lat="46.227891557517765" lon="7.953052636140399"><ele>2339.2</ele></trkpt><trkpt lat="46.2279725574947" lon="7.952975636128128"><ele>2339.3</ele></trkpt><trkpt lat="46.22803555749189" lon="7.952949636129107"><ele>2339.3</ele></trkpt><trkpt lat="46.228071557509615" lon="7.95292463614611"><ele>2339.2</ele></trkpt><trkpt lat="46.228243557559495" lon="7.952705636204517"><ele>2338.9</ele></trkpt><trkpt lat="46.22832455751709" lon="7.952615636177063"><ele>2339.1</ele></trkpt><trkpt lat="46.22835255755437" lon="7.952577636210724"><ele>2338.9</ele></trkpt><trkpt lat="46.22837055755351" lon="7.952538636212716"><ele>2338.9</ele></trkpt><trkpt lat="46.228370557495374" lon="7.952486636167862"><ele>2339.2</ele></trkpt><trkpt lat="46.2283975575325" lon="7.952383636205069"><ele>2339.0</ele></trkpt><trkpt lat="46.22839855749367" lon="7.952331636176108"><ele>2339.2</ele></trkpt><trkpt lat="46.22838955757113" lon="7.952240636244694"><ele>2338.8</ele></trkpt><trkpt lat="46.22838955764822" lon="7.952162636312514"><ele>2338.4</ele></trkpt><trkpt lat="46.22840855762787" lon="7.952097636300026"><ele>2338.5</ele></trkpt><trkpt lat="46.22841755755002" lon="7.952059636238457"><ele>2338.9</ele></trkpt><trkpt lat="46.22842655756894" lon="7.952046636254996"><ele>2338.8</ele></trkpt><trkpt lat="46.228516557623244" lon="7.9521246362978015"><ele>2338.5</ele></trkpt><trkpt lat="46.22854355762217" lon="7.9521386362968505"><ele>2338.5</ele></trkpt><trkpt lat="46.22866055767498" lon="7.952100636345787"><ele>2338.2</ele></trkpt><trkpt lat="46.22868755769302" lon="7.952074636362906"><ele>2338.1</ele></trkpt><trkpt lat="46.22871455767237" lon="7.952023636349602"><ele>2338.2</ele></trkpt><trkpt lat="46.228750557690034" lon="7.951971636368068"><ele>2338.1</ele></trkpt><trkpt lat="46.228795557746004" lon="7.951946636416795"><ele>2337.8</ele></trkpt><trkpt lat="46.22881355772593" lon="7.9519596364000735"><ele>2337.9</ele></trkpt><trkpt lat="46.228840557724766" lon="7.9519596363998835"><ele>2337.9</ele></trkpt><trkpt lat="46.228894557722406" lon="7.951947636400157"><ele>2337.9</ele></trkpt><trkpt lat="46.22891255772148" lon="7.951908636402156"><ele>2337.9</ele></trkpt><trkpt lat="46.22891355774069" lon="7.951869636420164"><ele>2337.8</ele></trkpt><trkpt lat="46.22893155773963" lon="7.951778636424988"><ele>2337.8</ele></trkpt><trkpt lat="46.22898555771779" lon="7.951727636411496"><ele>2337.9</ele></trkpt><trkpt lat="46.22900355773624" lon="7.951688636429383"><ele>2337.8</ele></trkpt><trkpt lat="46.229021557754706" lon="7.95166363644651"><ele>2337.7</ele></trkpt><trkpt lat="46.229013557735335" lon="7.951546636437035"><ele>2337.8</ele></trkpt><trkpt lat="46.22901355787049" lon="7.951481636551814"><ele>2337.1</ele></trkpt><trkpt lat="46.22904155790776" lon="7.9514166365869405"><ele>2336.9</ele></trkpt><trkpt lat="46.229059557926234" lon="7.951391636604063"><ele>2336.8</ele></trkpt><trkpt lat="46.2290955579246" lon="7.951378636604519"><ele>2336.8</ele></trkpt><trkpt lat="46.22915855792192" lon="7.95137963660403"><ele>2336.8</ele></trkpt><trkpt lat="46.229194557920444" lon="7.951392636603072"><ele>2336.8</ele></trkpt><trkpt lat="46.22924755791839" lon="7.9514836365977555"><ele>2336.8</ele></trkpt><trkpt lat="46.22927455793658" lon="7.951496636612751"><ele>2336.7</ele></trkpt><trkpt lat="46.22932855795358" lon="7.9514846366289245"><ele>2336.6</ele></trkpt><trkpt lat="46.229373557835586" lon="7.951484636533256"><ele>2337.2</ele></trkpt><trkpt lat="46.22942755791066" lon="7.951498636595687"><ele>2336.8</ele></trkpt><trkpt lat="46.22944555790987" lon="7.951485636596269"><ele>2336.8</ele></trkpt><trkpt lat="46.229463557909014" lon="7.951459636597559"><ele>2336.8</ele></trkpt><trkpt lat="46.22949055790772" lon="7.951421636599434"><ele>2336.8</ele></trkpt><trkpt lat="46.22949955790727" lon="7.951408636600082"><ele>2336.8</ele></trkpt><trkpt lat="46.22952655790612" lon="7.951421636599184"><ele>2336.8</ele></trkpt><trkpt lat="46.22956255800139" lon="7.9514606366762735"><ele>2336.3</ele></trkpt><trkpt lat="46.22959855799973" lon="7.9514356366773855"><ele>2336.3</ele></trkpt><trkpt lat="46.22961655797962" lon="7.951422636662073"><ele>2336.4</ele></trkpt><trkpt lat="46.22961655797962" lon="7.951422636662073"><ele>2336.4</ele></trkpt><trkpt lat="46.22970655807226" lon="7.951384636742975"><ele>2335.9</ele></trkpt><trkpt lat="46.22974255807063" lon="7.951358636744135"><ele>2335.9</ele></trkpt><trkpt lat="46.22974255807063" lon="7.951358636744135"><ele>2335.9</ele></trkpt><trkpt lat="46.22976955810823" lon="7.951397636773612"><ele>2335.7</ele></trkpt><trkpt lat="46.22978755810751" lon="7.951411636772729"><ele>2335.7</ele></trkpt><trkpt lat="46.229895558238255" lon="7.951437636881805"><ele>2335.0</ele></trkpt><trkpt lat="46.229931558256105" lon="7.9514516368966905"><ele>2334.9</ele></trkpt><trkpt lat="46.229958558274305" lon="7.951464636911688"><ele>2334.8</ele></trkpt><trkpt lat="46.22999455827274" lon="7.951464636911439"><ele>2334.8</ele></trkpt><trkpt lat="46.23012955832474" lon="7.9514016369616005"><ele>2334.5</ele></trkpt><trkpt lat="46.230237558378" lon="7.951376637009879"><ele>2334.2</ele></trkpt><trkpt lat="46.23037255833342" lon="7.95136463697781"><ele>2334.4</ele></trkpt><trkpt lat="46.2304895583865" lon="7.951391637023209"><ele>2334.1</ele></trkpt><trkpt lat="46.230516558366055" lon="7.951417637005716"><ele>2334.2</ele></trkpt><trkpt lat="46.23057055842184" lon="7.951444637051556"><ele>2333.9</ele></trkpt><trkpt lat="46.230633558631865" lon="7.951470637224517"><ele>2332.8</ele></trkpt><trkpt lat="46.23069555917075" lon="7.951510637666914"><ele>2330.0</ele></trkpt><trkpt lat="46.23074955928439" lon="7.9515106377618965"><ele>2329.4</ele></trkpt><trkpt lat="46.23081255949446" lon="7.95152463793552"><ele>2328.3</ele></trkpt><trkpt lat="46.23093856059155" lon="7.9516426388341666"><ele>2322.6</ele></trkpt><trkpt lat="46.230956560668055" lon="7.951642638897612"><ele>2322.2</ele></trkpt><trkpt lat="46.231001560801495" lon="7.951629639009254"><ele>2321.5</ele></trkpt><trkpt lat="46.231019560878" lon="7.951604639074053"><ele>2321.1</ele></trkpt><trkpt lat="46.23103756091578" lon="7.951565639107819"><ele>2320.9</ele></trkpt><trkpt lat="46.231055560972834" lon="7.951500639158882"><ele>2320.6</ele></trkpt><trkpt lat="46.23112856100791" lon="7.95134563919853"><ele>2320.4</ele></trkpt><trkpt lat="46.23120056100461" lon="7.951268639202189"><ele>2320.4</ele></trkpt><trkpt lat="46.23124556102195" lon="7.951256639218421"><ele>2320.3</ele></trkpt><trkpt lat="46.23130856107724" lon="7.951243639266366"><ele>2320.0</ele></trkpt><trkpt lat="46.23135356107528" lon="7.951257639265293"><ele>2320.0</ele></trkpt><trkpt lat="46.23140756109221" lon="7.951218639282917"><ele>2319.9</ele></trkpt><trkpt lat="46.23144456112908" lon="7.951141639318605"><ele>2319.7</ele></trkpt><trkpt lat="46.231471561127485" lon="7.950999639326081"><ele>2319.7</ele></trkpt><trkpt lat="46.23148056110766" lon="7.950960639312233"><ele>2319.8</ele></trkpt><trkpt lat="46.23150856110632" lon="7.9509086393148465"><ele>2319.8</ele></trkpt><trkpt lat="46.2315445611432" lon="7.950831639350532"><ele>2319.6</ele></trkpt><trkpt lat="46.23154456114306" lon="7.950779639353342"><ele>2319.6</ele></trkpt><trkpt lat="46.23154556114279" lon="7.950714639356837"><ele>2319.6</ele></trkpt><trkpt lat="46.231563561161146" lon="7.950637639376762"><ele>2319.5</ele></trkpt><trkpt lat="46.23159056117915" lon="7.9505726393959755"><ele>2319.4</ele></trkpt><trkpt lat="46.23163656121561" lon="7.950495639431592"><ele>2319.2</ele></trkpt><trkpt lat="46.23165456121468" lon="7.95044363943427"><ele>2319.2</ele></trkpt><trkpt lat="46.23167256127156" lon="7.950313639488832"><ele>2318.9</ele></trkpt><trkpt lat="46.23169156125089" lon="7.950132639482574"><ele>2319.0</ele></trkpt><trkpt lat="46.23176456122766" lon="7.949887639479399"><ele>2319.1</ele></trkpt><trkpt lat="46.23179256130354" lon="7.949809639546971"><ele>2318.7</ele></trkpt><trkpt lat="46.23182856126306" lon="7.949719639519798"><ele>2318.9</ele></trkpt><trkpt lat="46.23186456131942" lon="7.949667639570019"><ele>2318.6</ele></trkpt><trkpt lat="46.2318825612411" lon="7.949615639509148"><ele>2319.0</ele></trkpt><trkpt lat="46.23194656129607" lon="7.949512639561928"><ele>2318.7</ele></trkpt><trkpt lat="46.23200056135148" lon="7.949422639614074"><ele>2318.4</ele></trkpt><trkpt lat="46.2320195613698" lon="7.949345639633983"><ele>2318.3</ele></trkpt><trkpt lat="46.23217356149769" lon="7.949035639760852"><ele>2317.6</ele></trkpt><trkpt lat="46.23218256140038" lon="7.9489706396848545"><ele>2318.1</ele></trkpt><trkpt lat="46.232200561360855" lon="7.9489446396543615"><ele>2318.3</ele></trkpt><trkpt lat="46.23226356153215" lon="7.948932639797553"><ele>2317.4</ele></trkpt><trkpt lat="46.2322995615499" lon="7.948906639814597"><ele>2317.3</ele></trkpt><trkpt lat="46.2324085617385" lon="7.948869639974711"><ele>2316.3</ele></trkpt><trkpt lat="46.23242656173761" lon="7.948830639976686"><ele>2316.3</ele></trkpt><trkpt lat="46.23246256179402" lon="7.948804640025498"><ele>2316.0</ele></trkpt><trkpt lat="46.232489561850905" lon="7.9488176400722725"><ele>2315.7</ele></trkpt><trkpt lat="46.23259656182734" lon="7.94893564004929"><ele>2315.8</ele></trkpt><trkpt lat="46.23262356178762" lon="7.948974640015229"><ele>2316.0</ele></trkpt><trkpt lat="46.23265056180599" lon="7.9490396400274275"><ele>2315.9</ele></trkpt><trkpt lat="46.23273056184143" lon="7.949092640055796"><ele>2315.7</ele></trkpt><trkpt lat="46.23280256187715" lon="7.949144640084278"><ele>2315.5</ele></trkpt><trkpt lat="46.23284756193328" lon="7.949158640130873"><ele>2315.2</ele></trkpt><trkpt lat="46.23286556195184" lon="7.94914564014734"><ele>2315.1</ele></trkpt><trkpt lat="46.232937561987185" lon="7.949068640182765"><ele>2314.9</ele></trkpt><trkpt lat="46.23295556196708" lon="7.949068640166752"><ele>2315.0</ele></trkpt><trkpt lat="46.23300056194579" lon="7.9490566401512055"><ele>2315.1</ele></trkpt><trkpt lat="46.23302756194464" lon="7.949056640151016"><ele>2315.1</ele></trkpt><trkpt lat="46.233099561980275" lon="7.949069640181592"><ele>2314.9</ele></trkpt><trkpt lat="46.23311756197948" lon="7.949057640182117"><ele>2314.9</ele></trkpt><trkpt lat="46.23315456195836" lon="7.948992640169474"><ele>2315.0</ele></trkpt><trkpt lat="46.2331905619567" lon="7.948954640171269"><ele>2315.0</ele></trkpt><trkpt lat="46.23322656197453" lon="7.94895464018691"><ele>2314.9</ele></trkpt><trkpt lat="46.23328956197188" lon="7.948993640184372"><ele>2314.9</ele></trkpt><trkpt lat="46.23331656199012" lon="7.948994640200023"><ele>2314.8</ele></trkpt><trkpt lat="46.23337956200666" lon="7.948955640217577"><ele>2314.7</ele></trkpt><trkpt lat="46.23342456206273" lon="7.948956640264875"><ele>2314.4</ele></trkpt><trkpt lat="46.233460562138625" lon="7.94896964032748"><ele>2314.0</ele></trkpt><trkpt lat="46.23349556215656" lon="7.949008640341022"><ele>2313.9</ele></trkpt><trkpt lat="46.233513562194624" lon="7.9490606403698765"><ele>2313.7</ele></trkpt><trkpt lat="46.23354956221251" lon="7.949087640384063"><ele>2313.6</ele></trkpt><trkpt lat="46.23368456238107" lon="7.949179640521172"><ele>2312.7</ele></trkpt><trkpt lat="46.23374656241726" lon="7.949218640550424"><ele>2312.5</ele></trkpt><trkpt lat="46.23382756235578" lon="7.9492326405014495"><ele>2312.8</ele></trkpt><trkpt lat="46.23388156246965" lon="7.949271640594308"><ele>2312.2</ele></trkpt><trkpt lat="46.233944562505656" lon="7.9492726406255985"><ele>2312.0</ele></trkpt><trkpt lat="46.23405256242365" lon="7.949273640561247"><ele>2312.4</ele></trkpt><trkpt lat="46.234133562478306" lon="7.949299640606958"><ele>2312.1</ele></trkpt><trkpt lat="46.23419656243693" lon="7.94930064057469"><ele>2312.3</ele></trkpt><trkpt lat="46.23424156243493" lon="7.949275640575729"><ele>2312.3</ele></trkpt><trkpt lat="46.234304562722286" lon="7.94926264081432"><ele>2310.8</ele></trkpt><trkpt lat="46.23434956262358" lon="7.9492246407366105"><ele>2311.3</ele></trkpt><trkpt lat="46.234412562504815" lon="7.949211640641548"><ele>2311.9</ele></trkpt><trkpt lat="46.23451156261654" lon="7.949186640737539"><ele>2311.3</ele></trkpt><trkpt lat="46.23461956266983" lon="7.949136640787148"><ele>2311.0</ele></trkpt><trkpt lat="46.23471856278154" lon="7.949098640883838"><ele>2310.4</ele></trkpt><trkpt lat="46.23477356270168" lon="7.949059640822002"><ele>2310.8</ele></trkpt><trkpt lat="46.23484556267901" lon="7.94896964081046"><ele>2310.9</ele></trkpt><trkpt lat="46.23489956273462" lon="7.948931640859797"><ele>2310.6</ele></trkpt><trkpt lat="46.234980562730904" lon="7.948854640863375"><ele>2310.6</ele></trkpt><trkpt lat="46.23499856278812" lon="7.94882864091231"><ele>2310.3</ele></trkpt><trkpt lat="46.23501756284522" lon="7.948789640961939"><ele>2310.0</ele></trkpt><trkpt lat="46.23503556278624" lon="7.948738640916893"><ele>2310.3</ele></trkpt><trkpt lat="46.23510756278298" lon="7.948660640920589"><ele>2310.3</ele></trkpt><trkpt lat="46.23515356281943" lon="7.948570640956884"><ele>2310.1</ele></trkpt><trkpt lat="46.235171562818614" lon="7.948557640957462"><ele>2310.1</ele></trkpt><trkpt lat="46.23520756275908" lon="7.948571640908802"><ele>2310.4</ele></trkpt><trkpt lat="46.23530556300667" lon="7.9486626411097685"><ele>2309.1</ele></trkpt><trkpt lat="46.235332563063615" lon="7.948688641155849"><ele>2308.8</ele></trkpt><trkpt lat="46.23535956313986" lon="7.948702641218463"><ele>2308.4</ele></trkpt><trkpt lat="46.23541356307949" lon="7.948689641171125"><ele>2308.7</ele></trkpt><trkpt lat="46.235458563116254" lon="7.948677641203237"><ele>2308.5</ele></trkpt><trkpt lat="46.23548556319241" lon="7.948651641267994"><ele>2308.1</ele></trkpt><trkpt lat="46.235530563190316" lon="7.948600641270426"><ele>2308.1</ele></trkpt><trkpt lat="46.23558556309099" lon="7.948535641194101"><ele>2308.6</ele></trkpt><trkpt lat="46.23563056308899" lon="7.948497641195834"><ele>2308.6</ele></trkpt><trkpt lat="46.2356845631641" lon="7.948497641259011"><ele>2308.2</ele></trkpt><trkpt lat="46.23571156318219" lon="7.948459641276753"><ele>2308.1</ele></trkpt><trkpt lat="46.2357295631426" lon="7.948420641246946"><ele>2308.3</ele></trkpt><trkpt lat="46.23578356310141" lon="7.94835664121824"><ele>2308.5</ele></trkpt><trkpt lat="46.23589156315464" lon="7.948292641268594"><ele>2308.2</ele></trkpt><trkpt lat="46.235928563133626" lon="7.948253641254546"><ele>2308.3</ele></trkpt><trkpt lat="46.23601856314888" lon="7.948176641273951"><ele>2308.2</ele></trkpt><trkpt lat="46.236081563165364" lon="7.948112641292844"><ele>2308.1</ele></trkpt><trkpt lat="46.236153563181475" lon="7.94806164131097"><ele>2308.0</ele></trkpt><trkpt lat="46.2363345632118" lon="7.947855641352556"><ele>2307.8</ele></trkpt><trkpt lat="46.236434563265355" lon="7.947765641404358"><ele>2307.5</ele></trkpt><trkpt lat="46.23647956328272" lon="7.9477406414212775"><ele>2307.4</ele></trkpt><trkpt lat="46.23654256326055" lon="7.9477026414069964"><ele>2307.5</ele></trkpt><trkpt lat="46.23660556327708" lon="7.947650641425242"><ele>2307.4</ele></trkpt><trkpt lat="46.236659563235975" lon="7.9476126413951365"><ele>2307.6</ele></trkpt><trkpt lat="46.236767563327895" lon="7.947548641477259"><ele>2307.1</ele></trkpt><trkpt lat="46.236849563285574" lon="7.9475106414469625"><ele>2307.3</ele></trkpt><trkpt lat="46.23688556328397" lon="7.94748464144811"><ele>2307.3</ele></trkpt><trkpt lat="46.23693056326254" lon="7.947433641434655"><ele>2307.4</ele></trkpt><trkpt lat="46.23698456331818" lon="7.947395641483979"><ele>2307.1</ele></trkpt><trkpt lat="46.23706556323721" lon="7.947356641421976"><ele>2307.5</ele></trkpt><trkpt lat="46.23711056323523" lon="7.94733164142301"><ele>2307.5</ele></trkpt><trkpt lat="46.237182563270686" lon="7.947280641457019"><ele>2307.3</ele></trkpt><trkpt lat="46.237237563306856" lon="7.947228641491202"><ele>2307.1</ele></trkpt><trkpt lat="46.23728256330486" lon="7.947190641492933"><ele>2307.1</ele></trkpt><trkpt lat="46.23731856332251" lon="7.947138641511359"><ele>2307.0</ele></trkpt><trkpt lat="46.23734556336004" lon="7.94712664154359"><ele>2306.8</ele></trkpt><trkpt lat="46.23740856335727" lon="7.947100641544552"><ele>2306.8</ele></trkpt><trkpt lat="46.23744456335563" lon="7.947075641545646"><ele>2306.8</ele></trkpt><trkpt lat="46.23749856341127" lon="7.947036641595018"><ele>2306.5</ele></trkpt><trkpt lat="46.23770656359549" lon="7.946896641759941"><ele>2305.5</ele></trkpt><trkpt lat="46.237796563552784" lon="7.946832641730988"><ele>2305.7</ele></trkpt><trkpt lat="46.23791456350865" lon="7.946703641705329"><ele>2305.9</ele></trkpt><trkpt lat="46.238031563542094" lon="7.94661464174107"><ele>2305.7</ele></trkpt><trkpt lat="46.23815756361377" lon="7.946498641809957"><ele>2305.3</ele></trkpt><trkpt lat="46.23822156366899" lon="7.946447641859903"><ele>2305.0</ele></trkpt><trkpt lat="46.238347563585805" lon="7.946318641802422"><ele>2305.4</ele></trkpt><trkpt lat="46.238519563577945" lon="7.946138641810892"><ele>2305.4</ele></trkpt><trkpt lat="46.23865456359118" lon="7.946010641832715"><ele>2305.3</ele></trkpt><trkpt lat="46.23873656360683" lon="7.945946641851471"><ele>2305.2</ele></trkpt><trkpt lat="46.23879956358453" lon="7.9458566418399785"><ele>2305.3</ele></trkpt><trkpt lat="46.238935563617055" lon="7.945727641877727"><ele>2305.1</ele></trkpt><trkpt lat="46.239007563652486" lon="7.945650641913126"><ele>2304.9</ele></trkpt><trkpt lat="46.23907056370773" lon="7.945612641962376"><ele>2304.6</ele></trkpt><trkpt lat="46.239124563802015" lon="7.945561642044142"><ele>2304.1</ele></trkpt><trkpt lat="46.23916056381978" lon="7.945535642061171"><ele>2304.0</ele></trkpt><trkpt lat="46.239196563798785" lon="7.945496642047136"><ele>2304.1</ele></trkpt><trkpt lat="46.23923356383588" lon="7.945484642079284"><ele>2303.9</ele></trkpt><trkpt lat="46.239269563853625" lon="7.945458642096308"><ele>2303.8</ele></trkpt><trkpt lat="46.239341563908376" lon="7.94539464214689"><ele>2303.5</ele></trkpt><trkpt lat="46.239431563865715" lon="7.945330642117943"><ele>2303.7</ele></trkpt><trkpt lat="46.239521563919695" lon="7.945266642168394"><ele>2303.4</ele></trkpt><trkpt lat="46.239557563898785" lon="7.94525464215291"><ele>2303.5</ele></trkpt><trkpt lat="46.23958556387815" lon="7.945215642138925"><ele>2303.6</ele></trkpt><trkpt lat="46.239630563953575" lon="7.945189642203536"><ele>2303.2</ele></trkpt><trkpt lat="46.23966656393259" lon="7.9451646421887485"><ele>2303.3</ele></trkpt><trkpt lat="46.23977456398583" lon="7.945087642239773"><ele>2303.0</ele></trkpt><trkpt lat="46.23981056394554" lon="7.94506164220916"><ele>2303.2</ele></trkpt><trkpt lat="46.239846563905225" lon="7.945049642177795"><ele>2303.4</ele></trkpt><trkpt lat="46.23989156394195" lon="7.94502364221064"><ele>2303.2</ele></trkpt><trkpt lat="46.23994556399762" lon="7.944985642259946"><ele>2302.9</ele></trkpt><trkpt lat="46.240027564013296" lon="7.944934642277995"><ele>2302.8</ele></trkpt><trkpt lat="46.24010856406779" lon="7.944896642327113"><ele>2302.5</ele></trkpt><trkpt lat="46.24017156406502" lon="7.94485764232877"><ele>2302.5</ele></trkpt><trkpt lat="46.24020756412144" lon="7.9448196423782"><ele>2302.2</ele></trkpt><trkpt lat="46.2402255640819" lon="7.944793642347709"><ele>2302.4</ele></trkpt><trkpt lat="46.24025256408062" lon="7.944767642348913"><ele>2302.4</ele></trkpt><trkpt lat="46.24028856409836" lon="7.944729642366583"><ele>2302.3</ele></trkpt><trkpt lat="46.24034356407657" lon="7.944690642352413"><ele>2302.4</ele></trkpt><trkpt lat="46.2403885640745" lon="7.944652642354144"><ele>2302.4</ele></trkpt><trkpt lat="46.24044256407204" lon="7.944601642356503"><ele>2302.4</ele></trkpt><trkpt lat="46.240532564048664" lon="7.944537642343434"><ele>2302.5</ele></trkpt><trkpt lat="46.24067756411962" lon="7.944421642412171"><ele>2302.1</ele></trkpt><trkpt lat="46.24074056413615" lon="7.94437064243035"><ele>2302.0</ele></trkpt><trkpt lat="46.240785564172874" lon="7.944344642463191"><ele>2301.8</ele></trkpt><trkpt lat="46.2408485641119" lon="7.94428064241855"><ele>2302.1</ele></trkpt><trkpt lat="46.240875564207485" lon="7.944255642499099"><ele>2301.6</ele></trkpt><trkpt lat="46.24094856418483" lon="7.944190642486198"><ele>2301.7</ele></trkpt><trkpt lat="46.24122756424966" lon="7.943947642560807"><ele>2301.3</ele></trkpt><trkpt lat="46.241309564284634" lon="7.943857642596822"><ele>2301.1</ele></trkpt><trkpt lat="46.24136356426277" lon="7.943792642584056"><ele>2301.2</ele></trkpt><trkpt lat="46.241399564280535" lon="7.943767642601022"><ele>2301.1</ele></trkpt><trkpt lat="46.24145356429745" lon="7.943728642618618"><ele>2301.0</ele></trkpt><trkpt lat="46.241489564334614" lon="7.94371664265077"><ele>2300.8</ele></trkpt><trkpt lat="46.24155356435113" lon="7.943677642668294"><ele>2300.7</ele></trkpt><trkpt lat="46.24164356434711" lon="7.943613642671107"><ele>2300.7</ele></trkpt><trkpt lat="46.24174256455576" lon="7.94357564284711"><ele>2299.6</ele></trkpt><trkpt lat="46.24185956474419" lon="7.943525643007753"><ele>2298.6</ele></trkpt><trkpt lat="46.241895564761904" lon="7.9434996430247775"><ele>2298.5</ele></trkpt><trkpt lat="46.24196756479751" lon="7.943474643057376"><ele>2298.3</ele></trkpt><trkpt lat="46.24203956483299" lon="7.943423643091361"><ele>2298.1</ele></trkpt><trkpt lat="46.242094564869284" lon="7.943371643125516"><ele>2297.9</ele></trkpt><trkpt lat="46.242112564926614" lon="7.943371643173027"><ele>2297.6</ele></trkpt><trkpt lat="46.24214856515736" lon="7.943372643363249"><ele>2296.4</ele></trkpt><trkpt lat="46.24219356519414" lon="7.9433596433953895"><ele>2296.2</ele></trkpt><trkpt lat="46.242418565494106" lon="7.943296643651245"><ele>2294.6</ele></trkpt><trkpt lat="46.24252656595417" lon="7.943297644031499"><ele>2292.2</ele></trkpt><trkpt lat="46.24257156604897" lon="7.943272644111907"><ele>2291.7</ele></trkpt><trkpt lat="46.242625566201546" lon="7.943272644238555"><ele>2290.9</ele></trkpt><trkpt lat="46.242670566160825" lon="7.943234644208518"><ele>2291.1</ele></trkpt><trkpt lat="46.2427515663122" lon="7.943209644336311"><ele>2290.3</ele></trkpt><trkpt lat="46.24282356634776" lon="7.943171644369596"><ele>2290.1</ele></trkpt><trkpt lat="46.242859566423704" lon="7.943184644432164"><ele>2289.7</ele></trkpt><trkpt lat="46.24291356636319" lon="7.943145644386245"><ele>2290.0</ele></trkpt><trkpt lat="46.24303056649366" lon="7.943095644499246"><ele>2289.3</ele></trkpt><trkpt lat="46.243093566549035" lon="7.943082644547139"><ele>2289.0</ele></trkpt><trkpt lat="46.24312156662519" lon="7.943057644611783"><ele>2288.6</ele></trkpt><trkpt lat="46.243148566682144" lon="7.943057644659228"><ele>2288.3</ele></trkpt><trkpt lat="46.24318456671931" lon="7.943044644691429"><ele>2288.1</ele></trkpt><trkpt lat="46.243238566813794" lon="7.943032644771082"><ele>2287.6</ele></trkpt><trkpt lat="46.24330156706284" lon="7.9430456449763565"><ele>2286.3</ele></trkpt><trkpt lat="46.243346567215816" lon="7.943033645103698"><ele>2285.5</ele></trkpt><trkpt lat="46.24347256738463" lon="7.942995645247749"><ele>2284.6</ele></trkpt><trkpt lat="46.2434905673451" lon="7.9429826452165635"><ele>2284.8</ele></trkpt><trkpt lat="46.243526567343565" lon="7.94297064521696"><ele>2284.8</ele></trkpt><trkpt lat="46.24360756751435" lon="7.942957645359982"><ele>2283.9</ele></trkpt><trkpt lat="46.243661567666926" lon="7.942945645487267"><ele>2283.1</ele></trkpt><trkpt lat="46.243751567837315" lon="7.942933645630174"><ele>2282.2</ele></trkpt><trkpt lat="46.24381456795075" lon="7.942907645726386"><ele>2281.6</ele></trkpt><trkpt lat="46.24386856814203" lon="7.9428956458854225"><ele>2280.6</ele></trkpt><trkpt lat="46.24397656831164" lon="7.94284464603028"><ele>2279.7</ele></trkpt><trkpt lat="46.244084568519895" lon="7.942780646207576"><ele>2278.6</ele></trkpt><trkpt lat="46.24412956857597" lon="7.94274264625691"><ele>2278.3</ele></trkpt><trkpt lat="46.24415756872964" lon="7.942729646384423"><ele>2277.5</ele></trkpt><trkpt lat="46.24419356886363" lon="7.942716646495996"><ele>2276.8</ele></trkpt><trkpt lat="46.24428356891764" lon="7.942614646548417"><ele>2276.5</ele></trkpt><trkpt lat="46.24435556906927" lon="7.942549646678375"><ele>2275.7</ele></trkpt><trkpt lat="46.24446356935506" lon="7.942499646918421"><ele>2274.2</ele></trkpt><trkpt lat="46.24458156954355" lon="7.942435647079763"><ele>2273.2</ele></trkpt><trkpt lat="46.244626569735274" lon="7.942435647238215"><ele>2272.2</ele></trkpt><trkpt lat="46.24466256969492" lon="7.942397647208226"><ele>2272.4</ele></trkpt><trkpt lat="46.24468956977122" lon="7.942384647272234"><ele>2272.0</ele></trkpt><trkpt lat="46.24474356998188" lon="7.942358647447871"><ele>2270.9</ele></trkpt><trkpt lat="46.244815570249834" lon="7.942320647671645"><ele>2269.5</ele></trkpt><trkpt lat="46.24487857047956" lon="7.942308647862359"><ele>2268.3</ele></trkpt><trkpt lat="46.24491457047795" lon="7.942282647863484"><ele>2268.3</ele></trkpt><trkpt lat="46.24495057053445" lon="7.942257647912184"><ele>2268.0</ele></trkpt><trkpt lat="46.245022570705686" lon="7.94224464805526"><ele>2267.1</ele></trkpt><trkpt lat="46.24512157085632" lon="7.942206648183597"><ele>2266.3</ele></trkpt><trkpt lat="46.24526657094693" lon="7.942156648264626"><ele>2265.8</ele></trkpt><trkpt lat="46.24537457107785" lon="7.942118648377029"><ele>2265.1</ele></trkpt><trkpt lat="46.24546457122893" lon="7.942093648504736"><ele>2264.3</ele></trkpt><trkpt lat="46.2455275713425" lon="7.942080648600248"><ele>2263.7</ele></trkpt><trkpt lat="46.24568057158763" lon="7.942017648808905"><ele>2262.4</ele></trkpt><trkpt lat="46.245806571756475" lon="7.94196664895361"><ele>2261.5</ele></trkpt><trkpt lat="46.24586957186998" lon="7.941941649049748"><ele>2260.9</ele></trkpt><trkpt lat="46.24598757198102" lon="7.941864649148252"><ele>2260.3</ele></trkpt><trkpt lat="46.24605957211354" lon="7.941852649259518"><ele>2259.6</ele></trkpt><trkpt lat="46.24609557217013" lon="7.941852649306899"><ele>2259.3</ele></trkpt><trkpt lat="46.24613157218798" lon="7.941853649322479"><ele>2259.2</ele></trkpt><trkpt lat="46.24615757224499" lon="7.9418536493699285"><ele>2258.9</ele></trkpt><trkpt lat="46.24623957237708" lon="7.9418416494811295"><ele>2258.2</ele></trkpt><trkpt lat="46.2463205725286" lon="7.941816649608897"><ele>2257.4</ele></trkpt><trkpt lat="46.24634757250807" lon="7.94180364959352"><ele>2257.5</ele></trkpt><trkpt lat="46.24649157259888" lon="7.941791649672555"><ele>2257.0</ele></trkpt><trkpt lat="46.24655457265423" lon="7.9417666497210675"><ele>2256.7</ele></trkpt><trkpt lat="46.24665357284363" lon="7.9417156498818215"><ele>2255.7</ele></trkpt><trkpt lat="46.24669857286109" lon="7.941702649898078"><ele>2255.6</ele></trkpt><trkpt lat="46.24674357287854" lon="7.94167764991496"><ele>2255.5</ele></trkpt><trkpt lat="46.246779572857626" lon="7.9416646498995265"><ele>2255.6</ele></trkpt><trkpt lat="46.246842572932344" lon="7.941626649964594"><ele>2255.2</ele></trkpt><trkpt lat="46.24688757296919" lon="7.94161364999672"><ele>2255.0</ele></trkpt><trkpt lat="46.24696857308191" lon="7.941588650092732"><ele>2254.4</ele></trkpt><trkpt lat="46.24706757313581" lon="7.941550650141683"><ele>2254.1</ele></trkpt><trkpt lat="46.24715857317066" lon="7.941512650174813"><ele>2253.9</ele></trkpt><trkpt lat="46.24723957328335" lon="7.941474650271501"><ele>2253.3</ele></trkpt><trkpt lat="46.24734757331757" lon="7.941462650303158"><ele>2253.1</ele></trkpt><trkpt lat="46.247428573488506" lon="7.941463650445426"><ele>2252.2</ele></trkpt><trkpt lat="46.247518573639745" lon="7.94147665057113"><ele>2251.4</ele></trkpt><trkpt lat="46.24761657377131" lon="7.941490650680864"><ele>2250.7</ele></trkpt><trkpt lat="46.24768857388459" lon="7.941517650774213"><ele>2250.1</ele></trkpt><trkpt lat="46.24780557401527" lon="7.941492650885858"><ele>2249.4</ele></trkpt><trkpt lat="46.247841573974966" lon="7.941479650854545"><ele>2249.6</ele></trkpt><trkpt lat="46.247895574011494" lon="7.941480650885881"><ele>2249.4</ele></trkpt><trkpt lat="46.247958574125" lon="7.9414556509820144"><ele>2248.8</ele></trkpt><trkpt lat="46.24803957443159" lon="7.941468651234775"><ele>2247.2</ele></trkpt><trkpt lat="46.248093574487434" lon="7.941456651282665"><ele>2246.9</ele></trkpt><trkpt lat="46.24815657465916" lon="7.941456651425114"><ele>2246.0</ele></trkpt><trkpt lat="46.24823757473324" lon="7.941444651488695"><ele>2245.6</ele></trkpt><trkpt lat="46.248390574862405" lon="7.941420651600042"><ele>2244.9</ele></trkpt><trkpt lat="46.248444574957105" lon="7.941446651677699"><ele>2244.4</ele></trkpt><trkpt lat="46.2487595752927" lon="7.941436651961852"><ele>2242.6</ele></trkpt><trkpt lat="46.24888557544242" lon="7.94143765208795"><ele>2241.8</ele></trkpt><trkpt lat="46.24900257551504" lon="7.941425652151298"><ele>2241.4</ele></trkpt><trkpt lat="46.24908357555042" lon="7.941426652182451"><ele>2241.2</ele></trkpt><trkpt lat="46.249182575662594" lon="7.941427652276984"><ele>2240.6</ele></trkpt><trkpt lat="46.24927257583311" lon="7.9414026524205585"><ele>2239.7</ele></trkpt><trkpt lat="46.249308575967255" lon="7.941415652530761"><ele>2239.0</ele></trkpt><trkpt lat="46.24937157604221" lon="7.9414296525931105"><ele>2238.6</ele></trkpt><trkpt lat="46.24944357617487" lon="7.941442652703075"><ele>2237.9</ele></trkpt><trkpt lat="46.24956957628588" lon="7.94144465279738"><ele>2237.3</ele></trkpt><trkpt lat="46.249614576458406" lon="7.941457652939272"><ele>2236.4</ele></trkpt><trkpt lat="46.249676576397825" lon="7.941483652889887"><ele>2236.7</ele></trkpt><trkpt lat="46.24982057658566" lon="7.94151165304622"><ele>2235.7</ele></trkpt><trkpt lat="46.24987457671909" lon="7.941524653156307"><ele>2235.0</ele></trkpt><trkpt lat="46.24994657675499" lon="7.941564653185501"><ele>2234.8</ele></trkpt><trkpt lat="46.249982576753574" lon="7.941577653184585"><ele>2234.8</ele></trkpt><trkpt lat="46.2500185767908" lon="7.941577653216095"><ele>2234.6</ele></trkpt><trkpt lat="46.2501355769408" lon="7.941527653344917"><ele>2233.8</ele></trkpt><trkpt lat="46.25018057701642" lon="7.941514653408793"><ele>2233.4</ele></trkpt><trkpt lat="46.25023457703358" lon="7.941502653424931"><ele>2233.3</ele></trkpt><trkpt lat="46.250306577088615" lon="7.941489653472752"><ele>2233.0</ele></trkpt><trkpt lat="46.25036957722162" lon="7.941464653584753"><ele>2232.3</ele></trkpt><trkpt lat="46.250405577278165" lon="7.9414386536334876"><ele>2232.0</ele></trkpt><trkpt lat="46.25045957723708" lon="7.941413653602678"><ele>2232.2</ele></trkpt><trkpt lat="46.250487577235894" lon="7.941387653603841"><ele>2232.2</ele></trkpt><trkpt lat="46.250514577292854" lon="7.941374653651957"><ele>2231.9</ele></trkpt><trkpt lat="46.25059557754134" lon="7.941349653859094"><ele>2230.6</ele></trkpt><trkpt lat="46.25069457765338" lon="7.941311653955653"><ele>2230.0</ele></trkpt><trkpt lat="46.25074857786431" lon="7.9413126541298675"><ele>2228.9</ele></trkpt><trkpt lat="46.25079357792053" lon="7.941299654177865"><ele>2228.6</ele></trkpt><trkpt lat="46.25082957793839" lon="7.941287654194122"><ele>2228.5</ele></trkpt><trkpt lat="46.2508565780535" lon="7.941274654289864"><ele>2227.9</ele></trkpt><trkpt lat="46.25090157809043" lon="7.941287654320639"><ele>2227.7</ele></trkpt><trkpt lat="46.250946578185484" lon="7.941301654398994"><ele>2227.2</ele></trkpt><trkpt lat="46.251000578144556" lon="7.941314654366208"><ele>2227.4</ele></trkpt><trkpt lat="46.25104557827834" lon="7.941315654476982"><ele>2226.7</ele></trkpt><trkpt lat="46.251090578334626" lon="7.941328654523637"><ele>2226.4</ele></trkpt><trkpt lat="46.25111757837226" lon="7.941328654555207"><ele>2226.2</ele></trkpt><trkpt lat="46.25117957840858" lon="7.941368654584471"><ele>2226.0</ele></trkpt><trkpt lat="46.251233578464536" lon="7.941381654631068"><ele>2225.7</ele></trkpt><trkpt lat="46.2513955785162" lon="7.941460654673535"><ele>2225.4</ele></trkpt><trkpt lat="46.25143157847603" lon="7.941487654640144"><ele>2225.6</ele></trkpt><trkpt lat="46.25144957847538" lon="7.941513654638678"><ele>2225.6</ele></trkpt><trkpt lat="46.25154757856855" lon="7.941617654712024"><ele>2225.1</ele></trkpt><trkpt lat="46.25157457864504" lon="7.941644654773954"><ele>2224.7</ele></trkpt><trkpt lat="46.25165557879677" lon="7.941683654898406"><ele>2223.9</ele></trkpt><trkpt lat="46.25173657910351" lon="7.941684655151832"><ele>2222.3</ele></trkpt><trkpt lat="46.251925579153855" lon="7.941673655198775"><ele>2222.0</ele></trkpt><trkpt lat="46.2519795792291" lon="7.941660655262592"><ele>2221.6</ele></trkpt><trkpt lat="46.25205157932309" lon="7.941674655340778"><ele>2221.1</ele></trkpt><trkpt lat="46.25209657939869" lon="7.941648655405323"><ele>2220.7</ele></trkpt><trkpt lat="46.25218657941417" lon="7.941597655423237"><ele>2220.6</ele></trkpt><trkpt lat="46.252285579487534" lon="7.941559655488047"><ele>2220.2</ele></trkpt><trkpt lat="46.252411579540386" lon="7.94150965553742"><ele>2219.9</ele></trkpt><trkpt lat="46.25244757957767" lon="7.941509655568934"><ele>2219.7</ele></trkpt><trkpt lat="46.25247457957657" lon="7.941522655568086"><ele>2219.7</ele></trkpt><trkpt lat="46.252510579536455" lon="7.941561655534082"><ele>2219.9</ele></trkpt><trkpt lat="46.25253757957421" lon="7.941601655563588"><ele>2219.7</ele></trkpt><trkpt lat="46.25256357957328" lon="7.941640655561404"><ele>2219.7</ele></trkpt><trkpt lat="46.252644579821904" lon="7.9416536557665856"><ele>2218.4</ele></trkpt><trkpt lat="46.25268057991732" lon="7.941641655846348"><ele>2217.9</ele></trkpt><trkpt lat="46.25272557995416" lon="7.941628655878472"><ele>2217.7</ele></trkpt><trkpt lat="46.25276257999134" lon="7.941603655911271"><ele>2217.5</ele></trkpt><trkpt lat="46.25280758024129" lon="7.941551656120042"><ele>2216.2</ele></trkpt><trkpt lat="46.252870580626244" lon="7.941526656438438"><ele>2214.2</ele></trkpt><trkpt lat="46.252960581010015" lon="7.941488656757315"><ele>2212.2</ele></trkpt><trkpt lat="46.25306858116034" lon="7.941385656888907"><ele>2211.4</ele></trkpt><trkpt lat="46.253105581236134" lon="7.941308656956125"><ele>2211.0</ele></trkpt><trkpt lat="46.25313258125423" lon="7.941243656975161"><ele>2210.9</ele></trkpt><trkpt lat="46.25316858133015" lon="7.9411916570411005"><ele>2210.5</ele></trkpt><trkpt lat="46.25319558134829" lon="7.941153657058747"><ele>2210.4</ele></trkpt><trkpt lat="46.2532225814827" lon="7.9411146571717035"><ele>2209.7</ele></trkpt><trkpt lat="46.25325058150081" lon="7.941050657190679"><ele>2209.6</ele></trkpt><trkpt lat="46.253277581577116" lon="7.941011657256008"><ele>2209.2</ele></trkpt><trkpt lat="46.25329558157624" lon="7.9409726572578885"><ele>2209.2</ele></trkpt><trkpt lat="46.25331358159486" lon="7.9409466572749805"><ele>2209.1</ele></trkpt><trkpt lat="46.25334058165176" lon="7.94090865732438"><ele>2208.8</ele></trkpt><trkpt lat="46.25336758174748" lon="7.940869657405578"><ele>2208.3</ele></trkpt><trkpt lat="46.25339558180428" lon="7.940805657456304"><ele>2208.0</ele></trkpt><trkpt lat="46.2534315819771" lon="7.940766657600937"><ele>2207.1</ele></trkpt><trkpt lat="46.25347658211082" lon="7.940727657713765"><ele>2206.4</ele></trkpt><trkpt lat="46.25353058220551" lon="7.940715657793391"><ele>2205.9</ele></trkpt><trkpt lat="46.253593582183484" lon="7.940690657778387"><ele>2206.0</ele></trkpt><trkpt lat="46.25363858222028" lon="7.9406516578118405"><ele>2205.8</ele></trkpt><trkpt lat="46.253674582199324" lon="7.940613657797675"><ele>2205.9</ele></trkpt><trkpt lat="46.25371158219767" lon="7.9405616578000995"><ele>2205.9</ele></trkpt><trkpt lat="46.25372958217734" lon="7.940483657788111"><ele>2206.0</ele></trkpt><trkpt lat="46.253738582196235" lon="7.94043265780654"><ele>2205.9</ele></trkpt><trkpt lat="46.253738582196235" lon="7.94043265780654"><ele>2205.9</ele></trkpt><trkpt lat="46.25376658223344" lon="7.940289657845435"><ele>2205.7</ele></trkpt><trkpt lat="46.253784582251875" lon="7.940212657865141"><ele>2205.6</ele></trkpt><trkpt lat="46.25380258227037" lon="7.940160657883561"><ele>2205.5</ele></trkpt><trkpt lat="46.25383958228813" lon="7.940108657901854"><ele>2205.4</ele></trkpt><trkpt lat="46.253911582284935" lon="7.940018657905999"><ele>2205.4</ele></trkpt><trkpt lat="46.254002582435916" lon="7.939889658038993"><ele>2204.6</ele></trkpt><trkpt lat="46.25418358262165" lon="7.939645658209027"><ele>2203.6</ele></trkpt><trkpt lat="46.25423758265791" lon="7.939541658245744"><ele>2203.4</ele></trkpt><trkpt lat="46.254310582731925" lon="7.939348658318641"><ele>2203.0</ele></trkpt><trkpt lat="46.254383582863944" lon="7.939102658441853"><ele>2202.3</ele></trkpt><trkpt lat="46.25443758295832" lon="7.938973658527458"><ele>2201.8</ele></trkpt><trkpt lat="46.25450158301358" lon="7.938870658579924"><ele>2201.5</ele></trkpt><trkpt lat="46.254573583068556" lon="7.9387926586310495"><ele>2201.2</ele></trkpt><trkpt lat="46.25468258316076" lon="7.938690658714903"><ele>2200.7</ele></trkpt><trkpt lat="46.25484458323139" lon="7.938574658783255"><ele>2200.3</ele></trkpt><trkpt lat="46.25484458323139" lon="7.938574658783255"><ele>2200.3</ele></trkpt><trkpt lat="46.25481758329037" lon="7.938483658835693"><ele>2200.0</ele></trkpt><trkpt lat="46.25480858329064" lon="7.938457658837084"><ele>2200.0</ele></trkpt><trkpt lat="46.25480858329064" lon="7.938457658837084"><ele>2200.0</ele></trkpt><trkpt lat="46.254719583293884" lon="7.938327658844316"><ele>2200.0</ele></trkpt><trkpt lat="46.254567583299576" lon="7.938144658854673"><ele>2200.0</ele></trkpt><trkpt lat="46.25452258330121" lon="7.938079658858295"><ele>2200.0</ele></trkpt><trkpt lat="46.254496583321504" lon="7.938014658877659"><ele>2199.9</ele></trkpt><trkpt lat="46.25447858326385" lon="7.93793665883416"><ele>2200.2</ele></trkpt><trkpt lat="46.25446958326402" lon="7.937871658837545"><ele>2200.2</ele></trkpt><trkpt lat="46.25446958324453" lon="7.937832658823673"><ele>2200.3</ele></trkpt><trkpt lat="46.25447058330236" lon="7.937728658876592"><ele>2200.0</ele></trkpt><trkpt lat="46.254461583321756" lon="7.937611658898497"><ele>2199.9</ele></trkpt><trkpt lat="46.254462583263226" lon="7.937495658856821"><ele>2200.2</ele></trkpt><trkpt lat="46.254462583301844" lon="7.937443658891218"><ele>2200.0</ele></trkpt><trkpt lat="46.25443658339942" lon="7.9372876589787"><ele>2199.5</ele></trkpt><trkpt lat="46.254427583360865" lon="7.937235658949688"><ele>2199.7</ele></trkpt><trkpt lat="46.25442858343764" lon="7.936988659025775"><ele>2199.3</ele></trkpt><trkpt lat="46.25441958341853" lon="7.936949659011962"><ele>2199.4</ele></trkpt><trkpt lat="46.25440258336082" lon="7.93685965896908"><ele>2199.7</ele></trkpt><trkpt lat="46.25439358332225" lon="7.936794658940728"><ele>2199.9</ele></trkpt><trkpt lat="46.25439358332225" lon="7.936794658940728"><ele>2199.9</ele></trkpt><trkpt lat="46.25438558336084" lon="7.936612658981822"><ele>2199.7</ele></trkpt><trkpt lat="46.25437658336084" lon="7.936495658987864"><ele>2199.7</ele></trkpt><trkpt lat="46.25435958340006" lon="7.936404659024357"><ele>2199.5</ele></trkpt><trkpt lat="46.25435958341925" lon="7.936339659043548"><ele>2199.4</ele></trkpt><trkpt lat="46.25435158341922" lon="7.936223659049531"><ele>2199.4</ele></trkpt><trkpt lat="46.2543515834383" lon="7.936106659071378"><ele>2199.3</ele></trkpt><trkpt lat="46.254333583438815" lon="7.936028659075483"><ele>2199.3</ele></trkpt><trkpt lat="46.25429858351757" lon="7.935950659143156"><ele>2198.9</ele></trkpt><trkpt lat="46.254289583498334" lon="7.935898659130009"><ele>2199.0</ele></trkpt><trkpt lat="46.25428158347852" lon="7.935612659128821"><ele>2199.1</ele></trkpt><trkpt lat="46.25427358355595" lon="7.935457659200246"><ele>2198.7</ele></trkpt><trkpt lat="46.254273583555744" lon="7.935379659204233"><ele>2198.7</ele></trkpt><trkpt lat="46.254256583595065" lon="7.935327659238726"><ele>2198.5</ele></trkpt><trkpt lat="46.25425658357549" lon="7.9352626592261855"><ele>2198.6</ele></trkpt><trkpt lat="46.254256583594604" lon="7.935171659246698"><ele>2198.5</ele></trkpt><trkpt lat="46.25424858361402" lon="7.935068659267877"><ele>2198.4</ele></trkpt><trkpt lat="46.25423958365302" lon="7.935003659302983"><ele>2198.2</ele></trkpt><trkpt lat="46.254204583712166" lon="7.9348736593574385"><ele>2197.9</ele></trkpt><trkpt lat="46.254141583849965" lon="7.934690659478223"><ele>2197.2</ele></trkpt><trkpt lat="46.254061583891435" lon="7.934521659519098"><ele>2197.0</ele></trkpt><trkpt lat="46.253999583932455" lon="7.934417659556535"><ele>2196.8</ele></trkpt><trkpt lat="46.25392758399316" lon="7.934300659610557"><ele>2196.5</ele></trkpt><trkpt lat="46.25388358401409" lon="7.93422165963074"><ele>2196.4</ele></trkpt><trkpt lat="46.25382958403538" lon="7.9341046596529265"><ele>2196.3</ele></trkpt><trkpt lat="46.253793584056005" lon="7.934026659673005"><ele>2196.2</ele></trkpt><trkpt lat="46.25374058413526" lon="7.933870659744746"><ele>2195.8</ele></trkpt><trkpt lat="46.25372258421336" lon="7.933831659810288"><ele>2195.4</ele></trkpt><trkpt lat="46.25370558438837" lon="7.933779659955774"><ele>2194.5</ele></trkpt><trkpt lat="46.25366958454473" lon="7.933740660084862"><ele>2193.7</ele></trkpt><trkpt lat="46.25363358464291" lon="7.933661660168418"><ele>2193.2</ele></trkpt><trkpt lat="46.25358858481906" lon="7.933609660314081"><ele>2192.3</ele></trkpt><trkpt lat="46.25354458499507" lon="7.933557660459731"><ele>2191.4</ele></trkpt><trkpt lat="46.25348158526882" lon="7.93350466068485"><ele>2190.0</ele></trkpt><trkpt lat="46.25346358532762" lon="7.933465660734525"><ele>2189.7</ele></trkpt><trkpt lat="46.253436585367346" lon="7.933413660769059"><ele>2189.5</ele></trkpt><trkpt lat="46.25341058536818" lon="7.933348660772539"><ele>2189.5</ele></trkpt><trkpt lat="46.253383585369015" lon="7.933244660778008"><ele>2189.5</ele></trkpt><trkpt lat="46.253383585369015" lon="7.933244660778008"><ele>2189.5</ele></trkpt><trkpt lat="46.253356585369865" lon="7.933166660782152"><ele>2189.5</ele></trkpt><trkpt lat="46.25333958538985" lon="7.933127660800108"><ele>2189.4</ele></trkpt><trkpt lat="46.25329458539142" lon="7.933036660805029"><ele>2189.4</ele></trkpt><trkpt lat="46.25326758535354" lon="7.932971660776804"><ele>2189.6</ele></trkpt><trkpt lat="46.2532415853737" lon="7.932867660798119"><ele>2189.5</ele></trkpt><trkpt lat="46.2532065852777" lon="7.9326986607276755"><ele>2190.0</ele></trkpt><trkpt lat="46.25317958525922" lon="7.932620660715968"><ele>2190.1</ele></trkpt><trkpt lat="46.25315258529897" lon="7.932581660749836"><ele>2189.9</ele></trkpt><trkpt lat="46.2531255853387" lon="7.932529660784372"><ele>2189.7</ele></trkpt><trkpt lat="46.25306358543779" lon="7.932424660869393"><ele>2189.2</ele></trkpt><trkpt lat="46.25302758549726" lon="7.932372660919839"><ele>2188.9</ele></trkpt><trkpt lat="46.25299158551801" lon="7.932346660937251"><ele>2188.8</ele></trkpt><trkpt lat="46.25289258577387" lon="7.932306661146035"><ele>2187.5</ele></trkpt><trkpt lat="46.2528475859113" lon="7.9322936612579715"><ele>2186.8</ele></trkpt><trkpt lat="46.2527935860685" lon="7.932292661385207"><ele>2186.0</ele></trkpt><trkpt lat="46.25263258642389" lon="7.932304661671021"><ele>2184.2</ele></trkpt><trkpt lat="46.252478586914684" lon="7.932328662067162"><ele>2181.7</ele></trkpt><trkpt lat="46.25226358752413" lon="7.9323396625594835"><ele>2178.6</ele></trkpt><trkpt lat="46.25218258768248" lon="7.932338662686891"><ele>2177.8</ele></trkpt><trkpt lat="46.2521015878213" lon="7.932312662799711"><ele>2177.1</ele></trkpt><trkpt lat="46.25201158784417" lon="7.932272662818175"><ele>2177.0</ele></trkpt><trkpt lat="46.25192158817709" lon="7.932219663090958"><ele>2175.3</ele></trkpt><trkpt lat="46.2518855883142" lon="7.932219663202167"><ele>2174.6</ele></trkpt><trkpt lat="46.25182258858799" lon="7.93221966342453"><ele>2173.2</ele></trkpt><trkpt lat="46.251768588687035" lon="7.932205663504851"><ele>2172.7</ele></trkpt><trkpt lat="46.2516795887874" lon="7.9321656635867175"><ele>2172.2</ele></trkpt><trkpt lat="46.25163458882796" lon="7.9321656636187186"><ele>2172.0</ele></trkpt><trkpt lat="46.25158958892665" lon="7.932165663698275"><ele>2171.5</ele></trkpt><trkpt lat="46.2515445891611" lon="7.932190663887551"><ele>2170.3</ele></trkpt><trkpt lat="46.25150758937577" lon="7.9322036640615226"><ele>2169.2</ele></trkpt><trkpt lat="46.25146358955188" lon="7.932202664204543"><ele>2168.3</ele></trkpt><trkpt lat="46.25140958978659" lon="7.932189664395789"><ele>2167.1</ele></trkpt><trkpt lat="46.25132859009981" lon="7.9321626646513295"><ele>2165.5</ele></trkpt><trkpt lat="46.25123859045213" lon="7.932135664938634"><ele>2163.7</ele></trkpt><trkpt lat="46.2511845906093" lon="7.932122665066463"><ele>2162.9</ele></trkpt><trkpt lat="46.251103590825636" lon="7.9321086652420725"><ele>2161.8</ele></trkpt><trkpt lat="46.25104959092466" lon="7.93210866532169"><ele>2161.3</ele></trkpt><trkpt lat="46.25102259098391" lon="7.932121665368772"><ele>2161.0</ele></trkpt><trkpt lat="46.25102259098391" lon="7.932121665368772"><ele>2161.0</ele></trkpt><trkpt lat="46.250995591023816" lon="7.932146665399393"><ele>2160.8</ele></trkpt><trkpt lat="46.25094159114238" lon="7.9321856654929075"><ele>2160.2</ele></trkpt><trkpt lat="46.25086959126163" lon="7.932236665585932"><ele>2159.6</ele></trkpt><trkpt lat="46.250833591282486" lon="7.932248665601416"><ele>2159.5</ele></trkpt><trkpt lat="46.25080659136111" lon="7.932261665664353"><ele>2159.1</ele></trkpt><trkpt lat="46.250779591478356" lon="7.932235665760957"><ele>2158.5</ele></trkpt><trkpt lat="46.25073459155754" lon="7.932196665826614"><ele>2158.1</ele></trkpt><trkpt lat="46.250680591733904" lon="7.932117665973604"><ele>2157.2</ele></trkpt><trkpt lat="46.25064459185151" lon="7.93209166607026"><ele>2156.6</ele></trkpt><trkpt lat="46.25054659212655" lon="7.932038666295487"><ele>2155.2</ele></trkpt><trkpt lat="46.25051059226356" lon="7.932025666407341"><ele>2154.5</ele></trkpt><trkpt lat="46.25038459275298" lon="7.932024666804525"><ele>2152.0</ele></trkpt><trkpt lat="46.25030359306618" lon="7.931997667060045"><ele>2150.4</ele></trkpt><trkpt lat="46.25021359326342" lon="7.931971667220447"><ele>2149.4</ele></trkpt><trkpt lat="46.250186593283935" lon="7.931983667235875"><ele>2149.3</ele></trkpt><trkpt lat="46.25015059332417" lon="7.932009667266515"><ele>2149.1</ele></trkpt><trkpt lat="46.25011459334494" lon="7.931996667283245"><ele>2149.0</ele></trkpt><trkpt lat="46.250033593309354" lon="7.9319826672527585"><ele>2149.2</ele></trkpt><trkpt lat="46.249970593331234" lon="7.931981667269064"><ele>2149.1</ele></trkpt><trkpt lat="46.249925593468646" lon="7.931981667380323"><ele>2148.4</ele></trkpt><trkpt lat="46.249898593547265" lon="7.9319946674432575"><ele>2148.0</ele></trkpt><trkpt lat="46.2497905936874" lon="7.932083667550478"><ele>2147.3</ele></trkpt><trkpt lat="46.24973659374782" lon="7.932122667596438"><ele>2147.0</ele></trkpt><trkpt lat="46.24966459382817" lon="7.932134667659713"><ele>2146.6</ele></trkpt><trkpt lat="46.24961059388844" lon="7.932134667707622"><ele>2146.3</ele></trkpt><trkpt lat="46.2494745942622" lon="7.9322236680052605"><ele>2144.4</ele></trkpt><trkpt lat="46.2493575944994" lon="7.932261668194356"><ele>2143.2</ele></trkpt><trkpt lat="46.2493305945392" lon="7.932261668226237"><ele>2143.0</ele></trkpt><trkpt lat="46.24925859450323" lon="7.932221668196982"><ele>2143.2</ele></trkpt><trkpt lat="46.24912459450812" lon="7.932077668205006"><ele>2143.2</ele></trkpt><trkpt lat="46.2490705943358" lon="7.932038668064621"><ele>2144.1</ele></trkpt><trkpt lat="46.24901659422169" lon="7.932038667969851"><ele>2144.7</ele></trkpt><trkpt lat="46.2489895943196" lon="7.932024668049984"><ele>2144.2</ele></trkpt><trkpt lat="46.24894559437943" lon="7.932011668098471"><ele>2143.9</ele></trkpt><trkpt lat="46.248891594420314" lon="7.932010668130567"><ele>2143.7</ele></trkpt><trkpt lat="46.24881059438473" lon="7.931984668100678"><ele>2143.9</ele></trkpt><trkpt lat="46.24872959448464" lon="7.931931668183098"><ele>2143.4</ele></trkpt><trkpt lat="46.24864859450705" lon="7.931866668202703"><ele>2143.3</ele></trkpt><trkpt lat="46.24854059451133" lon="7.9318656682034465"><ele>2143.3</ele></trkpt><trkpt lat="46.24833359461651" lon="7.931915668281538"><ele>2142.8</ele></trkpt><trkpt lat="46.24827959461863" lon="7.931901668282581"><ele>2142.8</ele></trkpt><trkpt lat="46.24822559475639" lon="7.931914668393243"><ele>2142.1</ele></trkpt><trkpt lat="46.24816259477827" lon="7.931926668408899"><ele>2142.0</ele></trkpt><trkpt lat="46.24810859468353" lon="7.931913668330633"><ele>2142.5</ele></trkpt><trkpt lat="46.248045594569724" lon="7.931886668237268"><ele>2143.1</ele></trkpt><trkpt lat="46.248045594569724" lon="7.931886668237268"><ele>2143.1</ele></trkpt><trkpt lat="46.24802859457037" lon="7.931873668238021"><ele>2143.1</ele></trkpt><trkpt lat="46.24800159455197" lon="7.931834668224284"><ele>2143.2</ele></trkpt><trkpt lat="46.24792059449694" lon="7.931820668177944"><ele>2143.5</ele></trkpt><trkpt lat="46.24787559436324" lon="7.931846668065972"><ele>2144.2</ele></trkpt><trkpt lat="46.247812594365726" lon="7.931845668066424"><ele>2144.2</ele></trkpt><trkpt lat="46.24775859432916" lon="7.9318456680350655"><ele>2144.4</ele></trkpt><trkpt lat="46.247722594311256" lon="7.931870668018201"><ele>2144.5</ele></trkpt><trkpt lat="46.247668594294026" lon="7.931857668003342"><ele>2144.6</ele></trkpt><trkpt lat="46.24764159429513" lon="7.931869668002916"><ele>2144.6</ele></trkpt><trkpt lat="46.24754259422151" lon="7.931856667940787"><ele>2145.0</ele></trkpt><trkpt lat="46.247479594204634" lon="7.931855667925388"><ele>2145.1</ele></trkpt><trkpt lat="46.247434594148174" lon="7.931816667880063"><ele>2145.4</ele></trkpt><trkpt lat="46.247416594129476" lon="7.9318036678649735"><ele>2145.5</ele></trkpt><trkpt lat="46.247416594129476" lon="7.9318036678649735"><ele>2145.5</ele></trkpt><trkpt lat="46.247389594111084" lon="7.931763667851292"><ele>2145.6</ele></trkpt><trkpt lat="46.24732759403592" lon="7.931711667790875"><ele>2146.0</ele></trkpt><trkpt lat="46.24726459401896" lon="7.93167266777737"><ele>2146.1</ele></trkpt><trkpt lat="46.24724659401958" lon="7.931632667779482"><ele>2146.1</ele></trkpt><trkpt lat="46.24721059398208" lon="7.9315806677506036"><ele>2146.3</ele></trkpt><trkpt lat="46.24719259392463" lon="7.931554667704461"><ele>2146.6</ele></trkpt><trkpt lat="46.247156593906595" lon="7.931528667690134"><ele>2146.7</ele></trkpt><trkpt lat="46.247103594044205" lon="7.931502667802725"><ele>2146.0</ele></trkpt><trkpt lat="46.24708559404491" lon="7.931488667803542"><ele>2146.0</ele></trkpt><trkpt lat="46.24702359365939" lon="7.931280667497299"><ele>2148.0</ele></trkpt><trkpt lat="46.246987593486296" lon="7.931215667358123"><ele>2148.9</ele></trkpt><trkpt lat="46.24689759335405" lon="7.931124667252293"><ele>2149.6</ele></trkpt><trkpt lat="46.24673659336013" lon="7.931005667259272"><ele>2149.6</ele></trkpt><trkpt lat="46.24660159359764" lon="7.930901667455519"><ele>2148.4</ele></trkpt><trkpt lat="46.246476593776705" lon="7.930822667602907"><ele>2147.5</ele></trkpt><trkpt lat="46.24639559391538" lon="7.930782667716367"><ele>2146.8</ele></trkpt><trkpt lat="46.24616259411781" lon="7.930598667885518"><ele>2145.8</ele></trkpt><trkpt lat="46.24602859406462" lon="7.930455667845961"><ele>2146.1</ele></trkpt><trkpt lat="46.24590259439859" lon="7.930363668120761"><ele>2144.4</ele></trkpt><trkpt lat="46.24583959447842" lon="7.930310668187198"><ele>2144.0</ele></trkpt><trkpt lat="46.24574159450134" lon="7.930180668210149"><ele>2143.9</ele></trkpt><trkpt lat="46.24563359462163" lon="7.930101668309856"><ele>2143.3</ele></trkpt><trkpt lat="46.24551759464541" lon="7.930048668329082"><ele>2143.2</ele></trkpt><trkpt lat="46.24537359486391" lon="7.929956668508897"><ele>2142.1</ele></trkpt><trkpt lat="46.245319594924034" lon="7.929917668558722"><ele>2141.8</ele></trkpt><trkpt lat="46.245257595061915" lon="7.929864668672682"><ele>2141.1</ele></trkpt><trkpt lat="46.24508659508785" lon="7.929785668693548"><ele>2141.0</ele></trkpt><trkpt lat="46.24488859466945" lon="7.929731668348882"><ele>2143.2</ele></trkpt><trkpt lat="46.24465559471737" lon="7.92971666838281"><ele>2143.0</ele></trkpt><trkpt lat="46.244466595170074" lon="7.9296506687517585"><ele>2140.7</ele></trkpt><trkpt lat="46.244259595642774" lon="7.929557669137995"><ele>2138.3</ele></trkpt><trkpt lat="46.244080595436515" lon="7.929439668970699"><ele>2139.4</ele></trkpt><trkpt lat="46.24398159534344" lon="7.929373668895388"><ele>2139.9</ele></trkpt><trkpt lat="46.24391059524921" lon="7.929294668820543"><ele>2140.4</ele></trkpt><trkpt lat="46.2438565952899" lon="7.9292296688558075"><ele>2140.2</ele></trkpt><trkpt lat="46.2438115953497" lon="7.929203668904922"><ele>2139.9</ele></trkpt><trkpt lat="46.243703595431306" lon="7.929163668970976"><ele>2139.5</ele></trkpt><trkpt lat="46.243497595129384" lon="7.929070668723407"><ele>2141.1</ele></trkpt><trkpt lat="46.24341659513241" lon="7.929018668726511"><ele>2141.1</ele></trkpt><trkpt lat="46.243336595077274" lon="7.928926668684064"><ele>2141.4</ele></trkpt><trkpt lat="46.24323759508086" lon="7.9288096686905165"><ele>2141.4</ele></trkpt><trkpt lat="46.24319259519864" lon="7.928769668787855"><ele>2140.8</ele></trkpt><trkpt lat="46.243103595472974" lon="7.928652669016042"><ele>2139.4</ele></trkpt><trkpt lat="46.24300459561217" lon="7.928547669132789"><ele>2138.7</ele></trkpt><trkpt lat="46.24290659565464" lon="7.928494669167733"><ele>2138.5</ele></trkpt><trkpt lat="46.242816595696816" lon="7.928468669201283"><ele>2138.3</ele></trkpt><trkpt lat="46.242816595696816" lon="7.928468669201283"><ele>2138.3</ele></trkpt><trkpt lat="46.242744595603014" lon="7.928519669119995"><ele>2138.8</ele></trkpt><trkpt lat="46.24269059562451" lon="7.928531669135586"><ele>2138.7</ele></trkpt><trkpt lat="46.24263659552985" lon="7.928531669056719"><ele>2139.2</ele></trkpt><trkpt lat="46.24256459545517" lon="7.928517668994501"><ele>2139.6</ele></trkpt><trkpt lat="46.242519595379555" lon="7.9285176689314145"><ele>2140.0</ele></trkpt><trkpt lat="46.242501595341544" lon="7.928530668899203"><ele>2140.2</ele></trkpt><trkpt lat="46.24248259505201" lon="7.928581668659147"><ele>2141.7</ele></trkpt><trkpt lat="46.242464594878626" lon="7.928633668514092"><ele>2142.6</ele></trkpt><trkpt lat="46.24241959488041" lon="7.928646668513729"><ele>2142.6</ele></trkpt><trkpt lat="46.24235659515388" lon="7.928619668737275"><ele>2141.2</ele></trkpt><trkpt lat="46.24228459531159" lon="7.928593668865768"><ele>2140.4</ele></trkpt><trkpt lat="46.24198859567164" lon="7.928551669154904"><ele>2138.6</ele></trkpt><trkpt lat="46.24188959517219" lon="7.928550668743681"><ele>2141.2</ele></trkpt><trkpt lat="46.24181759478785" lon="7.928563668426649"><ele>2143.2</ele></trkpt><trkpt lat="46.2417365947717" lon="7.928562668411372"><ele>2143.3</ele></trkpt><trkpt lat="46.24169159471533" lon="7.928522668366126"><ele>2143.6</ele></trkpt><trkpt lat="46.241673594599774" lon="7.928483668273128"><ele>2144.2</ele></trkpt><trkpt lat="46.24163859442668" lon="7.928405668134658"><ele>2145.1</ele></trkpt><trkpt lat="46.24160259429246" lon="7.928353668026586"><ele>2145.8</ele></trkpt><trkpt lat="46.241530594140286" lon="7.928314667902257"><ele>2146.6</ele></trkpt><trkpt lat="46.24143159402792" lon="7.928261667810486"><ele>2147.2</ele></trkpt><trkpt lat="46.24133359393484" lon="7.928195667735199"><ele>2147.7</ele></trkpt><trkpt lat="46.24126159380191" lon="7.928104667629314"><ele>2148.4</ele></trkpt><trkpt lat="46.24108259369217" lon="7.9278696675471405"><ele>2149.0</ele></trkpt><trkpt lat="46.24105559369326" lon="7.927843667548613"><ele>2149.0</ele></trkpt><trkpt lat="46.241028593694196" lon="7.927816667550135"><ele>2149.0</ele></trkpt><trkpt lat="46.241011593694765" lon="7.927777667552189"><ele>2149.0</ele></trkpt><trkpt lat="46.2409935936954" lon="7.9277386675542525"><ele>2149.0</ele></trkpt><trkpt lat="46.24098459367634" lon="7.927712667539769"><ele>2149.1</ele></trkpt><trkpt lat="46.24096659361892" lon="7.9276996674930125"><ele>2149.4</ele></trkpt><trkpt lat="46.24094859354218" lon="7.927699667429769"><ele>2149.8</ele></trkpt><trkpt lat="46.240930593484826" lon="7.927699667382362"><ele>2150.1</ele></trkpt><trkpt lat="46.240867593526126" lon="7.927724667413198"><ele>2149.9</ele></trkpt><trkpt lat="46.24084959352681" lon="7.927724667413311"><ele>2149.9</ele></trkpt><trkpt lat="46.24084959352681" lon="7.927724667413311"><ele>2149.9</ele></trkpt><trkpt lat="46.24075059360814" lon="7.927710667478002"><ele>2149.5</ele></trkpt><trkpt lat="46.24071459368707" lon="7.927710667541595"><ele>2149.1</ele></trkpt><trkpt lat="46.24068759370744" lon="7.92771066755761"><ele>2149.0</ele></trkpt><trkpt lat="46.24066959370817" lon="7.927722667557124"><ele>2149.0</ele></trkpt><trkpt lat="46.24065159370898" lon="7.927735667556592"><ele>2149.0</ele></trkpt><trkpt lat="46.2406335937097" lon="7.927748667556056"><ele>2149.0</ele></trkpt><trkpt lat="46.24061559371053" lon="7.927787667554225"><ele>2149.0</ele></trkpt><trkpt lat="46.24059759371132" lon="7.927813667553043"><ele>2149.0</ele></trkpt><trkpt lat="46.240552593693806" lon="7.927838667536242"><ele>2149.1</ele></trkpt><trkpt lat="46.24040759373861" lon="7.927940667563761"><ele>2148.9</ele></trkpt><trkpt lat="46.24025459376433" lon="7.928056667574787"><ele>2148.8</ele></trkpt><trkpt lat="46.240091593829106" lon="7.928145667618913"><ele>2148.5</ele></trkpt><trkpt lat="46.24000159383285" lon="7.928209667616293"><ele>2148.5</ele></trkpt><trkpt lat="46.23983859378176" lon="7.928402667560176"><ele>2148.8</ele></trkpt><trkpt lat="46.239730594018646" lon="7.928518667745177"><ele>2147.6</ele></trkpt><trkpt lat="46.2395685941222" lon="7.9286336678196845"><ele>2147.1</ele></trkpt><trkpt lat="46.23947759418405" lon="7.928710667863952"><ele>2146.8</ele></trkpt><trkpt lat="46.23932459442287" lon="7.928877668046714"><ele>2145.6</ele></trkpt><trkpt lat="46.23922459450463" lon="7.929019668103646"><ele>2145.2</ele></trkpt><trkpt lat="46.239161594507415" lon="7.929122668098916"><ele>2145.2</ele></trkpt><trkpt lat="46.23911559452889" lon="7.929212668110565"><ele>2145.1</ele></trkpt><trkpt lat="46.239079594569226" lon="7.929290668138595"><ele>2144.9</ele></trkpt><trkpt lat="46.23899859451464" lon="7.929393668086449"><ele>2145.2</ele></trkpt><trkpt lat="46.23896159445822" lon="7.929470668035318"><ele>2145.5</ele></trkpt><trkpt lat="46.238943594381695" lon="7.929535667968817"><ele>2145.9</ele></trkpt><trkpt lat="46.23894359426576" lon="7.929600667870513"><ele>2146.5</ele></trkpt><trkpt lat="46.23895159420759" lon="7.929678667819037"><ele>2146.8</ele></trkpt><trkpt lat="46.23897859441973" lon="7.929782667987972"><ele>2145.7</ele></trkpt><trkpt lat="46.23899559469025" lon="7.9298726682052"><ele>2144.3</ele></trkpt><trkpt lat="46.23900459480611" lon="7.929924668297623"><ele>2143.7</ele></trkpt><trkpt lat="46.238995594884116" lon="7.929989668357826"><ele>2143.3</ele></trkpt><trkpt lat="46.23897759496243" lon="7.930054668418082"><ele>2142.9</ele></trkpt><trkpt lat="46.238958595021444" lon="7.9301316684619065"><ele>2142.6</ele></trkpt><trkpt lat="46.238958595331624" lon="7.93031366870638"><ele>2141.0</ele></trkpt><trkpt lat="46.23894859537087" lon="7.930365668735546"><ele>2140.8</ele></trkpt><trkpt lat="46.23893059539115" lon="7.930429668748328"><ele>2140.7</ele></trkpt><trkpt lat="46.238921595333636" lon="7.930520668696321"><ele>2141.0</ele></trkpt><trkpt lat="46.23891159543101" lon="7.930598668771736"><ele>2140.5</ele></trkpt><trkpt lat="46.238902595508954" lon="7.930649668832644"><ele>2140.1</ele></trkpt><trkpt lat="46.238893595528765" lon="7.930675668847258"><ele>2140.0</ele></trkpt><trkpt lat="46.23886659556855" lon="7.930688668878476"><ele>2139.8</ele></trkpt><trkpt lat="46.2388305955893" lon="7.9306756688952005"><ele>2139.7</ele></trkpt><trkpt lat="46.23880359559033" lon="7.9306626688960185"><ele>2139.7</ele></trkpt><trkpt lat="46.238767595553014" lon="7.930648668865251"><ele>2139.9</ele></trkpt><trkpt lat="46.23875859555341" lon="7.9306746688640155"><ele>2139.9</ele></trkpt><trkpt lat="46.238749595767004" lon="7.930791669032571"><ele>2138.8</ele></trkpt><trkpt lat="46.238739595864345" lon="7.930842669109336"><ele>2138.3</ele></trkpt><trkpt lat="46.23872159586514" lon="7.930881669107517"><ele>2138.3</ele></trkpt><trkpt lat="46.238685595866635" lon="7.930907669106448"><ele>2138.3</ele></trkpt><trkpt lat="46.23864059596528" lon="7.930945669184086"><ele>2137.8</ele></trkpt><trkpt lat="46.238595595967126" lon="7.930971669183078"><ele>2137.8</ele></trkpt><trkpt lat="46.238568595968296" lon="7.931009669181367"><ele>2137.8</ele></trkpt><trkpt lat="46.238522595950975" lon="7.931100669161295"><ele>2137.9</ele></trkpt><trkpt lat="46.23848659599127" lon="7.931151669190688"><ele>2137.7</ele></trkpt><trkpt lat="46.23844159607064" lon="7.931216669251134"><ele>2137.3</ele></trkpt><trkpt lat="46.23837859626679" lon="7.931254669408126"><ele>2136.3</ele></trkpt><trkpt lat="46.23833359632673" lon="7.931293669454025"><ele>2136.0</ele></trkpt><trkpt lat="46.238287596406046" lon="7.931331669515821"><ele>2135.6</ele></trkpt><trkpt lat="46.238251596446304" lon="7.931370669545815"><ele>2135.4</ele></trkpt><trkpt lat="46.23821559650576" lon="7.931369669593637"><ele>2135.1</ele></trkpt><trkpt lat="46.23817959637165" lon="7.931343669484218"><ele>2135.8</ele></trkpt><trkpt lat="46.238072596201384" lon="7.93123866934748"><ele>2136.7</ele></trkpt><trkpt lat="46.238009595971434" lon="7.931160669161583"><ele>2137.9</ele></trkpt><trkpt lat="46.237929596012975" lon="7.931043669199597"><ele>2137.7</ele></trkpt><trkpt lat="46.237848596190176" lon="7.930964669346658"><ele>2136.8</ele></trkpt><trkpt lat="46.23762459660514" lon="7.930871669685479"><ele>2134.7</ele></trkpt><trkpt lat="46.237453597327814" lon="7.930831670274874"><ele>2131.0</ele></trkpt><trkpt lat="46.23739059750444" lon="7.930830670417947"><ele>2130.1</ele></trkpt><trkpt lat="46.23708459854222" lon="7.930853671258619"><ele>2124.8</ele></trkpt><trkpt lat="46.23702159869949" lon="7.930853671385787"><ele>2124.0</ele></trkpt><trkpt lat="46.23685959915115" lon="7.930929671747538"><ele>2121.7</ele></trkpt><trkpt lat="46.23676959961924" lon="7.9309936721252825"><ele>2119.3</ele></trkpt><trkpt lat="46.236732599794976" lon="7.931045672265578"><ele>2118.4</ele></trkpt><trkpt lat="46.236687599932274" lon="7.931057672376199"><ele>2117.7</ele></trkpt><trkpt lat="46.236651600030406" lon="7.931057672455664"><ele>2117.2</ele></trkpt><trkpt lat="46.236625600128185" lon="7.931044672535702"><ele>2116.7</ele></trkpt><trkpt lat="46.236598600225975" lon="7.931044672615105"><ele>2116.2</ele></trkpt><trkpt lat="46.23649860057829" lon="7.9310826728991115"><ele>2114.4</ele></trkpt><trkpt lat="46.23643560094851" lon="7.931120673198737"><ele>2112.5</ele></trkpt><trkpt lat="46.23638160114431" lon="7.931197673353775"><ele>2111.5</ele></trkpt><trkpt lat="46.23633660116559" lon="7.931262673366717"><ele>2111.4</ele></trkpt><trkpt lat="46.2363096012248" lon="7.9312876734132045"><ele>2111.1</ele></trkpt><trkpt lat="46.2362556015365" lon="7.931300673666468"><ele>2109.5</ele></trkpt><trkpt lat="46.23620060196452" lon="7.93135167401296"><ele>2107.3</ele></trkpt><trkpt lat="46.23616460212083" lon="7.931390674138063"><ele>2106.5</ele></trkpt><trkpt lat="46.23612860223836" lon="7.9314026742327846"><ele>2105.9</ele></trkpt><trkpt lat="46.236110602316444" lon="7.931402674296292"><ele>2105.5</ele></trkpt><trkpt lat="46.23607560247242" lon="7.931324674427105"><ele>2104.7</ele></trkpt><trkpt lat="46.23604860274416" lon="7.931259674652314"><ele>2103.3</ele></trkpt><trkpt lat="46.235994603036346" lon="7.931194674893532"><ele>2101.8</ele></trkpt><trkpt lat="46.23596760315343" lon="7.931180674989467"><ele>2101.2</ele></trkpt><trkpt lat="46.23589560344654" lon="7.931193675226995"><ele>2099.7</ele></trkpt><trkpt lat="46.235805603759665" lon="7.931218675479892"><ele>2098.1</ele></trkpt><trkpt lat="46.23576060395492" lon="7.931230675638062"><ele>2097.1</ele></trkpt><trkpt lat="46.235724604014344" lon="7.931217675686463"><ele>2096.8</ele></trkpt><trkpt lat="46.23569860440212" lon="7.93113967600736"><ele>2094.8</ele></trkpt><trkpt lat="46.23562660475283" lon="7.930983676300636"><ele>2093.0</ele></trkpt><trkpt lat="46.23557360500601" lon="7.93084067651392"><ele>2091.7</ele></trkpt><trkpt lat="46.23551160496901" lon="7.93059367649461"><ele>2091.9</ele></trkpt><trkpt lat="46.235493604737236" lon="7.930489676309626"><ele>2093.1</ele></trkpt><trkpt lat="46.2354676044285" lon="7.930424676059425"><ele>2094.7</ele></trkpt><trkpt lat="46.23543160413948" lon="7.930346675825767"><ele>2096.2</ele></trkpt><trkpt lat="46.235395603947254" lon="7.930294675670074"><ele>2097.2</ele></trkpt><trkpt lat="46.23535160365854" lon="7.930241675435258"><ele>2098.7</ele></trkpt><trkpt lat="46.235324603504715" lon="7.930202675310569"><ele>2099.5</ele></trkpt><trkpt lat="46.23524460296556" lon="7.930020674876304"><ele>2102.3</ele></trkpt><trkpt lat="46.235190602541785" lon="7.929929674532516"><ele>2104.5</ele></trkpt><trkpt lat="46.23514560207895" lon="7.929851674156363"><ele>2106.9</ele></trkpt><trkpt lat="46.235110601615695" lon="7.929760673780788"><ele>2109.3</ele></trkpt><trkpt lat="46.23507460126871" lon="7.92970767349843"><ele>2111.1</ele></trkpt><trkpt lat="46.23504760105679" lon="7.929668673326233"><ele>2112.2</ele></trkpt><trkpt lat="46.235002600864995" lon="7.9296296731700044"><ele>2113.2</ele></trkpt><trkpt lat="46.23494960065412" lon="7.929590672997971"><ele>2114.3</ele></trkpt><trkpt lat="46.234841600290615" lon="7.929550672699606"><ele>2116.2</ele></trkpt><trkpt lat="46.234751600023166" lon="7.9295106724803395"><ele>2117.6</ele></trkpt><trkpt lat="46.23467059985215" lon="7.9294836723395905"><ele>2118.5</ele></trkpt><trkpt lat="46.23458959960368" lon="7.929444672136069"><ele>2119.8</ele></trkpt><trkpt lat="46.234500599316824" lon="7.929391671901603"><ele>2121.3</ele></trkpt><trkpt lat="46.23444659914472" lon="7.929352671761282"><ele>2122.2</ele></trkpt><trkpt lat="46.23440159903032" lon="7.929325671667848"><ele>2122.8</ele></trkpt><trkpt lat="46.23435659891604" lon="7.929338671572436"><ele>2123.4</ele></trkpt><trkpt lat="46.234284598648046" lon="7.92935067135051"><ele>2124.8</ele></trkpt><trkpt lat="46.234212598360685" lon="7.929363671112691"><ele>2126.3</ele></trkpt><trkpt lat="46.23408659786265" lon="7.929362670701643"><ele>2128.9</ele></trkpt><trkpt lat="46.234041597729" lon="7.929361670591087"><ele>2129.6</ele></trkpt><trkpt lat="46.234023597690936" lon="7.929335670560799"><ele>2129.8</ele></trkpt><trkpt lat="46.23401459757514" lon="7.929309670467091"><ele>2130.4</ele></trkpt><trkpt lat="46.23400659738177" lon="7.9292446703119355"><ele>2131.4</ele></trkpt><trkpt lat="46.233997597304665" lon="7.929192670251204"><ele>2131.8</ele></trkpt><trkpt lat="46.233970597247584" lon="7.929166670205137"><ele>2132.1</ele></trkpt><trkpt lat="46.233934597132944" lon="7.929166670110314"><ele>2132.7</ele></trkpt><trkpt lat="46.233889596960545" lon="7.929152669968717"><ele>2133.6</ele></trkpt><trkpt lat="46.233862596845455" lon="7.9291266698751315"><ele>2134.2</ele></trkpt><trkpt lat="46.23383559671105" lon="7.929113669765059"><ele>2134.9</ele></trkpt><trkpt lat="46.2337995965577" lon="7.929113669638554"><ele>2135.7</ele></trkpt><trkpt lat="46.233763596346485" lon="7.929151669462641"><ele>2136.8</ele></trkpt><trkpt lat="46.23368259594364" lon="7.929241669126011"><ele>2138.9</ele></trkpt><trkpt lat="46.2336285957524" lon="7.929280668966"><ele>2139.9</ele></trkpt><trkpt lat="46.23357459563852" lon="7.929292668870698"><ele>2140.5</ele></trkpt><trkpt lat="46.233511595544144" lon="7.92925366879383"><ele>2141.0</ele></trkpt><trkpt lat="46.23341359488985" lon="7.929083668264306"><ele>2144.4</ele></trkpt><trkpt lat="46.23337759462034" lon="7.929044668044702"><ele>2145.8</ele></trkpt><trkpt lat="46.23317959362204" lon="7.928952667226827"><ele>2151.0</ele></trkpt><trkpt lat="46.23313459337221" lon="7.928925667022537"><ele>2152.3</ele></trkpt><trkpt lat="46.2331075932186" lon="7.928925666895984"><ele>2153.1</ele></trkpt><trkpt lat="46.23307159300729" lon="7.928951666720666"><ele>2154.2</ele></trkpt><trkpt lat="46.23304459287297" lon="7.92896366660935"><ele>2154.9</ele></trkpt><trkpt lat="46.23297259252791" lon="7.929053666320173"><ele>2156.7</ele></trkpt><trkpt lat="46.232945592413" lon="7.929079666223997"><ele>2157.3</ele></trkpt><trkpt lat="46.2329095921823" lon="7.929092666033484"><ele>2158.5</ele></trkpt><trkpt lat="46.23282859176003" lon="7.929091665685553"><ele>2160.7</ele></trkpt><trkpt lat="46.2327745916074" lon="7.9290906655592215"><ele>2161.5</ele></trkpt><trkpt lat="46.232657591167374" lon="7.929154665192414"><ele>2163.8</ele></trkpt><trkpt lat="46.232539590843416" lon="7.929218664920658"><ele>2165.5</ele></trkpt><trkpt lat="46.23248559076815" lon="7.929205664858297"><ele>2165.9</ele></trkpt><trkpt lat="46.232432590634815" lon="7.9291786647491085"><ele>2166.6</ele></trkpt><trkpt lat="46.23240559055844" lon="7.929165664686574"><ele>2167.0</ele></trkpt><trkpt lat="46.23230659009774" lon="7.9289966643155445"><ele>2169.4</ele></trkpt><trkpt lat="46.232280590040645" lon="7.928956664270208"><ele>2169.7</ele></trkpt><trkpt lat="46.23219058963778" lon="7.928852663943386"><ele>2171.8</ele></trkpt><trkpt lat="46.23213658936895" lon="7.928787663725253"><ele>2173.2</ele></trkpt><trkpt lat="46.23206558912017" lon="7.928708663523785"><ele>2174.5</ele></trkpt><trkpt lat="46.2319405887572" lon="7.928539663232182"><ele>2176.4</ele></trkpt><trkpt lat="46.23190458862298" lon="7.928447663126197"><ele>2177.1</ele></trkpt><trkpt lat="46.2318955885265" lon="7.928396663049639"><ele>2177.6</ele></trkpt><trkpt lat="46.231878588430305" lon="7.928331662973844"><ele>2178.1</ele></trkpt><trkpt lat="46.23183358835459" lon="7.92826566291412"><ele>2178.5</ele></trkpt><trkpt lat="46.23176158824118" lon="7.92817466282416"><ele>2179.1</ele></trkpt><trkpt lat="46.23173458814541" lon="7.928122662747777"><ele>2179.6</ele></trkpt><trkpt lat="46.23169058787597" lon="7.927953662534892"><ele>2181.0</ele></trkpt><trkpt lat="46.23165558772244" lon="7.927888662411712"><ele>2181.8</ele></trkpt><trkpt lat="46.23160158764703" lon="7.927823662352007"><ele>2182.2</ele></trkpt><trkpt lat="46.23153858757207" lon="7.92777066229175"><ele>2182.6</ele></trkpt><trkpt lat="46.23146658745877" lon="7.927718662199833"><ele>2183.2</ele></trkpt><trkpt lat="46.23143158734389" lon="7.927653662108339"><ele>2183.8</ele></trkpt><trkpt lat="46.231413587305845" lon="7.927588662080077"><ele>2184.0</ele></trkpt><trkpt lat="46.231396587383536" lon="7.92745866215013"><ele>2183.6</ele></trkpt><trkpt lat="46.231370587576805" lon="7.927043662329712"><ele>2182.6</ele></trkpt><trkpt lat="46.231380587401716" lon="7.926809662199002"><ele>2183.5</ele></trkpt><trkpt lat="46.23139058767154" lon="7.926615662430462"><ele>2182.1</ele></trkpt><trkpt lat="46.23144658801645" lon="7.926266662732802"><ele>2180.3</ele></trkpt><trkpt lat="46.23145558784175" lon="7.926175662594848"><ele>2181.2</ele></trkpt><trkpt lat="46.23147458768567" lon="7.925955662479209"><ele>2182.0</ele></trkpt><trkpt lat="46.23150358743193" lon="7.92555366229359"><ele>2183.3</ele></trkpt><trkpt lat="46.23152158758547" lon="7.925385662428649"><ele>2182.5</ele></trkpt><trkpt lat="46.231540587758126" lon="7.92515266258282"><ele>2181.6</ele></trkpt><trkpt lat="46.2315595877765" lon="7.925100662601165"><ele>2181.5</ele></trkpt><trkpt lat="46.2315685876599" lon="7.925022662510074"><ele>2182.1</ele></trkpt><trkpt lat="46.23157758746584" lon="7.924919662356934"><ele>2183.1</ele></trkpt><trkpt lat="46.23158758723299" lon="7.924789662173494"><ele>2184.3</ele></trkpt><trkpt lat="46.23160558711598" lon="7.924699662082968"><ele>2184.9</ele></trkpt><trkpt lat="46.231606586980355" lon="7.9246346619754515"><ele>2185.6</ele></trkpt><trkpt lat="46.23160658690285" lon="7.924582661914773"><ele>2186.0</ele></trkpt><trkpt lat="46.23158958682568" lon="7.924413661860148"><ele>2186.4</ele></trkpt><trkpt lat="46.23158958661265" lon="7.924310661691264"><ele>2187.5</ele></trkpt><trkpt lat="46.23162758577833" lon="7.923934661029509"><ele>2191.8</ele></trkpt><trkpt lat="46.23162758546853" lon="7.923830660781557"><ele>2193.4</ele></trkpt><trkpt lat="46.23163658525526" lon="7.923753660611317"><ele>2194.5</ele></trkpt><trkpt lat="46.23163758515822" lon="7.923662660536814"><ele>2195.0</ele></trkpt><trkpt lat="46.23161958492644" lon="7.923519660354297"><ele>2196.2</ele></trkpt><trkpt lat="46.23162958480982" lon="7.923454660262588"><ele>2196.8</ele></trkpt><trkpt lat="46.2316655848082" lon="7.923403660264955"><ele>2196.8</ele></trkpt><trkpt lat="46.23169258498089" lon="7.923286660413189"><ele>2195.9</ele></trkpt><trkpt lat="46.23169358507735" lon="7.923209660496249"><ele>2195.4</ele></trkpt><trkpt lat="46.2316935851545" lon="7.923131660563531"><ele>2195.0</ele></trkpt><trkpt lat="46.23168558523173" lon="7.9229756606348465"><ele>2194.6</ele></trkpt><trkpt lat="46.23166758517419" lon="7.922897660591464"><ele>2194.9</ele></trkpt><trkpt lat="46.23163158534957" lon="7.922832660737449"><ele>2194.0</ele></trkpt><trkpt lat="46.23158658552537" lon="7.922793660882159"><ele>2193.1</ele></trkpt><trkpt lat="46.231533585546735" lon="7.922767660899652"><ele>2193.0</ele></trkpt><trkpt lat="46.231533585546735" lon="7.922767660899652"><ele>2193.0</ele></trkpt><trkpt lat="46.23147958595486" lon="7.922662661237686"><ele>2190.9</ele></trkpt><trkpt lat="46.2314355864786" lon="7.922558661670542"><ele>2188.2</ele></trkpt><trkpt lat="46.231417586788545" lon="7.922480661927822"><ele>2186.6</ele></trkpt><trkpt lat="46.23141758719444" lon="7.92237766226537"><ele>2184.5</ele></trkpt><trkpt lat="46.231436587502984" lon="7.922299662522395"><ele>2182.9</ele></trkpt><trkpt lat="46.2314635878691" lon="7.9222086628274955"><ele>2181.0</ele></trkpt><trkpt lat="46.23149958796418" lon="7.922157662908967"><ele>2180.5</ele></trkpt><trkpt lat="46.23153658819462" lon="7.922080663102516"><ele>2179.3</ele></trkpt><trkpt lat="46.231626588770986" lon="7.921977663581859"><ele>2176.3</ele></trkpt><trkpt lat="46.23170758923172" lon="7.92188766396565"><ele>2173.9</ele></trkpt><trkpt lat="46.23171658938597" lon="7.921848664094151"><ele>2173.1</ele></trkpt><trkpt lat="46.23171758946322" lon="7.921822664158749"><ele>2172.7</ele></trkpt><trkpt lat="46.23169058971564" lon="7.92177066436725"><ele>2171.4</ele></trkpt><trkpt lat="46.23161859012444" lon="7.921678664704639"><ele>2169.3</ele></trkpt><trkpt lat="46.23154759063002" lon="7.9216136651197715"><ele>2166.7</ele></trkpt><trkpt lat="46.23147559088426" lon="7.921573665327942"><ele>2165.4</ele></trkpt><trkpt lat="46.23140359098381" lon="7.921560665408172"><ele>2164.9</ele></trkpt><trkpt lat="46.23134959106331" lon="7.921559665471862"><ele>2164.5</ele></trkpt><trkpt lat="46.23130459129731" lon="7.921598665660062"><ele>2163.3</ele></trkpt><trkpt lat="46.231223591784186" lon="7.921636666054248"><ele>2160.8</ele></trkpt><trkpt lat="46.231124592252414" lon="7.921648666434027"><ele>2158.4</ele></trkpt><trkpt lat="46.23102559270126" lon="7.921660666797991"><ele>2156.1</ele></trkpt><trkpt lat="46.23086359357813" lon="7.92168566750981"><ele>2151.6</ele></trkpt><trkpt lat="46.23078159394903" lon="7.921762667807124"><ele>2149.7</ele></trkpt><trkpt lat="46.230727594202726" lon="7.921787668011921"><ele>2148.4</ele></trkpt><trkpt lat="46.230637594593425" lon="7.921890668323824"><ele>2146.4</ele></trkpt><trkpt lat="46.23061059476863" lon="7.921916668465109"><ele>2145.5</ele></trkpt><trkpt lat="46.230474595257824" lon="7.922031668855838"><ele>2143.0</ele></trkpt><trkpt lat="46.23031259557385" lon="7.922095669106865"><ele>2141.4</ele></trkpt><trkpt lat="46.230195595907425" lon="7.922158669373481"><ele>2139.7</ele></trkpt><trkpt lat="46.23012359596827" lon="7.922158669421413"><ele>2139.4</ele></trkpt><trkpt lat="46.22990659620965" lon="7.92241566959992"><ele>2138.2</ele></trkpt><trkpt lat="46.22971659650754" lon="7.922530669832786"><ele>2136.7</ele></trkpt><trkpt lat="46.22960859674391" lon="7.922542670022773"><ele>2135.5</ele></trkpt><trkpt lat="46.22943859684728" lon="7.922541670103027"><ele>2135.0</ele></trkpt><trkpt lat="46.22934859704416" lon="7.922514670263182"><ele>2134.0</ele></trkpt><trkpt lat="46.22929459677526" lon="7.922410670047139"><ele>2135.4</ele></trkpt><trkpt lat="46.229197597048994" lon="7.922098670284755"><ele>2134.0</ele></trkpt><trkpt lat="46.229135596954094" lon="7.921864670217633"><ele>2134.5</ele></trkpt><trkpt lat="46.22908259701352" lon="7.921604670278326"><ele>2134.2</ele></trkpt><trkpt lat="46.229019596880164" lon="7.92143567017635"><ele>2134.9</ele></trkpt><trkpt lat="46.22893059709578" lon="7.9212276703612625"><ele>2133.8</ele></trkpt><trkpt lat="46.2288325971959" lon="7.921044670450056"><ele>2133.3</ele></trkpt><trkpt lat="46.22874359750817" lon="7.920823670714696"><ele>2131.7</ele></trkpt><trkpt lat="46.228592598615265" lon="7.920420671637307"><ele>2126.0</ele></trkpt><trkpt lat="46.22851259888865" lon="7.92023867186826"><ele>2124.6</ele></trkpt><trkpt lat="46.22841459931724" lon="7.919991672229072"><ele>2122.4</ele></trkpt><trkpt lat="46.2283615996477" lon="7.919861672504719"><ele>2120.7</ele></trkpt><trkpt lat="46.228298599882095" lon="7.919834672696263"><ele>2119.5</ele></trkpt><trkpt lat="46.228163600602805" lon="7.919807673283703"><ele>2115.8</ele></trkpt><trkpt lat="46.228055601013054" lon="7.919793673617241"><ele>2113.7</ele></trkpt><trkpt lat="46.22799260107361" lon="7.919832673663182"><ele>2113.4</ele></trkpt><trkpt lat="46.227938601133815" lon="7.919857673709745"><ele>2113.1</ele></trkpt><trkpt lat="46.22780360154509" lon="7.919843674043458"><ele>2111.0</ele></trkpt><trkpt lat="46.22770460170357" lon="7.919829674171306"><ele>2110.2</ele></trkpt><trkpt lat="46.22760560199743" lon="7.91981567440988"><ele>2108.7</ele></trkpt><trkpt lat="46.22750660227188" lon="7.919763674634492"><ele>2107.3</ele></trkpt><trkpt lat="46.227524602367815" lon="7.9197506747141055"><ele>2106.8</ele></trkpt><trkpt lat="46.227633602924186" lon="7.919699675174626"><ele>2103.9</ele></trkpt><trkpt lat="46.22772360332658" lon="7.919648675508719"><ele>2101.8</ele></trkpt><trkpt lat="46.227858603978696" lon="7.919610676047524"><ele>2098.4</ele></trkpt><trkpt lat="46.22792160420822" lon="7.919585676238156"><ele>2097.2</ele></trkpt><trkpt lat="46.227948604361785" lon="7.91955967636579"><ele>2096.4</ele></trkpt><trkpt lat="46.22795760440004" lon="7.919533676398633"><ele>2096.2</ele></trkpt><trkpt lat="46.227948604439035" lon="7.91952067643096"><ele>2096.0</ele></trkpt><trkpt lat="46.22781360492764" lon="7.91951967682728"><ele>2093.5</ele></trkpt><trkpt lat="46.22769760537666" lon="7.919440677195634"><ele>2091.2</ele></trkpt><trkpt lat="46.227670605513" lon="7.919414677307778"><ele>2090.5</ele></trkpt><trkpt lat="46.22767060553215" lon="7.919349677326748"><ele>2090.4</ele></trkpt><trkpt lat="46.227689605550424" lon="7.9192336773480765"><ele>2090.3</ele></trkpt><trkpt lat="46.22771660552962" lon="7.91909067733903"><ele>2090.4</ele></trkpt><trkpt lat="46.22770860591636" lon="7.918961677661656"><ele>2088.4</ele></trkpt><trkpt lat="46.227664606497555" lon="7.9187406781471035"><ele>2085.4</ele></trkpt><trkpt lat="46.22766460657473" lon="7.9186756782135115"><ele>2085.0</ele></trkpt><trkpt lat="46.22767360701876" lon="7.9185336785840725"><ele>2082.7</ele></trkpt><trkpt lat="46.22762160775466" lon="7.918221679200415"><ele>2078.9</ele></trkpt><trkpt lat="46.22763160783104" lon="7.917988679274847"><ele>2078.5</ele></trkpt><trkpt lat="46.22762260812123" lon="7.9179106795158685"><ele>2077.0</ele></trkpt><trkpt lat="46.22759660864399" lon="7.917793679948623"><ele>2074.3</ele></trkpt><trkpt lat="46.22756960901209" lon="7.91766368025549"><ele>2072.4</ele></trkpt><trkpt lat="46.22756160908952" lon="7.917585680322547"><ele>2072.0</ele></trkpt><trkpt lat="46.22756160926326" lon="7.917482680469807"><ele>2071.1</ele></trkpt><trkpt lat="46.22759760955169" lon="7.91737868071177"><ele>2069.6</ele></trkpt><trkpt lat="46.22763460997539" lon="7.917275681064353"><ele>2067.4</ele></trkpt><trkpt lat="46.227752611149654" lon="7.916991682041741"><ele>2061.3</ele></trkpt><trkpt lat="46.22784361178375" lon="7.916771682573465"><ele>2058.0</ele></trkpt><trkpt lat="46.22792561234097" lon="7.916604683039444"><ele>2055.1</ele></trkpt><trkpt lat="46.22796161251348" lon="7.916539683184617"><ele>2054.2</ele></trkpt><trkpt lat="46.22798861257019" lon="7.916436683236793"><ele>2053.9</ele></trkpt><trkpt lat="46.22802561272322" lon="7.916332683368003"><ele>2053.1</ele></trkpt><trkpt lat="46.22807961281742" lon="7.916164683454724"><ele>2052.6</ele></trkpt><trkpt lat="46.22815261296881" lon="7.915957683590608"><ele>2051.8</ele></trkpt><trkpt lat="46.22818961302512" lon="7.9158416836433325"><ele>2051.5</ele></trkpt><trkpt lat="46.228225613042696" lon="7.915686683666302"><ele>2051.4</ele></trkpt><trkpt lat="46.22828161389063" lon="7.9153756843763015"><ele>2047.0</ele></trkpt><trkpt lat="46.228326614275375" lon="7.915246684698303"><ele>2045.0</ele></trkpt><trkpt lat="46.228362614505855" lon="7.915156684892044"><ele>2043.8</ele></trkpt><trkpt lat="46.22837261469862" lon="7.9150786850537544"><ele>2042.8</ele></trkpt><trkpt lat="46.22837261502701" lon="7.914948685328626"><ele>2041.1</ele></trkpt><trkpt lat="46.228382615084485" lon="7.914858685380248"><ele>2040.8</ele></trkpt><trkpt lat="46.22840961519912" lon="7.914715685481692"><ele>2040.2</ele></trkpt><trkpt lat="46.22844661552614" lon="7.914586685756278"><ele>2038.5</ele></trkpt><trkpt lat="46.228482615717795" lon="7.914444685920827"><ele>2037.5</ele></trkpt><trkpt lat="46.22849261585258" lon="7.914379686034478"><ele>2036.8</ele></trkpt><trkpt lat="46.228483615949365" lon="7.914288686117861"><ele>2036.3</ele></trkpt><trkpt lat="46.228412616164086" lon="7.914015686305037"><ele>2035.2</ele></trkpt><trkpt lat="46.22840461628019" lon="7.9139126864047755"><ele>2034.6</ele></trkpt><trkpt lat="46.2283956163768" lon="7.913769686490602"><ele>2034.1</ele></trkpt><trkpt lat="46.228405616569454" lon="7.913627686655276"><ele>2033.1</ele></trkpt><trkpt lat="46.228414616839686" lon="7.913549686880152"><ele>2031.7</ele></trkpt><trkpt lat="46.228414616839686" lon="7.913549686880152"><ele>2031.7</ele></trkpt><trkpt lat="46.228432616974224" lon="7.913497686993115"><ele>2031.0</ele></trkpt><trkpt lat="46.22845161705075" lon="7.913432687059281"><ele>2030.6</ele></trkpt><trkpt lat="46.228460617359445" lon="7.913303687318148"><ele>2029.0</ele></trkpt><trkpt lat="46.2284616178038" lon="7.9131476876889435"><ele>2026.7</ele></trkpt><trkpt lat="46.228461617958324" lon="7.913070687818988"><ele>2025.9</ele></trkpt><trkpt lat="46.22843561809443" lon="7.912966687934642"><ele>2025.2</ele></trkpt><trkpt lat="46.228435618287634" lon="7.912901688095715"><ele>2024.2</ele></trkpt><trkpt lat="46.228444618499786" lon="7.912810688273756"><ele>2023.1</ele></trkpt><trkpt lat="46.22848161865281" lon="7.912681688406001"><ele>2022.3</ele></trkpt><trkpt lat="46.22851861878625" lon="7.912474688526095"><ele>2021.6</ele></trkpt><trkpt lat="46.228536618804675" lon="7.912383688546055"><ele>2021.5</ele></trkpt><trkpt lat="46.22856361884211" lon="7.912280688582323"><ele>2021.3</ele></trkpt><trkpt lat="46.2285736188803" lon="7.912241688615693"><ele>2021.1</ele></trkpt><trkpt lat="46.2286096188787" lon="7.912138688620303"><ele>2021.1</ele></trkpt><trkpt lat="46.22868261893362" lon="7.9119966886739235"><ele>2020.8</ele></trkpt><trkpt lat="46.2287636189109" lon="7.911854688664293"><ele>2020.9</ele></trkpt><trkpt lat="46.228872618983615" lon="7.911634688737147"><ele>2020.5</ele></trkpt><trkpt lat="46.22891861894285" lon="7.9114796887125385"><ele>2020.7</ele></trkpt><trkpt lat="46.2289366191158" lon="7.911311688862489"><ele>2019.8</ele></trkpt><trkpt lat="46.22895561909519" lon="7.911091688856882"><ele>2019.9</ele></trkpt><trkpt lat="46.228946619134064" lon="7.911039688890969"><ele>2019.7</ele></trkpt><trkpt lat="46.22893861915356" lon="7.9109746889098576"><ele>2019.6</ele></trkpt><trkpt lat="46.22892061919277" lon="7.910922688944"><ele>2019.4</ele></trkpt><trkpt lat="46.22891161917359" lon="7.910857688931302"><ele>2019.5</ele></trkpt><trkpt lat="46.228911619192836" lon="7.9108186889489245"><ele>2019.4</ele></trkpt><trkpt lat="46.22891261923133" lon="7.910766688982948"><ele>2019.2</ele></trkpt><trkpt lat="46.22893061911446" lon="7.9107026888910585"><ele>2019.8</ele></trkpt><trkpt lat="46.22893961921063" lon="7.910624688973641"><ele>2019.3</ele></trkpt><trkpt lat="46.22894861926814" lon="7.9105596890240255"><ele>2019.0</ele></trkpt><trkpt lat="46.22895861934494" lon="7.910482689090756"><ele>2018.6</ele></trkpt><trkpt lat="46.22899461940138" lon="7.9103786891427985"><ele>2018.3</ele></trkpt><trkpt lat="46.2290496194568" lon="7.910171689199546"><ele>2018.0</ele></trkpt><trkpt lat="46.22913261947201" lon="7.90975768923422"><ele>2017.9</ele></trkpt><trkpt lat="46.22915061945168" lon="7.909641689223745"><ele>2018.0</ele></trkpt><trkpt lat="46.22917861945037" lon="7.909537689228445"><ele>2018.0</ele></trkpt><trkpt lat="46.22920561946846" lon="7.909434689248898"><ele>2017.9</ele></trkpt><trkpt lat="46.229232619467304" lon="7.909382689251173"><ele>2017.9</ele></trkpt><trkpt lat="46.22926861944653" lon="7.909331689237546"><ele>2018.0</ele></trkpt><trkpt lat="46.22931461944472" lon="7.909279689239706"><ele>2018.0</ele></trkpt><trkpt lat="46.22933261944393" lon="7.909253689240816"><ele>2018.0</ele></trkpt><trkpt lat="46.22934161950146" lon="7.909202689290527"><ele>2017.7</ele></trkpt><trkpt lat="46.22935061944291" lon="7.909124689246745"><ele>2018.0</ele></trkpt><trkpt lat="46.22936861946147" lon="7.909072689264866"><ele>2017.9</ele></trkpt><trkpt lat="46.22947761951491" lon="7.908866689321228"><ele>2017.6</ele></trkpt><trkpt lat="46.22953261957066" lon="7.908776689372493"><ele>2017.3</ele></trkpt><trkpt lat="46.22956861958852" lon="7.908711689391107"><ele>2017.2</ele></trkpt><trkpt lat="46.22964161966254" lon="7.9084786894647365"><ele>2016.8</ele></trkpt><trkpt lat="46.22975061969628" lon="7.908129689511996"><ele>2016.6</ele></trkpt><trkpt lat="46.22979561967505" lon="7.908052689499535"><ele>2016.7</ele></trkpt><trkpt lat="46.22986861971079" lon="7.907962689534889"><ele>2016.5</ele></trkpt><trkpt lat="46.2299046197093" lon="7.907897689537712"><ele>2016.5</ele></trkpt><trkpt lat="46.22995961978395" lon="7.907639689612614"><ele>2016.1</ele></trkpt><trkpt lat="46.22998661980214" lon="7.9075746896312795"><ele>2016.0</ele></trkpt><trkpt lat="46.230077619798436" lon="7.907445689636766"><ele>2016.0</ele></trkpt><trkpt lat="46.23030361975052" lon="7.907123689618892"><ele>2016.2</ele></trkpt><trkpt lat="46.230358619902866" lon="7.906994689750903"><ele>2015.4</ele></trkpt><trkpt lat="46.23037661986327" lon="7.906890689724084"><ele>2015.6</ele></trkpt><trkpt lat="46.230377619785536" lon="7.906761689666953"><ele>2016.0</ele></trkpt><trkpt lat="46.230350619805556" lon="7.906657689687767"><ele>2015.9</ele></trkpt><trkpt lat="46.23032362001922" lon="7.906592689864631"><ele>2014.8</ele></trkpt><trkpt lat="46.23032362001922" lon="7.906592689864631"><ele>2014.8</ele></trkpt><trkpt lat="46.23035961994041" lon="7.906553689803087"><ele>2015.2</ele></trkpt><trkpt lat="46.230413620093096" lon="7.9065286899302345"><ele>2014.4</ele></trkpt><trkpt lat="46.23044062018879" lon="7.906528690009011"><ele>2013.9</ele></trkpt><trkpt lat="46.23044062018879" lon="7.906528690009011"><ele>2013.9</ele></trkpt><trkpt lat="46.230467620323246" lon="7.906554690118147"><ele>2013.2</ele></trkpt><trkpt lat="46.2304856204774" lon="7.906580690243125"><ele>2012.4</ele></trkpt><trkpt lat="46.23051262066996" lon="7.906619690399023"><ele>2011.4</ele></trkpt><trkpt lat="46.23053962084322" lon="7.906684690537922"><ele>2010.5</ele></trkpt><trkpt lat="46.2305476209398" lon="7.906762690613175"><ele>2010.0</ele></trkpt><trkpt lat="46.230556620978355" lon="7.906827690641666"><ele>2009.8</ele></trkpt><trkpt lat="46.230556621133374" lon="7.9069316907631295"><ele>2009.0</ele></trkpt><trkpt lat="46.23054662136609" lon="7.907034690947853"><ele>2007.8</ele></trkpt><trkpt lat="46.230519621754304" lon="7.907151691258351"><ele>2005.8</ele></trkpt><trkpt lat="46.230519621831746" lon="7.907190691319689"><ele>2005.4</ele></trkpt><trkpt lat="46.23053762186977" lon="7.907190691351161"><ele>2005.2</ele></trkpt><trkpt lat="46.23055562190767" lon="7.907164691383839"><ele>2005.0</ele></trkpt><trkpt lat="46.23061862190507" lon="7.9070486913888605"><ele>2005.0</ele></trkpt><trkpt lat="46.230673621980216" lon="7.906958691455875"><ele>2004.6</ele></trkpt><trkpt lat="46.230727622152074" lon="7.906867691601878"><ele>2003.7</ele></trkpt><trkpt lat="46.230808622438964" lon="7.906764691843005"><ele>2002.2</ele></trkpt><trkpt lat="46.23087262264926" lon="7.906700692019265"><ele>2001.1</ele></trkpt><trkpt lat="46.230926622898565" lon="7.906636692227159"><ele>1999.8</ele></trkpt><trkpt lat="46.23098062312845" lon="7.906533692421068"><ele>1998.6</ele></trkpt><trkpt lat="46.23100762328199" lon="7.906455692550823"><ele>1997.8</ele></trkpt><trkpt lat="46.23105362333798" lon="7.906313692604492"><ele>1997.5</ele></trkpt><trkpt lat="46.23109062351044" lon="7.906196692751772"><ele>1996.6</ele></trkpt><trkpt lat="46.23109062351044" lon="7.906196692751772"><ele>1996.6</ele></trkpt><trkpt lat="46.23115362381736" lon="7.906093693008759"><ele>1995.0</ele></trkpt><trkpt lat="46.23118962400936" lon="7.9060426931687715"><ele>1994.0</ele></trkpt><trkpt lat="46.23121662414373" lon="7.90602969327972"><ele>1993.3</ele></trkpt><trkpt lat="46.23125262427783" lon="7.9060296933900105"><ele>1992.6</ele></trkpt><trkpt lat="46.23127962435426" lon="7.90604369345235"><ele>1992.2</ele></trkpt><trkpt lat="46.23127962435426" lon="7.90604369345235"><ele>1992.2</ele></trkpt><trkpt lat="46.23128862439257" lon="7.906030693484474"><ele>1992.0</ele></trkpt><trkpt lat="46.2313426245646" lon="7.905991693628033"><ele>1991.1</ele></trkpt><trkpt lat="46.231378624756715" lon="7.9059796937862385"><ele>1990.1</ele></trkpt><trkpt lat="46.23142362506456" lon="7.90597969403856"><ele>1988.5</ele></trkpt><trkpt lat="46.23147762539152" lon="7.905992694306015"><ele>1986.8</ele></trkpt><trkpt lat="46.23152262560264" lon="7.905993694479356"><ele>1985.7</ele></trkpt><trkpt lat="46.23155862565929" lon="7.905967694527701"><ele>1985.4</ele></trkpt><trkpt lat="46.23156762571694" lon="7.905928694576805"><ele>1985.1</ele></trkpt><trkpt lat="46.231577625929205" lon="7.905864694753345"><ele>1984.0</ele></trkpt><trkpt lat="46.23160462623752" lon="7.90577369500995"><ele>1982.4</ele></trkpt><trkpt lat="46.23161362625649" lon="7.905747695026876"><ele>1982.3</ele></trkpt><trkpt lat="46.2316136262951" lon="7.905708695060242"><ele>1982.1</ele></trkpt><trkpt lat="46.23161362646907" lon="7.905669695204105"><ele>1981.2</ele></trkpt><trkpt lat="46.231614627204095" lon="7.905618695806308"><ele>1977.4</ele></trkpt><trkpt lat="46.231614627204095" lon="7.905618695806308"><ele>1977.4</ele></trkpt><trkpt lat="46.231578627185996" lon="7.905591695791973"><ele>1977.5</ele></trkpt><trkpt lat="46.231515627168726" lon="7.905500695780731"><ele>1977.6</ele></trkpt><trkpt lat="46.231479627208635" lon="7.905474695813708"><ele>1977.4</ele></trkpt><trkpt lat="46.23140762740468" lon="7.905460695972626"><ele>1976.4</ele></trkpt><trkpt lat="46.23137162754141" lon="7.9054736960827405"><ele>1975.7</ele></trkpt><trkpt lat="46.231326627620504" lon="7.905486696145553"><ele>1975.3</ele></trkpt><trkpt lat="46.231326627620504" lon="7.905486696145553"><ele>1975.3</ele></trkpt><trkpt lat="46.231228627759414" lon="7.9054466962584575"><ele>1974.6</ele></trkpt><trkpt lat="46.23108462822876" lon="7.905380696641171"><ele>1972.2</ele></trkpt><trkpt lat="46.23103962832708" lon="7.905366696721"><ele>1971.7</ele></trkpt><trkpt lat="46.230976628445326" lon="7.905314696818456"><ele>1971.1</ele></trkpt><trkpt lat="46.23092262854395" lon="7.905301696898289"><ele>1970.6</ele></trkpt><trkpt lat="46.23082362881841" lon="7.905300697119908"><ele>1969.2</ele></trkpt><trkpt lat="46.230778628936015" lon="7.905273697216114"><ele>1968.6</ele></trkpt><trkpt lat="46.23073462907291" lon="7.905221697329235"><ele>1967.9</ele></trkpt><trkpt lat="46.23064462928879" lon="7.905143697506954"><ele>1966.8</ele></trkpt><trkpt lat="46.23059062938736" lon="7.905103697588019"><ele>1966.3</ele></trkpt><trkpt lat="46.23053662954402" lon="7.905077697715794"><ele>1965.5</ele></trkpt><trkpt lat="46.23045662987564" lon="7.905037697986414"><ele>1963.8</ele></trkpt><trkpt lat="46.230339630150404" lon="7.904907698213995"><ele>1962.4</ele></trkpt><trkpt lat="46.2302506303082" lon="7.904841698343785"><ele>1961.6</ele></trkpt><trkpt lat="46.23019663046472" lon="7.904776698473324"><ele>1960.8</ele></trkpt><trkpt lat="46.23013363100832" lon="7.904646698921533"><ele>1958.0</ele></trkpt><trkpt lat="46.230000631960074" lon="7.9043086997109855"><ele>1953.1</ele></trkpt><trkpt lat="46.229946632019804" lon="7.904178699764537"><ele>1952.8</ele></trkpt><trkpt lat="46.229893632001875" lon="7.9039966997572995"><ele>1952.9</ele></trkpt><trkpt lat="46.22984063217762" lon="7.903891699904391"><ele>1952.0</ele></trkpt><trkpt lat="46.22977763246977" lon="7.903774700146765"><ele>1950.5</ele></trkpt><trkpt lat="46.229670632840545" lon="7.903553700457207"><ele>1948.6</ele></trkpt><trkpt lat="46.22955463267015" lon="7.9033587003246675"><ele>1949.5</ele></trkpt><trkpt lat="46.229518632632555" lon="7.9032667002974755"><ele>1949.7</ele></trkpt><trkpt lat="46.22950163257492" lon="7.9031767002543045"><ele>1950.0</ele></trkpt><trkpt lat="46.22948363251711" lon="7.903007700214706"><ele>1950.3</ele></trkpt><trkpt lat="46.22947563255606" lon="7.902981700247487"><ele>1950.1</ele></trkpt><trkpt lat="46.22943963269265" lon="7.902955700359325"><ele>1949.4</ele></trkpt><trkpt lat="46.22943963269265" lon="7.902955700359325"><ele>1949.4</ele></trkpt><trkpt lat="46.22936763296602" lon="7.902928700581871"><ele>1948.0</ele></trkpt><trkpt lat="46.22924163337654" lon="7.902862700916936"><ele>1945.9</ele></trkpt><trkpt lat="46.22915163363106" lon="7.902797701125512"><ele>1944.6</ele></trkpt><trkpt lat="46.22905363396318" lon="7.90270570139846"><ele>1942.9</ele></trkpt><trkpt lat="46.228918634528696" lon="7.902613701860948"><ele>1940.0</ele></trkpt><trkpt lat="46.22884663464722" lon="7.9025747019577866"><ele>1939.4</ele></trkpt><trkpt lat="46.22877563474641" lon="7.902560702037714"><ele>1938.9</ele></trkpt><trkpt lat="46.22870363484548" lon="7.902495702119942"><ele>1938.4</ele></trkpt><trkpt lat="46.228640635040975" lon="7.902416702281631"><ele>1937.4</ele></trkpt><trkpt lat="46.228587635313524" lon="7.902351702505738"><ele>1936.0</ele></trkpt><trkpt lat="46.228524635586474" lon="7.902325702728155"><ele>1934.6</ele></trkpt><trkpt lat="46.22843463584109" lon="7.902311702934406"><ele>1933.3</ele></trkpt><trkpt lat="46.22835363607599" lon="7.902284703125405"><ele>1932.1</ele></trkpt><trkpt lat="46.22822763660252" lon="7.902219703555025"><ele>1929.4</ele></trkpt><trkpt lat="46.22814663681804" lon="7.902179703730824"><ele>1928.3</ele></trkpt><trkpt lat="46.22781463715862" lon="7.902176704001071"><ele>1926.6</ele></trkpt><trkpt lat="46.22776963716025" lon="7.9021897040007465"><ele>1926.6</ele></trkpt><trkpt lat="46.22773263712296" lon="7.902227703967708"><ele>1926.8</ele></trkpt><trkpt lat="46.22769663708576" lon="7.902292703933461"><ele>1927.0</ele></trkpt><trkpt lat="46.2276516368942" lon="7.902408703770764"><ele>1928.0</ele></trkpt><trkpt lat="46.22762463679856" lon="7.902447703690289"><ele>1928.5</ele></trkpt><trkpt lat="46.22759763678027" lon="7.902459703674132"><ele>1928.6</ele></trkpt><trkpt lat="46.22755263685922" lon="7.902459703737498"><ele>1928.2</ele></trkpt><trkpt lat="46.22740863719299" lon="7.902419704008329"><ele>1926.5</ele></trkpt><trkpt lat="46.22717463774258" lon="7.9023397044550014"><ele>1923.7</ele></trkpt><trkpt lat="46.22701363805749" lon="7.9022607047118765"><ele>1922.1</ele></trkpt><trkpt lat="46.226950638117586" lon="7.902182704763036"><ele>1921.8</ele></trkpt><trkpt lat="46.22692363815708" lon="7.9021307047970595"><ele>1921.6</ele></trkpt><trkpt lat="46.22690663831218" lon="7.902052704926844"><ele>1920.8</ele></trkpt><trkpt lat="46.226888638448116" lon="7.902013705039116"><ele>1920.1</ele></trkpt><trkpt lat="46.22687063858403" lon="7.9019747051513844"><ele>1919.4</ele></trkpt><trkpt lat="46.22684363864291" lon="7.901948705200024"><ele>1919.1</ele></trkpt><trkpt lat="46.22684363864291" lon="7.901948705200024"><ele>1919.1</ele></trkpt><trkpt lat="46.22679863864451" lon="7.9019477052003255"><ele>1919.1</ele></trkpt><trkpt lat="46.22677163870351" lon="7.901973705246651"><ele>1918.8</ele></trkpt><trkpt lat="46.22673563878227" lon="7.902011705308275"><ele>1918.4</ele></trkpt><trkpt lat="46.2266626393072" lon="7.902115705730034"><ele>1915.7</ele></trkpt><trkpt lat="46.2266626393072" lon="7.902115705730034"><ele>1915.7</ele></trkpt><trkpt lat="46.22659063989013" lon="7.902231706198599"><ele>1912.7</ele></trkpt><trkpt lat="46.22653664029824" lon="7.902269706528537"><ele>1910.6</ele></trkpt><trkpt lat="46.22649164058993" lon="7.902282706764872"><ele>1909.1</ele></trkpt><trkpt lat="46.226437640939906" lon="7.9022947070486325"><ele>1907.3</ele></trkpt><trkpt lat="46.22640164117321" lon="7.902294707238157"><ele>1906.1</ele></trkpt><trkpt lat="46.22637464134818" lon="7.902281707380876"><ele>1905.2</ele></trkpt><trkpt lat="46.22635664150343" lon="7.902254707508383"><ele>1904.4</ele></trkpt><trkpt lat="46.22634764181293" lon="7.9021647077648325"><ele>1902.8</ele></trkpt><trkpt lat="46.22633964194849" lon="7.902125707877031"><ele>1902.1</ele></trkpt><trkpt lat="46.22632164202643" lon="7.902112707940808"><ele>1901.7</ele></trkpt><trkpt lat="46.22628564212432" lon="7.902085708021088"><ele>1901.2</ele></trkpt><trkpt lat="46.2262496422029" lon="7.902085708084395"><ele>1900.8</ele></trkpt><trkpt lat="46.22622264226183" lon="7.902072708132448"><ele>1900.5</ele></trkpt><trkpt lat="46.226195642340066" lon="7.9020337081974255"><ele>1900.1</ele></trkpt><trkpt lat="46.226195642340066" lon="7.9020337081974255"><ele>1900.1</ele></trkpt><trkpt lat="46.22614164247725" lon="7.90201970830878"><ele>1899.4</ele></trkpt><trkpt lat="46.2260966425175" lon="7.902006708341157"><ele>1899.2</ele></trkpt><trkpt lat="46.22606964259568" lon="7.901980708405561"><ele>1898.8</ele></trkpt><trkpt lat="46.22604264267388" lon="7.901941708470532"><ele>1898.4</ele></trkpt><trkpt lat="46.226015642771536" lon="7.901941708549563"><ele>1897.9</ele></trkpt><trkpt lat="46.225997642849485" lon="7.901940708612812"><ele>1897.5</ele></trkpt><trkpt lat="46.22593464312248" lon="7.901966708832888"><ele>1896.1</ele></trkpt><trkpt lat="46.22581764345532" lon="7.901991709100644"><ele>1894.4</ele></trkpt><trkpt lat="46.22572764355518" lon="7.902003709179507"><ele>1893.9</ele></trkpt><trkpt lat="46.225646643577385" lon="7.902015709195213"><ele>1893.8</ele></trkpt><trkpt lat="46.22561964361704" lon="7.902028709226347"><ele>1893.6</ele></trkpt><trkpt lat="46.22558364369567" lon="7.902041709289086"><ele>1893.2</ele></trkpt><trkpt lat="46.22548464393137" lon="7.902130709475058"><ele>1892.0</ele></trkpt><trkpt lat="46.22542164399164" lon="7.902169709521034"><ele>1891.7</ele></trkpt><trkpt lat="46.22540364401161" lon="7.902169709536912"><ele>1891.6</ele></trkpt><trkpt lat="46.22540364401161" lon="7.902169709536912"><ele>1891.6</ele></trkpt><trkpt lat="46.22538564403158" lon="7.902181709552264"><ele>1891.5</ele></trkpt><trkpt lat="46.2253226440145" lon="7.902181709536841"><ele>1891.6</ele></trkpt><trkpt lat="46.225250644016995" lon="7.902180709537291"><ele>1891.6</ele></trkpt><trkpt lat="46.22517864400021" lon="7.90219370952135"><ele>1891.7</ele></trkpt></trkseg></trk></gpx>