<?xml version="1.0" encoding="utf-8"?><gpx version="1.1" creator="MySchweizMobil - https://map.schweizmobil.ch/" xmlns:xsi="http://www.w3.org/2001/XMLSchema-instance" xmlns="http://www.topografix.com/GPX/1/1" xsi:schemaLocation="http://www.topografix.com/GPX/1/1 http://www.topografix.com/GPX/1/1/gpx.xsd"><metadata><name>6 Alpine Passes Trail - Stage 19</name><bounds minlat="46.10817266626466" minlon="7.90219370952135" maxlat="46.22517864400021" maxlon="7.940313690182479" /></metadata><trk><name>6 Alpine Passes Trail - Stage 19</name><trkseg><trkpt lat="46.22517864400021" lon="7.90219370952135"><ele>1891.7</ele></trkpt><trkpt lat="46.225097644061044" lon="7.902218709568039"><ele>1891.4</ele></trkpt><trkpt lat="46.22502564414105" lon="7.902269709629322"><ele>1891.0</ele></trkpt><trkpt lat="46.2249706442204" lon="7.9023207096905015"><ele>1890.6</ele></trkpt><trkpt lat="46.22486264428264" lon="7.902514709729943"><ele>1890.3</ele></trkpt><trkpt lat="46.22482564432276" lon="7.902591709758338"><ele>1890.1</ele></trkpt><trkpt lat="46.22478964434352" lon="7.9026437097720414"><ele>1890.0</ele></trkpt><trkpt lat="46.22478964434352" lon="7.9026437097720414"><ele>1890.0</ele></trkpt><trkpt lat="46.22477164445997" lon="7.902578709869651"><ele>1889.4</ele></trkpt><trkpt lat="46.224763644634066" lon="7.902487710015672"><ele>1888.5</ele></trkpt><trkpt lat="46.22474564480846" lon="7.902396710161741"><ele>1887.6</ele></trkpt><trkpt lat="46.22471864496403" lon="7.902370710289245"><ele>1886.8</ele></trkpt><trkpt lat="46.22465564533346" lon="7.902331710591058"><ele>1884.9</ele></trkpt><trkpt lat="46.224611645605584" lon="7.902304710813352"><ele>1883.5</ele></trkpt><trkpt lat="46.224611645605584" lon="7.902304710813352"><ele>1883.5</ele></trkpt><trkpt lat="46.224575645819556" lon="7.90231771098653"><ele>1882.4</ele></trkpt><trkpt lat="46.22433164689159" lon="7.902419711851171"><ele>1876.9</ele></trkpt><trkpt lat="46.22429564706693" lon="7.902444711992277"><ele>1876.0</ele></trkpt><trkpt lat="46.22421464753395" lon="7.902547712366905"><ele>1873.6</ele></trkpt><trkpt lat="46.22414264792329" lon="7.902624712679509"><ele>1871.6</ele></trkpt><trkpt lat="46.223862648784" lon="7.902804713367486"><ele>1867.2</ele></trkpt><trkpt lat="46.22380864890189" lon="7.902829713461368"><ele>1866.6</ele></trkpt><trkpt lat="46.22372764909804" lon="7.902841713619078"><ele>1865.6</ele></trkpt><trkpt lat="46.223700649137655" lon="7.902854713650221"><ele>1865.4</ele></trkpt><trkpt lat="46.2236826491577" lon="7.902893713664416"><ele>1865.3</ele></trkpt><trkpt lat="46.223663649158446" lon="7.9029317136628805"><ele>1865.3</ele></trkpt><trkpt lat="46.22364564913987" lon="7.902996713644396"><ele>1865.4</ele></trkpt><trkpt lat="46.22362764912124" lon="7.903022713627598"><ele>1865.5</ele></trkpt><trkpt lat="46.223501649222335" lon="7.903073713704981"><ele>1865.0</ele></trkpt><trkpt lat="46.22335764932407" lon="7.903136713781955"><ele>1864.5</ele></trkpt><trkpt lat="46.22322264938679" lon="7.9031747138284"><ele>1864.2</ele></trkpt><trkpt lat="46.22316864942734" lon="7.9031737138603"><ele>1864.0</ele></trkpt><trkpt lat="46.22311464948715" lon="7.903160713908491"><ele>1863.7</ele></trkpt><trkpt lat="46.223069649488586" lon="7.903121713910427"><ele>1863.7</ele></trkpt><trkpt lat="46.223069649488586" lon="7.903121713910427"><ele>1863.7</ele></trkpt><trkpt lat="46.2230246495096" lon="7.903159713924818"><ele>1863.6</ele></trkpt><trkpt lat="46.22297964949199" lon="7.903224713906485"><ele>1863.7</ele></trkpt><trkpt lat="46.222960649492705" lon="7.903262713904949"><ele>1863.7</ele></trkpt><trkpt lat="46.222960649492705" lon="7.903262713904949"><ele>1863.7</ele></trkpt><trkpt lat="46.222861649322475" lon="7.903404713757365"><ele>1864.6</ele></trkpt><trkpt lat="46.222698648999916" lon="7.90361071348113"><ele>1866.3</ele></trkpt><trkpt lat="46.22247264856386" lon="7.903932713105539"><ele>1868.6</ele></trkpt><trkpt lat="46.22223764822468" lon="7.904202712811122"><ele>1870.4</ele></trkpt><trkpt lat="46.22215664813097" lon="7.904279712729335"><ele>1870.9</ele></trkpt><trkpt lat="46.222102648055625" lon="7.904318712664825"><ele>1871.3</ele></trkpt><trkpt lat="46.22204764798022" lon="7.904330712601492"><ele>1871.7</ele></trkpt><trkpt lat="46.22188564775394" lon="7.904355712411943"><ele>1872.9</ele></trkpt><trkpt lat="46.22182264765952" lon="7.904367712332873"><ele>1873.4</ele></trkpt><trkpt lat="46.22175064758477" lon="7.904406712268457"><ele>1873.8</ele></trkpt><trkpt lat="46.22166064745282" lon="7.904496712154593"><ele>1874.5</ele></trkpt><trkpt lat="46.221506647187965" lon="7.904689711926139"><ele>1875.9</ele></trkpt><trkpt lat="46.221325646885624" lon="7.9049467116634755"><ele>1877.5</ele></trkpt><trkpt lat="46.22123564673438" lon="7.905062711532684"><ele>1878.3</ele></trkpt><trkpt lat="46.22119064667809" lon="7.905114711483326"><ele>1878.6</ele></trkpt><trkpt lat="46.22113664664137" lon="7.905139711450975"><ele>1878.8</ele></trkpt><trkpt lat="46.22106464656654" lon="7.905138711388291"><ele>1879.2</ele></trkpt><trkpt lat="46.220938646358256" lon="7.90511171121657"><ele>1880.3</ele></trkpt><trkpt lat="46.22083964624571" lon="7.905098711122996"><ele>1880.9</ele></trkpt><trkpt lat="46.220776646170584" lon="7.9051107110597"><ele>1881.3</ele></trkpt><trkpt lat="46.22061464598303" lon="7.905135710901696"><ele>1882.3</ele></trkpt><trkpt lat="46.22046164577577" lon="7.9051467107284745"><ele>1883.4</ele></trkpt><trkpt lat="46.22040764568107" lon="7.905172710648736"><ele>1883.9</ele></trkpt><trkpt lat="46.220371645624354" lon="7.905184710601067"><ele>1884.2</ele></trkpt><trkpt lat="46.22034464556747" lon="7.9052237105521685"><ele>1884.5</ele></trkpt><trkpt lat="46.220298645491965" lon="7.905300710485941"><ele>1884.9</ele></trkpt><trkpt lat="46.22019864526402" lon="7.905520710287503"><ele>1886.1</ele></trkpt><trkpt lat="46.22014464515011" lon="7.905610710189179"><ele>1886.7</ele></trkpt><trkpt lat="46.22009964507458" lon="7.905687710122937"><ele>1887.1</ele></trkpt><trkpt lat="46.220045644999296" lon="7.905739710057831"><ele>1887.5</ele></trkpt><trkpt lat="46.21981964464049" lon="7.905944709750252"><ele>1889.4</ele></trkpt><trkpt lat="46.21963864435738" lon="7.906137709506063"><ele>1890.9</ele></trkpt><trkpt lat="46.219566644244075" lon="7.9061757094101"><ele>1891.5</ele></trkpt><trkpt lat="46.219503644168995" lon="7.90620170934618"><ele>1891.9</ele></trkpt><trkpt lat="46.21948564413104" lon="7.906201709314713"><ele>1892.1</ele></trkpt><trkpt lat="46.219431644016936" lon="7.906200709220356"><ele>1892.7</ele></trkpt><trkpt lat="46.21930564384742" lon="7.906186709079619"><ele>1893.6</ele></trkpt><trkpt lat="46.21907164358497" lon="7.906158708861196"><ele>1895.0</ele></trkpt><trkpt lat="46.21907164358497" lon="7.906158708861196"><ele>1895.0</ele></trkpt><trkpt lat="46.21898164347215" lon="7.906144708767616"><ele>1895.6</ele></trkpt><trkpt lat="46.218838643283824" lon="7.906104708612339"><ele>1896.6</ele></trkpt><trkpt lat="46.218838643283824" lon="7.906104708612339"><ele>1896.6</ele></trkpt><trkpt lat="46.21877564318936" lon="7.90607870853492"><ele>1897.1</ele></trkpt><trkpt lat="46.21873964313263" lon="7.906065708488343"><ele>1897.4</ele></trkpt><trkpt lat="46.21870364307593" lon="7.90607770844067"><ele>1897.7</ele></trkpt><trkpt lat="46.21865864298098" lon="7.906103708360859"><ele>1898.2</ele></trkpt><trkpt lat="46.21857664286817" lon="7.906206708262092"><ele>1898.8</ele></trkpt><trkpt lat="46.21848664271704" lon="7.906322708131227"><ele>1899.6</ele></trkpt><trkpt lat="46.21840564262338" lon="7.906386708049945"><ele>1900.1</ele></trkpt><trkpt lat="46.21827864245416" lon="7.90646270790526"><ele>1901.0</ele></trkpt><trkpt lat="46.21816164228457" lon="7.906552707759902"><ele>1901.9</ele></trkpt><trkpt lat="46.21807164211412" lon="7.906668707613239"><ele>1902.8</ele></trkpt><trkpt lat="46.21798064196302" lon="7.906784707482356"><ele>1903.6</ele></trkpt><trkpt lat="46.217908641869116" lon="7.906848707401024"><ele>1904.1</ele></trkpt><trkpt lat="46.217854641716535" lon="7.90691270727222"><ele>1904.9</ele></trkpt><trkpt lat="46.217799641622165" lon="7.907016707189017"><ele>1905.4</ele></trkpt><trkpt lat="46.217745641547005" lon="7.907106707122206"><ele>1905.8</ele></trkpt><trkpt lat="46.2177006414714" lon="7.9071577070570696"><ele>1906.2</ele></trkpt><trkpt lat="46.2177006414714" lon="7.9071577070570696"><ele>1906.2</ele></trkpt><trkpt lat="46.21765564139578" lon="7.90718370699303"><ele>1906.6</ele></trkpt><trkpt lat="46.21759264128207" lon="7.907195706898141"><ele>1907.2</ele></trkpt><trkpt lat="46.21746664113201" lon="7.907207706772045"><ele>1908.0</ele></trkpt><trkpt lat="46.217133640718735" lon="7.907230706425628"><ele>1910.2</ele></trkpt><trkpt lat="46.216854640361596" lon="7.907254706126223"><ele>1912.1</ele></trkpt><trkpt lat="46.21674664021086" lon="7.90727970599944"><ele>1912.9</ele></trkpt><trkpt lat="46.21662064006094" lon="7.907329705871657"><ele>1913.7</ele></trkpt><trkpt lat="46.21649463985295" lon="7.907367705697044"><ele>1914.8</ele></trkpt><trkpt lat="46.21643063975877" lon="7.907406705616747"><ele>1915.3</ele></trkpt><trkpt lat="46.21634063966553" lon="7.907483705534914"><ele>1915.8</ele></trkpt><trkpt lat="46.216078639153906" lon="7.907778705097074"><ele>1918.5</ele></trkpt><trkpt lat="46.21595163894635" lon="7.907959704916097"><ele>1919.6</ele></trkpt><trkpt lat="46.215879638813995" lon="7.908088704800259"><ele>1920.3</ele></trkpt><trkpt lat="46.215716638472806" lon="7.908371704504415"><ele>1922.1</ele></trkpt><trkpt lat="46.215680638435494" lon="7.908397704471888"><ele>1922.3</ele></trkpt><trkpt lat="46.215644638398146" lon="7.9083977044405165"><ele>1922.5</ele></trkpt><trkpt lat="46.21560863836079" lon="7.908396704409194"><ele>1922.7</ele></trkpt><trkpt lat="46.215563638246394" lon="7.90835770431646"><ele>1923.3</ele></trkpt><trkpt lat="46.21551863817057" lon="7.908292704256458"><ele>1923.7</ele></trkpt><trkpt lat="46.21538463792352" lon="7.908006704064737"><ele>1925.0</ele></trkpt><trkpt lat="46.21534063775091" lon="7.907876703928707"><ele>1925.9</ele></trkpt><trkpt lat="46.21531363763581" lon="7.90779870383762"><ele>1926.5</ele></trkpt><trkpt lat="46.21528763761721" lon="7.907720703825463"><ele>1926.6</ele></trkpt><trkpt lat="46.21524263752209" lon="7.907654703749734"><ele>1927.1</ele></trkpt><trkpt lat="46.21521563746492" lon="7.907589703705434"><ele>1927.4</ele></trkpt><trkpt lat="46.21519863740743" lon="7.9075257036610305"><ele>1927.7</ele></trkpt><trkpt lat="46.215171637311606" lon="7.907434703586322"><ele>1928.2</ele></trkpt><trkpt lat="46.2151536371769" lon="7.907369703478831"><ele>1928.9</ele></trkpt><trkpt lat="46.21512763719694" lon="7.9072917034982515"><ele>1928.8</ele></trkpt><trkpt lat="46.21509163714011" lon="7.907226703454003"><ele>1929.1</ele></trkpt><trkpt lat="46.215019637045856" lon="7.907121703380185"><ele>1929.6</ele></trkpt><trkpt lat="46.21497563697002" lon="7.907069703319622"><ele>1930.0</ele></trkpt><trkpt lat="46.21493963689401" lon="7.907043703257856"><ele>1930.4</ele></trkpt><trkpt lat="46.214894636856904" lon="7.9070177032277025"><ele>1930.6</ele></trkpt><trkpt lat="46.21475063672651" lon="7.906899703123319"><ele>1931.3</ele></trkpt><trkpt lat="46.21467063663272" lon="7.906846703047227"><ele>1931.8</ele></trkpt><trkpt lat="46.21461663653792" lon="7.906794702970946"><ele>1932.3</ele></trkpt><trkpt lat="46.2145716365009" lon="7.906781702940217"><ele>1932.5</ele></trkpt><trkpt lat="46.21451763644487" lon="7.906793702892639"><ele>1932.8</ele></trkpt><trkpt lat="46.214472636427175" lon="7.906793702877116"><ele>1932.9</ele></trkpt><trkpt lat="46.214409636332874" lon="7.906792702798602"><ele>1933.4</ele></trkpt><trkpt lat="46.214364636257116" lon="7.906753702737475"><ele>1933.8</ele></trkpt><trkpt lat="46.214248636125745" lon="7.906622702633527"><ele>1934.5</ele></trkpt><trkpt lat="46.21420363606921" lon="7.906557702589344"><ele>1934.8</ele></trkpt><trkpt lat="46.21414963597438" lon="7.9064667025148205"><ele>1935.3</ele></trkpt><trkpt lat="46.214105635898484" lon="7.906401702454852"><ele>1935.7</ele></trkpt><trkpt lat="46.21404263582337" lon="7.906335702395045"><ele>1936.1</ele></trkpt><trkpt lat="46.213997635747575" lon="7.906283702334509"><ele>1936.5</ele></trkpt><trkpt lat="46.21395263569123" lon="7.906257702288588"><ele>1936.8</ele></trkpt><trkpt lat="46.21392563565351" lon="7.90624470225776"><ele>1937.0</ele></trkpt><trkpt lat="46.21388963563546" lon="7.9062437022422305"><ele>1937.1</ele></trkpt><trkpt lat="46.21384463557918" lon="7.906256702194561"><ele>1937.4</ele></trkpt><trkpt lat="46.21361963533647" lon="7.9063847019849325"><ele>1938.7</ele></trkpt><trkpt lat="46.21352963522391" lon="7.906422701889049"><ele>1939.3</ele></trkpt><trkpt lat="46.21343063513094" lon="7.906447701809581"><ele>1939.8</ele></trkpt><trkpt lat="46.213322635019004" lon="7.906472701714384"><ele>1940.4</ele></trkpt><trkpt lat="46.21321463488763" lon="7.906471701604575"><ele>1941.1</ele></trkpt><trkpt lat="46.2130796347766" lon="7.906457701511287"><ele>1941.7</ele></trkpt><trkpt lat="46.212953634723185" lon="7.906456701464713"><ele>1942.0</ele></trkpt><trkpt lat="46.212953634723185" lon="7.906456701464713"><ele>1942.0</ele></trkpt><trkpt lat="46.21285463451437" lon="7.906481701290546"><ele>1943.1</ele></trkpt><trkpt lat="46.21272863438384" lon="7.9065317011785465"><ele>1943.8</ele></trkpt><trkpt lat="46.212593634234274" lon="7.906569701051354"><ele>1944.6</ele></trkpt><trkpt lat="46.21228663387864" lon="7.906657700749288"><ele>1946.5</ele></trkpt><trkpt lat="46.21197163356191" lon="7.906745700478828"><ele>1948.2</ele></trkpt><trkpt lat="46.21180963339405" lon="7.906770700336592"><ele>1949.1</ele></trkpt><trkpt lat="46.21173763328083" lon="7.906808700240594"><ele>1949.7</ele></trkpt><trkpt lat="46.211638633168675" lon="7.906859700144166"><ele>1950.3</ele></trkpt><trkpt lat="46.211485633000585" lon="7.906961699998389"><ele>1951.2</ele></trkpt><trkpt lat="46.21143063294479" lon="7.907000699949598"><ele>1951.5</ele></trkpt><trkpt lat="46.21135863287027" lon="7.907038699885164"><ele>1951.9</ele></trkpt><trkpt lat="46.21129563279534" lon="7.907050699821853"><ele>1952.3</ele></trkpt><trkpt lat="46.21119663270237" lon="7.907050699743508"><ele>1952.8</ele></trkpt><trkpt lat="46.21098163245904" lon="7.907022699540839"><ele>1954.1</ele></trkpt><trkpt lat="46.210756632196805" lon="7.906981699323034"><ele>1955.5</ele></trkpt><trkpt lat="46.210603632028395" lon="7.90694169918369"><ele>1956.4</ele></trkpt><trkpt lat="46.21053163197308" lon="7.906940699136803"><ele>1956.7</ele></trkpt><trkpt lat="46.210477631917115" lon="7.906940699089768"><ele>1957.0</ele></trkpt><trkpt lat="46.21037863180507" lon="7.907017698992157"><ele>1957.6</ele></trkpt><trkpt lat="46.210288631692634" lon="7.907081698895076"><ele>1958.2</ele></trkpt><trkpt lat="46.21025163159756" lon="7.907145698813473"><ele>1958.7</ele></trkpt><trkpt lat="46.21021563152189" lon="7.907248698745874"><ele>1959.1</ele></trkpt><trkpt lat="46.2101976314649" lon="7.90733969869449"><ele>1959.4</ele></trkpt><trkpt lat="46.21017863131154" lon="7.90752069856011"><ele>1960.2</ele></trkpt><trkpt lat="46.210177631215316" lon="7.907637698475879"><ele>1960.7</ele></trkpt><trkpt lat="46.21015963113901" lon="7.907727698408751"><ele>1961.1</ele></trkpt><trkpt lat="46.210131631024545" lon="7.90787069830771"><ele>1961.7</ele></trkpt><trkpt lat="46.210131631024545" lon="7.90787069830771"><ele>1961.7</ele></trkpt><trkpt lat="46.21010463090993" lon="7.907960698209065"><ele>1962.3</ele></trkpt><trkpt lat="46.21004163073881" lon="7.908102698060902"><ele>1963.2</ele></trkpt><trkpt lat="46.210004630643866" lon="7.908205697977503"><ele>1963.7</ele></trkpt><trkpt lat="46.210004630643866" lon="7.908205697977503"><ele>1963.7</ele></trkpt><trkpt lat="46.209931630415404" lon="7.90843869777789"><ele>1964.9</ele></trkpt><trkpt lat="46.20988663028224" lon="7.90858069766118"><ele>1965.6</ele></trkpt><trkpt lat="46.209840630226175" lon="7.908645697611129"><ele>1965.9</ele></trkpt><trkpt lat="46.209795630131424" lon="7.908709697529538"><ele>1966.4</ele></trkpt><trkpt lat="46.20970562996113" lon="7.908786697384472"><ele>1967.3</ele></trkpt><trkpt lat="46.20954262971649" lon="7.908940697173168"><ele>1968.6</ele></trkpt><trkpt lat="46.20941662952824" lon="7.9090306970119215"><ele>1969.6</ele></trkpt><trkpt lat="46.20928162932112" lon="7.909145696833798"><ele>1970.7</ele></trkpt><trkpt lat="46.20913662913359" lon="7.9092356966726545"><ele>1971.7</ele></trkpt><trkpt lat="46.20892962879392" lon="7.909349696384473"><ele>1973.5</ele></trkpt><trkpt lat="46.208803628605736" lon="7.909439696223212"><ele>1974.5</ele></trkpt><trkpt lat="46.2086946284169" lon="7.909529696061846"><ele>1975.5</ele></trkpt><trkpt lat="46.208586628247325" lon="7.90961969591626"><ele>1976.4</ele></trkpt><trkpt lat="46.20851462813429" lon="7.909683695819018"><ele>1977.0</ele></trkpt><trkpt lat="46.20851462813429" lon="7.909683695819018"><ele>1977.0</ele></trkpt><trkpt lat="46.20847862807777" lon="7.9097216957701235"><ele>1977.3</ele></trkpt><trkpt lat="46.208387627907626" lon="7.909824695623833"><ele>1978.2</ele></trkpt><trkpt lat="46.20830662773718" lon="7.90995369547629"><ele>1979.1</ele></trkpt><trkpt lat="46.20824262762399" lon="7.910056695377205"><ele>1979.7</ele></trkpt><trkpt lat="46.208206627509846" lon="7.910172695277356"><ele>1980.3</ele></trkpt><trkpt lat="46.208124627204775" lon="7.910483695010914"><ele>1981.9</ele></trkpt><trkpt lat="46.208078626956016" lon="7.910690694796389"><ele>1983.2</ele></trkpt><trkpt lat="46.20805062688003" lon="7.9107676947298495"><ele>1983.6</ele></trkpt><trkpt lat="46.208032626822984" lon="7.910832694679595"><ele>1983.9</ele></trkpt><trkpt lat="46.20799662672792" lon="7.910896694597901"><ele>1984.4</ele></trkpt><trkpt lat="46.20794262663355" lon="7.910961694516273"><ele>1984.9</ele></trkpt><trkpt lat="46.20786062652097" lon="7.911038694418462"><ele>1985.5</ele></trkpt><trkpt lat="46.20783362648342" lon="7.9110636943858905"><ele>1985.7</ele></trkpt><trkpt lat="46.20783362648342" lon="7.9110636943858905"><ele>1985.7</ele></trkpt><trkpt lat="46.20773462635214" lon="7.911140694272385"><ele>1986.4</ele></trkpt><trkpt lat="46.20772562631389" lon="7.911153694240259"><ele>1986.6</ele></trkpt><trkpt lat="46.20765262606629" lon="7.911412694023458"><ele>1987.9</ele></trkpt><trkpt lat="46.20760662591392" lon="7.91154169389144"><ele>1988.7</ele></trkpt><trkpt lat="46.20754362580073" lon="7.911657693791707"><ele>1989.3</ele></trkpt><trkpt lat="46.20746162564959" lon="7.911773693660492"><ele>1990.1</ele></trkpt><trkpt lat="46.20738062549855" lon="7.911902693528674"><ele>1990.9</ele></trkpt><trkpt lat="46.20733562540386" lon="7.9119796934464155"><ele>1991.4</ele></trkpt><trkpt lat="46.207317625327455" lon="7.912018693381545"><ele>1991.8</ele></trkpt><trkpt lat="46.20730762527003" lon="7.912069693331867"><ele>1992.1</ele></trkpt><trkpt lat="46.207298625193395" lon="7.912160693264542"><ele>1992.5</ele></trkpt><trkpt lat="46.207297625020075" lon="7.912290693116392"><ele>1993.4</ele></trkpt><trkpt lat="46.207279624905155" lon="7.9123806930175675"><ele>1994.0</ele></trkpt><trkpt lat="46.20726162477088" lon="7.912445692904108"><ele>1994.7</ele></trkpt><trkpt lat="46.207233624656375" lon="7.9125486928047355"><ele>1995.3</ele></trkpt><trkpt lat="46.20721562448365" lon="7.912665692657275"><ele>1996.2</ele></trkpt><trkpt lat="46.2072056243686" lon="7.912833692554782"><ele>1996.8</ele></trkpt><trkpt lat="46.207205624310994" lon="7.912937692502579"><ele>1997.1</ele></trkpt><trkpt lat="46.20721362423371" lon="7.91302769243518"><ele>1997.5</ele></trkpt><trkpt lat="46.20721362415671" lon="7.913092692368986"><ele>1997.9</ele></trkpt><trkpt lat="46.20721362415671" lon="7.913092692368986"><ele>1997.9</ele></trkpt><trkpt lat="46.20723162415608" lon="7.913105692368275"><ele>1997.9</ele></trkpt><trkpt lat="46.207240624020685" lon="7.913131692256443"><ele>1998.6</ele></trkpt><trkpt lat="46.20724962363462" lon="7.9132226919362365"><ele>2000.6</ele></trkpt><trkpt lat="46.20727562284282" lon="7.913391691280556"><ele>2004.7</ele></trkpt><trkpt lat="46.20728462255307" lon="7.913430691041731"><ele>2006.2</ele></trkpt><trkpt lat="46.207265622283785" lon="7.913494690817701"><ele>2007.6</ele></trkpt><trkpt lat="46.2072566219562" lon="7.913546690546777"><ele>2009.3</ele></trkpt><trkpt lat="46.20726562182078" lon="7.9135856904343225"><ele>2010.0</ele></trkpt><trkpt lat="46.20725662168616" lon="7.913624690321974"><ele>2010.7</ele></trkpt><trkpt lat="46.20723862137826" lon="7.913701690065725"><ele>2012.3</ele></trkpt><trkpt lat="46.20721962116687" lon="7.913779689888424"><ele>2013.4</ele></trkpt><trkpt lat="46.20721062080072" lon="7.91386968958411"><ele>2015.3</ele></trkpt><trkpt lat="46.207191620280696" lon="7.913986689152192"><ele>2018.0</ele></trkpt><trkpt lat="46.20719162002987" lon="7.914025688944986"><ele>2019.3</ele></trkpt><trkpt lat="46.20719161937408" lon="7.914154688401782"><ele>2022.7</ele></trkpt><trkpt lat="46.207199619007206" lon="7.914206688099111"><ele>2024.6</ele></trkpt><trkpt lat="46.20719061860245" lon="7.91427168776433"><ele>2026.7</ele></trkpt><trkpt lat="46.20718161825555" lon="7.914336687476942"><ele>2028.5</ele></trkpt><trkpt lat="46.20715461810231" lon="7.914374687348923"><ele>2029.3</ele></trkpt><trkpt lat="46.20714461785197" lon="7.914452687139916"><ele>2030.6</ele></trkpt><trkpt lat="46.207153617639456" lon="7.91449168696423"><ele>2031.7</ele></trkpt><trkpt lat="46.20716261742693" lon="7.9145306867885425"><ele>2032.8</ele></trkpt><trkpt lat="46.20716261742693" lon="7.9145306867885425"><ele>2032.8</ele></trkpt><trkpt lat="46.207162617253545" lon="7.914634686641443"><ele>2033.7</ele></trkpt><trkpt lat="46.2071706169833" lon="7.914737686415328"><ele>2035.1</ele></trkpt><trkpt lat="46.20718861680919" lon="7.914841686268109"><ele>2036.0</ele></trkpt><trkpt lat="46.20724161638295" lon="7.914958685914647"><ele>2038.2</ele></trkpt><trkpt lat="46.2073046160334" lon="7.915023685626773"><ele>2040.0</ele></trkpt><trkpt lat="46.207331615955326" lon="7.915088685560329"><ele>2040.4</ele></trkpt><trkpt lat="46.20734861597425" lon="7.915179685571724"><ele>2040.3</ele></trkpt><trkpt lat="46.2074016158765" lon="7.9154786854782415"><ele>2040.8</ele></trkpt><trkpt lat="46.20742861566343" lon="7.91558268529933"><ele>2041.9</ele></trkpt><trkpt lat="46.207454615488956" lon="7.915660685153257"><ele>2042.8</ele></trkpt><trkpt lat="46.207472615411305" lon="7.915725685086862"><ele>2043.2</ele></trkpt><trkpt lat="46.20749061541074" lon="7.915777685084289"><ele>2043.2</ele></trkpt><trkpt lat="46.20748061539193" lon="7.915828685066128"><ele>2043.3</ele></trkpt><trkpt lat="46.207453615103844" lon="7.915971684822468"><ele>2044.8</ele></trkpt><trkpt lat="46.2074536148917" lon="7.916035684645596"><ele>2045.9</ele></trkpt><trkpt lat="46.20743461468025" lon="7.9160746844700185"><ele>2047.0</ele></trkpt><trkpt lat="46.20740761441121" lon="7.9161396842458505"><ele>2048.4</ele></trkpt><trkpt lat="46.20738061412302" lon="7.916216684005301"><ele>2049.9</ele></trkpt><trkpt lat="46.20736161379588" lon="7.9163206837318"><ele>2051.6</ele></trkpt><trkpt lat="46.207361613622425" lon="7.916384683586521"><ele>2052.5</ele></trkpt><trkpt lat="46.20737961321668" lon="7.91647568325019"><ele>2054.6</ele></trkpt><trkpt lat="46.20739661296531" lon="7.916540683041526"><ele>2055.9</ele></trkpt><trkpt lat="46.20740561263714" lon="7.916631682768451"><ele>2057.6</ele></trkpt><trkpt lat="46.207413611981046" lon="7.916774682224211"><ele>2061.0</ele></trkpt><trkpt lat="46.207422611672165" lon="7.916851681967588"><ele>2062.6</ele></trkpt><trkpt lat="46.20738561070923" lon="7.91709768116576"><ele>2067.6</ele></trkpt><trkpt lat="46.20737661016964" lon="7.917240680716383"><ele>2070.4</ele></trkpt><trkpt lat="46.20735760988112" lon="7.917330680475086"><ele>2071.9</ele></trkpt><trkpt lat="46.2073036094783" lon="7.917485680136028"><ele>2074.0</ele></trkpt><trkpt lat="46.207248609171856" lon="7.917575679879127"><ele>2075.6</ele></trkpt><trkpt lat="46.207221608922225" lon="7.917640679670672"><ele>2076.9</ele></trkpt><trkpt lat="46.20718460859584" lon="7.9177436793972165"><ele>2078.6</ele></trkpt><trkpt lat="46.207175608557726" lon="7.917795679363151"><ele>2078.8</ele></trkpt><trkpt lat="46.20715760850085" lon="7.917925679309567"><ele>2079.1</ele></trkpt><trkpt lat="46.207148608443426" lon="7.917963679260368"><ele>2079.4</ele></trkpt><trkpt lat="46.20712060834822" lon="7.918054679177111"><ele>2079.9</ele></trkpt><trkpt lat="46.20711160829079" lon="7.918093679127861"><ele>2080.2</ele></trkpt><trkpt lat="46.2071026081755" lon="7.9181576790299735"><ele>2080.8</ele></trkpt><trkpt lat="46.207065607907026" lon="7.918248678804502"><ele>2082.2</ele></trkpt><trkpt lat="46.207020607388074" lon="7.918390678371082"><ele>2084.9</ele></trkpt><trkpt lat="46.207002607215244" lon="7.918441678226445"><ele>2085.8</ele></trkpt><trkpt lat="46.20696560681177" lon="7.918571677888395"><ele>2087.9</ele></trkpt><trkpt lat="46.20694760665824" lon="7.918635677758936"><ele>2088.7</ele></trkpt><trkpt lat="46.20692060644715" lon="7.9187006775820485"><ele>2089.8</ele></trkpt><trkpt lat="46.206874606198404" lon="7.918816677371186"><ele>2091.1</ele></trkpt><trkpt lat="46.20686560602527" lon="7.918894677225167"><ele>2092.0</ele></trkpt><trkpt lat="46.206864606025455" lon="7.9189586772220695"><ele>2092.0</ele></trkpt><trkpt lat="46.206864606006434" lon="7.919049677201845"><ele>2092.1</ele></trkpt><trkpt lat="46.206873605851946" lon="7.919140677070888"><ele>2092.9</ele></trkpt><trkpt lat="46.20686360538959" lon="7.919282676684596"><ele>2095.3</ele></trkpt><trkpt lat="46.206863605273895" lon="7.919321676587837"><ele>2095.9</ele></trkpt><trkpt lat="46.20684560521683" lon="7.919360676538618"><ele>2096.2</ele></trkpt><trkpt lat="46.20678160504591" lon="7.919476676391072"><ele>2097.1</ele></trkpt><trkpt lat="46.20676360502741" lon="7.919515676373479"><ele>2097.2</ele></trkpt><trkpt lat="46.20675460504721" lon="7.919554676387449"><ele>2097.1</ele></trkpt><trkpt lat="46.20674560506702" lon="7.919631676399569"><ele>2097.0</ele></trkpt><trkpt lat="46.206735604971165" lon="7.919709676316778"><ele>2097.5</ele></trkpt><trkpt lat="46.206717604972134" lon="7.919812676311875"><ele>2097.5</ele></trkpt><trkpt lat="46.20670860497258" lon="7.919851676310033"><ele>2097.5</ele></trkpt><trkpt lat="46.20670860497258" lon="7.919851676310033"><ele>2097.5</ele></trkpt><trkpt lat="46.20667160472373" lon="7.920071676093996"><ele>2098.8</ele></trkpt><trkpt lat="46.20665360472461" lon="7.920136676090942"><ele>2098.8</ele></trkpt><trkpt lat="46.20658960449588" lon="7.920265675895302"><ele>2100.0</ele></trkpt><trkpt lat="46.206562604497186" lon="7.9203556758910825"><ele>2100.0</ele></trkpt><trkpt lat="46.20654460449787" lon="7.920368675890565"><ele>2100.0</ele></trkpt><trkpt lat="46.206372604273284" lon="7.920470675696906"><ele>2101.2</ele></trkpt><trkpt lat="46.206300604160354" lon="7.92049567560126"><ele>2101.8</ele></trkpt><trkpt lat="46.2062646041811" lon="7.92050867561666"><ele>2101.7</ele></trkpt><trkpt lat="46.20621960418292" lon="7.920534675615674"><ele>2101.7</ele></trkpt><trkpt lat="46.20618360410726" lon="7.920585675550157"><ele>2102.1</ele></trkpt><trkpt lat="46.20612060410978" lon="7.920610675549334"><ele>2102.1</ele></trkpt><trkpt lat="46.20603060411335" lon="7.9206486755480405"><ele>2102.1</ele></trkpt><trkpt lat="46.20593160380854" lon="7.920661675295006"><ele>2103.7</ele></trkpt><trkpt lat="46.205841603503316" lon="7.920673675041965"><ele>2105.3</ele></trkpt><trkpt lat="46.205796603505064" lon="7.920672675042298"><ele>2105.3</ele></trkpt><trkpt lat="46.20575160350688" lon="7.920698675041308"><ele>2105.3</ele></trkpt><trkpt lat="46.20571460341202" lon="7.920749674959978"><ele>2105.8</ele></trkpt><trkpt lat="46.20563360250871" lon="7.920891674210285"><ele>2110.5</ele></trkpt><trkpt lat="46.205588602356315" lon="7.920968674080285"><ele>2111.3</ele></trkpt><trkpt lat="46.20556060226103" lon="7.921020673998837"><ele>2111.8</ele></trkpt><trkpt lat="46.20552460206968" lon="7.921072673838373"><ele>2112.8</ele></trkpt><trkpt lat="46.20542560166842" lon="7.9211106735050265"><ele>2114.9</ele></trkpt><trkpt lat="46.20539860145727" lon="7.921109673331291"><ele>2116.0</ele></trkpt><trkpt lat="46.205362601342735" lon="7.921057673239182"><ele>2116.6</ele></trkpt><trkpt lat="46.20530060061175" lon="7.920953672643748"><ele>2120.4</ele></trkpt><trkpt lat="46.20528260047733" lon="7.920927672534443"><ele>2121.1</ele></trkpt><trkpt lat="46.2052646004007" lon="7.9208756724738585"><ele>2121.5</ele></trkpt><trkpt lat="46.20521060019044" lon="7.92081067230345"><ele>2122.6</ele></trkpt><trkpt lat="46.2051665999991" lon="7.920757672148206"><ele>2123.6</ele></trkpt><trkpt lat="46.205139599884276" lon="7.920718672055416"><ele>2124.2</ele></trkpt><trkpt lat="46.20510359973122" lon="7.9206666719316985"><ele>2125.0</ele></trkpt><trkpt lat="46.20508559963534" lon="7.92062767185467"><ele>2125.5</ele></trkpt><trkpt lat="46.20506759955879" lon="7.920601671792816"><ele>2125.9</ele></trkpt><trkpt lat="46.20499659927201" lon="7.920523671559917"><ele>2127.4</ele></trkpt><trkpt lat="46.20496959915721" lon="7.920497671466496"><ele>2128.0</ele></trkpt><trkpt lat="46.20494259908097" lon="7.920457671405393"><ele>2128.4</ele></trkpt><trkpt lat="46.204915598966224" lon="7.920431671311973"><ele>2129.0</ele></trkpt><trkpt lat="46.204879598909685" lon="7.920405671266045"><ele>2129.3</ele></trkpt><trkpt lat="46.20485259885286" lon="7.920392671219422"><ele>2129.6</ele></trkpt><trkpt lat="46.20480759877747" lon="7.920404671155863"><ele>2130.0</ele></trkpt><trkpt lat="46.204780598720696" lon="7.9204176711079555"><ele>2130.3</ele></trkpt><trkpt lat="46.20474459866429" lon="7.920430671060102"><ele>2130.6</ele></trkpt><trkpt lat="46.20469059851213" lon="7.920455670932703"><ele>2131.4</ele></trkpt><trkpt lat="46.20464559851388" lon="7.9204556709329905"><ele>2131.4</ele></trkpt><trkpt lat="46.20453759822874" lon="7.920454670696534"><ele>2132.9</ele></trkpt><trkpt lat="46.204384598061075" lon="7.920440670555884"><ele>2133.8</ele></trkpt><trkpt lat="46.20427759766016" lon="7.920413670225838"><ele>2135.9</ele></trkpt><trkpt lat="46.20413359700975" lon="7.920347669692411"><ele>2139.3</ele></trkpt><trkpt lat="46.20409759683751" lon="7.9203336695510265"><ele>2140.2</ele></trkpt><trkpt lat="46.20405259666565" lon="7.920346669408355"><ele>2141.1</ele></trkpt><trkpt lat="46.20401659658995" lon="7.920359669344692"><ele>2141.5</ele></trkpt><trkpt lat="46.20398059653362" lon="7.920397669295591"><ele>2141.8</ele></trkpt><trkpt lat="46.20394459641935" lon="7.920423669199655"><ele>2142.4</ele></trkpt><trkpt lat="46.20389959632473" lon="7.920435669120286"><ele>2142.9</ele></trkpt><trkpt lat="46.20387259628726" lon="7.9204486690881835"><ele>2143.1</ele></trkpt><trkpt lat="46.20381759627017" lon="7.9204736690714785"><ele>2143.2</ele></trkpt><trkpt lat="46.20375459623413" lon="7.92049966903896"><ele>2143.4</ele></trkpt><trkpt lat="46.20370059610141" lon="7.920537668926725"><ele>2144.1</ele></trkpt><trkpt lat="46.20364659594925" lon="7.920563668799268"><ele>2144.9</ele></trkpt><trkpt lat="46.20359259585498" lon="7.92057566871996"><ele>2145.4</ele></trkpt><trkpt lat="46.203493595492475" lon="7.920613668418256"><ele>2147.3</ele></trkpt><trkpt lat="46.20343059536007" lon="7.920651668306076"><ele>2148.0</ele></trkpt><trkpt lat="46.203358595170144" lon="7.920703668145812"><ele>2149.0</ele></trkpt><trkpt lat="46.20328559494179" lon="7.920767667953335"><ele>2150.2</ele></trkpt><trkpt lat="46.203240594712284" lon="7.920831667760669"><ele>2151.4</ele></trkpt><trkpt lat="46.20317759438706" lon="7.920908667488402"><ele>2153.1</ele></trkpt><trkpt lat="46.20309559404368" lon="7.921115667193932"><ele>2154.9</ele></trkpt><trkpt lat="46.203041593506" lon="7.921231666745688"><ele>2157.7</ele></trkpt><trkpt lat="46.203013593430114" lon="7.921270666680656"><ele>2158.1</ele></trkpt><trkpt lat="46.20295959318163" lon="7.921321666472867"><ele>2159.4</ele></trkpt><trkpt lat="46.202932593009265" lon="7.9213736663281065"><ele>2160.3</ele></trkpt><trkpt lat="46.20291459287507" lon="7.9214246662149606"><ele>2161.0</ele></trkpt><trkpt lat="46.20290559272127" lon="7.921476666085894"><ele>2161.8</ele></trkpt><trkpt lat="46.20285959270398" lon="7.921540666067164"><ele>2161.9</ele></trkpt><trkpt lat="46.20282359251265" lon="7.921592665906637"><ele>2162.9</ele></trkpt><trkpt lat="46.2027875923021" lon="7.921643665730343"><ele>2164.0</ele></trkpt><trkpt lat="46.202751592284315" lon="7.9216696657134555"><ele>2164.1</ele></trkpt><trkpt lat="46.20270659222832" lon="7.92169466566504"><ele>2164.4</ele></trkpt><trkpt lat="46.20259859219412" lon="7.9217196656328515"><ele>2164.6</ele></trkpt><trkpt lat="46.202490592159954" lon="7.9217446656006585"><ele>2164.8</ele></trkpt><trkpt lat="46.2024095921246" lon="7.921744665569549"><ele>2165.0</ele></trkpt><trkpt lat="46.20236359199161" lon="7.921808665455921"><ele>2165.7</ele></trkpt><trkpt lat="46.20232759183909" lon="7.921924665323803"><ele>2166.5</ele></trkpt><trkpt lat="46.20229159178278" lon="7.921976665273967"><ele>2166.8</ele></trkpt><trkpt lat="46.20225559178434" lon="7.922027665271634"><ele>2166.8</ele></trkpt><trkpt lat="46.20222759172772" lon="7.922066665222405"><ele>2167.1</ele></trkpt><trkpt lat="46.202191591671415" lon="7.922104665173279"><ele>2167.4</ele></trkpt><trkpt lat="46.20215559167297" lon="7.922143665171547"><ele>2167.4</ele></trkpt><trkpt lat="46.20213759167372" lon="7.922156665171009"><ele>2167.4</ele></trkpt><trkpt lat="46.20211059167488" lon="7.922168665170583"><ele>2167.4</ele></trkpt><trkpt lat="46.20204659162012" lon="7.922388665112467"><ele>2167.7</ele></trkpt><trkpt lat="46.20200059185388" lon="7.9225566652941115"><ele>2166.5</ele></trkpt><trkpt lat="46.201982591662244" lon="7.922750665126297"><ele>2167.5</ele></trkpt><trkpt lat="46.20193659164543" lon="7.922983665099051"><ele>2167.6</ele></trkpt><trkpt lat="46.201881591628805" lon="7.923125665076439"><ele>2167.7</ele></trkpt><trkpt lat="46.201818591670204" lon="7.923241665102638"><ele>2167.5</ele></trkpt><trkpt lat="46.2017455912492" lon="7.923383664747955"><ele>2169.7</ele></trkpt><trkpt lat="46.20172759123092" lon="7.923487664727012"><ele>2169.8</ele></trkpt><trkpt lat="46.2016995911358" lon="7.923551664644874"><ele>2170.3</ele></trkpt><trkpt lat="46.20167259111771" lon="7.923603664626611"><ele>2170.4</ele></trkpt><trkpt lat="46.201654591080015" lon="7.923641664593171"><ele>2170.6</ele></trkpt><trkpt lat="46.20165459106082" lon="7.9236806645753886"><ele>2170.7</ele></trkpt><trkpt lat="46.20163659108093" lon="7.923719664589362"><ele>2170.6</ele></trkpt><trkpt lat="46.20160859106284" lon="7.923758664571754"><ele>2170.7</ele></trkpt><trkpt lat="46.201608590985806" lon="7.923783664507218"><ele>2171.1</ele></trkpt><trkpt lat="46.20156359083362" lon="7.923900664375052"><ele>2171.9</ele></trkpt><trkpt lat="46.20148259081784" lon="7.923977664355865"><ele>2172.0</ele></trkpt><trkpt lat="46.20146459077999" lon="7.923977664324345"><ele>2172.2</ele></trkpt><trkpt lat="46.20142859062716" lon="7.923989664197417"><ele>2173.0</ele></trkpt><trkpt lat="46.20140059051264" lon="7.924015664101363"><ele>2173.6</ele></trkpt><trkpt lat="46.201364590706945" lon="7.924027664259185"><ele>2172.6</ele></trkpt><trkpt lat="46.201328590573404" lon="7.924027664148677"><ele>2173.3</ele></trkpt><trkpt lat="46.2012845903437" lon="7.924014663959783"><ele>2174.5</ele></trkpt><trkpt lat="46.201239590499775" lon="7.924000664087338"><ele>2173.7</ele></trkpt><trkpt lat="46.20118559044401" lon="7.923974664041542"><ele>2174.0</ele></trkpt><trkpt lat="46.201113590485384" lon="7.923935664075613"><ele>2173.8</ele></trkpt><trkpt lat="46.20106859042924" lon="7.923908664029809"><ele>2174.1</ele></trkpt><trkpt lat="46.201014590431306" lon="7.923869664032126"><ele>2174.1</ele></trkpt><trkpt lat="46.200898590532255" lon="7.923816664114644"><ele>2173.6</ele></trkpt><trkpt lat="46.20084459030303" lon="7.923816663925162"><ele>2174.8</ele></trkpt><trkpt lat="46.20075459005571" lon="7.923737663724084"><ele>2176.1</ele></trkpt><trkpt lat="46.20070959005731" lon="7.923672663727659"><ele>2176.1</ele></trkpt><trkpt lat="46.20068259005822" lon="7.923620663730466"><ele>2176.1</ele></trkpt><trkpt lat="46.20063858998267" lon="7.923529663672072"><ele>2176.5</ele></trkpt><trkpt lat="46.20061158998363" lon="7.923503663673561"><ele>2176.5</ele></trkpt><trkpt lat="46.200539589889985" lon="7.923463663596955"><ele>2177.0</ele></trkpt><trkpt lat="46.20048558979579" lon="7.923450663518869"><ele>2177.5</ele></trkpt><trkpt lat="46.20042258952821" lon="7.923423663299184"><ele>2178.9</ele></trkpt><trkpt lat="46.20038758945242" lon="7.923410663236799"><ele>2179.3</ele></trkpt><trkpt lat="46.20036058929917" lon="7.923371663112401"><ele>2180.1</ele></trkpt><trkpt lat="46.20028858893545" lon="7.923292662816326"><ele>2182.0</ele></trkpt><trkpt lat="46.20025258866688" lon="7.923266662596426"><ele>2183.4</ele></trkpt><trkpt lat="46.20022558861007" lon="7.923266662549149"><ele>2183.7</ele></trkpt><trkpt lat="46.200153587938004" lon="7.923239661997365"><ele>2187.2</ele></trkpt><trkpt lat="46.2001265877656" lon="7.923252661854524"><ele>2188.1</ele></trkpt><trkpt lat="46.200090587439306" lon="7.923278661584534"><ele>2189.8</ele></trkpt><trkpt lat="46.20004558736403" lon="7.923290661520944"><ele>2190.2</ele></trkpt><trkpt lat="46.19999158736622" lon="7.923290661521294"><ele>2190.2</ele></trkpt><trkpt lat="46.19994658731026" lon="7.923315661472865"><ele>2190.5</ele></trkpt><trkpt lat="46.19991958729213" lon="7.923341661455898"><ele>2190.6</ele></trkpt><trkpt lat="46.19988358704308" lon="7.923405661247243"><ele>2191.9</ele></trkpt><trkpt lat="46.19982858706486" lon="7.9234966612587865"><ele>2191.8</ele></trkpt><trkpt lat="46.199801587220264" lon="7.923521661384237"><ele>2191.0</ele></trkpt><trkpt lat="46.19977458731784" lon="7.923534661462844"><ele>2190.5</ele></trkpt><trkpt lat="46.199756587164366" lon="7.923560661335091"><ele>2191.3</ele></trkpt><trkpt lat="46.19971158641445" lon="7.923663660713221"><ele>2195.2</ele></trkpt><trkpt lat="46.19968458608777" lon="7.923689660443155"><ele>2196.9</ele></trkpt><trkpt lat="46.19964858574226" lon="7.923714660157381"><ele>2198.7</ele></trkpt><trkpt lat="46.19964858574226" lon="7.923714660157381"><ele>2198.7</ele></trkpt><trkpt lat="46.19960358541629" lon="7.923714659888757"><ele>2200.4</ele></trkpt><trkpt lat="46.199548585110136" lon="7.9237526596340775"><ele>2202.0</ele></trkpt><trkpt lat="46.1995045849769" lon="7.923739659524298"><ele>2202.7</ele></trkpt><trkpt lat="46.199459584805155" lon="7.9237136593835595"><ele>2203.6</ele></trkpt><trkpt lat="46.19941458513437" lon="7.923570659660079"><ele>2201.9</ele></trkpt><trkpt lat="46.199397585520444" lon="7.923479659981202"><ele>2199.9</ele></trkpt><trkpt lat="46.1993885855978" lon="7.9234406600465235"><ele>2199.5</ele></trkpt><trkpt lat="46.19937958586797" lon="7.923388660270685"><ele>2198.1</ele></trkpt><trkpt lat="46.19939758609852" lon="7.923349660462373"><ele>2196.9</ele></trkpt><trkpt lat="46.19938058615689" lon="7.923284660513253"><ele>2196.6</ele></trkpt><trkpt lat="46.19938058613748" lon="7.923245660499424"><ele>2196.7</ele></trkpt><trkpt lat="46.199353586234736" lon="7.92315566058328"><ele>2196.2</ele></trkpt><trkpt lat="46.19936258640784" lon="7.923129660726898"><ele>2195.3</ele></trkpt><trkpt lat="46.19938058656126" lon="7.923090660855308"><ele>2194.5</ele></trkpt><trkpt lat="46.19938158656097" lon="7.923012660859277"><ele>2194.5</ele></trkpt><trkpt lat="46.199399586733634" lon="7.922961661004109"><ele>2193.6</ele></trkpt><trkpt lat="46.1993995868685" lon="7.922922661116813"><ele>2192.9</ele></trkpt><trkpt lat="46.199390586984435" lon="7.922857661215081"><ele>2192.3</ele></trkpt><trkpt lat="46.199364586869294" lon="7.922701661128295"><ele>2192.9</ele></trkpt><trkpt lat="46.199373587158" lon="7.922637661368734"><ele>2191.4</ele></trkpt><trkpt lat="46.199392587947514" lon="7.922533662022348"><ele>2187.3</ele></trkpt><trkpt lat="46.199401588216936" lon="7.9224816622463505"><ele>2185.9</ele></trkpt><trkpt lat="46.199392588448575" lon="7.922416662439495"><ele>2184.7</ele></trkpt><trkpt lat="46.19937458850695" lon="7.922364662489695"><ele>2184.4</ele></trkpt><trkpt lat="46.19929458843287" lon="7.922299662430251"><ele>2184.8</ele></trkpt><trkpt lat="46.199267588510985" lon="7.922260662495661"><ele>2184.4</ele></trkpt><trkpt lat="46.199249588839294" lon="7.9221826627685905"><ele>2182.7</ele></trkpt><trkpt lat="46.199214589380254" lon="7.922065663217558"><ele>2179.9</ele></trkpt><trkpt lat="46.199187589573945" lon="7.922000663379167"><ele>2178.9</ele></trkpt><trkpt lat="46.199151589729524" lon="7.921935663509202"><ele>2178.1</ele></trkpt><trkpt lat="46.19910758973116" lon="7.9218966635114585"><ele>2178.1</ele></trkpt><trkpt lat="46.199035589521706" lon="7.921804663342624"><ele>2179.2</ele></trkpt><trkpt lat="46.198981589311714" lon="7.921765663170993"><ele>2180.3</ele></trkpt><trkpt lat="46.1989275891403" lon="7.921752663029677"><ele>2181.2</ele></trkpt><trkpt lat="46.19887358883391" lon="7.921725662778372"><ele>2182.8</ele></trkpt><trkpt lat="46.19879358856701" lon="7.9216606625607975"><ele>2184.2</ele></trkpt><trkpt lat="46.19874858851086" lon="7.921620662515676"><ele>2184.5</ele></trkpt><trkpt lat="46.1986505886108" lon="7.921477662602633"><ele>2184.0</ele></trkpt><trkpt lat="46.1985965885355" lon="7.921347662546323"><ele>2184.4</ele></trkpt><trkpt lat="46.19856058813192" lon="7.921295662217128"><ele>2186.5</ele></trkpt><trkpt lat="46.19844458751919" lon="7.921151661719204"><ele>2189.7</ele></trkpt><trkpt lat="46.19837358730959" lon="7.92098266155433"><ele>2190.8</ele></trkpt><trkpt lat="46.19831958717649" lon="7.920891661448628"><ele>2191.5</ele></trkpt><trkpt lat="46.198275587101016" lon="7.920826661388976"><ele>2191.9</ele></trkpt><trkpt lat="46.198248587044134" lon="7.920787661343705"><ele>2192.2</ele></trkpt><trkpt lat="46.198230587006286" lon="7.920774661312861"><ele>2192.4</ele></trkpt><trkpt lat="46.19820358696875" lon="7.920761661282077"><ele>2192.6</ele></trkpt><trkpt lat="46.198176586950545" lon="7.9207346612678124"><ele>2192.7</ele></trkpt><trkpt lat="46.19815858691261" lon="7.920708661237634"><ele>2192.9</ele></trkpt><trkpt lat="46.198140586894056" lon="7.920695661222604"><ele>2193.0</ele></trkpt><trkpt lat="46.198104586856935" lon="7.920695661191217"><ele>2193.2</ele></trkpt><trkpt lat="46.19807758678086" lon="7.920682661128809"><ele>2193.6</ele></trkpt><trkpt lat="46.198050586627645" lon="7.920656661003823"><ele>2194.4</ele></trkpt><trkpt lat="46.197970586399286" lon="7.920564660819302"><ele>2195.6</ele></trkpt><trkpt lat="46.19796158636103" lon="7.920551660788402"><ele>2195.8</ele></trkpt><trkpt lat="46.19789858613208" lon="7.9204866606024"><ele>2197.0</ele></trkpt><trkpt lat="46.19783658615358" lon="7.92038266062392"><ele>2196.9</ele></trkpt><trkpt lat="46.19778258627125" lon="7.9203166607225"><ele>2196.3</ele></trkpt><trkpt lat="46.1977555864265" lon="7.920290660850484"><ele>2195.5</ele></trkpt><trkpt lat="46.197737586562134" lon="7.920251660963257"><ele>2194.8</ele></trkpt><trkpt lat="46.197702586428385" lon="7.920186660856128"><ele>2195.5</ele></trkpt><trkpt lat="46.197684586371196" lon="7.920160660810143"><ele>2195.8</ele></trkpt><trkpt lat="46.19766658621746" lon="7.920082660687761"><ele>2196.6</ele></trkpt><trkpt lat="46.19765758627559" lon="7.920056660736574"><ele>2196.3</ele></trkpt><trkpt lat="46.19763058643085" lon="7.920030660864554"><ele>2195.5</ele></trkpt><trkpt lat="46.197576586471534" lon="7.920004660897847"><ele>2195.3</ele></trkpt><trkpt lat="46.19754058647293" lon="7.919990660898792"><ele>2195.3</ele></trkpt><trkpt lat="46.197388586825866" lon="7.919898661189037"><ele>2193.5</ele></trkpt><trkpt lat="46.19730758682896" lon="7.919833661192872"><ele>2193.5</ele></trkpt><trkpt lat="46.19728058679152" lon="7.919833661161428"><ele>2193.7</ele></trkpt><trkpt lat="46.197235586697" lon="7.91984566108207"><ele>2194.2</ele></trkpt><trkpt lat="46.19719958664069" lon="7.919871661033552"><ele>2194.5</ele></trkpt><trkpt lat="46.19714558654646" lon="7.919870660954909"><ele>2195.0</ele></trkpt><trkpt lat="46.197073586549415" lon="7.919870660955378"><ele>2195.0</ele></trkpt><trkpt lat="46.19705558660799" lon="7.919870661002926"><ele>2194.7</ele></trkpt><trkpt lat="46.197028586744146" lon="7.919921661111161"><ele>2194.0</ele></trkpt><trkpt lat="46.196830586771235" lon="7.919842661132284"><ele>2193.9</ele></trkpt><trkpt lat="46.196830586771235" lon="7.919842661132284"><ele>2193.9</ele></trkpt><trkpt lat="46.19675958685114" lon="7.919802661198018"><ele>2193.5</ele></trkpt><trkpt lat="46.19671458685284" lon="7.919776661199634"><ele>2193.5</ele></trkpt><trkpt lat="46.19665158679752" lon="7.91976266115333"><ele>2193.8</ele></trkpt><trkpt lat="46.19660658678006" lon="7.9197496611384794"><ele>2193.9</ele></trkpt><trkpt lat="46.19649858670742" lon="7.91978766107401"><ele>2194.3</ele></trkpt><trkpt lat="46.19639958657655" lon="7.919799660963386"><ele>2195.0</ele></trkpt><trkpt lat="46.19625558640905" lon="7.919863660818782"><ele>2195.9</ele></trkpt><trkpt lat="46.19621858635284" lon="7.919901660769659"><ele>2196.2</ele></trkpt><trkpt lat="46.196146586317354" lon="7.919952660735912"><ele>2196.4</ele></trkpt><trkpt lat="46.196101586299996" lon="7.9199786607190665"><ele>2196.5</ele></trkpt><trkpt lat="46.19602958622579" lon="7.919977660656353"><ele>2196.9</ele></trkpt><trkpt lat="46.195966586209146" lon="7.920002660639678"><ele>2197.0</ele></trkpt><trkpt lat="46.19586758619417" lon="7.920105660619262"><ele>2197.1</ele></trkpt><trkpt lat="46.19579558629362" lon="7.920156660696171"><ele>2196.6</ele></trkpt><trkpt lat="46.195768586391196" lon="7.920182660774065"><ele>2196.1</ele></trkpt><trkpt lat="46.195731586450535" lon="7.920208660820409"><ele>2195.8</ele></trkpt><trkpt lat="46.19563258647388" lon="7.920220660836251"><ele>2195.7</ele></trkpt><trkpt lat="46.19557858645682" lon="7.920219660820846"><ele>2195.8</ele></trkpt><trkpt lat="46.1955515865158" lon="7.92024566086712"><ele>2195.5</ele></trkpt><trkpt lat="46.19550658657547" lon="7.92025866091418"><ele>2195.2</ele></trkpt><trkpt lat="46.19547958665376" lon="7.920283660976317"><ele>2194.8</ele></trkpt><trkpt lat="46.1954525866741" lon="7.9202836609922995"><ele>2194.7</ele></trkpt><trkpt lat="46.19540758677233" lon="7.920283661071643"><ele>2194.2</ele></trkpt><trkpt lat="46.19538058685056" lon="7.920295661134444"><ele>2193.8</ele></trkpt><trkpt lat="46.195344586986955" lon="7.92030866124468"><ele>2193.1</ele></trkpt><trkpt lat="46.19529058708552" lon="7.920307661324129"><ele>2192.6</ele></trkpt><trkpt lat="46.19512858724661" lon="7.920410661446414"><ele>2191.8</ele></trkpt><trkpt lat="46.19511058726672" lon="7.920461661459746"><ele>2191.7</ele></trkpt><trkpt lat="46.19509158701733" lon="7.9206046612470615"><ele>2193.0</ele></trkpt><trkpt lat="46.19506358686464" lon="7.9207466611135295"><ele>2193.8</ele></trkpt><trkpt lat="46.19501858669339" lon="7.920875660964957"><ele>2194.7</ele></trkpt><trkpt lat="46.19496458654164" lon="7.920965660834233"><ele>2195.5</ele></trkpt><trkpt lat="46.19490958644772" lon="7.921042660751614"><ele>2196.0</ele></trkpt><trkpt lat="46.194846586816766" lon="7.921158661046517"><ele>2194.1</ele></trkpt><trkpt lat="46.19479158687757" lon="7.921430661080453"><ele>2193.8</ele></trkpt><trkpt lat="46.19473558643747" lon="7.921753660700673"><ele>2196.1</ele></trkpt><trkpt lat="46.19469958636214" lon="7.921857660632353"><ele>2196.5</ele></trkpt><trkpt lat="46.19462758655802" lon="7.921947660786362"><ele>2195.5</ele></trkpt><trkpt lat="46.19459158684856" lon="7.92194666102384"><ele>2194.0</ele></trkpt><trkpt lat="46.19451858689047" lon="7.922088661048708"><ele>2193.8</ele></trkpt><trkpt lat="46.19444658741389" lon="7.9221266614742"><ele>2191.1</ele></trkpt><trkpt lat="46.19441958758851" lon="7.922152661615375"><ele>2190.2</ele></trkpt><trkpt lat="46.19438358785977" lon="7.9221526618369955"><ele>2188.8</ele></trkpt><trkpt lat="46.19435658814994" lon="7.922152662074372"><ele>2187.3</ele></trkpt><trkpt lat="46.19432958826674" lon="7.922164662168818"><ele>2186.7</ele></trkpt><trkpt lat="46.19430258832569" lon="7.922177662215773"><ele>2186.4</ele></trkpt><trkpt lat="46.194256588597554" lon="7.9222546624335575"><ele>2185.0</ele></trkpt><trkpt lat="46.194193589062735" lon="7.922293662811514"><ele>2182.6</ele></trkpt><trkpt lat="46.194175589159876" lon="7.922305662890089"><ele>2182.1</ele></trkpt><trkpt lat="46.19414858916114" lon="7.922370662886973"><ele>2182.1</ele></trkpt><trkpt lat="46.194058589107215" lon="7.922473662834895"><ele>2182.4</ele></trkpt><trkpt lat="46.19403058901206" lon="7.922498662754737"><ele>2182.9</ele></trkpt><trkpt lat="46.193976588975694" lon="7.922498662723457"><ele>2183.1</ele></trkpt><trkpt lat="46.1939495889576" lon="7.9225246627065005"><ele>2183.2</ele></trkpt><trkpt lat="46.19391358890136" lon="7.9225756626567065"><ele>2183.5</ele></trkpt><trkpt lat="46.19385958857613" lon="7.922652662384309"><ele>2185.2</ele></trkpt><trkpt lat="46.19380458759584" lon="7.9227816615715625"><ele>2190.3</ele></trkpt><trkpt lat="46.19378658719204" lon="7.922833661236923"><ele>2192.4</ele></trkpt><trkpt lat="46.193786586710424" lon="7.922898660838241"><ele>2194.9</ele></trkpt><trkpt lat="46.19377758651818" lon="7.922937660678164"><ele>2195.9</ele></trkpt><trkpt lat="46.19374958636532" lon="7.923001660548557"><ele>2196.7</ele></trkpt><trkpt lat="46.19369558636769" lon="7.923052660546312"><ele>2196.7</ele></trkpt><trkpt lat="46.19368658629109" lon="7.923104660480451"><ele>2197.1</ele></trkpt><trkpt lat="46.193668586176294" lon="7.923143660383686"><ele>2197.7</ele></trkpt><trkpt lat="46.19364158621593" lon="7.92315666041483"><ele>2197.5</ele></trkpt><trkpt lat="46.193614586275025" lon="7.923207660459853"><ele>2197.2</ele></trkpt><trkpt lat="46.19360558627545" lon="7.923220660459245"><ele>2197.2</ele></trkpt><trkpt lat="46.19353258595098" lon="7.923284660187586"><ele>2198.9</ele></trkpt><trkpt lat="46.193433585184536" lon="7.923413659549007"><ele>2202.9</ele></trkpt><trkpt lat="46.193424584934476" lon="7.923452659341462"><ele>2204.2</ele></trkpt><trkpt lat="46.193406584704015" lon="7.9234776591505"><ele>2205.4</ele></trkpt><trkpt lat="46.19338758456996" lon="7.923490659039245"><ele>2206.1</ele></trkpt><trkpt lat="46.193361584705926" lon="7.923490659150129"><ele>2205.4</ele></trkpt><trkpt lat="46.1933345848419" lon="7.923490659261018"><ele>2204.7</ele></trkpt><trkpt lat="46.19328858488237" lon="7.923502659292336"><ele>2204.5</ele></trkpt><trkpt lat="46.19327158501791" lon="7.92348965940383"><ele>2203.8</ele></trkpt><trkpt lat="46.19325358505717" lon="7.923476659436243"><ele>2203.6</ele></trkpt><trkpt lat="46.193226585077504" lon="7.923476659452238"><ele>2203.5</ele></trkpt><trkpt lat="46.19319958505934" lon="7.923488659435982"><ele>2203.6</ele></trkpt><trkpt lat="46.193181584983066" lon="7.923501659372169"><ele>2204.0</ele></trkpt><trkpt lat="46.19313558479231" lon="7.92354065921231"><ele>2205.0</ele></trkpt><trkpt lat="46.193117584561946" lon="7.923578659020685"><ele>2206.2</ele></trkpt><trkpt lat="46.1930905841778" lon="7.923630658701875"><ele>2208.2</ele></trkpt><trkpt lat="46.19307258379323" lon="7.92368265838299"><ele>2210.2</ele></trkpt><trkpt lat="46.19306358365879" lon="7.92370765827105"><ele>2210.9</ele></trkpt><trkpt lat="46.19303658365999" lon="7.923720658270561"><ele>2210.9</ele></trkpt><trkpt lat="46.1930095835068" lon="7.923681658146206"><ele>2211.7</ele></trkpt><trkpt lat="46.192973583141885" lon="7.92359065785061"><ele>2213.6</ele></trkpt><trkpt lat="46.19294658304646" lon="7.92353865777438"><ele>2214.1</ele></trkpt><trkpt lat="46.19292058291257" lon="7.923499657665839"><ele>2214.8</ele></trkpt><trkpt lat="46.192902582913256" lon="7.923486657666628"><ele>2214.8</ele></trkpt><trkpt lat="46.19288458281759" lon="7.923460657589001"><ele>2215.3</ele></trkpt><trkpt lat="46.192848582587736" lon="7.9234346574007875"><ele>2216.5</ele></trkpt><trkpt lat="46.192821582415334" lon="7.923407657260009"><ele>2217.4</ele></trkpt><trkpt lat="46.19276758230177" lon="7.923342657168819"><ele>2218.0</ele></trkpt><trkpt lat="46.192759582475425" lon="7.9233166573125535"><ele>2217.1</ele></trkpt><trkpt lat="46.19275958251384" lon="7.923277657346193"><ele>2216.9</ele></trkpt><trkpt lat="46.192759582494524" lon="7.923264657331045"><ele>2217.0</ele></trkpt><trkpt lat="46.19275058251413" lon="7.923238657348259"><ele>2216.9</ele></trkpt><trkpt lat="46.19273258245695" lon="7.923212657302272"><ele>2217.2</ele></trkpt><trkpt lat="46.1927145824769" lon="7.923199657318873"><ele>2217.1</ele></trkpt><trkpt lat="46.19266058249821" lon="7.923121657339059"><ele>2217.0</ele></trkpt><trkpt lat="46.19262558265357" lon="7.923043657469824"><ele>2216.2</ele></trkpt><trkpt lat="46.19260758273131" lon="7.923030657533871"><ele>2215.8</ele></trkpt><trkpt lat="46.19259858271239" lon="7.923017657518787"><ele>2215.9</ele></trkpt><trkpt lat="46.192544582810896" lon="7.923003657598935"><ele>2215.4</ele></trkpt><trkpt lat="46.19253558283059" lon="7.923003657614811"><ele>2215.3</ele></trkpt><trkpt lat="46.192499582986066" lon="7.922964657743571"><ele>2214.5</ele></trkpt><trkpt lat="46.192481582986765" lon="7.922951657744356"><ele>2214.5</ele></trkpt><trkpt lat="46.192445582834075" lon="7.922938657618743"><ele>2215.3</ele></trkpt><trkpt lat="46.19240058256607" lon="7.922911657399025"><ele>2216.7</ele></trkpt><trkpt lat="46.192356582683345" lon="7.9228726574962085"><ele>2216.1</ele></trkpt><trkpt lat="46.19228458239719" lon="7.922833657261474"><ele>2217.6</ele></trkpt><trkpt lat="46.19225758257161" lon="7.922794657405987"><ele>2216.7</ele></trkpt><trkpt lat="46.192194582439235" lon="7.922754657297761"><ele>2217.4</ele></trkpt><trkpt lat="46.19214058259541" lon="7.922715657426638"><ele>2216.6</ele></trkpt><trkpt lat="46.192123582557564" lon="7.9226896573964645"><ele>2216.8</ele></trkpt><trkpt lat="46.19210558253896" lon="7.922689657380765"><ele>2216.9</ele></trkpt><trkpt lat="46.192024582079895" lon="7.92270165700115"><ele>2219.3</ele></trkpt><trkpt lat="46.19199758206172" lon="7.922701656985508"><ele>2219.4</ele></trkpt><trkpt lat="46.19197058196648" lon="7.92268765690734"><ele>2219.9</ele></trkpt><trkpt lat="46.191952582044244" lon="7.922687656970716"><ele>2219.5</ele></trkpt><trkpt lat="46.19193458204501" lon="7.922687656970833"><ele>2219.5</ele></trkpt><trkpt lat="46.19190758200752" lon="7.922661656940722"><ele>2219.7</ele></trkpt><trkpt lat="46.19188958200818" lon="7.922635656942181"><ele>2219.7</ele></trkpt><trkpt lat="46.191862581874375" lon="7.922622656832335"><ele>2220.4</ele></trkpt><trkpt lat="46.191835581875445" lon="7.9226086568332335"><ele>2220.4</ele></trkpt><trkpt lat="46.191790581858015" lon="7.922608656817714"><ele>2220.5</ele></trkpt><trkpt lat="46.19174558193692" lon="7.922608656881267"><ele>2220.1</ele></trkpt><trkpt lat="46.19171858199585" lon="7.922607656928937"><ele>2219.8</ele></trkpt><trkpt lat="46.19167358211334" lon="7.922620657023444"><ele>2219.2</ele></trkpt><trkpt lat="46.19163758211487" lon="7.922646657022341"><ele>2219.2</ele></trkpt><trkpt lat="46.19157458204051" lon="7.922684656957539"><ele>2219.6</ele></trkpt><trkpt lat="46.19154758198389" lon="7.9227106569089365"><ele>2219.9</ele></trkpt><trkpt lat="46.191492582102136" lon="7.922852656996862"><ele>2219.3</ele></trkpt><trkpt lat="46.19147458202597" lon="7.922903656931094"><ele>2219.7</ele></trkpt><trkpt lat="46.19144758185383" lon="7.922955656786262"><ele>2220.6</ele></trkpt><trkpt lat="46.191402581316304" lon="7.922993656341799"><ele>2223.4</ele></trkpt><trkpt lat="46.19129358187974" lon="7.92308365679649"><ele>2220.5</ele></trkpt><trkpt lat="46.19100458239312" lon="7.923288657199008"><ele>2217.9</ele></trkpt><trkpt lat="46.190878582514216" lon="7.923403657288803"><ele>2217.3</ele></trkpt><trkpt lat="46.190815582247204" lon="7.92345465706518"><ele>2218.7</ele></trkpt><trkpt lat="46.190706582097995" lon="7.9236226569307115"><ele>2219.5</ele></trkpt><trkpt lat="46.19068858207958" lon="7.923660656913057"><ele>2219.6</ele></trkpt><trkpt lat="46.19068858202188" lon="7.9236866568642705"><ele>2219.9</ele></trkpt><trkpt lat="46.19067058198415" lon="7.923712656831414"><ele>2220.1</ele></trkpt><trkpt lat="46.1906165816013" lon="7.923789656511478"><ele>2222.1</ele></trkpt><trkpt lat="46.19057958139103" lon="7.9238416563350595"><ele>2223.2</ele></trkpt><trkpt lat="46.1905615811993" lon="7.923905656173712"><ele>2224.2</ele></trkpt><trkpt lat="46.190552581026445" lon="7.923957656028737"><ele>2225.1</ele></trkpt><trkpt lat="46.190552580718304" lon="7.923996655773659"><ele>2226.7</ele></trkpt><trkpt lat="46.19055258052571" lon="7.924022655614148"><ele>2227.7</ele></trkpt><trkpt lat="46.19053358033398" lon="7.924061655454089"><ele>2228.7</ele></trkpt><trkpt lat="46.19049758021999" lon="7.924099655357457"><ele>2229.3</ele></trkpt><trkpt lat="46.19048858016262" lon="7.92412565530872"><ele>2229.6</ele></trkpt><trkpt lat="46.190479580086006" lon="7.924151655244169"><ele>2230.0</ele></trkpt><trkpt lat="46.19047957987418" lon="7.924177655068832"><ele>2231.1</ele></trkpt><trkpt lat="46.190470579874614" lon="7.924203655067545"><ele>2231.1</ele></trkpt><trkpt lat="46.190442579856715" lon="7.924280655047927"><ele>2231.2</ele></trkpt><trkpt lat="46.190442579799026" lon="7.924306654999127"><ele>2231.5</ele></trkpt><trkpt lat="46.190442579818324" lon="7.92431965501427"><ele>2231.4</ele></trkpt><trkpt lat="46.190424579819016" lon="7.924319655014388"><ele>2231.4</ele></trkpt><trkpt lat="46.19040657985829" lon="7.924306655046815"><ele>2231.2</ele></trkpt><trkpt lat="46.1903975797816" lon="7.924306654983606"><ele>2231.6</ele></trkpt><trkpt lat="46.19038057966662" lon="7.924279654890217"><ele>2232.2</ele></trkpt><trkpt lat="46.190371579628426" lon="7.924253654859992"><ele>2232.4</ele></trkpt><trkpt lat="46.19035357962908" lon="7.924240654860783"><ele>2232.4</ele></trkpt><trkpt lat="46.190308579457415" lon="7.9241886547214255"><ele>2233.3</ele></trkpt><trkpt lat="46.19027257940102" lon="7.924149654676235"><ele>2233.6</ele></trkpt><trkpt lat="46.190245579325" lon="7.924123654614495"><ele>2234.0</ele></trkpt><trkpt lat="46.19022757934497" lon="7.924110654631107"><ele>2233.9</ele></trkpt><trkpt lat="46.19019157936567" lon="7.924096654647887"><ele>2233.8</ele></trkpt><trkpt lat="46.19013857952188" lon="7.9240576547767905"><ele>2233.0</ele></trkpt><trkpt lat="46.19010257956185" lon="7.924044654809338"><ele>2232.8</ele></trkpt><trkpt lat="46.19007557960154" lon="7.924057654840477"><ele>2232.6</ele></trkpt><trkpt lat="46.190057579852756" lon="7.924082655044913"><ele>2231.3</ele></trkpt><trkpt lat="46.19001157966215" lon="7.924134654884357"><ele>2232.3</ele></trkpt><trkpt lat="46.18996657951013" lon="7.924198654754802"><ele>2233.1</ele></trkpt><trkpt lat="46.1899395793765" lon="7.924237654642241"><ele>2233.8</ele></trkpt><trkpt lat="46.18991257922358" lon="7.924275654513913"><ele>2234.6</ele></trkpt><trkpt lat="46.1898765791096" lon="7.924314654417225"><ele>2235.2</ele></trkpt><trkpt lat="46.18981257899684" lon="7.924365654320098"><ele>2235.8</ele></trkpt><trkpt lat="46.189740578788125" lon="7.924455654141912"><ele>2236.9</ele></trkpt><trkpt lat="46.18970457855857" lon="7.9244816539509895"><ele>2238.1</ele></trkpt><trkpt lat="46.189686578597886" lon="7.924506653981444"><ele>2237.9</ele></trkpt><trkpt lat="46.18966857871432" lon="7.924545654074437"><ele>2237.3</ele></trkpt><trkpt lat="46.1896235789475" lon="7.924584654262525"><ele>2236.1</ele></trkpt><trkpt lat="46.189596579025626" lon="7.924596654325352"><ele>2235.7</ele></trkpt><trkpt lat="46.18957857900714" lon="7.924596654309651"><ele>2235.8</ele></trkpt><trkpt lat="46.18956957902675" lon="7.92459665432553"><ele>2235.7</ele></trkpt><trkpt lat="46.189551578988876" lon="7.92455765429604"><ele>2235.9</ele></trkpt><trkpt lat="46.18953357893178" lon="7.924531654250056"><ele>2236.2</ele></trkpt><trkpt lat="46.18950657872095" lon="7.924518654076921"><ele>2237.3</ele></trkpt><trkpt lat="46.189488578567556" lon="7.924505653951172"><ele>2238.1</ele></trkpt><trkpt lat="46.18946157851076" lon="7.924466653905928"><ele>2238.4</ele></trkpt><trkpt lat="46.18942657853109" lon="7.924336653928739"><ele>2238.3</ele></trkpt><trkpt lat="46.189417578512135" lon="7.92431065391433"><ele>2238.4</ele></trkpt><trkpt lat="46.189417578512085" lon="7.924284653915687"><ele>2238.4</ele></trkpt><trkpt lat="46.189417578492694" lon="7.924245653901895"><ele>2238.5</ele></trkpt><trkpt lat="46.18939957851253" lon="7.924193653920534"><ele>2238.4</ele></trkpt><trkpt lat="46.189391578628346" lon="7.9241546540175145"><ele>2237.8</ele></trkpt><trkpt lat="46.189373578609775" lon="7.92412865400317"><ele>2237.9</ele></trkpt><trkpt lat="46.18934657855301" lon="7.92410265395725"><ele>2238.2</ele></trkpt><trkpt lat="46.189337578476255" lon="7.924076653895397"><ele>2238.6</ele></trkpt><trkpt lat="46.189319578554006" lon="7.9240636539594576"><ele>2238.2</ele></trkpt><trkpt lat="46.18931057853508" lon="7.924050653944376"><ele>2238.3</ele></trkpt><trkpt lat="46.18926557853691" lon="7.924036653945403"><ele>2238.3</ele></trkpt><trkpt lat="46.1892475785954" lon="7.924023653993648"><ele>2238.0</ele></trkpt><trkpt lat="46.189220578769756" lon="7.923997654137517"><ele>2237.1</ele></trkpt><trkpt lat="46.18920257878978" lon="7.923984654154133"><ele>2237.0</ele></trkpt><trkpt lat="46.18913957890791" lon="7.923970654250174"><ele>2236.4</ele></trkpt><trkpt lat="46.18912157912049" lon="7.923957654424945"><ele>2235.3</ele></trkpt><trkpt lat="46.189104579275266" lon="7.923944654552259"><ele>2234.5</ele></trkpt><trkpt lat="46.18909557935265" lon="7.923931654616254"><ele>2234.1</ele></trkpt><trkpt lat="46.189068579469286" lon="7.923918654712006"><ele>2233.5</ele></trkpt><trkpt lat="46.18905057962408" lon="7.923905654839323"><ele>2232.7</ele></trkpt><trkpt lat="46.189032579759605" lon="7.923879654951503"><ele>2232.0</ele></trkpt><trkpt lat="46.18900557985693" lon="7.923840655032781"><ele>2231.5</ele></trkpt><trkpt lat="46.188987579915405" lon="7.923827655081023"><ele>2231.2</ele></trkpt><trkpt lat="46.188880580054466" lon="7.923748655196531"><ele>2230.5</ele></trkpt><trkpt lat="46.18879958003851" lon="7.923747655181304"><ele>2230.6</ele></trkpt><trkpt lat="46.188592579815975" lon="7.923771654991641"><ele>2231.8</ele></trkpt><trkpt lat="46.18855657968265" lon="7.923771654881173"><ele>2232.5</ele></trkpt><trkpt lat="46.18852057970322" lon="7.923732654899248"><ele>2232.4</ele></trkpt><trkpt lat="46.18847557968585" lon="7.923718654884457"><ele>2232.5</ele></trkpt><trkpt lat="46.188412579572905" lon="7.92373165478931"><ele>2233.1</ele></trkpt><trkpt lat="46.18837657951657" lon="7.923731654742101"><ele>2233.4</ele></trkpt><trkpt lat="46.18834057944107" lon="7.9237436546784545"><ele>2233.8</ele></trkpt><trkpt lat="46.18827757928958" lon="7.923743654552352"><ele>2234.6</ele></trkpt><trkpt lat="46.18825057921368" lon="7.92375565448865"><ele>2235.0</ele></trkpt><trkpt lat="46.18821457902262" lon="7.923781654329381"><ele>2236.0</ele></trkpt><trkpt lat="46.188187578869666" lon="7.92378165420304"><ele>2236.8</ele></trkpt><trkpt lat="46.18815157879413" lon="7.923793654139394"><ele>2237.2</ele></trkpt><trkpt lat="46.18810657871897" lon="7.923793654076428"><ele>2237.6</ele></trkpt><trkpt lat="46.18805257872122" lon="7.9237926540768395"><ele>2237.6</ele></trkpt><trkpt lat="46.1880255787416" lon="7.923792654092835"><ele>2237.5</ele></trkpt><trkpt lat="46.18798057866647" lon="7.92381865402852"><ele>2237.9</ele></trkpt><trkpt lat="46.18795357866769" lon="7.923843654027402"><ele>2237.9</ele></trkpt><trkpt lat="46.187934578687724" lon="7.923869654041989"><ele>2237.8</ele></trkpt><trkpt lat="46.187907578631105" lon="7.923869653994723"><ele>2238.1</ele></trkpt><trkpt lat="46.18789957865067" lon="7.923856654011269"><ele>2238.0</ele></trkpt><trkpt lat="46.1878455786528" lon="7.923816654013701"><ele>2238.0</ele></trkpt><trkpt lat="46.187836578556784" lon="7.923791653935986"><ele>2238.5</ele></trkpt><trkpt lat="46.187818578557504" lon="7.923777653936836"><ele>2238.5</ele></trkpt><trkpt lat="46.18780057853901" lon="7.92377765392114"><ele>2238.6</ele></trkpt><trkpt lat="46.187773578540146" lon="7.923790653920641"><ele>2238.6</ele></trkpt><trkpt lat="46.18773757850322" lon="7.923828653887273"><ele>2238.8</ele></trkpt><trkpt lat="46.18771957840766" lon="7.923828653808315"><ele>2239.3</ele></trkpt><trkpt lat="46.187620578315524" lon="7.9238536537285995"><ele>2239.8</ele></trkpt><trkpt lat="46.18755757822183" lon="7.92385365364994"><ele>2240.3</ele></trkpt><trkpt lat="46.18752157816551" lon="7.92384065360341"><ele>2240.6</ele></trkpt><trkpt lat="46.18749457810885" lon="7.9238396535561915"><ele>2240.9</ele></trkpt><trkpt lat="46.187413577861854" lon="7.923839653351133"><ele>2242.2</ele></trkpt><trkpt lat="46.18737757772847" lon="7.923825653241399"><ele>2242.9</ele></trkpt><trkpt lat="46.18735957767143" lon="7.923825653194073"><ele>2243.2</ele></trkpt><trkpt lat="46.18733257755698" lon="7.923812653100036"><ele>2243.8</ele></trkpt><trkpt lat="46.1873055775387" lon="7.923786653085758"><ele>2243.9</ele></trkpt><trkpt lat="46.187278577501296" lon="7.923760653055665"><ele>2244.1</ele></trkpt><trkpt lat="46.18725157761794" lon="7.923746653151464"><ele>2243.5</ele></trkpt><trkpt lat="46.187198577504326" lon="7.923668653060992"><ele>2244.1</ele></trkpt><trkpt lat="46.1871445772946" lon="7.923616652890102"><ele>2245.2</ele></trkpt><trkpt lat="46.187099577161526" lon="7.923590652781057"><ele>2245.9</ele></trkpt><trkpt lat="46.18707257708556" lon="7.923551652720011"><ele>2246.3</ele></trkpt><trkpt lat="46.18704557714433" lon="7.923511652769721"><ele>2246.0</ele></trkpt><trkpt lat="46.18702857714496" lon="7.923485652771189"><ele>2246.0</ele></trkpt><trkpt lat="46.187010577126415" lon="7.9234726527561765"><ele>2246.1</ele></trkpt><trkpt lat="46.18700157708824" lon="7.923472652724608"><ele>2246.3</ele></trkpt><trkpt lat="46.186937576725086" lon="7.9234986524232065"><ele>2248.2</ele></trkpt><trkpt lat="46.186902576668786" lon="7.923497652376051"><ele>2248.5</ele></trkpt><trkpt lat="46.186875576631316" lon="7.92348465234528"><ele>2248.7</ele></trkpt><trkpt lat="46.18682157644105" lon="7.923497652186821"><ele>2249.7</ele></trkpt><trkpt lat="46.18676757634703" lon="7.923509652107478"><ele>2250.2</ele></trkpt><trkpt lat="46.18671357640699" lon="7.923496652155962"><ele>2249.9</ele></trkpt><trkpt lat="46.18667757635074" lon="7.923508652108133"><ele>2250.2</ele></trkpt><trkpt lat="46.18663257619857" lon="7.923508651981917"><ele>2251.0</ele></trkpt><trkpt lat="46.18663257619857" lon="7.923508651981917"><ele>2251.0</ele></trkpt><trkpt lat="46.18660557598793" lon="7.923533651806836"><ele>2252.1</ele></trkpt><trkpt lat="46.1865775757388" lon="7.923572651599397"><ele>2253.4</ele></trkpt><trkpt lat="46.18655057556666" lon="7.9235856514565715"><ele>2254.3</ele></trkpt><trkpt lat="46.18652357541372" lon="7.923572651330918"><ele>2255.1</ele></trkpt><trkpt lat="46.18649657547265" lon="7.9235716513785945"><ele>2254.8</ele></trkpt><trkpt lat="46.186451575455344" lon="7.9235976513617175"><ele>2254.9</ele></trkpt><trkpt lat="46.18643357549457" lon="7.9235976513934645"><ele>2254.7</ele></trkpt><trkpt lat="46.186379575381245" lon="7.923583651299675"><ele>2255.3</ele></trkpt><trkpt lat="46.186352575151304" lon="7.923583651110087"><ele>2256.5</ele></trkpt><trkpt lat="46.18631657505653" lon="7.923596651030571"><ele>2257.0</ele></trkpt><trkpt lat="46.186298574961015" lon="7.923608650950992"><ele>2257.5</ele></trkpt><trkpt lat="46.18626257482783" lon="7.923634650839168"><ele>2258.2</ele></trkpt><trkpt lat="46.18624457473237" lon="7.923660650758853"><ele>2258.7</ele></trkpt><trkpt lat="46.18622657467538" lon="7.923673650710854"><ele>2259.0</ele></trkpt><trkpt lat="46.186208574772465" lon="7.92368565078941"><ele>2258.5</ele></trkpt><trkpt lat="46.18618157479284" lon="7.923685650805407"><ele>2258.4</ele></trkpt><trkpt lat="46.186163574755106" lon="7.92369865077322"><ele>2258.6</ele></trkpt><trkpt lat="46.18613657462151" lon="7.923724650661332"><ele>2259.3</ele></trkpt><trkpt lat="46.18608257437356" lon="7.923762650454114"><ele>2260.6</ele></trkpt><trkpt lat="46.18602857412551" lon="7.923787650247571"><ele>2261.9</ele></trkpt><trkpt lat="46.18600157393423" lon="7.923813650088239"><ele>2262.9</ele></trkpt><trkpt lat="46.18594757382095" lon="7.923826649993034"><ele>2263.5</ele></trkpt><trkpt lat="46.18593757359041" lon="7.923864649801323"><ele>2264.7</ele></trkpt><trkpt lat="46.1858925735346" lon="7.923903649752128"><ele>2265.0</ele></trkpt><trkpt lat="46.18584757349806" lon="7.923928649719483"><ele>2265.2</ele></trkpt><trkpt lat="46.18581157353828" lon="7.923993649747936"><ele>2265.0</ele></trkpt><trkpt lat="46.18577557344366" lon="7.924044649666418"><ele>2265.5</ele></trkpt><trkpt lat="46.18570357344681" lon="7.924095649664218"><ele>2265.5</ele></trkpt><trkpt lat="46.18565757329478" lon="7.924134649535949"><ele>2266.3</ele></trkpt><trkpt lat="46.185639573257134" lon="7.924172649502438"><ele>2266.5</ele></trkpt><trkpt lat="46.18559457329761" lon="7.924198649533001"><ele>2266.3</ele></trkpt><trkpt lat="46.185567573221945" lon="7.9242636494665"><ele>2266.7</ele></trkpt><trkpt lat="46.18555857312609" lon="7.924288649386167"><ele>2267.2</ele></trkpt><trkpt lat="46.18555857297215" lon="7.924327649257587"><ele>2268.0</ele></trkpt><trkpt lat="46.185539572857515" lon="7.924353649161449"><ele>2268.6</ele></trkpt><trkpt lat="46.185530572780955" lon="7.9243796490968785"><ele>2269.0</ele></trkpt><trkpt lat="46.185539572684355" lon="7.924405649016365"><ele>2269.5</ele></trkpt><trkpt lat="46.18553957260736" lon="7.924418648952419"><ele>2269.9</ele></trkpt><trkpt lat="46.18549457253243" lon="7.924482648886085"><ele>2270.3</ele></trkpt><trkpt lat="46.185494572494015" lon="7.924508648853081"><ele>2270.5</ele></trkpt><trkpt lat="46.18549457243631" lon="7.924534648804259"><ele>2270.8</ele></trkpt><trkpt lat="46.185485572340546" lon="7.924586648722495"><ele>2271.3</ele></trkpt><trkpt lat="46.18547557214861" lon="7.924663648560332"><ele>2272.3</ele></trkpt><trkpt lat="46.185457572110934" lon="7.924676648528132"><ele>2272.5</ele></trkpt><trkpt lat="46.18544857199588" lon="7.924715648431237"><ele>2273.1</ele></trkpt><trkpt lat="46.185412571881976" lon="7.924753648334574"><ele>2273.7</ele></trkpt><trkpt lat="46.18538557174843" lon="7.924792648221979"><ele>2274.4</ele></trkpt><trkpt lat="46.18535857173038" lon="7.924818648204971"><ele>2274.5</ele></trkpt><trkpt lat="46.18531257175173" lon="7.924869648218402"><ele>2274.4</ele></trkpt><trkpt lat="46.185303571732945" lon="7.924895648201274"><ele>2274.5</ele></trkpt><trkpt lat="46.185294571675634" lon="7.924921648152508"><ele>2274.8</ele></trkpt><trkpt lat="46.185276571618665" lon="7.924946648103857"><ele>2275.1</ele></trkpt><trkpt lat="46.18526757161917" lon="7.924985648101856"><ele>2275.1</ele></trkpt><trkpt lat="46.185249571620005" lon="7.925024648099916"><ele>2275.1</ele></trkpt><trkpt lat="46.185203571602905" lon="7.925088648081025"><ele>2275.2</ele></trkpt><trkpt lat="46.185185571603746" lon="7.925114648079773"><ele>2275.2</ele></trkpt><trkpt lat="46.18513157156771" lon="7.925178648045116"><ele>2275.4</ele></trkpt><trkpt lat="46.185113571529975" lon="7.925191648012919"><ele>2275.6</ele></trkpt><trkpt lat="46.185095571569235" lon="7.925191648044673"><ele>2275.4</ele></trkpt><trkpt lat="46.18508657158889" lon="7.925204648059863"><ele>2275.3</ele></trkpt><trkpt lat="46.185086571550464" lon="7.925217648027542"><ele>2275.5</ele></trkpt><trkpt lat="46.18507757149308" lon="7.925230647979464"><ele>2275.8</ele></trkpt><trkpt lat="46.18505957141686" lon="7.9252296479163675"><ele>2276.2</ele></trkpt><trkpt lat="46.18505057143649" lon="7.925242647931556"><ele>2276.1</ele></trkpt><trkpt lat="46.18504157147545" lon="7.925268647961876"><ele>2275.9</ele></trkpt><trkpt lat="46.18502357151477" lon="7.925281647992949"><ele>2275.7</ele></trkpt><trkpt lat="46.184995571458415" lon="7.92537164794092"><ele>2276.0</ele></trkpt><trkpt lat="46.18497757142079" lon="7.925397647908033"><ele>2276.2</ele></trkpt><trkpt lat="46.184959571460105" lon="7.925423647938417"><ele>2276.0</ele></trkpt><trkpt lat="46.184941571441655" lon="7.925436647922029"><ele>2276.1</ele></trkpt><trkpt lat="46.184923571442454" lon="7.925448647921518"><ele>2276.1</ele></trkpt><trkpt lat="46.18490557144318" lon="7.925448647921641"><ele>2276.1</ele></trkpt><trkpt lat="46.18486957144482" lon="7.925487647919814"><ele>2276.1</ele></trkpt><trkpt lat="46.18483357135021" lon="7.925538647838274"><ele>2276.6</ele></trkpt><trkpt lat="46.184815571370244" lon="7.925538647854213"><ele>2276.5</ele></trkpt><trkpt lat="46.184815571370244" lon="7.925538647854213"><ele>2276.5</ele></trkpt><trkpt lat="46.1847885714484" lon="7.925551647916984"><ele>2276.1</ele></trkpt><trkpt lat="46.18476157160357" lon="7.925538648044397"><ele>2275.3</ele></trkpt><trkpt lat="46.18474357164281" lon="7.925537648076207"><ele>2275.1</ele></trkpt><trkpt lat="46.18472557168212" lon="7.925550648107277"><ele>2274.9</ele></trkpt><trkpt lat="46.184707571798405" lon="7.92555064820231"><ele>2274.3</ele></trkpt><trkpt lat="46.18464457212832" lon="7.925536648472384"><ele>2272.6</ele></trkpt><trkpt lat="46.184626572148325" lon="7.925549648487637"><ele>2272.5</ele></trkpt><trkpt lat="46.18461757218724" lon="7.925549648519334"><ele>2272.3</ele></trkpt><trkpt lat="46.18459957228424" lon="7.925536648599231"><ele>2271.8</ele></trkpt><trkpt lat="46.18458157236196" lon="7.925536648662624"><ele>2271.4</ele></trkpt><trkpt lat="46.184563572439785" lon="7.925536648726019"><ele>2271.0</ele></trkpt><trkpt lat="46.184527572614584" lon="7.9255486488679905"><ele>2270.1</ele></trkpt><trkpt lat="46.184518572711205" lon="7.925548648947144"><ele>2269.6</ele></trkpt><trkpt lat="46.18450057276972" lon="7.92554864899472"><ele>2269.3</ele></trkpt><trkpt lat="46.184464572983096" lon="7.92554864916896"><ele>2268.2</ele></trkpt><trkpt lat="46.18444657308004" lon="7.925561649247487"><ele>2267.7</ele></trkpt><trkpt lat="46.18443757313831" lon="7.925573649294373"><ele>2267.4</ele></trkpt><trkpt lat="46.184419573177685" lon="7.925612649324075"><ele>2267.2</ele></trkpt><trkpt lat="46.18441057323575" lon="7.925612649371589"><ele>2266.9</ele></trkpt><trkpt lat="46.18436557339176" lon="7.925638649497068"><ele>2266.1</ele></trkpt><trkpt lat="46.18431957358629" lon="7.92566364965425"><ele>2265.1</ele></trkpt><trkpt lat="46.18430157364485" lon="7.925676649701141"><ele>2264.8</ele></trkpt><trkpt lat="46.18426557372353" lon="7.9257276497619715"><ele>2264.4</ele></trkpt><trkpt lat="46.184229573840604" lon="7.925753649855758"><ele>2263.8</ele></trkpt><trkpt lat="46.18421157391841" lon="7.925766649918471"><ele>2263.4</ele></trkpt><trkpt lat="46.184193574015445" lon="7.925779649997001"><ele>2262.9</ele></trkpt><trkpt lat="46.184184574073626" lon="7.925791650043888"><ele>2262.6</ele></trkpt><trkpt lat="46.184175573997045" lon="7.92580464997999"><ele>2263.0</ele></trkpt><trkpt lat="46.18416657397822" lon="7.925817649963547"><ele>2263.1</ele></trkpt><trkpt lat="46.18414857407528" lon="7.925830650042077"><ele>2262.6</ele></trkpt><trkpt lat="46.18413057424928" lon="7.925830650184564"><ele>2261.7</ele></trkpt><trkpt lat="46.1841125743078" lon="7.925830650232144"><ele>2261.4</ele></trkpt><trkpt lat="46.1840945744433" lon="7.925829650343049"><ele>2260.7</ele></trkpt><trkpt lat="46.184067574540734" lon="7.925829650422326"><ele>2260.2</ele></trkpt><trkpt lat="46.184049574637754" lon="7.925842650500856"><ele>2259.7</ele></trkpt><trkpt lat="46.184031574715554" lon="7.925855650563569"><ele>2259.3</ele></trkpt><trkpt lat="46.18402257477369" lon="7.925855650611086"><ele>2259.0</ele></trkpt><trkpt lat="46.18400457479375" lon="7.925868650626344"><ele>2258.9</ele></trkpt><trkpt lat="46.18398657485235" lon="7.925893650672612"><ele>2258.6</ele></trkpt><trkpt lat="46.18396757485316" lon="7.92591965067137"><ele>2258.6</ele></trkpt><trkpt lat="46.18394957493098" lon="7.925932650734088"><ele>2258.2</ele></trkpt><trkpt lat="46.18392257506686" lon="7.925932650844998"><ele>2257.5</ele></trkpt><trkpt lat="46.18388657526087" lon="7.925931651003486"><ele>2256.5</ele></trkpt><trkpt lat="46.183868575357884" lon="7.925931651082697"><ele>2256.0</ele></trkpt><trkpt lat="46.183841575532334" lon="7.9259446512245715"><ele>2255.1</ele></trkpt><trkpt lat="46.1838235755716" lon="7.925957651255647"><ele>2254.9</ele></trkpt><trkpt lat="46.18380557553385" lon="7.925969651223503"><ele>2255.1</ele></trkpt><trkpt lat="46.18379657559208" lon="7.925995651269655"><ele>2254.8</ele></trkpt><trkpt lat="46.18377857568918" lon="7.9260216513475115"><ele>2254.3</ele></trkpt><trkpt lat="46.18377857572774" lon="7.92603465137847"><ele>2254.1</ele></trkpt><trkpt lat="46.183778575708615" lon="7.92607365136061"><ele>2254.2</ele></trkpt><trkpt lat="46.183769575728334" lon="7.926111651374498"><ele>2254.1</ele></trkpt><trkpt lat="46.18373357572991" lon="7.92613765137338"><ele>2254.1</ele></trkpt><trkpt lat="46.18371557571145" lon="7.9261506513569975"><ele>2254.2</ele></trkpt><trkpt lat="46.183697575712216" lon="7.926163651356438"><ele>2254.2</ele></trkpt><trkpt lat="46.183670575751876" lon="7.92617565138763"><ele>2254.0</ele></trkpt><trkpt lat="46.18363357575356" lon="7.926227651385152"><ele>2254.0</ele></trkpt><trkpt lat="46.18361557577362" lon="7.926240651400412"><ele>2253.9</ele></trkpt><trkpt lat="46.183597575774435" lon="7.926265651399221"><ele>2253.9</ele></trkpt><trkpt lat="46.18357957583299" lon="7.926278651446122"><ele>2253.6</ele></trkpt><trkpt lat="46.18357057585265" lon="7.926291651461324"><ele>2253.5</ele></trkpt><trkpt lat="46.1835615758146" lon="7.926317651428381"><ele>2253.7</ele></trkpt><trkpt lat="46.18354357573839" lon="7.926330651364544"><ele>2254.1</ele></trkpt><trkpt lat="46.18351657589354" lon="7.926342651490651"><ele>2253.3</ele></trkpt><trkpt lat="46.18349857581736" lon="7.92636865142613"><ele>2253.7</ele></trkpt><trkpt lat="46.1833985760528" lon="7.926458651611929"><ele>2252.5</ele></trkpt><trkpt lat="46.18338957611105" lon="7.926484651658087"><ele>2252.2</ele></trkpt><trkpt lat="46.183380576207675" lon="7.926497651736567"><ele>2251.7</ele></trkpt><trkpt lat="46.183371576323616" lon="7.926522651830246"><ele>2251.1</ele></trkpt><trkpt lat="46.18335357642065" lon="7.926535651908786"><ele>2250.6</ele></trkpt><trkpt lat="46.18330857671131" lon="7.926535652146392"><ele>2249.1</ele></trkpt><trkpt lat="46.18328157680876" lon="7.926560652224367"><ele>2248.6</ele></trkpt><trkpt lat="46.183272576866905" lon="7.926573652271209"><ele>2248.3</ele></trkpt><trkpt lat="46.18325457694469" lon="7.926586652333933"><ele>2247.9</ele></trkpt><trkpt lat="46.18320957710059" lon="7.926599652460116"><ele>2247.1</ele></trkpt><trkpt lat="46.183191577139894" lon="7.9266116524912515"><ele>2246.9</ele></trkpt><trkpt lat="46.183173577198495" lon="7.926637652537474"><ele>2246.6</ele></trkpt><trkpt lat="46.18315557727627" lon="7.9266506526001965"><ele>2246.2</ele></trkpt><trkpt lat="46.18314657729598" lon="7.926676652614724"><ele>2246.1</ele></trkpt><trkpt lat="46.18312857737382" lon="7.926702652676773"><ele>2245.7</ele></trkpt><trkpt lat="46.183109577547846" lon="7.9267146528186565"><ele>2244.8</ele></trkpt><trkpt lat="46.1830555778389" lon="7.926727653055648"><ele>2243.3</ele></trkpt><trkpt lat="46.18303757789747" lon="7.926753653101877"><ele>2243.0</ele></trkpt><trkpt lat="46.18301957799451" lon="7.926765653180473"><ele>2242.5</ele></trkpt><trkpt lat="46.18299257805346" lon="7.926791653226762"><ele>2242.2</ele></trkpt><trkpt lat="46.18295657820911" lon="7.926842653350915"><ele>2241.4</ele></trkpt><trkpt lat="46.18287557869402" lon="7.9269456537416225"><ele>2238.9</ele></trkpt><trkpt lat="46.182838578888195" lon="7.926997653897376"><ele>2237.9</ele></trkpt><trkpt lat="46.182820579004485" lon="7.927010653991749"><ele>2237.3</ele></trkpt><trkpt lat="46.18279357912115" lon="7.927022654086233"><ele>2236.7</ele></trkpt><trkpt lat="46.18274857927711" lon="7.927061654211076"><ele>2235.9</ele></trkpt><trkpt lat="46.18273057933565" lon="7.927074654257987"><ele>2235.6</ele></trkpt><trkpt lat="46.182694579491255" lon="7.927125654382146"><ele>2234.8</ele></trkpt><trkpt lat="46.18266757960792" lon="7.927138654476583"><ele>2234.2</ele></trkpt><trkpt lat="46.182631579724976" lon="7.927163654570456"><ele>2233.6</ele></trkpt><trkpt lat="46.182613579764286" lon="7.927189654600864"><ele>2233.4</ele></trkpt><trkpt lat="46.182595579899804" lon="7.9272026547110634"><ele>2232.7</ele></trkpt><trkpt lat="46.18258657997717" lon="7.927202654774409"><ele>2232.3</ele></trkpt><trkpt lat="46.18256858017042" lon="7.927202654932748"><ele>2231.3</ele></trkpt><trkpt lat="46.182550580325206" lon="7.927227655058149"><ele>2230.5</ele></trkpt><trkpt lat="46.18252258049967" lon="7.927240655200054"><ele>2229.6</ele></trkpt><trkpt lat="46.18247758079022" lon="7.9272406554376795"><ele>2228.1</ele></trkpt><trkpt lat="46.182468580906146" lon="7.927252655532051"><ele>2227.5</ele></trkpt><trkpt lat="46.18245058098395" lon="7.927265655594785"><ele>2227.1</ele></trkpt><trkpt lat="46.18244158108069" lon="7.927304655671937"><ele>2226.6</ele></trkpt><trkpt lat="46.18243258115813" lon="7.927330655733938"><ele>2226.2</ele></trkpt><trkpt lat="46.182405581390185" lon="7.927343655923311"><ele>2225.0</ele></trkpt><trkpt lat="46.182378581641636" lon="7.927355656128556"><ele>2223.7</ele></trkpt><trkpt lat="46.18235158187382" lon="7.927381656317258"><ele>2222.5</ele></trkpt><trkpt lat="46.18233358199009" lon="7.927394656411637"><ele>2221.9</ele></trkpt><trkpt lat="46.18230658216448" lon="7.927406656553596"><ele>2221.0</ele></trkpt><trkpt lat="46.18228858231917" lon="7.927406656680291"><ele>2220.2</ele></trkpt><trkpt lat="46.18224358266752" lon="7.92740665696539"><ele>2218.4</ele></trkpt><trkpt lat="46.18220758282306" lon="7.927431657090919"><ele>2217.6</ele></trkpt><trkpt lat="46.18218058290127" lon="7.927457657153045"><ele>2217.2</ele></trkpt><trkpt lat="46.182153583171775" lon="7.927444657375405"><ele>2215.8</ele></trkpt><trkpt lat="46.18213558324957" lon="7.927457657438144"><ele>2215.4</ele></trkpt><trkpt lat="46.182090583501754" lon="7.927495657642176"><ele>2214.1</ele></trkpt><trkpt lat="46.182081583579134" lon="7.927508657704859"><ele>2213.7</ele></trkpt><trkpt lat="46.182063583695395" lon="7.927508657799911"><ele>2213.1</ele></trkpt><trkpt lat="46.182044583792454" lon="7.9275216578784775"><ele>2212.6</ele></trkpt><trkpt lat="46.1820265838703" lon="7.927572657939269"><ele>2212.2</ele></trkpt><trkpt lat="46.18200858392883" lon="7.927585657986186"><ele>2211.9</ele></trkpt><trkpt lat="46.181990584025876" lon="7.92761165806408"><ele>2211.4</ele></trkpt><trkpt lat="46.181981584045545" lon="7.927624658079295"><ele>2211.3</ele></trkpt><trkpt lat="46.18195458396982" lon="7.927688658012893"><ele>2211.7</ele></trkpt><trkpt lat="46.181945583989446" lon="7.927701658028111"><ele>2211.6</ele></trkpt><trkpt lat="46.181927584047955" lon="7.927714658075031"><ele>2211.3</ele></trkpt><trkpt lat="46.18190958408726" lon="7.927727658106123"><ele>2211.1</ele></trkpt><trkpt lat="46.1818915841073" lon="7.927739658121449"><ele>2211.0</ele></trkpt><trkpt lat="46.18187358412731" lon="7.927752658136724"><ele>2210.9</ele></trkpt><trkpt lat="46.18186458412773" lon="7.927765658136116"><ele>2210.9</ele></trkpt><trkpt lat="46.18185458412814" lon="7.927791658134847"><ele>2210.9</ele></trkpt><trkpt lat="46.18183658414826" lon="7.927817658149455"><ele>2210.8</ele></trkpt><trkpt lat="46.18181858411056" lon="7.9278426581166395"><ele>2211.0</ele></trkpt><trkpt lat="46.18174658409438" lon="7.927894658098619"><ele>2211.1</ele></trkpt><trkpt lat="46.18172858411444" lon="7.9279066581139475"><ele>2211.0</ele></trkpt><trkpt lat="46.181710584038186" lon="7.9279196580501035"><ele>2211.4</ele></trkpt><trkpt lat="46.181692583962025" lon="7.927945657985592"><ele>2211.8</ele></trkpt><trkpt lat="46.181683584000915" lon="7.92797165801596"><ele>2211.6</ele></trkpt><trkpt lat="46.18167458398215" lon="7.927997657998866"><ele>2211.7</ele></trkpt><trkpt lat="46.1816565840022" lon="7.928009658014187"><ele>2211.6</ele></trkpt><trkpt lat="46.18161958404225" lon="7.928035658044741"><ele>2211.4</ele></trkpt><trkpt lat="46.18161058402341" lon="7.92804865802831"><ele>2211.5</ele></trkpt><trkpt lat="46.18160158398535" lon="7.928061657996055"><ele>2211.7</ele></trkpt><trkpt lat="46.18159258392798" lon="7.928074657947975"><ele>2212.0</ele></trkpt><trkpt lat="46.18156558385216" lon="7.928099657883572"><ele>2212.4</ele></trkpt><trkpt lat="46.18154758389144" lon="7.928112657914672"><ele>2212.2</ele></trkpt><trkpt lat="46.181529583872916" lon="7.928125657898299"><ele>2212.3</ele></trkpt><trkpt lat="46.18148458391337" lon="7.928150657928958"><ele>2212.1</ele></trkpt><trkpt lat="46.181466583991096" lon="7.9281636579917"><ele>2211.7</ele></trkpt><trkpt lat="46.18143058403115" lon="7.928189658022248"><ele>2211.5</ele></trkpt><trkpt lat="46.181412584051145" lon="7.928201658037577"><ele>2211.4</ele></trkpt><trkpt lat="46.181394584071164" lon="7.928214658052852"><ele>2211.3</ele></trkpt><trkpt lat="46.181376584033494" lon="7.928227658020653"><ele>2211.5</ele></trkpt><trkpt lat="46.181358584072726" lon="7.928240658051756"><ele>2211.3</ele></trkpt><trkpt lat="46.18134058415046" lon="7.928253658114497"><ele>2210.9</ele></trkpt><trkpt lat="46.18131258432498" lon="7.928304658254481"><ele>2210.0</ele></trkpt><trkpt lat="46.181294584460495" lon="7.928330658364036"><ele>2209.3</ele></trkpt><trkpt lat="46.18127658463455" lon="7.928343658505902"><ele>2208.4</ele></trkpt><trkpt lat="46.18125858475075" lon="7.92835565860035"><ele>2207.8</ele></trkpt><trkpt lat="46.181249584789754" lon="7.928394658630056"><ele>2207.6</ele></trkpt><trkpt lat="46.18122258490641" lon="7.928407658724518"><ele>2207.0</ele></trkpt><trkpt lat="46.18119558513859" lon="7.928458658911971"><ele>2205.8</ele></trkpt><trkpt lat="46.181177585235574" lon="7.928458658991212"><ele>2205.3</ele></trkpt><trkpt lat="46.18115058542919" lon="7.928471659148971"><ele>2204.3</ele></trkpt><trkpt lat="46.18111458566165" lon="7.9284846593384355"><ele>2203.1</ele></trkpt><trkpt lat="46.181069585971564" lon="7.92852265958998"><ele>2201.5</ele></trkpt><trkpt lat="46.18104258601114" lon="7.928535659621141"><ele>2201.3</ele></trkpt><trkpt lat="46.181023586031245" lon="7.928561659635762"><ele>2201.2</ele></trkpt><trkpt lat="46.18099658597467" lon="7.928586659587186"><ele>2201.5</ele></trkpt><trkpt lat="46.180978586052426" lon="7.928599659649934"><ele>2201.1</ele></trkpt><trkpt lat="46.18092458624715" lon="7.928637659806598"><ele>2200.1</ele></trkpt><trkpt lat="46.180897586286804" lon="7.92865065983776"><ele>2199.9</ele></trkpt><trkpt lat="46.180834586732026" lon="7.928649660202191"><ele>2197.6</ele></trkpt><trkpt lat="46.18077158721578" lon="7.9286626605975625"><ele>2195.1</ele></trkpt><trkpt lat="46.1807445874094" lon="7.928675660755326"><ele>2194.1</ele></trkpt><trkpt lat="46.18071758756448" lon="7.928687660881493"><ele>2193.3</ele></trkpt><trkpt lat="46.18067258789353" lon="7.9287006611501445"><ele>2191.6</ele></trkpt><trkpt lat="46.18065458802901" lon="7.928700661261036"><ele>2190.9</ele></trkpt><trkpt lat="46.18065458802901" lon="7.928700661261036"><ele>2190.9</ele></trkpt><trkpt lat="46.18063658799136" lon="7.928751661226912"><ele>2191.1</ele></trkpt><trkpt lat="46.18061858795368" lon="7.928777661194054"><ele>2191.3</ele></trkpt><trkpt lat="46.18061858795368" lon="7.928777661194054"><ele>2191.3</ele></trkpt><trkpt lat="46.18053758797614" lon="7.928763661211119"><ele>2191.2</ele></trkpt><trkpt lat="46.18053758797614" lon="7.928763661211119"><ele>2191.2</ele></trkpt><trkpt lat="46.180510588034984" lon="7.928750661259428"><ele>2190.9</ele></trkpt><trkpt lat="46.18047458824803" lon="7.928711661435719"><ele>2189.8</ele></trkpt><trkpt lat="46.180456588267944" lon="7.928698661452325"><ele>2189.7</ele></trkpt><trkpt lat="46.18043858823022" lon="7.928698661420793"><ele>2189.9</ele></trkpt><trkpt lat="46.18041158832736" lon="7.928646661502731"><ele>2189.4</ele></trkpt><trkpt lat="46.180393588289576" lon="7.928646661471201"><ele>2189.6</ele></trkpt><trkpt lat="46.18037558823256" lon="7.928632661424556"><ele>2189.9</ele></trkpt><trkpt lat="46.18035858817546" lon="7.928619661377853"><ele>2190.2</ele></trkpt><trkpt lat="46.180349588156524" lon="7.928606661362746"><ele>2190.3</ele></trkpt><trkpt lat="46.18033158817655" lon="7.928606661378687"><ele>2190.2</ele></trkpt><trkpt lat="46.180313588177164" lon="7.92859366137947"><ele>2190.2</ele></trkpt><trkpt lat="46.18029558800475" lon="7.928606661236499"><ele>2191.1</ele></trkpt><trkpt lat="46.180277587986204" lon="7.928593661221455"><ele>2191.2</ele></trkpt><trkpt lat="46.18025958796769" lon="7.9285936612057455"><ele>2191.3</ele></trkpt><trkpt lat="46.18024158792987" lon="7.928566661175586"><ele>2191.5</ele></trkpt><trkpt lat="46.1802145879886" lon="7.9285406612245595"><ele>2191.2</ele></trkpt><trkpt lat="46.18017858787458" lon="7.928527661130507"><ele>2191.8</ele></trkpt><trkpt lat="46.18015158774093" lon="7.928527661019911"><ele>2192.5</ele></trkpt><trkpt lat="46.18007958758986" lon="7.9285136608945"><ele>2193.3</ele></trkpt><trkpt lat="46.180043587495106" lon="7.92851366081561"><ele>2193.8</ele></trkpt><trkpt lat="46.18001658755386" lon="7.9285006608639215"><ele>2193.5</ele></trkpt><trkpt lat="46.17999858757383" lon="7.928487660880523"><ele>2193.4</ele></trkpt><trkpt lat="46.17997158759412" lon="7.928473660897236"><ele>2193.3</ele></trkpt><trkpt lat="46.17992758761502" lon="7.928434660915333"><ele>2193.2</ele></trkpt><trkpt lat="46.179882587770685" lon="7.928382661044864"><ele>2192.4</ele></trkpt><trkpt lat="46.179855587694725" lon="7.92835666098307"><ele>2192.8</ele></trkpt><trkpt lat="46.17980158740816" lon="7.9283166607480995"><ele>2194.3</ele></trkpt><trkpt lat="46.17978358727412" lon="7.92830366063811"><ele>2195.0</ele></trkpt><trkpt lat="46.17977458715894" lon="7.928277660544552"><ele>2195.6</ele></trkpt><trkpt lat="46.179757586909275" lon="7.928225660341607"><ele>2196.9</ele></trkpt><trkpt lat="46.17972158666042" lon="7.92817366013879"><ele>2198.2</ele></trkpt><trkpt lat="46.17970358650716" lon="7.928160660012984"><ele>2199.0</ele></trkpt><trkpt lat="46.179685586276925" lon="7.928147659823885"><ele>2200.2</ele></trkpt><trkpt lat="46.17965858616256" lon="7.928147659729119"><ele>2200.8</ele></trkpt><trkpt lat="46.179640586028555" lon="7.928134659619137"><ele>2201.5</ele></trkpt><trkpt lat="46.17962258602925" lon="7.928121659619922"><ele>2201.5</ele></trkpt><trkpt lat="46.17961358597182" lon="7.928095659573838"><ele>2201.8</ele></trkpt><trkpt lat="46.17959558606862" lon="7.928056659655065"><ele>2201.3</ele></trkpt><trkpt lat="46.17958658604973" lon="7.928043659639967"><ele>2201.4</ele></trkpt><trkpt lat="46.179568586011946" lon="7.928029659609148"><ele>2201.6</ele></trkpt><trkpt lat="46.179542585935934" lon="7.928016659546692"><ele>2202.0</ele></trkpt><trkpt lat="46.179533585859296" lon="7.92799065948479"><ele>2202.4</ele></trkpt><trkpt lat="46.17945258599681" lon="7.927821659604717"><ele>2201.7</ele></trkpt><trkpt lat="46.17943558605514" lon="7.927782659654286"><ele>2201.4</ele></trkpt><trkpt lat="46.179399586248856" lon="7.927717659816069"><ele>2200.4</ele></trkpt><trkpt lat="46.17939058628767" lon="7.927691659849101"><ele>2200.2</ele></trkpt><trkpt lat="46.17937258636526" lon="7.927665659913836"><ele>2199.8</ele></trkpt><trkpt lat="46.179354586404486" lon="7.927652659946261"><ele>2199.6</ele></trkpt><trkpt lat="46.17932758642478" lon="7.927639659962922"><ele>2199.5</ele></trkpt><trkpt lat="46.1793095864832" lon="7.927626660011172"><ele>2199.2</ele></trkpt><trkpt lat="46.17929158654163" lon="7.927613660059414"><ele>2198.9</ele></trkpt><trkpt lat="46.17922958650561" lon="7.927586660029552"><ele>2199.1</ele></trkpt><trkpt lat="46.17913058624019" lon="7.927585659808746"><ele>2200.5</ele></trkpt><trkpt lat="46.1790495862434" lon="7.927546659811265"><ele>2200.5</ele></trkpt><trkpt lat="46.17901358622551" lon="7.927519659797058"><ele>2200.6</ele></trkpt><trkpt lat="46.17898658622656" lon="7.927506659797899"><ele>2200.6</ele></trkpt><trkpt lat="46.17896858626579" lon="7.927493659830323"><ele>2200.4</ele></trkpt><trkpt lat="46.1789325861902" lon="7.927480659767939"><ele>2200.8</ele></trkpt><trkpt lat="46.178878586076955" lon="7.92747965967341"><ele>2201.4</ele></trkpt><trkpt lat="46.17885158605878" lon="7.927466659658428"><ele>2201.5</ele></trkpt><trkpt lat="46.178824586021385" lon="7.9274666596269645"><ele>2201.7</ele></trkpt><trkpt lat="46.178806586041325" lon="7.927453659643566"><ele>2201.6</ele></trkpt><trkpt lat="46.1787705858696" lon="7.92745265950146"><ele>2202.5</ele></trkpt><trkpt lat="46.17875258588956" lon="7.927452659517398"><ele>2202.4</ele></trkpt><trkpt lat="46.1787255858137" lon="7.927452659454287"><ele>2202.8</ele></trkpt><trkpt lat="46.178707585602794" lon="7.927452659280371"><ele>2203.9</ele></trkpt><trkpt lat="46.17868058560387" lon="7.927452659280548"><ele>2203.9</ele></trkpt><trkpt lat="46.17865358556647" lon="7.9274516592491295"><ele>2204.1</ele></trkpt><trkpt lat="46.178618585606316" lon="7.927425659282334"><ele>2203.9</ele></trkpt><trkpt lat="46.17860058556851" lon="7.927412659251474"><ele>2204.1</ele></trkpt><trkpt lat="46.17858258553073" lon="7.927399659220617"><ele>2204.3</ele></trkpt><trkpt lat="46.17853758543623" lon="7.927360659143799"><ele>2204.8</ele></trkpt><trkpt lat="46.17850158532223" lon="7.927346659049825"><ele>2205.4</ele></trkpt><trkpt lat="46.17846558516974" lon="7.927333658924154"><ele>2206.2</ele></trkpt><trkpt lat="46.178447585035705" lon="7.927320658814194"><ele>2206.9</ele></trkpt><trkpt lat="46.178438585036005" lon="7.927294658815583"><ele>2206.9</ele></trkpt><trkpt lat="46.17840258511432" lon="7.927255658881101"><ele>2206.5</ele></trkpt><trkpt lat="46.17836758501942" lon="7.927216658804224"><ele>2207.0</ele></trkpt><trkpt lat="46.17832258494425" lon="7.92718965874262"><ele>2207.4</ele></trkpt><trkpt lat="46.17830458481028" lon="7.927176658632658"><ele>2208.1</ele></trkpt><trkpt lat="46.17827758454191" lon="7.927150658412683"><ele>2209.5</ele></trkpt><trkpt lat="46.178259584427146" lon="7.927137658318543"><ele>2210.1</ele></trkpt><trkpt lat="46.17825058433119" lon="7.927111658240834"><ele>2210.6</ele></trkpt><trkpt lat="46.17824158425461" lon="7.927098658178279"><ele>2211.0</ele></trkpt><trkpt lat="46.17823258415872" lon="7.927098658099233"><ele>2211.5</ele></trkpt><trkpt lat="46.17821458400556" lon="7.92709865797279"><ele>2212.3</ele></trkpt><trkpt lat="46.17821458392864" lon="7.927124657908174"><ele>2212.7</ele></trkpt><trkpt lat="46.178214583736356" lon="7.927163657747966"><ele>2213.7</ele></trkpt><trkpt lat="46.17822358363991" lon="7.927202657666796"><ele>2214.2</ele></trkpt><trkpt lat="46.17822358358218" lon="7.927214657618718"><ele>2214.5</ele></trkpt><trkpt lat="46.1782055834867" lon="7.927214657539732"><ele>2215.0</ele></trkpt><trkpt lat="46.17817858335303" lon="7.927175657431174"><ele>2215.7</ele></trkpt><trkpt lat="46.17816058323829" lon="7.927162657337038"><ele>2216.3</ele></trkpt><trkpt lat="46.17814258293083" lon="7.927071657088711"><ele>2217.9</ele></trkpt><trkpt lat="46.17812458281608" lon="7.927045656995252"><ele>2218.5</ele></trkpt><trkpt lat="46.17811558273952" lon="7.927058656931358"><ele>2218.9</ele></trkpt><trkpt lat="46.17810658268224" lon="7.927084656882615"><ele>2219.2</ele></trkpt><trkpt lat="46.178106582682354" lon="7.927123656880607"><ele>2219.2</ele></trkpt><trkpt lat="46.17812458262404" lon="7.9271886568296805"><ele>2219.5</ele></trkpt><trkpt lat="46.178124582528035" lon="7.927239656747948"><ele>2220.0</ele></trkpt><trkpt lat="46.17813258245081" lon="7.927265656683271"><ele>2220.4</ele></trkpt><trkpt lat="46.17815058229632" lon="7.927317656553902"><ele>2221.2</ele></trkpt><trkpt lat="46.17815058204642" lon="7.927421656342863"><ele>2222.5</ele></trkpt><trkpt lat="46.17815058195033" lon="7.927460656261745"><ele>2223.0</ele></trkpt><trkpt lat="46.178149581854235" lon="7.927486656181304"><ele>2223.5</ele></trkpt><trkpt lat="46.17814958170042" lon="7.927525656052723"><ele>2224.3</ele></trkpt><trkpt lat="46.17814958143123" lon="7.9275896558279175"><ele>2225.7</ele></trkpt><trkpt lat="46.17813158137427" lon="7.92758965578057"><ele>2226.0</ele></trkpt><trkpt lat="46.1780865811451" lon="7.927563655592353"><ele>2227.2</ele></trkpt><trkpt lat="46.178077580972285" lon="7.927550655450692"><ele>2228.1</ele></trkpt><trkpt lat="46.17804158083898" lon="7.927511655342199"><ele>2228.8</ele></trkpt><trkpt lat="46.17801558064754" lon="7.927472655186178"><ele>2229.8</ele></trkpt><trkpt lat="46.17799758051345" lon="7.927446655076895"><ele>2230.5</ele></trkpt><trkpt lat="46.177988580456" lon="7.927407655031511"><ele>2230.8</ele></trkpt><trkpt lat="46.17797958041789" lon="7.9273946550006045"><ele>2231.0</ele></trkpt><trkpt lat="46.17796158036085" lon="7.927380654953986"><ele>2231.3</ele></trkpt><trkpt lat="46.177952580265014" lon="7.927367654875616"><ele>2231.8</ele></trkpt><trkpt lat="46.17793458001542" lon="7.927303654673382"><ele>2233.1</ele></trkpt><trkpt lat="46.17789957992047" lon="7.927237654597934"><ele>2233.6</ele></trkpt><trkpt lat="46.17789057988222" lon="7.927186654568998"><ele>2233.8</ele></trkpt><trkpt lat="46.177881579863296" lon="7.92717365455391"><ele>2233.9</ele></trkpt><trkpt lat="46.17787257982509" lon="7.927147654523675"><ele>2234.1</ele></trkpt><trkpt lat="46.177854579787386" lon="7.927146654492208"><ele>2234.3</ele></trkpt><trkpt lat="46.17784557973" lon="7.927133654445481"><ele>2234.6</ele></trkpt><trkpt lat="46.17783657969187" lon="7.927120654414577"><ele>2234.8</ele></trkpt><trkpt lat="46.17780957961592" lon="7.927094654352822"><ele>2235.2</ele></trkpt><trkpt lat="46.17780057952004" lon="7.927068654275135"><ele>2235.7</ele></trkpt><trkpt lat="46.177792579424036" lon="7.92702965419811"><ele>2236.2</ele></trkpt><trkpt lat="46.177774579251455" lon="7.926977654058551"><ele>2237.1</ele></trkpt><trkpt lat="46.17776557917483" lon="7.926964653996008"><ele>2237.5</ele></trkpt><trkpt lat="46.17774757907936" lon="7.926951653917702"><ele>2238.0</ele></trkpt><trkpt lat="46.1777205788494" lon="7.926886653731422"><ele>2239.2</ele></trkpt><trkpt lat="46.17768557873525" lon="7.9268346536394425"><ele>2239.8</ele></trkpt><trkpt lat="46.17767657867786" lon="7.9268216535927225"><ele>2240.1</ele></trkpt><trkpt lat="46.177658578640056" lon="7.926795653562554"><ele>2240.3</ele></trkpt><trkpt lat="46.17762257858377" lon="7.926782653516012"><ele>2240.6</ele></trkpt><trkpt lat="46.177577578547094" lon="7.926755653486073"><ele>2240.8</ele></trkpt><trkpt lat="46.17755957850935" lon="7.926755653454557"><ele>2241.0</ele></trkpt><trkpt lat="46.17753257847194" lon="7.926742653423774"><ele>2241.2</ele></trkpt><trkpt lat="46.17751457845344" lon="7.926742653408075"><ele>2241.3</ele></trkpt><trkpt lat="46.177496578434926" lon="7.9267296533930525"><ele>2241.4</ele></trkpt><trkpt lat="46.177442578398626" lon="7.926715653362501"><ele>2241.6</ele></trkpt><trkpt lat="46.1773885783816" lon="7.926702653347717"><ele>2241.7</ele></trkpt><trkpt lat="46.17736157838271" lon="7.926702653347895"><ele>2241.7</ele></trkpt><trkpt lat="46.17732557836494" lon="7.926701653332368"><ele>2241.8</ele></trkpt><trkpt lat="46.17730757836569" lon="7.926701653332491"><ele>2241.8</ele></trkpt><trkpt lat="46.17724457834905" lon="7.926688653317764"><ele>2241.9</ele></trkpt><trkpt lat="46.17721757835018" lon="7.926675653318621"><ele>2241.9</ele></trkpt><trkpt lat="46.17719957835088" lon="7.926674653318793"><ele>2241.9</ele></trkpt><trkpt lat="46.17718157833236" lon="7.926674653303095"><ele>2242.0</ele></trkpt><trkpt lat="46.177145578333885" lon="7.9266746533033325"><ele>2242.0</ele></trkpt><trkpt lat="46.177101578335645" lon="7.926648653304979"><ele>2242.0</ele></trkpt><trkpt lat="46.17708357833638" lon="7.926660653304475"><ele>2242.0</ele></trkpt><trkpt lat="46.177047578318636" lon="7.926660653288893"><ele>2242.1</ele></trkpt><trkpt lat="46.17702957831938" lon="7.926660653289011"><ele>2242.1</ele></trkpt><trkpt lat="46.17701157832013" lon="7.92666065328913"><ele>2242.1</ele></trkpt><trkpt lat="46.17699357832089" lon="7.926673653288575"><ele>2242.1</ele></trkpt><trkpt lat="46.17695657830328" lon="7.9266986532717"><ele>2242.2</ele></trkpt><trkpt lat="46.176938578304" lon="7.926698653271816"><ele>2242.2</ele></trkpt><trkpt lat="46.176920578285596" lon="7.926724653254766"><ele>2242.3</ele></trkpt><trkpt lat="46.17690257826717" lon="7.92673665323844"><ele>2242.4</ele></trkpt><trkpt lat="46.176848578307954" lon="7.926775653268408"><ele>2242.2</ele></trkpt><trkpt lat="46.17682157830914" lon="7.92678865326791"><ele>2242.2</ele></trkpt><trkpt lat="46.17677657827266" lon="7.926839653233914"><ele>2242.4</ele></trkpt><trkpt lat="46.176767578273065" lon="7.926852653233296"><ele>2242.4</ele></trkpt><trkpt lat="46.17670457823737" lon="7.926916653198744"><ele>2242.6</ele></trkpt><trkpt lat="46.176640578201756" lon="7.926980653164198"><ele>2242.8</ele></trkpt><trkpt lat="46.17654157818681" lon="7.9270446531457015"><ele>2242.9</ele></trkpt><trkpt lat="46.17652357822606" lon="7.927057653176783"><ele>2242.7</ele></trkpt><trkpt lat="46.17650557822685" lon="7.927070653176227"><ele>2242.7</ele></trkpt><trkpt lat="46.1764695782476" lon="7.927082653191661"><ele>2242.6</ele></trkpt><trkpt lat="46.176442578248796" lon="7.9271216531898085"><ele>2242.6</ele></trkpt><trkpt lat="46.176424578249645" lon="7.9271346531892535"><ele>2242.6</ele></trkpt><trkpt lat="46.17641557826922" lon="7.927134653205132"><ele>2242.5</ele></trkpt><trkpt lat="46.17641557826922" lon="7.927134653205132"><ele>2242.5</ele></trkpt><trkpt lat="46.17637057830963" lon="7.927146653236443"><ele>2242.3</ele></trkpt><trkpt lat="46.17628057827505" lon="7.927210653202072"><ele>2242.5</ele></trkpt><trkpt lat="46.17624357829591" lon="7.927249653216102"><ele>2242.4</ele></trkpt><trkpt lat="46.17621657827792" lon="7.927287653198483"><ele>2242.5</ele></trkpt><trkpt lat="46.176189578240674" lon="7.9273266531649895"><ele>2242.7</ele></trkpt><trkpt lat="46.17607257828419" lon="7.927402653193449"><ele>2242.5</ele></trkpt><trkpt lat="46.17606357824622" lon="7.927441653159839"><ele>2242.7</ele></trkpt><trkpt lat="46.17603557820903" lon="7.927480653126354"><ele>2242.9</ele></trkpt><trkpt lat="46.1759725781541" lon="7.927544653075976"><ele>2243.2</ele></trkpt><trkpt lat="46.17593657815567" lon="7.927582653074235"><ele>2243.2</ele></trkpt><trkpt lat="46.17590057815726" lon="7.9276086530731185"><ele>2243.2</ele></trkpt><trkpt lat="46.17588257813885" lon="7.9276346530560655"><ele>2243.3</ele></trkpt><trkpt lat="46.17587357810083" lon="7.92766065302313"><ele>2243.5</ele></trkpt><trkpt lat="46.175846578101975" lon="7.927672653022682"><ele>2243.5</ele></trkpt><trkpt lat="46.17578257812407" lon="7.927749653034916"><ele>2243.4</ele></trkpt><trkpt lat="46.17574657812569" lon="7.927788653033123"><ele>2243.4</ele></trkpt><trkpt lat="46.17565657820656" lon="7.927852653093674"><ele>2243.0</ele></trkpt><trkpt lat="46.17562957818855" lon="7.92787865307668"><ele>2243.1</ele></trkpt><trkpt lat="46.17559357822856" lon="7.927903653107254"><ele>2242.9</ele></trkpt><trkpt lat="46.175557578287794" lon="7.927929653153604"><ele>2242.6</ele></trkpt><trkpt lat="46.175539578327125" lon="7.9279546531840674"><ele>2242.4</ele></trkpt><trkpt lat="46.175512578347465" lon="7.927954653200069"><ele>2242.3</ele></trkpt><trkpt lat="46.175494578425194" lon="7.9279676532627965"><ele>2241.9</ele></trkpt><trkpt lat="46.175467578407165" lon="7.927993653245799"><ele>2242.0</ele></trkpt><trkpt lat="46.17543957840847" lon="7.92804465324333"><ele>2242.0</ele></trkpt><trkpt lat="46.17541257840968" lon="7.9280836532414805"><ele>2242.0</ele></trkpt><trkpt lat="46.17536757845021" lon="7.9281476532700905"><ele>2241.8</ele></trkpt><trkpt lat="46.17533157849024" lon="7.92817365330062"><ele>2241.6</ele></trkpt><trkpt lat="46.17530457849145" lon="7.928211653298822"><ele>2241.6</ele></trkpt><trkpt lat="46.17527757853114" lon="7.928237653329291"><ele>2241.4</ele></trkpt><trkpt lat="46.17525857851278" lon="7.9282766533115625"><ele>2241.5</ele></trkpt><trkpt lat="46.17523157849479" lon="7.928314653293945"><ele>2241.6</ele></trkpt><trkpt lat="46.17521357845727" lon="7.928379653259031"><ele>2241.8</ele></trkpt><trkpt lat="46.1751955784004" lon="7.928418653209655"><ele>2242.1</ele></trkpt><trkpt lat="46.175177578362806" lon="7.92844365317683"><ele>2242.3</ele></trkpt><trkpt lat="46.175123578442" lon="7.928482653238445"><ele>2241.9</ele></trkpt><trkpt lat="46.17509557850096" lon="7.928507653284802"><ele>2241.6</ele></trkpt><trkpt lat="46.17507757852105" lon="7.928533653299389"><ele>2241.5</ele></trkpt><trkpt lat="46.17505957854113" lon="7.928572653313299"><ele>2241.4</ele></trkpt><trkpt lat="46.17505057852237" lon="7.928610653295559"><ele>2241.5</ele></trkpt><trkpt lat="46.175023578523586" lon="7.928649653293706"><ele>2241.5</ele></trkpt><trkpt lat="46.17497857858334" lon="7.928713653338144"><ele>2241.2</ele></trkpt><trkpt lat="46.17492357866271" lon="7.928778653398419"><ele>2240.8</ele></trkpt><trkpt lat="46.17488757872203" lon="7.928803653444828"><ele>2240.5</ele></trkpt><trkpt lat="46.1748515787813" lon="7.928842653490507"><ele>2240.2</ele></trkpt><trkpt lat="46.17482457884028" lon="7.928880653536184"><ele>2239.9</ele></trkpt><trkpt lat="46.174752578997314" lon="7.928944653659919"><ele>2239.1</ele></trkpt><trkpt lat="46.17474357899774" lon="7.928970653658627"><ele>2239.1</ele></trkpt><trkpt lat="46.17473457892126" lon="7.928996653594037"><ele>2239.5</ele></trkpt><trkpt lat="46.174724578941024" lon="7.929035653607902"><ele>2239.4</ele></trkpt><trkpt lat="46.174715578999184" lon="7.929061653654081"><ele>2239.1</ele></trkpt><trkpt lat="46.174697579019174" lon="7.929086653668726"><ele>2239.0</ele></trkpt><trkpt lat="46.174688579115816" lon="7.929112653746554"><ele>2238.5</ele></trkpt><trkpt lat="46.17464357909878" lon="7.929215653725672"><ele>2238.6</ele></trkpt><trkpt lat="46.17463457911844" lon="7.9292416537402035"><ele>2238.5</ele></trkpt><trkpt lat="46.17462457911892" lon="7.929267653738923"><ele>2238.5</ele></trkpt><trkpt lat="46.174579579101646" lon="7.9292936537220395"><ele>2238.6</ele></trkpt><trkpt lat="46.17455257912209" lon="7.929331653736073"><ele>2238.5</ele></trkpt><trkpt lat="46.1745255792194" lon="7.929344653814695"><ele>2238.0</ele></trkpt><trkpt lat="46.17449857931674" lon="7.9293576538933195"><ele>2237.5</ele></trkpt><trkpt lat="46.174480579375185" lon="7.929369653940289"><ele>2237.2</ele></trkpt><trkpt lat="46.17445357939562" lon="7.929382653955618"><ele>2237.1</ele></trkpt><trkpt lat="46.174435579396416" lon="7.929408653954389"><ele>2237.1</ele></trkpt><trkpt lat="46.17441757941646" lon="7.929434653968982"><ele>2237.0</ele></trkpt><trkpt lat="46.17433657953542" lon="7.929498654061144"><ele>2236.4</ele></trkpt><trkpt lat="46.17430957957502" lon="7.929510654092346"><ele>2236.2</ele></trkpt><trkpt lat="46.174281579614764" lon="7.929549654122159"><ele>2236.0</ele></trkpt><trkpt lat="46.17427257959599" lon="7.929588654104367"><ele>2236.1</ele></trkpt><trkpt lat="46.17426357963494" lon="7.92961365413478"><ele>2235.9</ele></trkpt><trkpt lat="46.17423657963612" lon="7.9296396541336085"><ele>2235.9</ele></trkpt><trkpt lat="46.174209579656505" lon="7.929652654148939"><ele>2235.8</ele></trkpt><trkpt lat="46.17419157967654" lon="7.929665654164208"><ele>2235.7</ele></trkpt><trkpt lat="46.17416457965838" lon="7.929664654148613"><ele>2235.8</ele></trkpt><trkpt lat="46.17413757964034" lon="7.929690654131619"><ele>2235.9</ele></trkpt><trkpt lat="46.17405657962469" lon="7.929767654112332"><ele>2236.0</ele></trkpt><trkpt lat="46.17403757964479" lon="7.929793654126934"><ele>2235.9</ele></trkpt><trkpt lat="46.17402857964516" lon="7.929806654126316"><ele>2235.9</ele></trkpt><trkpt lat="46.174010579742145" lon="7.929831654204267"><ele>2235.4</ele></trkpt><trkpt lat="46.173992579742965" lon="7.9298446542037135"><ele>2235.4</ele></trkpt><trkpt lat="46.173983579666434" lon="7.929870654139116"><ele>2235.8</ele></trkpt><trkpt lat="46.17395657985999" lon="7.929896654296205"><ele>2234.8</ele></trkpt><trkpt lat="46.17393857988002" lon="7.9299086543115305"><ele>2234.7</ele></trkpt><trkpt lat="46.173929579841996" lon="7.929934654278584"><ele>2234.9</ele></trkpt><trkpt lat="46.17390257997781" lon="7.92997365438752"><ele>2234.2</ele></trkpt><trkpt lat="46.17387558015211" lon="7.929998654528835"><ele>2233.3</ele></trkpt><trkpt lat="46.17385658017222" lon="7.930037654542765"><ele>2233.2</ele></trkpt><trkpt lat="46.17382058019304" lon="7.930063654557482"><ele>2233.1</ele></trkpt><trkpt lat="46.17379358021342" lon="7.930101654571517"><ele>2233.0</ele></trkpt><trkpt lat="46.17377558019512" lon="7.930140654553788"><ele>2233.1</ele></trkpt><trkpt lat="46.17374858029248" lon="7.930179654631075"><ele>2232.6</ele></trkpt><trkpt lat="46.173721580274496" lon="7.930230654612785"><ele>2232.7</ele></trkpt><trkpt lat="46.17370358019845" lon="7.930269654547573"><ele>2233.1</ele></trkpt><trkpt lat="46.173693580102814" lon="7.930308654466483"><ele>2233.6</ele></trkpt><trkpt lat="46.173675580026746" lon="7.930346654401329"><ele>2234.0</ele></trkpt><trkpt lat="46.17363057997099" lon="7.930385654352122"><ele>2234.3</ele></trkpt><trkpt lat="46.17361258001026" lon="7.930397654383274"><ele>2234.1</ele></trkpt><trkpt lat="46.173585580030604" lon="7.930397654399275"><ele>2234.0</ele></trkpt><trkpt lat="46.173567580108305" lon="7.93041065446203"><ele>2233.6</ele></trkpt><trkpt lat="46.173522580264134" lon="7.930448654586969"><ele>2232.8</ele></trkpt><trkpt lat="46.17349558032298" lon="7.93047465463328"><ele>2232.5</ele></trkpt><trkpt lat="46.17343258026806" lon="7.930525654583578"><ele>2232.8</ele></trkpt><trkpt lat="46.17340458023083" lon="7.930564654550081"><ele>2233.0</ele></trkpt><trkpt lat="46.17338658017395" lon="7.930590654501373"><ele>2233.3</ele></trkpt><trkpt lat="46.17335958009833" lon="7.930641654435598"><ele>2233.7</ele></trkpt><trkpt lat="46.17331458004262" lon="7.930693654385718"><ele>2234.0</ele></trkpt><trkpt lat="46.17329657996652" lon="7.930718654321228"><ele>2234.4</ele></trkpt><trkpt lat="46.17326957996771" lon="7.93074465432006"><ele>2234.4</ele></trkpt><trkpt lat="46.173242579891934" lon="7.930757654256252"><ele>2234.8</ele></trkpt><trkpt lat="46.17322357979669" lon="7.9307956541752676"><ele>2235.3</ele></trkpt><trkpt lat="46.17317857976023" lon="7.930860654140537"><ele>2235.5</ele></trkpt><trkpt lat="46.17315157978066" lon="7.930872654155923"><ele>2235.4</ele></trkpt><trkpt lat="46.173133579800655" lon="7.930885654171192"><ele>2235.3</ele></trkpt><trkpt lat="46.17309757984077" lon="7.930950654199714"><ele>2235.1</ele></trkpt><trkpt lat="46.173079579803165" lon="7.930988654166205"><ele>2235.3</ele></trkpt><trkpt lat="46.17306157980398" lon="7.931014654164973"><ele>2235.3</ele></trkpt><trkpt lat="46.173051579650625" lon="7.931040654037065"><ele>2236.1</ele></trkpt><trkpt lat="46.17305157938149" lon="7.9310796538134465"><ele>2237.5</ele></trkpt><trkpt lat="46.17304257903586" lon="7.931143653525266"><ele>2239.3</ele></trkpt><trkpt lat="46.17303357907481" lon="7.931169653555632"><ele>2239.1</ele></trkpt><trkpt lat="46.172970579058294" lon="7.9312206535375696"><ele>2239.2</ele></trkpt><trkpt lat="46.17294357896339" lon="7.9312596534565785"><ele>2239.7</ele></trkpt><trkpt lat="46.172915578810795" lon="7.931298653328106"><ele>2240.5</ele></trkpt><trkpt lat="46.17289757863855" lon="7.931323653184467"><ele>2241.4</ele></trkpt><trkpt lat="46.172888578485164" lon="7.9313626530558645"><ele>2242.2</ele></trkpt><trkpt lat="46.172861578409474" lon="7.9314016529907"><ele>2242.6</ele></trkpt><trkpt lat="46.172834578179945" lon="7.931439652798953"><ele>2243.8</ele></trkpt><trkpt lat="46.1727985780277" lon="7.9314786526705285"><ele>2244.6</ele></trkpt><trkpt lat="46.17278057787473" lon="7.931516652542032"><ele>2245.4</ele></trkpt><trkpt lat="46.17275257776057" lon="7.93154265244589"><ele>2246.0</ele></trkpt><trkpt lat="46.172725577607935" lon="7.9315816523174"><ele>2246.8</ele></trkpt><trkpt lat="46.172680577244634" lon="7.9316586520129215"><ele>2248.7</ele></trkpt><trkpt lat="46.17265357718816" lon="7.931671651964933"><ele>2249.0</ele></trkpt><trkpt lat="46.17262657701616" lon="7.931670651822703"><ele>2249.9</ele></trkpt><trkpt lat="46.172608576901546" lon="7.931670651727846"><ele>2250.5</ele></trkpt><trkpt lat="46.172581576845054" lon="7.9316966516791805"><ele>2250.8</ele></trkpt><trkpt lat="46.172554576904" lon="7.93173565172481"><ele>2250.5</ele></trkpt><trkpt lat="46.17253657696244" lon="7.93174765177179"><ele>2250.2</ele></trkpt><trkpt lat="46.17249157713729" lon="7.9317216519159155"><ele>2249.3</ele></trkpt><trkpt lat="46.1724735770419" lon="7.931721651836888"><ele>2249.8</ele></trkpt><trkpt lat="46.1724465769084" lon="7.93172165172626"><ele>2250.5</ele></trkpt><trkpt lat="46.17241957694808" lon="7.931746651756792"><ele>2250.3</ele></trkpt><trkpt lat="46.17237457700765" lon="7.931746651804582"><ele>2250.0</ele></trkpt><trkpt lat="46.17234757691271" lon="7.931772651724253"><ele>2250.5</ele></trkpt><trkpt lat="46.17231957668316" lon="7.931797651533178"><ele>2251.7</ele></trkpt><trkpt lat="46.17228357662699" lon="7.931810651485251"><ele>2252.0</ele></trkpt><trkpt lat="46.172256576589746" lon="7.931835651452463"><ele>2252.2</ele></trkpt><trkpt lat="46.172238576513706" lon="7.9318746513872265"><ele>2252.6</ele></trkpt><trkpt lat="46.17220257643836" lon="7.931913651322104"><ele>2253.0</ele></trkpt><trkpt lat="46.17217557617038" lon="7.93195165109868"><ele>2254.4</ele></trkpt><trkpt lat="46.17215757590201" lon="7.931977650875816"><ele>2255.8</ele></trkpt><trkpt lat="46.17213057561484" lon="7.9320166506365"><ele>2257.3</ele></trkpt><trkpt lat="46.17209457534719" lon="7.932041650413812"><ele>2258.7</ele></trkpt><trkpt lat="46.17205757509876" lon="7.932054650207584"><ele>2260.0</ele></trkpt><trkpt lat="46.17203157508064" lon="7.9320546501919305"><ele>2260.1</ele></trkpt><trkpt lat="46.172004575062516" lon="7.932053650176332"><ele>2260.2</ele></trkpt><trkpt lat="46.17197657502529" lon="7.932079650143495"><ele>2260.4</ele></trkpt><trkpt lat="46.17192257479707" lon="7.93215664994985"><ele>2261.6</ele></trkpt><trkpt lat="46.17188657470246" lon="7.932182649869574"><ele>2262.1</ele></trkpt><trkpt lat="46.17183257433961" lon="7.932259649565108"><ele>2264.0</ele></trkpt><trkpt lat="46.171778574342" lon="7.9322976495634725"><ele>2264.0</ele></trkpt><trkpt lat="46.171750574285525" lon="7.932323649514803"><ele>2264.3</ele></trkpt><trkpt lat="46.17174157424754" lon="7.932349649481834"><ele>2264.5</ele></trkpt><trkpt lat="46.17174157418987" lon="7.932362649433657"><ele>2264.8</ele></trkpt><trkpt lat="46.171678574019566" lon="7.932400649289603"><ele>2265.7</ele></trkpt><trkpt lat="46.171633574059975" lon="7.932413649320881"><ele>2265.5</ele></trkpt><trkpt lat="46.171597574215276" lon="7.932412649447824"><ele>2264.7</ele></trkpt><trkpt lat="46.17158857421565" lon="7.932412649447886"><ele>2264.7</ele></trkpt><trkpt lat="46.17156157408228" lon="7.9324386493358805"><ele>2265.4</ele></trkpt><trkpt lat="46.171525574083866" lon="7.932463649334809"><ele>2265.4</ele></trkpt><trkpt lat="46.17151657408426" lon="7.932476649334188"><ele>2265.4</ele></trkpt><trkpt lat="46.171435574203194" lon="7.932540649426348"><ele>2264.8</ele></trkpt><trkpt lat="46.17136257439875" lon="7.932604649581786"><ele>2263.8</ele></trkpt><trkpt lat="46.17128157453701" lon="7.932707649687731"><ele>2263.1</ele></trkpt><trkpt lat="46.17126357453784" lon="7.932733649686487"><ele>2263.1</ele></trkpt><trkpt lat="46.171245574596306" lon="7.932746649733416"><ele>2262.8</ele></trkpt><trkpt lat="46.171218574693675" lon="7.932784649810759"><ele>2262.3</ele></trkpt><trkpt lat="46.171182574887595" lon="7.932823649967269"><ele>2261.3</ele></trkpt><trkpt lat="46.17113657506278" lon="7.932913650105341"><ele>2260.4</ele></trkpt><trkpt lat="46.17110057514134" lon="7.932952650166858"><ele>2260.0</ele></trkpt><trkpt lat="46.171091575199426" lon="7.932964650213783"><ele>2259.7</ele></trkpt><trkpt lat="46.171046575316716" lon="7.932977650308401"><ele>2259.1</ele></trkpt><trkpt lat="46.17101957539479" lon="7.932990650371226"><ele>2258.7</ele></trkpt><trkpt lat="46.17092957582162" lon="7.93302865071814"><ele>2256.5</ele></trkpt><trkpt lat="46.170911575880154" lon="7.933053650764446"><ele>2256.2</ele></trkpt><trkpt lat="46.17088457593904" lon="7.933079650810763"><ele>2255.9</ele></trkpt><trkpt lat="46.17086657601675" lon="7.9330926508735295"><ele>2255.5</ele></trkpt><trkpt lat="46.170847576056" lon="7.933105650904641"><ele>2255.3</ele></trkpt><trkpt lat="46.17082957613376" lon="7.933130650966779"><ele>2254.9</ele></trkpt><trkpt lat="46.17073057661872" lon="7.933194651359902"><ele>2252.4</ele></trkpt><trkpt lat="46.170694576754954" lon="7.933246651468252"><ele>2251.7</ele></trkpt><trkpt lat="46.17064957692993" lon="7.933271651609737"><ele>2250.8</ele></trkpt><trkpt lat="46.170631576988406" lon="7.9332976516559945"><ele>2250.5</ele></trkpt><trkpt lat="46.17061357702769" lon="7.933323651686421"><ele>2250.3</ele></trkpt><trkpt lat="46.17059457712473" lon="7.93336165176373"><ele>2249.8</ele></trkpt><trkpt lat="46.170576577202475" lon="7.933387651825821"><ele>2249.4</ele></trkpt><trkpt lat="46.170558577318616" lon="7.933413651919581"><ele>2248.8</ele></trkpt><trkpt lat="46.170540577396366" lon="7.933426651982356"><ele>2248.4</ele></trkpt><trkpt lat="46.17051357743599" lon="7.933451652012896"><ele>2248.2</ele></trkpt><trkpt lat="46.17049557745598" lon="7.933477652027491"><ele>2248.1</ele></trkpt><trkpt lat="46.170468577611004" lon="7.933490652153657"><ele>2247.3</ele></trkpt><trkpt lat="46.17045057766948" lon="7.933515652199973"><ele>2247.0</ele></trkpt><trkpt lat="46.170414577690366" lon="7.933580652212655"><ele>2246.9</ele></trkpt><trkpt lat="46.17038657771083" lon="7.93360565222737"><ele>2246.8</ele></trkpt><trkpt lat="46.170377577672895" lon="7.933631652194406"><ele>2247.0</ele></trkpt><trkpt lat="46.17036857755795" lon="7.933657652098108"><ele>2247.6</ele></trkpt><trkpt lat="46.17032357742536" lon="7.933695651985592"><ele>2248.3</ele></trkpt><trkpt lat="46.17028757733087" lon="7.933747651903943"><ele>2248.8</ele></trkpt><trkpt lat="46.170269577350915" lon="7.933773651918541"><ele>2248.7</ele></trkpt><trkpt lat="46.170251577409374" lon="7.933785651965537"><ele>2248.4</ele></trkpt><trkpt lat="46.170224577449005" lon="7.933811651996025"><ele>2248.2</ele></trkpt><trkpt lat="46.17020657754593" lon="7.933824652074637"><ele>2247.7</ele></trkpt><trkpt lat="46.17015157772132" lon="7.933862652215523"><ele>2246.8</ele></trkpt><trkpt lat="46.17013357774137" lon="7.9338756522308005"><ele>2246.7</ele></trkpt><trkpt lat="46.17010657783869" lon="7.933901652308794"><ele>2246.2</ele></trkpt><trkpt lat="46.17001657815021" lon="7.933978652558726"><ele>2244.6</ele></trkpt><trkpt lat="46.17000757826604" lon="7.934003652652489"><ele>2244.0</ele></trkpt><trkpt lat="46.169971578402155" lon="7.93401665276289"><ele>2243.3</ele></trkpt><trkpt lat="46.16994457844181" lon="7.934042652793383"><ele>2243.1</ele></trkpt><trkpt lat="46.16993557848069" lon="7.93406765282381"><ele>2242.9</ele></trkpt><trkpt lat="46.16989857848234" lon="7.934119652821348"><ele>2242.9</ele></trkpt><trkpt lat="46.16988957848279" lon="7.934132652820732"><ele>2242.9</ele></trkpt><trkpt lat="46.169853578503506" lon="7.934131652836855"><ele>2242.8</ele></trkpt><trkpt lat="46.169817578543494" lon="7.934144652868087"><ele>2242.6</ele></trkpt><trkpt lat="46.169799578524994" lon="7.934157652851694"><ele>2242.7</ele></trkpt><trkpt lat="46.16978157856427" lon="7.934183652882131"><ele>2242.5</ele></trkpt><trkpt lat="46.169754578642355" lon="7.934195652945022"><ele>2242.1</ele></trkpt><trkpt lat="46.16974557860431" lon="7.934208652912735"><ele>2242.3</ele></trkpt><trkpt lat="46.16971857860546" lon="7.934221652912238"><ele>2242.3</ele></trkpt><trkpt lat="46.1696645787808" lon="7.934246653053813"><ele>2241.4</ele></trkpt><trkpt lat="46.169637578878124" lon="7.934285653131134"><ele>2240.9</ele></trkpt><trkpt lat="46.169610579052396" lon="7.93432365327185"><ele>2240.0</ele></trkpt><trkpt lat="46.16958357922663" lon="7.934349653413192"><ele>2239.1</ele></trkpt><trkpt lat="46.169519579460186" lon="7.934426653599632"><ele>2237.9</ele></trkpt><trkpt lat="46.16951057949905" lon="7.93443965363069"><ele>2237.7</ele></trkpt><trkpt lat="46.1694835797117" lon="7.934465653803704"><ele>2236.6</ele></trkpt><trkpt lat="46.16945657986664" lon="7.934477653929941"><ele>2235.8</ele></trkpt><trkpt lat="46.169420580060375" lon="7.934477654088532"><ele>2234.8</ele></trkpt><trkpt lat="46.16940258019567" lon="7.9344776541995"><ele>2234.1</ele></trkpt><trkpt lat="46.16935758035145" lon="7.9345286543238345"><ele>2233.3</ele></trkpt><trkpt lat="46.1693305804487" lon="7.934541654402516"><ele>2232.8</ele></trkpt><trkpt lat="46.169294580546335" lon="7.9345546544812535"><ele>2232.3</ele></trkpt><trkpt lat="46.16923158072217" lon="7.934618654620877"><ele>2231.4</ele></trkpt><trkpt lat="46.16921358078061" lon="7.934631654667825"><ele>2231.1</ele></trkpt><trkpt lat="46.16919558085823" lon="7.934630654731344"><ele>2230.7</ele></trkpt><trkpt lat="46.16917758093593" lon="7.934643654794129"><ele>2230.3</ele></trkpt><trkpt lat="46.169150580975455" lon="7.934643654825977"><ele>2230.1</ele></trkpt><trkpt lat="46.1691135810732" lon="7.934656654904731"><ele>2229.6</ele></trkpt><trkpt lat="46.16907858111304" lon="7.934655654936686"><ele>2229.4</ele></trkpt><trkpt lat="46.16907858111304" lon="7.934655654936686"><ele>2229.4</ele></trkpt><trkpt lat="46.168988581328065" lon="7.9346036551141585"><ele>2228.3</ele></trkpt><trkpt lat="46.168880581543654" lon="7.934498655294492"><ele>2227.2</ele></trkpt><trkpt lat="46.16882658168043" lon="7.934485655406366"><ele>2226.5</ele></trkpt><trkpt lat="46.168809581757934" lon="7.934459655471164"><ele>2226.1</ele></trkpt><trkpt lat="46.16878258183588" lon="7.934432655536078"><ele>2225.7</ele></trkpt><trkpt lat="46.16875558199072" lon="7.934419655663604"><ele>2224.9</ele></trkpt><trkpt lat="46.168683582185906" lon="7.93441965582243"><ele>2223.9</ele></trkpt><trkpt lat="46.1686385823223" lon="7.934418655933624"><ele>2223.2</ele></trkpt><trkpt lat="46.16859358247797" lon="7.934431656059928"><ele>2222.4</ele></trkpt><trkpt lat="46.16853958284543" lon="7.934430656361199"><ele>2220.5</ele></trkpt><trkpt lat="46.168467583117554" lon="7.934443656582694"><ele>2219.1</ele></trkpt><trkpt lat="46.16843158336886" lon="7.934442656788837"><ele>2217.8</ele></trkpt><trkpt lat="46.1683685837559" lon="7.93444265710595"><ele>2215.8</ele></trkpt><trkpt lat="46.16834158387238" lon="7.93445465720052"><ele>2215.2</ele></trkpt><trkpt lat="46.168296584258734" lon="7.93446765751685"><ele>2213.2</ele></trkpt><trkpt lat="46.16826058449089" lon="7.934480657706435"><ele>2212.0</ele></trkpt><trkpt lat="46.168233584665" lon="7.93447965784918"><ele>2211.1</ele></trkpt><trkpt lat="46.16820658481985" lon="7.9344796579760395"><ele>2210.3</ele></trkpt><trkpt lat="46.168188584916656" lon="7.934466658055997"><ele>2209.8</ele></trkpt><trkpt lat="46.16817058501348" lon="7.93446665813529"><ele>2209.3</ele></trkpt><trkpt lat="46.16812558513068" lon="7.934465658230644"><ele>2208.7</ele></trkpt><trkpt lat="46.16801758561566" lon="7.934490658625945"><ele>2206.2</ele></trkpt><trkpt lat="46.16798158573249" lon="7.934490658721192"><ele>2205.6</ele></trkpt><trkpt lat="46.16795458579126" lon="7.9344906587688735"><ele>2205.3</ele></trkpt><trkpt lat="46.16791858585042" lon="7.934502658816001"><ele>2205.0</ele></trkpt><trkpt lat="46.167846586180204" lon="7.934528659084338"><ele>2203.3</ele></trkpt><trkpt lat="46.16782858621936" lon="7.934527659116175"><ele>2203.1</ele></trkpt><trkpt lat="46.16777458650988" lon="7.934527659354056"><ele>2201.6</ele></trkpt><trkpt lat="46.16773858660742" lon="7.934527659433466"><ele>2201.1</ele></trkpt><trkpt lat="46.16770258670511" lon="7.9345526595116"><ele>2200.6</ele></trkpt><trkpt lat="46.16760258707449" lon="7.934603659810515"><ele>2198.7</ele></trkpt><trkpt lat="46.16760258707449" lon="7.934603659810515"><ele>2198.7</ele></trkpt><trkpt lat="46.16758458713291" lon="7.9346166598574746"><ele>2198.4</ele></trkpt><trkpt lat="46.167548587345884" lon="7.93464166003062"><ele>2197.3</ele></trkpt><trkpt lat="46.167521587462325" lon="7.934654660125144"><ele>2196.7</ele></trkpt><trkpt lat="46.16749458754034" lon="7.934654660188663"><ele>2196.3</ele></trkpt><trkpt lat="46.16745858758016" lon="7.934653660220619"><ele>2196.1</ele></trkpt><trkpt lat="46.16743158765816" lon="7.934653660284135"><ele>2195.7</ele></trkpt><trkpt lat="46.16740458775543" lon="7.934666660362825"><ele>2195.2</ele></trkpt><trkpt lat="46.16734158791187" lon="7.93471766048732"><ele>2194.4</ele></trkpt><trkpt lat="46.167314588028326" lon="7.934743660581185"><ele>2193.8</ele></trkpt><trkpt lat="46.167287588067985" lon="7.934781660611094"><ele>2193.6</ele></trkpt><trkpt lat="46.167242588127685" lon="7.934846660655589"><ele>2193.3</ele></trkpt><trkpt lat="46.16721458805201" lon="7.934871660591154"><ele>2193.7</ele></trkpt><trkpt lat="46.167187588072366" lon="7.934884660606501"><ele>2193.6</ele></trkpt><trkpt lat="46.16715158818913" lon="7.934884660701755"><ele>2193.0</ele></trkpt><trkpt lat="46.16712458832475" lon="7.93488466081278"><ele>2192.3</ele></trkpt><trkpt lat="46.16708858847998" lon="7.934883660939748"><ele>2191.5</ele></trkpt><trkpt lat="46.167052588596825" lon="7.93489666103434"><ele>2190.9</ele></trkpt><trkpt lat="46.16701658871366" lon="7.934934661127653"><ele>2190.3</ele></trkpt><trkpt lat="46.16699858879135" lon="7.934960661189791"><ele>2189.9</ele></trkpt><trkpt lat="46.16696258890825" lon="7.9349996612830624"><ele>2189.3</ele></trkpt><trkpt lat="46.16692658912111" lon="7.9349986614575405"><ele>2188.2</ele></trkpt><trkpt lat="46.16689058933407" lon="7.935024661630653"><ele>2187.1</ele></trkpt><trkpt lat="46.16682758937524" lon="7.935101661658824"><ele>2186.9</ele></trkpt><trkpt lat="46.1668005895109" lon="7.935114661769193"><ele>2186.2</ele></trkpt><trkpt lat="46.16676458966615" lon="7.9351266618955085"><ele>2185.4</ele></trkpt><trkpt lat="46.166745589724606" lon="7.935139661942479"><ele>2185.1</ele></trkpt><trkpt lat="46.166718589821926" lon="7.935178662019859"><ele>2184.6</ele></trkpt><trkpt lat="46.16669158991917" lon="7.93520366209795"><ele>2184.1</ele></trkpt><trkpt lat="46.16665558995918" lon="7.93524266212788"><ele>2183.9</ele></trkpt><trkpt lat="46.16657459019336" lon="7.935345662313221"><ele>2182.7</ele></trkpt><trkpt lat="46.166510590369" lon="7.935396662453585"><ele>2181.8</ele></trkpt><trkpt lat="46.16647459054349" lon="7.935408662595742"><ele>2180.9</ele></trkpt><trkpt lat="46.166402590950085" lon="7.935447662926811"><ele>2178.8</ele></trkpt><trkpt lat="46.16638459118148" lon="7.93547266311571"><ele>2177.6</ele></trkpt><trkpt lat="46.166357591374876" lon="7.935511663272285"><ele>2176.6</ele></trkpt><trkpt lat="46.16633959152935" lon="7.935511663399098"><ele>2175.8</ele></trkpt><trkpt lat="46.16630359174229" lon="7.935536663572277"><ele>2174.7</ele></trkpt><trkpt lat="46.166267591897515" lon="7.935549663698552"><ele>2173.9</ele></trkpt><trkpt lat="46.16623159203359" lon="7.935575663808331"><ele>2173.2</ele></trkpt><trkpt lat="46.16614159234477" lon="7.9356136640603925"><ele>2171.6</ele></trkpt><trkpt lat="46.166105592480754" lon="7.935625664170878"><ele>2170.9</ele></trkpt><trkpt lat="46.16606959265523" lon="7.935638664312999"><ele>2170.0</ele></trkpt><trkpt lat="46.166006593080525" lon="7.9356376646618685"><ele>2167.8</ele></trkpt><trkpt lat="46.16597059329336" lon="7.935637664836312"><ele>2166.7</ele></trkpt><trkpt lat="46.16592559358346" lon="7.935649665073559"><ele>2165.2</ele></trkpt><trkpt lat="46.16589859371908" lon="7.935662665183942"><ele>2164.5</ele></trkpt><trkpt lat="46.165871593873966" lon="7.935675665310161"><ele>2163.7</ele></trkpt><trkpt lat="46.16584359406732" lon="7.935700665467461"><ele>2162.7</ele></trkpt><trkpt lat="46.16580759420328" lon="7.935700665578553"><ele>2162.0</ele></trkpt><trkpt lat="46.165780594338905" lon="7.9357136656889375"><ele>2161.3</ele></trkpt><trkpt lat="46.16574459451333" lon="7.935725665831104"><ele>2160.4</ele></trkpt><trkpt lat="46.16570859466854" lon="7.935725665958035"><ele>2159.6</ele></trkpt><trkpt lat="46.16568159476564" lon="7.935712666038049"><ele>2159.1</ele></trkpt><trkpt lat="46.16565459492046" lon="7.935712666164923"><ele>2158.3</ele></trkpt><trkpt lat="46.165628595075276" lon="7.935711666291835"><ele>2157.5</ele></trkpt><trkpt lat="46.16560159523006" lon="7.935711666418708"><ele>2156.7</ele></trkpt><trkpt lat="46.16558259530773" lon="7.935724666481534"><ele>2156.3</ele></trkpt><trkpt lat="46.16555559542414" lon="7.935737666576078"><ele>2155.7</ele></trkpt><trkpt lat="46.16551959559851" lon="7.9357366667189"><ele>2154.8</ele></trkpt><trkpt lat="46.165474595734814" lon="7.9357366668300475"><ele>2154.1</ele></trkpt><trkpt lat="46.165447595832035" lon="7.935749666908758"><ele>2153.6</ele></trkpt><trkpt lat="46.165366596161924" lon="7.935748667178563"><ele>2151.9</ele></trkpt><trkpt lat="46.16527659651145" lon="7.935760667463615"><ele>2150.1</ele></trkpt><trkpt lat="46.16524059664743" lon="7.9357736675740576"><ele>2149.4</ele></trkpt><trkpt lat="46.16519559680295" lon="7.93578566770045"><ele>2148.6</ele></trkpt><trkpt lat="46.165168596900195" lon="7.935811667778511"><ele>2148.1</ele></trkpt><trkpt lat="46.165123597055796" lon="7.935836667904255"><ele>2147.3</ele></trkpt><trkpt lat="46.16506959726946" lon="7.935901668075573"><ele>2146.2</ele></trkpt><trkpt lat="46.16506059740442" lon="7.935926668185258"><ele>2145.5</ele></trkpt><trkpt lat="46.16504259752045" lon="7.935939668279751"><ele>2144.9</ele></trkpt><trkpt lat="46.16497959781118" lon="7.93593966851772"><ele>2143.4</ele></trkpt><trkpt lat="46.164952597965986" lon="7.935938668644647"><ele>2142.6</ele></trkpt><trkpt lat="46.164934598101304" lon="7.9359646687543295"><ele>2141.9</ele></trkpt><trkpt lat="46.164925598120895" lon="7.935977668769582"><ele>2141.8</ele></trkpt><trkpt lat="46.16488959825693" lon="7.936002668879433"><ele>2141.1</ele></trkpt><trkpt lat="46.16485359848893" lon="7.936002669069721"><ele>2139.9</ele></trkpt><trkpt lat="46.16483459860502" lon="7.936028669163576"><ele>2139.3</ele></trkpt><trkpt lat="46.16481659877871" lon="7.936041669305587"><ele>2138.4</ele></trkpt><trkpt lat="46.164798598856336" lon="7.936053669368461"><ele>2138.0</ele></trkpt><trkpt lat="46.1647355992624" lon="7.936079669700174"><ele>2135.9</ele></trkpt><trkpt lat="46.16467259932269" lon="7.93613066974556"><ele>2135.6</ele></trkpt><trkpt lat="46.16464559930459" lon="7.936156669728609"><ele>2135.7</ele></trkpt><trkpt lat="46.1646185994595" lon="7.936181669854245"><ele>2134.9</ele></trkpt><trkpt lat="46.16457359974957" lon="7.9362076700908215"><ele>2133.4</ele></trkpt><trkpt lat="46.1645195999823" lon="7.936232670279988"><ele>2132.2</ele></trkpt><trkpt lat="46.1644836002528" lon="7.936245670501314"><ele>2130.8</ele></trkpt><trkpt lat="46.16442960042794" lon="7.9362836706423225"><ele>2129.9</ele></trkpt><trkpt lat="46.16439360031409" lon="7.936283670547522"><ele>2130.5</ele></trkpt><trkpt lat="46.16437460018042" lon="7.936321670434891"><ele>2131.2</ele></trkpt><trkpt lat="46.1643656001616" lon="7.936334670418465"><ele>2131.3</ele></trkpt><trkpt lat="46.16432960031678" lon="7.93634767054476"><ele>2130.5</ele></trkpt><trkpt lat="46.16431160033669" lon="7.936360670560071"><ele>2130.4</ele></trkpt><trkpt lat="46.16428460029942" lon="7.936385670527326"><ele>2130.6</ele></trkpt><trkpt lat="46.16426660024258" lon="7.936398670479284"><ele>2130.9</ele></trkpt><trkpt lat="46.16423960028205" lon="7.936398670511134"><ele>2130.7</ele></trkpt><trkpt lat="46.164212600283115" lon="7.936411670510661"><ele>2130.7</ele></trkpt><trkpt lat="46.16419460026467" lon="7.936436670493701"><ele>2130.8</ele></trkpt><trkpt lat="46.164167600169726" lon="7.936462670413395"><ele>2131.3</ele></trkpt><trkpt lat="46.16414059997875" lon="7.936501670253246"><ele>2132.3</ele></trkpt><trkpt lat="46.16408659998099" lon="7.936552670251065"><ele>2132.3</ele></trkpt><trkpt lat="46.164058600078235" lon="7.936565670329795"><ele>2131.8</ele></trkpt><trkpt lat="46.164031600040914" lon="7.936577670297694"><ele>2132.0</ele></trkpt><trkpt lat="46.16401360008008" lon="7.936590670328845"><ele>2131.8</ele></trkpt><trkpt lat="46.16399560000405" lon="7.936629670263672"><ele>2132.2</ele></trkpt><trkpt lat="46.16397760000478" lon="7.9366426702631445"><ele>2132.2</ele></trkpt><trkpt lat="46.16395960006312" lon="7.936641670310824"><ele>2131.9</ele></trkpt><trkpt lat="46.16393260004493" lon="7.936628670295798"><ele>2132.0</ele></trkpt><trkpt lat="46.163896599969455" lon="7.936628670232667"><ele>2132.4</ele></trkpt><trkpt lat="46.1638695999898" lon="7.936653670247444"><ele>2132.3</ele></trkpt><trkpt lat="46.163851599933004" lon="7.936679670198756"><ele>2132.6</ele></trkpt><trkpt lat="46.16378860016609" lon="7.936705670387941"><ele>2131.4</ele></trkpt><trkpt lat="46.16374360035998" lon="7.936704670546667"><ele>2130.4</ele></trkpt><trkpt lat="46.163725600341465" lon="7.9367046705309425"><ele>2130.5</ele></trkpt><trkpt lat="46.16368060074677" lon="7.936704670863855"><ele>2128.4</ele></trkpt><trkpt lat="46.16365360080548" lon="7.936716670910953"><ele>2128.1</ele></trkpt><trkpt lat="46.16364460092114" lon="7.936716671006044"><ele>2127.5</ele></trkpt><trkpt lat="46.16361760109504" lon="7.9366906711500524"><ele>2126.6</ele></trkpt><trkpt lat="46.16360860119144" lon="7.9366906712293055"><ele>2126.1</ele></trkpt><trkpt lat="46.16358160136555" lon="7.9367296713701085"><ele>2125.2</ele></trkpt><trkpt lat="46.1635636014431" lon="7.9367286714336265"><ele>2124.8</ele></trkpt><trkpt lat="46.1635096019256" lon="7.936741671829315"><ele>2122.3</ele></trkpt><trkpt lat="46.16349160202231" lon="7.936741671908625"><ele>2121.8</ele></trkpt><trkpt lat="46.16348260221487" lon="7.936741672067075"><ele>2120.8</ele></trkpt><trkpt lat="46.16343760252398" lon="7.936727672321481"><ele>2119.2</ele></trkpt><trkpt lat="46.16341060267874" lon="7.936727672448362"><ele>2118.4</ele></trkpt><trkpt lat="46.16339260281398" lon="7.936740672558716"><ele>2117.7</ele></trkpt><trkpt lat="46.16337460298767" lon="7.936753672700749"><ele>2116.8</ele></trkpt><trkpt lat="46.16332960331609" lon="7.936778672969075"><ele>2115.1</ele></trkpt><trkpt lat="46.1633116034513" lon="7.936791673079428"><ele>2114.4</ele></trkpt><trkpt lat="46.16329360356735" lon="7.936817673173304"><ele>2113.8</ele></trkpt><trkpt lat="46.16328460360618" lon="7.936829673204452"><ele>2113.6</ele></trkpt><trkpt lat="46.16326660360699" lon="7.936868673202654"><ele>2113.6</ele></trkpt><trkpt lat="46.16324760362705" lon="7.9369076732167"><ele>2113.5</ele></trkpt><trkpt lat="46.163220603705106" lon="7.936971673277093"><ele>2113.1</ele></trkpt><trkpt lat="46.163193603783064" lon="7.936997673339351"><ele>2112.7</ele></trkpt><trkpt lat="46.16315760382301" lon="7.937035673369394"><ele>2112.5</ele></trkpt><trkpt lat="46.16295960375409" lon="7.93711167330355"><ele>2112.9</ele></trkpt><trkpt lat="46.16291460381351" lon="7.937111673351355"><ele>2112.6</ele></trkpt><trkpt lat="46.162869603853665" lon="7.937110673383368"><ele>2112.4</ele></trkpt><trkpt lat="46.1628246038939" lon="7.937123673414693"><ele>2112.2</ele></trkpt><trkpt lat="46.16280660389463" lon="7.937123673414805"><ele>2112.2</ele></trkpt><trkpt lat="46.1627526039351" lon="7.937135673446239"><ele>2112.0</ele></trkpt><trkpt lat="46.162706603956316" lon="7.937187673459818"><ele>2111.9</ele></trkpt><trkpt lat="46.1626886038418" lon="7.937212673363662"><ele>2112.5</ele></trkpt><trkpt lat="46.162643603766746" lon="7.937238673299313"><ele>2112.9</ele></trkpt><trkpt lat="46.16260760378746" lon="7.937263673314155"><ele>2112.8</ele></trkpt><trkpt lat="46.1625086039258" lon="7.93726267342571"><ele>2112.1</ele></trkpt><trkpt lat="46.16246360383155" lon="7.9372756733461545"><ele>2112.6</ele></trkpt><trkpt lat="46.1623466036056" lon="7.937300673155574"><ele>2113.8</ele></trkpt><trkpt lat="46.16231060362627" lon="7.937312673171051"><ele>2113.7</ele></trkpt><trkpt lat="46.16228360374263" lon="7.9373256732656285"><ele>2113.1</ele></trkpt><trkpt lat="46.16226560374344" lon="7.937351673264469"><ele>2113.1</ele></trkpt><trkpt lat="46.162238603744456" lon="7.9373516732646365"><ele>2113.1</ele></trkpt><trkpt lat="46.16222060374519" lon="7.9373636732641595"><ele>2113.1</ele></trkpt><trkpt lat="46.16213060365287" lon="7.937440673181752"><ele>2113.6</ele></trkpt><trkpt lat="46.16211160373049" lon="7.9374536732445975"><ele>2113.2</ele></trkpt><trkpt lat="46.16210260376925" lon="7.937453673276334"><ele>2113.0</ele></trkpt><trkpt lat="46.162076603847076" lon="7.937453673339858"><ele>2112.6</ele></trkpt><trkpt lat="46.162057603886325" lon="7.937466673371023"><ele>2112.4</ele></trkpt><trkpt lat="46.16203960390627" lon="7.937491673385754"><ele>2112.3</ele></trkpt><trkpt lat="46.16201260390739" lon="7.93751767338465"><ele>2112.3</ele></trkpt><trkpt lat="46.16199460388898" lon="7.937543673367646"><ele>2112.4</ele></trkpt><trkpt lat="46.161967603928495" lon="7.937568673398276"><ele>2112.2</ele></trkpt><trkpt lat="46.16191360396913" lon="7.937594673429023"><ele>2112.0</ele></trkpt><trkpt lat="46.16186860404771" lon="7.937606673492081"><ele>2111.6</ele></trkpt><trkpt lat="46.16185060389482" lon="7.937632673364191"><ele>2112.4</ele></trkpt><trkpt lat="46.16181460385784" lon="7.937645673332101"><ele>2112.6</ele></trkpt><trkpt lat="46.16181460385784" lon="7.937645673332101"><ele>2112.6</ele></trkpt><trkpt lat="46.16176060399443" lon="7.937657673442738"><ele>2111.9</ele></trkpt><trkpt lat="46.16170660430391" lon="7.937656673696587"><ele>2110.3</ele></trkpt><trkpt lat="46.16167960443937" lon="7.937643673808276"><ele>2109.6</ele></trkpt><trkpt lat="46.161616604614686" lon="7.937630673951876"><ele>2108.7</ele></trkpt><trkpt lat="46.161553604847576" lon="7.937603674143684"><ele>2107.5</ele></trkpt><trkpt lat="46.161517604983416" lon="7.937590674255429"><ele>2106.8</ele></trkpt><trkpt lat="46.16144560517825" lon="7.937576674414975"><ele>2105.8</ele></trkpt><trkpt lat="46.16141860525618" lon="7.937563674479143"><ele>2105.4</ele></trkpt><trkpt lat="46.16139160531487" lon="7.937576674526201"><ele>2105.1</ele></trkpt><trkpt lat="46.16139160531487" lon="7.937576674526201"><ele>2105.1</ele></trkpt><trkpt lat="46.16138260527682" lon="7.93758967449394"><ele>2105.3</ele></trkpt><trkpt lat="46.161355605277905" lon="7.937601674493523"><ele>2105.3</ele></trkpt><trkpt lat="46.16133760520178" lon="7.937614674429637"><ele>2105.7</ele></trkpt><trkpt lat="46.16128360506957" lon="7.937653674317185"><ele>2106.4</ele></trkpt><trkpt lat="46.16125660501299" lon="7.937665674269243"><ele>2106.7</ele></trkpt><trkpt lat="46.16119360505388" lon="7.937665674301322"><ele>2106.5</ele></trkpt><trkpt lat="46.16115760528575" lon="7.937651674492323"><ele>2105.3</ele></trkpt><trkpt lat="46.16113960524802" lon="7.937651674460753"><ele>2105.5</ele></trkpt><trkpt lat="46.161121605191084" lon="7.937664674412708"><ele>2105.8</ele></trkpt><trkpt lat="46.16111260540281" lon="7.937677674586378"><ele>2104.7</ele></trkpt><trkpt lat="46.16108560549989" lon="7.937664674666392"><ele>2104.2</ele></trkpt><trkpt lat="46.16106760550058" lon="7.9376646746665"><ele>2104.2</ele></trkpt><trkpt lat="46.161031605502004" lon="7.937676674666139"><ele>2104.2</ele></trkpt><trkpt lat="46.161031605502004" lon="7.937676674666139"><ele>2104.2</ele></trkpt><trkpt lat="46.161031605482826" lon="7.937689674649664"><ele>2104.3</ele></trkpt><trkpt lat="46.16102260546397" lon="7.937702674633248"><ele>2104.4</ele></trkpt><trkpt lat="46.16100460544553" lon="7.9377156746168795"><ele>2104.5</ele></trkpt><trkpt lat="46.160968605331696" lon="7.937727674521476"><ele>2105.1</ele></trkpt><trkpt lat="46.160914605180146" lon="7.937740674394451"><ele>2105.9</ele></trkpt><trkpt lat="46.16088760510444" lon="7.937753674330623"><ele>2106.3</ele></trkpt><trkpt lat="46.160851605009825" lon="7.937778674250417"><ele>2106.8</ele></trkpt><trkpt lat="46.160806604858045" lon="7.937817674122066"><ele>2107.6</ele></trkpt><trkpt lat="46.16076960474437" lon="7.937855674025391"><ele>2108.2</ele></trkpt><trkpt lat="46.1606616044031" lon="7.937971673735247"><ele>2110.0</ele></trkpt><trkpt lat="46.16064360436543" lon="7.937996673702454"><ele>2110.2</ele></trkpt><trkpt lat="46.16064360436543" lon="7.937996673702454"><ele>2110.2</ele></trkpt><trkpt lat="46.16061660440479" lon="7.937944673736848"><ele>2110.0</ele></trkpt><trkpt lat="46.16055360463751" lon="7.937866673931156"><ele>2108.8</ele></trkpt><trkpt lat="46.16052760471529" lon="7.937840673995959"><ele>2108.4</ele></trkpt><trkpt lat="46.1604916047359" lon="7.9378406740120235"><ele>2108.3</ele></trkpt><trkpt lat="46.16047360475581" lon="7.9378396740280275"><ele>2108.2</ele></trkpt><trkpt lat="46.16046460475614" lon="7.937852674027445"><ele>2108.2</ele></trkpt><trkpt lat="46.16043660471893" lon="7.9378786739946685"><ele>2108.4</ele></trkpt><trkpt lat="46.16042760470008" lon="7.937878673978885"><ele>2108.5</ele></trkpt><trkpt lat="46.16041860481563" lon="7.937865674074622"><ele>2107.9</ele></trkpt><trkpt lat="46.16039260502791" lon="7.937852674249678"><ele>2106.8</ele></trkpt><trkpt lat="46.16037460510537" lon="7.937838674313836"><ele>2106.4</ele></trkpt><trkpt lat="46.16036560516342" lon="7.93783867436142"><ele>2106.1</ele></trkpt><trkpt lat="46.16032960526086" lon="7.937851674440215"><ele>2105.6</ele></trkpt><trkpt lat="46.160302605338764" lon="7.937864674503115"><ele>2105.2</ele></trkpt><trkpt lat="46.16028460537787" lon="7.937864674534912"><ele>2105.0</ele></trkpt><trkpt lat="46.16027460541671" lon="7.9378766745660645"><ele>2104.8</ele></trkpt><trkpt lat="46.160265605493905" lon="7.937889674628854"><ele>2104.4</ele></trkpt><trkpt lat="46.16024760553305" lon="7.937902674660018"><ele>2104.2</ele></trkpt><trkpt lat="46.16023860555265" lon="7.937928674674648"><ele>2104.1</ele></trkpt><trkpt lat="46.160229605591454" lon="7.937928674706384"><ele>2103.9</ele></trkpt><trkpt lat="46.16021160568811" lon="7.937902674786972"><ele>2103.4</ele></trkpt><trkpt lat="46.160193605746436" lon="7.937902674834612"><ele>2103.1</ele></trkpt><trkpt lat="46.16013960607519" lon="7.937953675101766"><ele>2101.4</ele></trkpt><trkpt lat="46.16011260623" lon="7.937978675227449"><ele>2100.6</ele></trkpt><trkpt lat="46.16009460634595" lon="7.938004675321343"><ele>2100.0</ele></trkpt><trkpt lat="46.16004060661713" lon="7.938056675540933"><ele>2098.6</ele></trkpt><trkpt lat="46.160031606636686" lon="7.938068675556249"><ele>2098.5</ele></trkpt><trkpt lat="46.16001360673342" lon="7.938081675634932"><ele>2098.0</ele></trkpt><trkpt lat="46.159995606945415" lon="7.938081675809307"><ele>2096.9</ele></trkpt><trkpt lat="46.15994160712047" lon="7.938119675950372"><ele>2096.0</ele></trkpt><trkpt lat="46.15990460731409" lon="7.938158676107125"><ele>2095.0</ele></trkpt><trkpt lat="46.15985060758513" lon="7.938196676327406"><ele>2093.6</ele></trkpt><trkpt lat="46.159841607662365" lon="7.9382096763902"><ele>2093.2</ele></trkpt><trkpt lat="46.159823607797506" lon="7.938222676500575"><ele>2092.5</ele></trkpt><trkpt lat="46.1598146080092" lon="7.938222676674895"><ele>2091.4</ele></trkpt><trkpt lat="46.1598056080863" lon="7.938209676738946"><ele>2091.0</ele></trkpt><trkpt lat="46.15980560820153" lon="7.938196676834628"><ele>2090.4</ele></trkpt><trkpt lat="46.15980560831669" lon="7.938170676930944"><ele>2089.8</ele></trkpt><trkpt lat="46.15979760837457" lon="7.938144676979778"><ele>2089.5</ele></trkpt><trkpt lat="46.159788608547665" lon="7.938118677123669"><ele>2088.6</ele></trkpt><trkpt lat="46.15977060889399" lon="7.938079677410821"><ele>2086.8</ele></trkpt><trkpt lat="46.15977060895154" lon="7.938053677459601"><ele>2086.5</ele></trkpt><trkpt lat="46.159779608970275" lon="7.938014677477276"><ele>2086.4</ele></trkpt><trkpt lat="46.15977960902779" lon="7.937975677526684"><ele>2086.1</ele></trkpt><trkpt lat="46.15978860912344" lon="7.937950677607046"><ele>2085.6</ele></trkpt><trkpt lat="46.15977960918138" lon="7.937937677655254"><ele>2085.3</ele></trkpt><trkpt lat="46.15978060931573" lon="7.937911677767395"><ele>2084.6</ele></trkpt><trkpt lat="46.15977160945038" lon="7.937885677879594"><ele>2083.9</ele></trkpt><trkpt lat="46.15975360954706" lon="7.937859677960168"><ele>2083.4</ele></trkpt><trkpt lat="46.15975360954706" lon="7.937859677960168"><ele>2083.4</ele></trkpt><trkpt lat="46.159735609643825" lon="7.937871678038905"><ele>2082.9</ele></trkpt><trkpt lat="46.15971760979822" lon="7.937897678164496"><ele>2082.1</ele></trkpt><trkpt lat="46.15969061002981" lon="7.937923678353505"><ele>2080.9</ele></trkpt><trkpt lat="46.15968161006861" lon="7.937936678384615"><ele>2080.7</ele></trkpt><trkpt lat="46.15968161006861" lon="7.937936678384615"><ele>2080.7</ele></trkpt><trkpt lat="46.15967160999227" lon="7.937962678320054"><ele>2081.1</ele></trkpt><trkpt lat="46.15967160999227" lon="7.937962678320054"><ele>2081.1</ele></trkpt><trkpt lat="46.15966261006943" lon="7.937974678382898"><ele>2080.7</ele></trkpt><trkpt lat="46.15964461010863" lon="7.938013678412813"><ele>2080.5</ele></trkpt><trkpt lat="46.15962661016702" lon="7.938026678459822"><ele>2080.2</ele></trkpt><trkpt lat="46.15960861028298" lon="7.938052678553729"><ele>2079.6</ele></trkpt><trkpt lat="46.159590610360574" lon="7.938077678616003"><ele>2079.2</ele></trkpt><trkpt lat="46.15959061047572" lon="7.938051678712309"><ele>2078.6</ele></trkpt><trkpt lat="46.15958161072562" lon="7.9380126789201775"><ele>2077.3</ele></trkpt><trkpt lat="46.15957261091796" lon="7.937987679079857"><ele>2076.3</ele></trkpt><trkpt lat="46.15956361095673" lon="7.937973679112269"><ele>2076.1</ele></trkpt><trkpt lat="46.15952761124616" lon="7.937960679350738"><ele>2074.6</ele></trkpt><trkpt lat="46.159492611535526" lon="7.937934679589826"><ele>2073.1</ele></trkpt><trkpt lat="46.159492611535526" lon="7.937934679589826"><ele>2073.1</ele></trkpt><trkpt lat="46.15947461170898" lon="7.9379086797337575"><ele>2072.2</ele></trkpt><trkpt lat="46.159447611940436" lon="7.937895679924643"><ele>2071.0</ele></trkpt><trkpt lat="46.15943861201756" lon="7.9378826799886895"><ele>2070.6</ele></trkpt><trkpt lat="46.159438612094384" lon="7.937869680052678"><ele>2070.2</ele></trkpt><trkpt lat="46.159438612324664" lon="7.937804680245886"><ele>2069.0</ele></trkpt><trkpt lat="46.159420612440584" lon="7.937791680341668"><ele>2068.4</ele></trkpt><trkpt lat="46.15941161247931" lon="7.937778680374032"><ele>2068.2</ele></trkpt><trkpt lat="46.159411612556106" lon="7.93775268043864"><ele>2067.8</ele></trkpt><trkpt lat="46.159421612632414" lon="7.93771368050381"><ele>2067.4</ele></trkpt><trkpt lat="46.159421612709174" lon="7.937687680568419"><ele>2067.0</ele></trkpt><trkpt lat="46.15941261297825" lon="7.9376366807926875"><ele>2065.6</ele></trkpt><trkpt lat="46.15941261301665" lon="7.937623680824992"><ele>2065.4</ele></trkpt><trkpt lat="46.15940361309375" lon="7.937610680889031"><ele>2065.0</ele></trkpt><trkpt lat="46.15939461315171" lon="7.937597680937231"><ele>2064.7</ele></trkpt><trkpt lat="46.159385613190494" lon="7.937609680968394"><ele>2064.5</ele></trkpt><trkpt lat="46.159385613248176" lon="7.937635681014671"><ele>2064.2</ele></trkpt><trkpt lat="46.15937661330609" lon="7.93763568106225"><ele>2063.9</ele></trkpt><trkpt lat="46.15934961351843" lon="7.937648681236038"><ele>2062.8</ele></trkpt><trkpt lat="46.15933161359597" lon="7.937648681299512"><ele>2062.4</ele></trkpt><trkpt lat="46.159322613653934" lon="7.937661681346474"><ele>2062.1</ele></trkpt><trkpt lat="46.159322613653934" lon="7.937661681346474"><ele>2062.1</ele></trkpt><trkpt lat="46.159313613731044" lon="7.937648681410509"><ele>2061.7</ele></trkpt><trkpt lat="46.15930461382744" lon="7.93763568149039"><ele>2061.2</ele></trkpt><trkpt lat="46.15927761411639" lon="7.937582681730693"><ele>2059.7</ele></trkpt><trkpt lat="46.15926861423194" lon="7.937569681826413"><ele>2059.1</ele></trkpt><trkpt lat="46.15926861430873" lon="7.937557681890348"><ele>2058.7</ele></trkpt><trkpt lat="46.159259614424286" lon="7.9375436819861145"><ele>2058.1</ele></trkpt><trkpt lat="46.159259614424286" lon="7.9375436819861145"><ele>2058.1</ele></trkpt><trkpt lat="46.15925061448219" lon="7.937530682034311"><ele>2057.8</ele></trkpt><trkpt lat="46.15924261452093" lon="7.93753068206604"><ele>2057.6</ele></trkpt><trkpt lat="46.159223614598474" lon="7.937543682128895"><ele>2057.2</ele></trkpt><trkpt lat="46.159205614714416" lon="7.93754368222405"><ele>2056.6</ele></trkpt><trkpt lat="46.15917861488838" lon="7.937582682364923"><ele>2055.7</ele></trkpt><trkpt lat="46.15916961498481" lon="7.937607682442987"><ele>2055.2</ele></trkpt><trkpt lat="46.15914261512039" lon="7.93764668255218"><ele>2054.5</ele></trkpt><trkpt lat="46.15913361523603" lon="7.9376726826460455"><ele>2053.9</ele></trkpt><trkpt lat="46.15910661542916" lon="7.937710682802808"><ele>2052.9</ele></trkpt><trkpt lat="46.159097615525646" lon="7.937749682880213"><ele>2052.4</ele></trkpt><trkpt lat="46.15906961569982" lon="7.937839683018672"><ele>2051.5</ele></trkpt><trkpt lat="46.15904261575873" lon="7.937943683061421"><ele>2051.2</ele></trkpt><trkpt lat="46.15904261579717" lon="7.937969683091863"><ele>2051.0</ele></trkpt><trkpt lat="46.15902361604784" lon="7.93807268329303"><ele>2049.7</ele></trkpt><trkpt lat="46.15900561629829" lon="7.938124683496615"><ele>2048.4</ele></trkpt><trkpt lat="46.15899661639478" lon="7.938150683574641"><ele>2047.9</ele></trkpt><trkpt lat="46.158987616587225" lon="7.938175683731929"><ele>2046.9</ele></trkpt><trkpt lat="46.15895161687669" lon="7.938201683968546"><ele>2045.4</ele></trkpt><trkpt lat="46.158914617128005" lon="7.938265684171687"><ele>2044.1</ele></trkpt><trkpt lat="46.15888761718668" lon="7.938304684217531"><ele>2043.8</ele></trkpt><trkpt lat="46.15886961732194" lon="7.938355684326118"><ele>2043.1</ele></trkpt><trkpt lat="46.158860617495186" lon="7.938381684467525"><ele>2042.2</ele></trkpt><trkpt lat="46.158842617611235" lon="7.938433684560234"><ele>2041.6</ele></trkpt><trkpt lat="46.158833617650075" lon="7.938459684590741"><ele>2041.4</ele></trkpt><trkpt lat="46.1588336176885" lon="7.938472684621811"><ele>2041.2</ele></trkpt><trkpt lat="46.158823617727315" lon="7.938485684652943"><ele>2041.0</ele></trkpt><trkpt lat="46.15881461778535" lon="7.938510684699346"><ele>2040.7</ele></trkpt><trkpt lat="46.15880561790101" lon="7.938549684792612"><ele>2040.1</ele></trkpt><trkpt lat="46.15878761809384" lon="7.9385886849493055"><ele>2039.1</ele></trkpt><trkpt lat="46.15878761817069" lon="7.938601685012063"><ele>2038.7</ele></trkpt><trkpt lat="46.15877861853613" lon="7.938691685308885"><ele>2036.8</ele></trkpt><trkpt lat="46.15876861876714" lon="7.938743685496611"><ele>2035.6</ele></trkpt><trkpt lat="46.158750619036816" lon="7.93880768571551"><ele>2034.2</ele></trkpt><trkpt lat="46.15870561969166" lon="7.93888568625079"><ele>2030.8</ele></trkpt><trkpt lat="46.15866962003873" lon="7.938910686535018"><ele>2029.0</ele></trkpt><trkpt lat="46.1586426202511" lon="7.93894968670763"><ele>2027.9</ele></trkpt><trkpt lat="46.15863262030918" lon="7.938975686753999"><ele>2027.6</ele></trkpt><trkpt lat="46.15862362040556" lon="7.938988686832664"><ele>2027.1</ele></trkpt><trkpt lat="46.1586146205596" lon="7.939013686958295"><ele>2026.3</ele></trkpt><trkpt lat="46.15860562067521" lon="7.939026687052801"><ele>2025.7</ele></trkpt><trkpt lat="46.15857862090668" lon="7.939026687243095"><ele>2024.5</ele></trkpt><trkpt lat="46.15856962102228" lon="7.9390396873376"><ele>2023.9</ele></trkpt><trkpt lat="46.15855162115743" lon="7.9390526874480045"><ele>2023.2</ele></trkpt><trkpt lat="46.15853362127336" lon="7.939064687542616"><ele>2022.6</ele></trkpt><trkpt lat="46.15852462133132" lon="7.939077687589595"><ele>2022.3</ele></trkpt><trkpt lat="46.15850662154343" lon="7.939155687760338"><ele>2021.2</ele></trkpt><trkpt lat="46.15848862169782" lon="7.939180687886026"><ele>2020.4</ele></trkpt><trkpt lat="46.158469621871404" lon="7.939206688027527"><ele>2019.5</ele></trkpt><trkpt lat="46.15846962189066" lon="7.939219688042762"><ele>2019.4</ele></trkpt><trkpt lat="46.15846062194867" lon="7.9392456880891356"><ele>2019.1</ele></trkpt><trkpt lat="46.15845162194905" lon="7.939271688087971"><ele>2019.1</ele></trkpt><trkpt lat="46.15845162191078" lon="7.939310688054459"><ele>2019.3</ele></trkpt><trkpt lat="46.15845162187239" lon="7.939323688022163"><ele>2019.5</ele></trkpt><trkpt lat="46.15845162179562" lon="7.939348687957613"><ele>2019.9</ele></trkpt><trkpt lat="46.15844262183447" lon="7.939374687988141"><ele>2019.7</ele></trkpt><trkpt lat="46.15841562198921" lon="7.939426688112627"><ele>2018.9</ele></trkpt><trkpt lat="46.158405622028056" lon="7.939452688143163"><ele>2018.7</ele></trkpt><trkpt lat="46.158378622144376" lon="7.939490688236615"><ele>2018.1</ele></trkpt><trkpt lat="46.15831562226212" lon="7.9395546883290775"><ele>2017.5</ele></trkpt><trkpt lat="46.15829762232045" lon="7.939567688376112"><ele>2017.2</ele></trkpt><trkpt lat="46.15825262262944" lon="7.939606688628083"><ele>2015.6</ele></trkpt><trkpt lat="46.158225622745796" lon="7.939644688721543"><ele>2015.0</ele></trkpt><trkpt lat="46.15818862303534" lon="7.93970868895646"><ele>2013.5</ele></trkpt><trkpt lat="46.158170623093724" lon="7.939721689003502"><ele>2013.2</ele></trkpt><trkpt lat="46.15814362322919" lon="7.93974768911337"><ele>2012.5</ele></trkpt><trkpt lat="46.15813462326798" lon="7.939760689144508"><ele>2012.3</ele></trkpt><trkpt lat="46.158071623520094" lon="7.939811689348505"><ele>2011.0</ele></trkpt><trkpt lat="46.158035623463945" lon="7.939862689298805"><ele>2011.3</ele></trkpt><trkpt lat="46.157971623620114" lon="7.939940689422324"><ele>2010.5</ele></trkpt><trkpt lat="46.157944623717235" lon="7.939978689499948"><ele>2010.0</ele></trkpt><trkpt lat="46.15790862398754" lon="7.940017689720193"><ele>2008.6</ele></trkpt><trkpt lat="46.157890624026784" lon="7.940081689749014"><ele>2008.4</ele></trkpt><trkpt lat="46.157881624065624" lon="7.940120689778948"><ele>2008.2</ele></trkpt><trkpt lat="46.15789062396936" lon="7.940159689697847"><ele>2008.7</ele></trkpt><trkpt lat="46.157880623988994" lon="7.940185689712544"><ele>2008.6</ele></trkpt><trkpt lat="46.15785362416286" lon="7.940197689854765"><ele>2007.7</ele></trkpt><trkpt lat="46.157835624278874" lon="7.940249689947536"><ele>2007.1</ele></trkpt><trkpt lat="46.15781762443329" lon="7.940288690072606"><ele>2006.3</ele></trkpt><trkpt lat="46.15779962456842" lon="7.940313690182479"><ele>2005.6</ele></trkpt><trkpt lat="46.15779962456842" lon="7.940313690182479"><ele>2005.6</ele></trkpt><trkpt lat="46.15765562461211" lon="7.940299690215684"><ele>2005.4</ele></trkpt><trkpt lat="46.15765562461211" lon="7.940299690215684"><ele>2005.4</ele></trkpt><trkpt lat="46.157646624631575" lon="7.9402736902327895"><ele>2005.3</ele></trkpt><trkpt lat="46.157619624478876" lon="7.940234690107992"><ele>2006.1</ele></trkpt><trkpt lat="46.15756662421176" lon="7.940143689890686"><ele>2007.5</ele></trkpt><trkpt lat="46.15755762413517" lon="7.940104689829166"><ele>2007.9</ele></trkpt><trkpt lat="46.15753962409739" lon="7.940078689798794"><ele>2008.1</ele></trkpt><trkpt lat="46.157521624194" lon="7.940065689878736"><ele>2007.6</ele></trkpt><trkpt lat="46.157485624176054" lon="7.940013689865521"><ele>2007.7</ele></trkpt><trkpt lat="46.15747662417627" lon="7.939987689866783"><ele>2007.7</ele></trkpt><trkpt lat="46.157468624157275" lon="7.9399486898528036"><ele>2007.8</ele></trkpt><trkpt lat="46.15745062415792" lon="7.939922689854116"><ele>2007.8</ele></trkpt><trkpt lat="46.15743262423527" lon="7.939883689919423"><ele>2007.4</ele></trkpt><trkpt lat="46.15740562431295" lon="7.939844689984777"><ele>2007.0</ele></trkpt><trkpt lat="46.15738762435194" lon="7.939805690018387"><ele>2006.8</ele></trkpt><trkpt lat="46.157351624430014" lon="7.939778690083241"><ele>2006.4</ele></trkpt><trkpt lat="46.157334624411355" lon="7.939739690069308"><ele>2006.5</ele></trkpt><trkpt lat="46.15729862422057" lon="7.939713689912279"><ele>2007.5</ele></trkpt><trkpt lat="46.15728062410601" lon="7.93970068981792"><ele>2008.1</ele></trkpt><trkpt lat="46.157253623934075" lon="7.939661689677289"><ele>2009.0</ele></trkpt><trkpt lat="46.157226623934996" lon="7.93963568967866"><ele>2009.0</ele></trkpt><trkpt lat="46.157154623784" lon="7.939595689554193"><ele>2009.8</ele></trkpt><trkpt lat="46.157127623708135" lon="7.939569689492183"><ele>2010.2</ele></trkpt><trkpt lat="46.157065623767835" lon="7.939504689543115"><ele>2009.9</ele></trkpt><trkpt lat="46.15703862382635" lon="7.939478689592018"><ele>2009.6</ele></trkpt><trkpt lat="46.15701162386572" lon="7.939439689625691"><ele>2009.4</ele></trkpt><trkpt lat="46.15698462390497" lon="7.939387689659955"><ele>2009.2</ele></trkpt><trkpt lat="46.156958623924986" lon="7.939335689678381"><ele>2009.1</ele></trkpt><trkpt lat="46.15694062396403" lon="7.939335689710175"><ele>2008.9</ele></trkpt><trkpt lat="46.1569316239836" lon="7.939334689726117"><ele>2008.8</ele></trkpt><trkpt lat="46.15690462402306" lon="7.939360689756757"><ele>2008.6</ele></trkpt><trkpt lat="46.15690462402306" lon="7.939360689756757"><ele>2008.6</ele></trkpt><trkpt lat="46.15685962423598" lon="7.9393606899313145"><ele>2007.5</ele></trkpt><trkpt lat="46.15684162429423" lon="7.939360689978953"><ele>2007.2</ele></trkpt><trkpt lat="46.15681462439128" lon="7.939372690057778"><ele>2006.7</ele></trkpt><trkpt lat="46.15680562446839" lon="7.939372690121209"><ele>2006.3</ele></trkpt><trkpt lat="46.15676962468091" lon="7.939359690296319"><ele>2005.2</ele></trkpt><trkpt lat="46.15676062475804" lon="7.93935969035975"><ele>2004.8</ele></trkpt><trkpt lat="46.15674262485473" lon="7.93935969043908"><ele>2004.3</ele></trkpt><trkpt lat="46.156733624912654" lon="7.939359690486666"><ele>2004.0</ele></trkpt><trkpt lat="46.156724624989785" lon="7.939346690550697"><ele>2003.6</ele></trkpt><trkpt lat="46.156697625182744" lon="7.939332690709952"><ele>2002.6</ele></trkpt><trkpt lat="46.15668862525981" lon="7.9393196907739885"><ele>2002.2</ele></trkpt><trkpt lat="46.15667962539451" lon="7.939293690886153"><ele>2001.5</ele></trkpt><trkpt lat="46.156661625606304" lon="7.939267691061753"><ele>2000.4</ele></trkpt><trkpt lat="46.156634625703205" lon="7.939241691142336"><ele>1999.9</ele></trkpt><trkpt lat="46.156616625761494" lon="7.939228691190577"><ele>1999.6</ele></trkpt><trkpt lat="46.15661662587661" lon="7.939202691286843"><ele>1999.0</ele></trkpt><trkpt lat="46.15660762597292" lon="7.939189691366722"><ele>1998.5</ele></trkpt><trkpt lat="46.15659962612679" lon="7.939163691494721"><ele>1997.7</ele></trkpt><trkpt lat="46.156581626242605" lon="7.939150691590495"><ele>1997.1</ele></trkpt><trkpt lat="46.156572626300544" lon="7.939150691638079"><ele>1996.8</ele></trkpt><trkpt lat="46.156563626358434" lon="7.939137691686263"><ele>1996.5</ele></trkpt><trkpt lat="46.15656362647359" lon="7.939111691782528"><ele>1995.9</ele></trkpt><trkpt lat="46.15655462680017" lon="7.939059692054328"><ele>1994.2</ele></trkpt><trkpt lat="46.15655462689617" lon="7.939046692134143"><ele>1993.7</ele></trkpt><trkpt lat="46.15654562699247" lon="7.939033692214019"><ele>1993.2</ele></trkpt><trkpt lat="46.156536627088784" lon="7.939020692293889"><ele>1992.7</ele></trkpt><trkpt lat="46.156527627357825" lon="7.938981692517548"><ele>1991.3</ele></trkpt><trkpt lat="46.15652762743456" lon="7.9389556925821205"><ele>1990.9</ele></trkpt><trkpt lat="46.15652862753046" lon="7.9389426926619295"><ele>1990.4</ele></trkpt><trkpt lat="46.156528627588116" lon="7.938942692709461"><ele>1990.1</ele></trkpt><trkpt lat="46.156456627897946" lon="7.938942692963381"><ele>1988.5</ele></trkpt><trkpt lat="46.156420628110496" lon="7.938954693137317"><ele>1987.4</ele></trkpt><trkpt lat="46.15637462836187" lon="7.9389806933423595"><ele>1986.1</ele></trkpt><trkpt lat="46.15635662845858" lon="7.938993693421085"><ele>1985.6</ele></trkpt><trkpt lat="46.15633862857443" lon="7.9389926935162975"><ele>1985.0</ele></trkpt><trkpt lat="46.156311628690645" lon="7.93900569361092"><ele>1984.4</ele></trkpt><trkpt lat="46.15629362867213" lon="7.939018693594586"><ele>1984.5</ele></trkpt><trkpt lat="46.15626662869235" lon="7.93903169360999"><ele>1984.4</ele></trkpt><trkpt lat="46.156248628654616" lon="7.9390316935784115"><ele>1984.6</ele></trkpt><trkpt lat="46.15623062869368" lon="7.939030693610248"><ele>1984.4</ele></trkpt><trkpt lat="46.15620362871383" lon="7.939017693626849"><ele>1984.3</ele></trkpt><trkpt lat="46.15616862873423" lon="7.9389786936446916"><ele>1984.2</ele></trkpt><trkpt lat="46.15615062875403" lon="7.938965693661238"><ele>1984.1</ele></trkpt><trkpt lat="46.15613262879304" lon="7.938939693694224"><ele>1983.9</ele></trkpt><trkpt lat="46.15611462890883" lon="7.938913693790586"><ele>1983.3</ele></trkpt><trkpt lat="46.15608762904407" lon="7.938861693904035"><ele>1982.6</ele></trkpt><trkpt lat="46.156069629102284" lon="7.93884869395227"><ele>1982.3</ele></trkpt><trkpt lat="46.15603362918036" lon="7.938821694017093"><ele>1981.9</ele></trkpt><trkpt lat="46.15601562921938" lon="7.938808694049478"><ele>1981.7</ele></trkpt><trkpt lat="46.15599762922007" lon="7.938808694049585"><ele>1981.7</ele></trkpt><trkpt lat="46.155971629412896" lon="7.938782694209359"><ele>1980.7</ele></trkpt><trkpt lat="46.15596262949009" lon="7.938782694272786"><ele>1980.3</ele></trkpt><trkpt lat="46.1559446295291" lon="7.938782694304577"><ele>1980.1</ele></trkpt><trkpt lat="46.15591762962612" lon="7.938782694383951"><ele>1979.6</ele></trkpt><trkpt lat="46.15586262983939" lon="7.9388076945574"><ele>1978.5</ele></trkpt><trkpt lat="46.155862629839376" lon="7.938820694556804"><ele>1978.5</ele></trkpt><trkpt lat="46.15585362987817" lon="7.938833694587948"><ele>1978.3</ele></trkpt><trkpt lat="46.155835629917235" lon="7.938833694619741"><ele>1978.1</ele></trkpt><trkpt lat="46.15579063003406" lon="7.938845694714511"><ele>1977.5</ele></trkpt><trkpt lat="46.1557546301314" lon="7.938832694794535"><ele>1977.0</ele></trkpt><trkpt lat="46.15573663017044" lon="7.9388326948263295"><ele>1976.8</ele></trkpt><trkpt lat="46.1557106303633" lon="7.938806694986101"><ele>1975.8</ele></trkpt><trkpt lat="46.15569263040238" lon="7.938805695017934"><ele>1975.6</ele></trkpt><trkpt lat="46.15562963063505" lon="7.938805695208419"><ele>1974.4</ele></trkpt><trkpt lat="46.155620630693" lon="7.938818695255407"><ele>1974.1</ele></trkpt><trkpt lat="46.155583630905625" lon="7.938843695428756"><ele>1973.0</ele></trkpt><trkpt lat="46.1555566310986" lon="7.9388566955867494"><ele>1972.0</ele></trkpt><trkpt lat="46.15553863123365" lon="7.938856695697752"><ele>1971.3</ele></trkpt><trkpt lat="46.155520631387915" lon="7.938856695824604"><ele>1970.5</ele></trkpt><trkpt lat="46.15549363152328" lon="7.938868695935115"><ele>1969.8</ele></trkpt><trkpt lat="46.155448631716986" lon="7.938894696092624"><ele>1968.8</ele></trkpt><trkpt lat="46.15540363189145" lon="7.9389066962349295"><ele>1967.9</ele></trkpt><trkpt lat="46.15534963202786" lon="7.938932696344963"><ele>1967.2</ele></trkpt><trkpt lat="46.1553316320477" lon="7.938931696360956"><ele>1967.1</ele></trkpt><trkpt lat="46.155322632067254" lon="7.938931696376852"><ele>1967.0</ele></trkpt><trkpt lat="46.155304632106265" lon="7.938918696409238"><ele>1966.8</ele></trkpt><trkpt lat="46.15529563216415" lon="7.938892696458002"><ele>1966.5</ele></trkpt><trkpt lat="46.15527763222233" lon="7.938866696506821"><ele>1966.2</ele></trkpt><trkpt lat="46.15526963228008" lon="7.938827696556173"><ele>1965.9</ele></trkpt><trkpt lat="46.15525163235747" lon="7.93878869662142"><ele>1965.5</ele></trkpt><trkpt lat="46.155206632512545" lon="7.93873669675079"><ele>1964.7</ele></trkpt><trkpt lat="46.155197632570385" lon="7.938710696799556"><ele>1964.4</ele></trkpt><trkpt lat="46.15517963268616" lon="7.938684696895893"><ele>1963.8</ele></trkpt><trkpt lat="46.15515263282149" lon="7.938658697008135"><ele>1963.1</ele></trkpt><trkpt lat="46.155144632917704" lon="7.938645697087981"><ele>1962.6</ele></trkpt><trkpt lat="46.15514463299446" lon="7.938632697151943"><ele>1962.2</ele></trkpt><trkpt lat="46.15515363305168" lon="7.938619697200007"><ele>1961.9</ele></trkpt><trkpt lat="46.15516263312813" lon="7.9386066972639115"><ele>1961.5</ele></trkpt><trkpt lat="46.155180633281056" lon="7.9385816973916805"><ele>1960.7</ele></trkpt><trkpt lat="46.15519863335713" lon="7.93856869745554"><ele>1960.3</ele></trkpt><trkpt lat="46.15523463343263" lon="7.938568697518696"><ele>1959.9</ele></trkpt><trkpt lat="46.15526163348921" lon="7.938555697566655"><ele>1959.6</ele></trkpt><trkpt lat="46.15526163358524" lon="7.938543697646413"><ele>1959.1</ele></trkpt><trkpt lat="46.15526163370027" lon="7.93850469774323"><ele>1958.5</ele></trkpt><trkpt lat="46.15526163377707" lon="7.938491697807187"><ele>1958.1</ele></trkpt><trkpt lat="46.1552256340855" lon="7.938477698061504"><ele>1956.5</ele></trkpt><trkpt lat="46.15520763414371" lon="7.938464698109724"><ele>1956.2</ele></trkpt><trkpt lat="46.15520763414371" lon="7.938464698109724"><ele>1956.2</ele></trkpt><trkpt lat="46.155108634243355" lon="7.9384896981883815"><ele>1955.7</ele></trkpt><trkpt lat="46.15505463432213" lon="7.9385156982508835"><ele>1955.3</ele></trkpt><trkpt lat="46.154964634498285" lon="7.93856669839168"><ele>1954.4</ele></trkpt><trkpt lat="46.15484763480978" lon="7.938616698643575"><ele>1952.8</ele></trkpt><trkpt lat="46.15476663498559" lon="7.938654698784911"><ele>1951.9</ele></trkpt><trkpt lat="46.154730635063665" lon="7.93865469884849"><ele>1951.5</ele></trkpt><trkpt lat="46.15467663514233" lon="7.938628698913345"><ele>1951.1</ele></trkpt><trkpt lat="46.15455963537676" lon="7.938575699106525"><ele>1949.9</ele></trkpt><trkpt lat="46.15451463547429" lon="7.9385366991877575"><ele>1949.4</ele></trkpt><trkpt lat="46.154469635591035" lon="7.938496699284877"><ele>1948.8</ele></trkpt><trkpt lat="46.154371635862965" lon="7.9383666995130895"><ele>1947.4</ele></trkpt><trkpt lat="46.154273636230904" lon="7.938236699820497"><ele>1945.5</ele></trkpt><trkpt lat="46.15423763628978" lon="7.938222699868863"><ele>1945.2</ele></trkpt><trkpt lat="46.154210636367516" lon="7.938222699932386"><ele>1944.8</ele></trkpt><trkpt lat="46.15417463646479" lon="7.938222700011798"><ele>1944.3</ele></trkpt><trkpt lat="46.15413863658133" lon="7.9382477001059275"><ele>1943.7</ele></trkpt><trkpt lat="46.15411163669757" lon="7.93828670019938"><ele>1943.1</ele></trkpt><trkpt lat="46.154020637123566" lon="7.9384537005409115"><ele>1940.9</ele></trkpt><trkpt lat="46.15398463722096" lon="7.938505700617996"><ele>1940.4</ele></trkpt><trkpt lat="46.1539576372988" lon="7.938544700679771"><ele>1940.0</ele></trkpt><trkpt lat="46.153930637357355" lon="7.938543700727494"><ele>1939.7</ele></trkpt><trkpt lat="46.1539036373967" lon="7.938543700759336"><ele>1939.5</ele></trkpt><trkpt lat="46.15386763745556" lon="7.938530700807651"><ele>1939.2</ele></trkpt><trkpt lat="46.15384063755238" lon="7.938478700889351"><ele>1938.7</ele></trkpt><trkpt lat="46.15380463776447" lon="7.938348701069645"><ele>1937.6</ele></trkpt><trkpt lat="46.15375163805389" lon="7.9381537013163115"><ele>1936.1</ele></trkpt><trkpt lat="46.153707638362135" lon="7.937959701578702"><ele>1934.5</ele></trkpt><trkpt lat="46.15368163855461" lon="7.937803701744234"><ele>1933.5</ele></trkpt><trkpt lat="46.15366363863183" lon="7.937738701810608"><ele>1933.1</ele></trkpt><trkpt lat="46.15363663869034" lon="7.937699701860028"><ele>1932.8</ele></trkpt><trkpt lat="46.15360063876838" lon="7.937686701924176"><ele>1932.4</ele></trkpt><trkpt lat="46.15350263900213" lon="7.937646702116604"><ele>1931.2</ele></trkpt><trkpt lat="46.153133639801936" lon="7.937513702774081"><ele>1927.1</ele></trkpt><trkpt lat="46.15304463999695" lon="7.9374877029341455"><ele>1926.1</ele></trkpt><trkpt lat="46.15304463999695" lon="7.9374877029341455"><ele>1926.1</ele></trkpt><trkpt lat="46.15303564005477" lon="7.937435702984031"><ele>1925.8</ele></trkpt><trkpt lat="46.15301764024725" lon="7.937383703144841"><ele>1924.8</ele></trkpt><trkpt lat="46.15299964045895" lon="7.9373577033203295"><ele>1923.7</ele></trkpt><trkpt lat="46.152972640709336" lon="7.937318703528123"><ele>1922.4</ele></trkpt><trkpt lat="46.15293764101759" lon="7.937279703783479"><ele>1920.8</ele></trkpt><trkpt lat="46.15291964117169" lon="7.937240703912026"><ele>1920.0</ele></trkpt><trkpt lat="46.15290164144096" lon="7.937201704135599"><ele>1918.6</ele></trkpt><trkpt lat="46.152883641652686" lon="7.9371757043110795"><ele>1917.5</ele></trkpt><trkpt lat="46.15286564184521" lon="7.937149704470721"><ele>1916.5</ele></trkpt><trkpt lat="46.15284764194176" lon="7.937135704550632"><ele>1916.0</ele></trkpt><trkpt lat="46.15282064207706" lon="7.937122704662234"><ele>1915.3</ele></trkpt><trkpt lat="46.15278464240459" lon="7.937096704932844"><ele>1913.6</ele></trkpt><trkpt lat="46.152749642578556" lon="7.937083705076161"><ele>1912.7</ele></trkpt><trkpt lat="46.15271364277177" lon="7.937082705234795"><ele>1911.7</ele></trkpt><trkpt lat="46.152668642946104" lon="7.937082705377596"><ele>1910.8</ele></trkpt><trkpt lat="46.152632643120086" lon="7.93708270552034"><ele>1909.9</ele></trkpt><trkpt lat="46.15252464346943" lon="7.937094705805516"><ele>1908.1</ele></trkpt><trkpt lat="46.15249764354713" lon="7.93708070586964"><ele>1907.7</ele></trkpt><trkpt lat="46.15247064370156" lon="7.937067705997072"><ele>1906.9</ele></trkpt><trkpt lat="46.152425643914185" lon="7.937015706173837"><ele>1905.8</ele></trkpt><trkpt lat="46.152398644068676" lon="7.9370027063012705"><ele>1905.0</ele></trkpt><trkpt lat="46.15237164424229" lon="7.936976706445112"><ele>1904.1</ele></trkpt><trkpt lat="46.15235364433885" lon="7.936963706524973"><ele>1903.6</ele></trkpt><trkpt lat="46.15233564445464" lon="7.936962706620147"><ele>1903.0</ele></trkpt><trkpt lat="46.152299644628656" lon="7.936975706762318"><ele>1902.1</ele></trkpt><trkpt lat="46.15226364482187" lon="7.936975706920904"><ele>1901.1</ele></trkpt><trkpt lat="46.15222764493832" lon="7.936974707016178"><ele>1900.5</ele></trkpt><trkpt lat="46.152209644938885" lon="7.9369617070168506"><ele>1900.5</ele></trkpt><trkpt lat="46.152209644938885" lon="7.9369617070168506"><ele>1900.5</ele></trkpt><trkpt lat="46.152173644959326" lon="7.9369487070334666"><ele>1900.4</ele></trkpt><trkpt lat="46.15213764517173" lon="7.936948707207885"><ele>1899.3</ele></trkpt><trkpt lat="46.152102645460815" lon="7.936921707446835"><ele>1897.8</ele></trkpt><trkpt lat="46.152075645672824" lon="7.9369087076217735"><ele>1896.7</ele></trkpt><trkpt lat="46.15201264590528" lon="7.936882707813322"><ele>1895.5</ele></trkpt><trkpt lat="46.15198564600214" lon="7.936856707893804"><ele>1895.0</ele></trkpt><trkpt lat="46.15194064621474" lon="7.936842708068883"><ele>1893.9</ele></trkpt><trkpt lat="46.15190464648475" lon="7.93684270829081"><ele>1892.5</ele></trkpt><trkpt lat="46.15187764667759" lon="7.936829708449906"><ele>1891.5</ele></trkpt><trkpt lat="46.15184164698598" lon="7.936841708702987"><ele>1889.9</ele></trkpt><trkpt lat="46.151805647255905" lon="7.936828708925483"><ele>1888.5</ele></trkpt><trkpt lat="46.15177864748711" lon="7.93681570911625"><ele>1887.3</ele></trkpt><trkpt lat="46.15176964754496" lon="7.936789709164952"><ele>1887.0</ele></trkpt><trkpt lat="46.15176964754496" lon="7.936789709164952"><ele>1887.0</ele></trkpt><trkpt lat="46.151733647622976" lon="7.936802709227935"><ele>1886.6</ele></trkpt><trkpt lat="46.151553648051625" lon="7.936852709575193"><ele>1884.4</ele></trkpt><trkpt lat="46.151445648285765" lon="7.936890709764192"><ele>1883.2</ele></trkpt><trkpt lat="46.151445648285765" lon="7.936890709764192"><ele>1883.2</ele></trkpt><trkpt lat="46.15142764838227" lon="7.936864709844613"><ele>1882.7</ele></trkpt><trkpt lat="46.15138264880604" lon="7.936850710193897"><ele>1880.5</ele></trkpt><trkpt lat="46.1513556490181" lon="7.936850710368262"><ele>1879.4</ele></trkpt><trkpt lat="46.15131964932642" lon="7.936850710621863"><ele>1877.8</ele></trkpt><trkpt lat="46.151283649557925" lon="7.936836710812722"><ele>1876.6</ele></trkpt><trkpt lat="46.15125664971239" lon="7.936836710939571"><ele>1875.8</ele></trkpt><trkpt lat="46.15122964984763" lon="7.936810711051711"><ele>1875.1</ele></trkpt><trkpt lat="46.15119365009834" lon="7.936810711257798"><ele>1873.8</ele></trkpt><trkpt lat="46.15116765031037" lon="7.9368097114322005"><ele>1872.7</ele></trkpt><trkpt lat="46.15114065054158" lon="7.93679671162296"><ele>1871.5</ele></trkpt><trkpt lat="46.15111365069603" lon="7.9367837117503734"><ele>1870.7</ele></trkpt><trkpt lat="46.15107765092748" lon="7.9367707119411826"><ele>1869.5</ele></trkpt><trkpt lat="46.1510416511974" lon="7.936756712163706"><ele>1868.1</ele></trkpt><trkpt lat="46.15100565144807" lon="7.936730712370916"><ele>1866.8</ele></trkpt><trkpt lat="46.150978651621706" lon="7.936730712513599"><ele>1865.9</ele></trkpt><trkpt lat="46.15094265181483" lon="7.936717712672731"><ele>1864.9</ele></trkpt><trkpt lat="46.150915652026875" lon="7.936704712847648"><ele>1863.8</ele></trkpt><trkpt lat="46.15084365237474" lon="7.936690713133719"><ele>1862.0</ele></trkpt><trkpt lat="46.15079865254899" lon="7.936690713276502"><ele>1861.1</ele></trkpt><trkpt lat="46.15076265268458" lon="7.936689713387603"><ele>1860.4</ele></trkpt><trkpt lat="46.15073565293495" lon="7.936676713594194"><ele>1859.1</ele></trkpt><trkpt lat="46.150619653552845" lon="7.936597714105008"><ele>1855.9</ele></trkpt><trkpt lat="46.15058365374594" lon="7.936584714264135"><ele>1854.9</ele></trkpt><trkpt lat="46.15054765390075" lon="7.936584714391026"><ele>1854.1</ele></trkpt><trkpt lat="46.15052065395922" lon="7.9365837144387275"><ele>1853.8</ele></trkpt><trkpt lat="46.150493654267144" lon="7.93655771469338"><ele>1852.2</ele></trkpt><trkpt lat="46.150493654267144" lon="7.93655771469338"><ele>1852.2</ele></trkpt><trkpt lat="46.15045765434507" lon="7.9365447147574795"><ele>1851.8</ele></trkpt><trkpt lat="46.150421654423084" lon="7.936544714821026"><ele>1851.4</ele></trkpt><trkpt lat="46.150385654481795" lon="7.936518714869847"><ele>1851.1</ele></trkpt><trkpt lat="46.15035865452104" lon="7.936491714902827"><ele>1850.9</ele></trkpt><trkpt lat="46.150331654560375" lon="7.936491714934645"><ele>1850.7</ele></trkpt><trkpt lat="46.15027765458133" lon="7.93649171495078"><ele>1850.6</ele></trkpt><trkpt lat="46.15024165462103" lon="7.936490714982696"><ele>1850.4</ele></trkpt><trkpt lat="46.15016165460446" lon="7.936464714968412"><ele>1850.5</ele></trkpt><trkpt lat="46.15008065491423" lon="7.936450715222836"><ele>1848.9</ele></trkpt><trkpt lat="46.1500536549727" lon="7.936437715271054"><ele>1848.6</ele></trkpt><trkpt lat="46.14996365495654" lon="7.936449715255196"><ele>1848.7</ele></trkpt><trkpt lat="46.149891655016646" lon="7.936461715302591"><ele>1848.4</ele></trkpt><trkpt lat="46.149737655060406" lon="7.936512715332935"><ele>1848.2</ele></trkpt><trkpt lat="46.149683655139036" lon="7.936524715396065"><ele>1847.8</ele></trkpt><trkpt lat="46.14963065539025" lon="7.936511715602785"><ele>1846.5</ele></trkpt><trkpt lat="46.149594655449015" lon="7.936497715651091"><ele>1846.2</ele></trkpt><trkpt lat="46.14955865545018" lon="7.936484715651844"><ele>1846.2</ele></trkpt><trkpt lat="46.149531655412744" lon="7.936471715620877"><ele>1846.4</ele></trkpt><trkpt lat="46.149531655489355" lon="7.936432715685883"><ele>1846.0</ele></trkpt><trkpt lat="46.14952265556638" lon="7.936393715750941"><ele>1845.6</ele></trkpt><trkpt lat="46.149504655586085" lon="7.936367715767986"><ele>1845.5</ele></trkpt><trkpt lat="46.14949565560559" lon="7.936354715784426"><ele>1845.4</ele></trkpt><trkpt lat="46.14948665558662" lon="7.936315715770303"><ele>1845.5</ele></trkpt><trkpt lat="46.14946965556786" lon="7.936263715756779"><ele>1845.6</ele></trkpt><trkpt lat="46.14938865562776" lon="7.936094715811938"><ele>1845.3</ele></trkpt><trkpt lat="46.149335655667805" lon="7.93600371584778"><ele>1845.1</ele></trkpt><trkpt lat="46.149308655668605" lon="7.935977715849037"><ele>1845.1</ele></trkpt><trkpt lat="46.149263655631735" lon="7.935951715818727"><ele>1845.3</ele></trkpt><trkpt lat="46.149218655537226" lon="7.935911715741505"><ele>1845.8</ele></trkpt><trkpt lat="46.149183655595884" lon="7.935885715790313"><ele>1845.5</ele></trkpt><trkpt lat="46.14911165584778" lon="7.935872715997112"><ele>1844.2</ele></trkpt><trkpt lat="46.14907565584893" lon="7.935845715998462"><ele>1844.2</ele></trkpt><trkpt lat="46.14904865584973" lon="7.93580671600027"><ele>1844.2</ele></trkpt><trkpt lat="46.149012655831754" lon="7.93579371598519"><ele>1844.3</ele></trkpt><trkpt lat="46.148976655871294" lon="7.935767716018164"><ele>1844.1</ele></trkpt><trkpt lat="46.14884265581801" lon="7.93563671597698"><ele>1844.4</ele></trkpt><trkpt lat="46.14879765583859" lon="7.935597715994725"><ele>1844.3</ele></trkpt><trkpt lat="46.1487526558593" lon="7.935584716011363"><ele>1844.2</ele></trkpt><trkpt lat="46.148662655900665" lon="7.935557716044674"><ele>1844.0</ele></trkpt><trkpt lat="46.14860865596001" lon="7.935531716093582"><ele>1843.7</ele></trkpt><trkpt lat="46.148563656076696" lon="7.9355307161888735"><ele>1843.1</ele></trkpt><trkpt lat="46.14849165646283" lon="7.935517716506498"><ele>1841.1</ele></trkpt><trkpt lat="46.14844665669454" lon="7.93551671669679"><ele>1839.9</ele></trkpt><trkpt lat="46.14841165679169" lon="7.9355037167767035"><ele>1839.4</ele></trkpt><trkpt lat="46.14841165679169" lon="7.9355037167767035"><ele>1839.4</ele></trkpt><trkpt lat="46.148357656870324" lon="7.935515716839823"><ele>1839.0</ele></trkpt><trkpt lat="46.14831165708296" lon="7.93554171701314"><ele>1837.9</ele></trkpt><trkpt lat="46.14827565725686" lon="7.935541717155843"><ele>1837.0</ele></trkpt><trkpt lat="46.14823065743111" lon="7.935553717298085"><ele>1836.1</ele></trkpt><trkpt lat="46.148185657624445" lon="7.935553717456669"><ele>1835.1</ele></trkpt><trkpt lat="46.14811365785719" lon="7.935565717646559"><ele>1833.9</ele></trkpt><trkpt lat="46.148077657973566" lon="7.935578717741205"><ele>1833.3</ele></trkpt><trkpt lat="46.147996658359986" lon="7.93556471805892"><ele>1831.3</ele></trkpt><trkpt lat="46.147996658359986" lon="7.93556471805892"><ele>1831.3</ele></trkpt><trkpt lat="46.147960658533904" lon="7.935576718201111"><ele>1830.4</ele></trkpt><trkpt lat="46.14791565874653" lon="7.935602718374425"><ele>1829.3</ele></trkpt><trkpt lat="46.14786165894032" lon="7.935640718531457"><ele>1828.3</ele></trkpt><trkpt lat="46.14782565903751" lon="7.935666718609721"><ele>1827.8</ele></trkpt><trkpt lat="46.14776265915482" lon="7.935704718703462"><ele>1827.2</ele></trkpt><trkpt lat="46.147690659234065" lon="7.93572971876614"><ele>1826.8</ele></trkpt><trkpt lat="46.14766365927337" lon="7.935755718796858"><ele>1826.6</ele></trkpt><trkpt lat="46.14763665931273" lon="7.935781718827572"><ele>1826.4</ele></trkpt><trkpt lat="46.14760965935202" lon="7.935793718858881"><ele>1826.2</ele></trkpt><trkpt lat="46.14758265937213" lon="7.935793718874865"><ele>1826.1</ele></trkpt><trkpt lat="46.14754665943093" lon="7.93579371892256"><ele>1825.8</ele></trkpt><trkpt lat="46.147474659452435" lon="7.935766718939926"><ele>1825.7</ele></trkpt><trkpt lat="46.14739365949349" lon="7.935752718972627"><ele>1825.5</ele></trkpt><trkpt lat="46.147321659572654" lon="7.9357527190363575"><ele>1825.1</ele></trkpt><trkpt lat="46.14728565959301" lon="7.935739719052935"><ele>1825.0</ele></trkpt><trkpt lat="46.147249659575024" lon="7.935725719037882"><ele>1825.1</ele></trkpt><trkpt lat="46.14718665963463" lon="7.935699719086827"><ele>1824.8</ele></trkpt><trkpt lat="46.14712365973261" lon="7.935659719168026"><ele>1824.3</ele></trkpt><trkpt lat="46.1470976597526" lon="7.935646719184547"><ele>1824.2</ele></trkpt><trkpt lat="46.147043659715884" lon="7.935568719156462"><ele>1824.4</ele></trkpt><trkpt lat="46.14702565977403" lon="7.935555719204608"><ele>1824.1</ele></trkpt><trkpt lat="46.14700765983218" lon="7.935542719252752"><ele>1823.8</ele></trkpt><trkpt lat="46.14697165983335" lon="7.935542719252949"><ele>1823.8</ele></trkpt><trkpt lat="46.14691765981599" lon="7.9355417192374516"><ele>1823.9</ele></trkpt><trkpt lat="46.14678265987811" lon="7.935553719285182"><ele>1823.6</ele></trkpt><trkpt lat="46.1466926599579" lon="7.9355657193485"><ele>1823.2</ele></trkpt><trkpt lat="46.14665665999749" lon="7.935578719379813"><ele>1823.0</ele></trkpt><trkpt lat="46.146620660017874" lon="7.935577719395884"><ele>1822.9</ele></trkpt><trkpt lat="46.14657566003855" lon="7.935577719411963"><ele>1822.8</ele></trkpt><trkpt lat="46.14654866007788" lon="7.935589719443272"><ele>1822.6</ele></trkpt><trkpt lat="46.14652166007879" lon="7.935602719442871"><ele>1822.6</ele></trkpt><trkpt lat="46.14648566008004" lon="7.93561571944252"><ele>1822.6</ele></trkpt><trkpt lat="46.14644966004287" lon="7.93561471941109"><ele>1822.8</ele></trkpt><trkpt lat="46.146386660006655" lon="7.935601719380318"><ele>1823.0</ele></trkpt><trkpt lat="46.14634165993137" lon="7.935588719317777"><ele>1823.4</ele></trkpt><trkpt lat="46.146296659913695" lon="7.935600719301678"><ele>1823.5</ele></trkpt><trkpt lat="46.14612565995786" lon="7.935612719333775"><ele>1823.3</ele></trkpt><trkpt lat="46.14607165997889" lon="7.935624719349392"><ele>1823.2</ele></trkpt><trkpt lat="46.14597265996306" lon="7.935636719333594"><ele>1823.3</ele></trkpt><trkpt lat="46.14582866015983" lon="7.9356867194906044"><ele>1822.3</ele></trkpt><trkpt lat="46.145774660180855" lon="7.935712719505638"><ele>1822.2</ele></trkpt><trkpt lat="46.14572066024025" lon="7.935711719553473"><ele>1821.9</ele></trkpt><trkpt lat="46.14568466024147" lon="7.935724719553125"><ele>1821.9</ele></trkpt><trkpt lat="46.1456306602433" lon="7.935724719553417"><ele>1821.9</ele></trkpt><trkpt lat="46.14558566018723" lon="7.935723719506203"><ele>1822.2</ele></trkpt><trkpt lat="46.145549660169316" lon="7.93573671949002"><ele>1822.3</ele></trkpt><trkpt lat="46.145504660151666" lon="7.935748719473924"><ele>1822.4</ele></trkpt><trkpt lat="46.145459660114795" lon="7.9357487194425005"><ele>1822.6</ele></trkpt><trkpt lat="46.145333660080716" lon="7.935760719411017"><ele>1822.8</ele></trkpt><trkpt lat="46.145279660120885" lon="7.935759719443017"><ele>1822.6</ele></trkpt><trkpt lat="46.145243660122055" lon="7.935746719443758"><ele>1822.6</ele></trkpt><trkpt lat="46.14518966006633" lon="7.935732719397144"><ele>1822.9</ele></trkpt><trkpt lat="46.145144660067864" lon="7.935732719397388"><ele>1822.9</ele></trkpt><trkpt lat="46.145054660109196" lon="7.935731719429587"><ele>1822.7</ele></trkpt><trkpt lat="46.14494666022786" lon="7.935717719525762"><ele>1822.1</ele></trkpt><trkpt lat="46.144892660248836" lon="7.9357047195424375"><ele>1822.0</ele></trkpt><trkpt lat="46.144829660250885" lon="7.935677719543918"><ele>1822.0</ele></trkpt><trkpt lat="46.14469566033206" lon="7.935650719609115"><ele>1821.6</ele></trkpt><trkpt lat="46.14465066039112" lon="7.935650719656856"><ele>1821.3</ele></trkpt><trkpt lat="46.14459666052718" lon="7.935649719768024"><ele>1820.6</ele></trkpt><trkpt lat="46.14453366060599" lon="7.935649719831698"><ele>1820.2</ele></trkpt><trkpt lat="46.14447966066541" lon="7.935661719878986"><ele>1819.9</ele></trkpt><trkpt lat="46.14446166070441" lon="7.935674719910204"><ele>1819.7</ele></trkpt><trkpt lat="46.14433566088127" lon="7.935699720052336"><ele>1818.8</ele></trkpt><trkpt lat="46.144209660904785" lon="7.935736720067298"><ele>1818.7</ele></trkpt><trkpt lat="46.14408366102406" lon="7.935748720162473"><ele>1818.1</ele></trkpt><trkpt lat="46.143993661065494" lon="7.93574772019467"><ele>1817.9</ele></trkpt><trkpt lat="46.14393066108675" lon="7.935747720210845"><ele>1817.8</ele></trkpt><trkpt lat="46.143858661050785" lon="7.935746720179611"><ele>1818.0</ele></trkpt><trkpt lat="46.1437236610553" lon="7.93575872017984"><ele>1818.0</ele></trkpt><trkpt lat="46.14368766105662" lon="7.93577172017949"><ele>1818.0</ele></trkpt><trkpt lat="46.143642661058145" lon="7.935796720178683"><ele>1818.0</ele></trkpt><trkpt lat="46.14357966107941" lon="7.935795720194896"><ele>1817.9</ele></trkpt><trkpt lat="46.143534661023324" lon="7.935769720148737"><ele>1818.2</ele></trkpt><trkpt lat="46.14349866098615" lon="7.935756720117811"><ele>1818.4</ele></trkpt><trkpt lat="46.143462660929785" lon="7.935743720071053"><ele>1818.7</ele></trkpt><trkpt lat="46.143426660931" lon="7.935729720071841"><ele>1818.7</ele></trkpt><trkpt lat="46.14339966089347" lon="7.935716720040865"><ele>1818.9</ele></trkpt><trkpt lat="46.143363660837124" lon="7.935690719994655"><ele>1819.2</ele></trkpt><trkpt lat="46.143291660877956" lon="7.935715720025658"><ele>1819.0</ele></trkpt><trkpt lat="46.14319266097718" lon="7.935727720104858"><ele>1818.5</ele></trkpt><trkpt lat="46.14316566103565" lon="7.9357537201514114"><ele>1818.2</ele></trkpt><trkpt lat="46.143129661075285" lon="7.935778720182227"><ele>1818.0</ele></trkpt><trkpt lat="46.14308466115353" lon="7.935791720245253"><ele>1817.6</ele></trkpt><trkpt lat="46.14304866115475" lon="7.935791720245448"><ele>1817.6</ele></trkpt><trkpt lat="46.14302166117479" lon="7.9357777202620134"><ele>1817.5</ele></trkpt><trkpt lat="46.14300366115614" lon="7.935751720247367"><ele>1817.6</ele></trkpt><trkpt lat="46.142976661080304" lon="7.935725720185277"><ele>1818.0</ele></trkpt><trkpt lat="46.142940661081454" lon="7.935712720186021"><ele>1818.0</ele></trkpt><trkpt lat="46.14287766119863" lon="7.9357117202813985"><ele>1817.4</ele></trkpt><trkpt lat="46.14276966125971" lon="7.9356977203300705"><ele>1817.1</ele></trkpt><trkpt lat="46.142715661223264" lon="7.935710720298153"><ele>1817.3</ele></trkpt><trkpt lat="46.1426616611867" lon="7.935722720266279"><ele>1817.5</ele></trkpt><trkpt lat="46.14260766120776" lon="7.935748720281312"><ele>1817.4</ele></trkpt><trkpt lat="46.14257166122819" lon="7.935760720296838"><ele>1817.3</ele></trkpt><trkpt lat="46.14253566124858" lon="7.935773720312317"><ele>1817.2</ele></trkpt><trkpt lat="46.14248166121209" lon="7.935785720280441"><ele>1817.4</ele></trkpt><trkpt lat="46.14245466121306" lon="7.9358117202794975"><ele>1817.4</ele></trkpt><trkpt lat="46.14241866123343" lon="7.935811720295523"><ele>1817.3</ele></trkpt><trkpt lat="46.14238266119633" lon="7.935836720263003"><ele>1817.5</ele></trkpt><trkpt lat="46.142355661235605" lon="7.935849720294269"><ele>1817.3</ele></trkpt><trkpt lat="46.14231966131352" lon="7.935849720357796"><ele>1816.9</ele></trkpt><trkpt lat="46.1422566613731" lon="7.935835720406223"><ele>1816.6</ele></trkpt><trkpt lat="46.1422566613731" lon="7.935835720406223"><ele>1816.6</ele></trkpt><trkpt lat="46.142256661315635" lon="7.935874720357088"><ele>1816.9</ele></trkpt><trkpt lat="46.14224766129685" lon="7.935900720340213"><ele>1817.0</ele></trkpt><trkpt lat="46.14222966127832" lon="7.935913720323932"><ele>1817.1</ele></trkpt><trkpt lat="46.14220266124083" lon="7.935912720292459"><ele>1817.3</ele></trkpt><trkpt lat="46.142112661186395" lon="7.9359247202449374"><ele>1817.6</ele></trkpt><trkpt lat="46.142049661131" lon="7.935937720197236"><ele>1817.9</ele></trkpt><trkpt lat="46.14194066101973" lon="7.93598872010069"><ele>1818.5</ele></trkpt><trkpt lat="46.141868660926384" lon="7.936039720019774"><ele>1819.0</ele></trkpt><trkpt lat="46.14181466087077" lon="7.936090719970424"><ele>1819.3</ele></trkpt><trkpt lat="46.14181466087077" lon="7.936090719970424"><ele>1819.3</ele></trkpt><trkpt lat="46.14177866094865" lon="7.936090720033952"><ele>1818.9</ele></trkpt><trkpt lat="46.141742661026605" lon="7.936102720096976"><ele>1818.5</ele></trkpt><trkpt lat="46.141724661027226" lon="7.936115720096528"><ele>1818.5</ele></trkpt><trkpt lat="46.14171566106592" lon="7.936128720127696"><ele>1818.3</ele></trkpt><trkpt lat="46.141643661432724" lon="7.936153720427871"><ele>1816.4</ele></trkpt><trkpt lat="46.141616661529525" lon="7.936179720506091"><ele>1815.9</ele></trkpt><trkpt lat="46.141598661626034" lon="7.936192720584812"><ele>1815.4</ele></trkpt><trkpt lat="46.14157166166533" lon="7.936217720615576"><ele>1815.2</ele></trkpt><trkpt lat="46.141552661666026" lon="7.936256720614045"><ele>1815.2</ele></trkpt><trkpt lat="46.14149866170634" lon="7.936307720643867"><ele>1815.0</ele></trkpt><trkpt lat="46.14148066172615" lon="7.936320720659252"><ele>1814.9</ele></trkpt><trkpt lat="46.14146266174596" lon="7.93633372067464"><ele>1814.8</ele></trkpt><trkpt lat="46.14143566174687" lon="7.936345720674282"><ele>1814.8</ele></trkpt><trkpt lat="46.14140866174782" lon="7.936358720673882"><ele>1814.8</ele></trkpt><trkpt lat="46.14136366178775" lon="7.936383720704749"><ele>1814.6</ele></trkpt><trkpt lat="46.14134566182668" lon="7.936396720735968"><ele>1814.4</ele></trkpt><trkpt lat="46.14131866184673" lon="7.936383720752491"><ele>1814.3</ele></trkpt><trkpt lat="46.14124666204094" lon="7.93639572091072"><ele>1813.3</ele></trkpt><trkpt lat="46.141219662118495" lon="7.9363957209742"><ele>1812.9</ele></trkpt><trkpt lat="46.14119266221529" lon="7.936395721053516"><ele>1812.4</ele></trkpt><trkpt lat="46.14112966229408" lon="7.936394721117231"><ele>1812.0</ele></trkpt><trkpt lat="46.14107566237263" lon="7.93642072117977"><ele>1811.6</ele></trkpt><trkpt lat="46.14104866241189" lon="7.936419721211624"><ele>1811.4</ele></trkpt><trkpt lat="46.14098566266319" lon="7.936406721418348"><ele>1810.1</ele></trkpt><trkpt lat="46.14095866277917" lon="7.936419721512956"><ele>1809.5</ele></trkpt><trkpt lat="46.140940662875714" lon="7.936444721591176"><ele>1809.0</ele></trkpt><trkpt lat="46.14088666306932" lon="7.936470721748719"><ele>1808.0</ele></trkpt><trkpt lat="46.14085966314695" lon="7.9364957218111565"><ele>1807.6</ele></trkpt><trkpt lat="46.14078766330274" lon="7.936521721937137"><ele>1806.8</ele></trkpt><trkpt lat="46.14076066336119" lon="7.936533721984283"><ele>1806.5</ele></trkpt><trkpt lat="46.14069766342094" lon="7.936559722031038"><ele>1806.2</ele></trkpt><trkpt lat="46.1406526634416" lon="7.936571722046613"><ele>1806.1</ele></trkpt><trkpt lat="46.14062566342329" lon="7.9365587220314655"><ele>1806.2</ele></trkpt><trkpt lat="46.14055366342568" lon="7.9365447220324405"><ele>1806.2</ele></trkpt><trkpt lat="46.14049066344685" lon="7.936518722049697"><ele>1806.1</ele></trkpt><trkpt lat="46.14047266346656" lon="7.936505722066172"><ele>1806.0</ele></trkpt><trkpt lat="46.14047266346656" lon="7.936505722066172"><ele>1806.0</ele></trkpt><trkpt lat="46.140418663583446" lon="7.9365047221615095"><ele>1805.4</ele></trkpt><trkpt lat="46.14033766385448" lon="7.9364787223847"><ele>1804.0</ele></trkpt><trkpt lat="46.14030166398986" lon="7.936464722496318"><ele>1803.3</ele></trkpt><trkpt lat="46.14023866414523" lon="7.936438722624409"><ele>1802.5</ele></trkpt><trkpt lat="46.14022066420328" lon="7.936412722673085"><ele>1802.2</ele></trkpt><trkpt lat="46.14021266429936" lon="7.93638672275338"><ele>1801.7</ele></trkpt><trkpt lat="46.14021266429936" lon="7.93638672275338"><ele>1801.7</ele></trkpt><trkpt lat="46.14018566424279" lon="7.936399722705482"><ele>1802.0</ele></trkpt><trkpt lat="46.140157664186205" lon="7.936411722657635"><ele>1802.3</ele></trkpt><trkpt lat="46.14014066416758" lon="7.936398722642433"><ele>1802.4</ele></trkpt><trkpt lat="46.14011366414921" lon="7.936359722628366"><ele>1802.5</ele></trkpt><trkpt lat="46.14005966415094" lon="7.9363207226302785"><ele>1802.5</ele></trkpt><trkpt lat="46.13997866421101" lon="7.936267722680423"><ele>1802.2</ele></trkpt><trkpt lat="46.13988066430991" lon="7.936176722763903"><ele>1801.7</ele></trkpt><trkpt lat="46.13983566444552" lon="7.936137722876598"><ele>1801.0</ele></trkpt><trkpt lat="46.13979066448533" lon="7.936123722909084"><ele>1800.8</ele></trkpt><trkpt lat="46.13972766465999" lon="7.936136723051383"><ele>1799.9</ele></trkpt><trkpt lat="46.13964666487355" lon="7.93613572322602"><ele>1798.8</ele></trkpt><trkpt lat="46.13958366500981" lon="7.93613472333723"><ele>1798.1</ele></trkpt><trkpt lat="46.13954766508777" lon="7.936147723400215"><ele>1797.7</ele></trkpt><trkpt lat="46.13950266522352" lon="7.936198723509165"><ele>1797.0</ele></trkpt><trkpt lat="46.139439665436555" lon="7.936237723682049"><ele>1795.9</ele></trkpt><trkpt lat="46.139267666017524" lon="7.936313724154816"><ele>1792.9</ele></trkpt><trkpt lat="46.138925666354865" lon="7.936387724422744"><ele>1791.2</ele></trkpt><trkpt lat="46.13855666661652" lon="7.936500724625882"><ele>1789.9</ele></trkpt><trkpt lat="46.1385026667142" lon="7.9365397247037235"><ele>1789.4</ele></trkpt><trkpt lat="46.13837566708275" lon="7.936602725002642"><ele>1787.5</ele></trkpt><trkpt lat="46.1381956673764" lon="7.936678725237973"><ele>1786.0</ele></trkpt><trkpt lat="46.13815066753128" lon="7.936717725363277"><ele>1785.2</ele></trkpt><trkpt lat="46.13811466774338" lon="7.936742725536611"><ele>1784.1</ele></trkpt><trkpt lat="46.137988668092675" lon="7.9368067258196575"><ele>1782.3</ele></trkpt><trkpt lat="46.13784466838501" lon="7.936856726055876"><ele>1780.8</ele></trkpt><trkpt lat="46.13772666858066" lon="7.936920726212217"><ele>1779.8</ele></trkpt><trkpt lat="46.13763666879453" lon="7.936945726385845"><ele>1778.7</ele></trkpt><trkpt lat="46.1375736690266" lon="7.936944726576228"><ele>1777.5</ele></trkpt><trkpt lat="46.13753766916195" lon="7.9369447266872575"><ele>1776.8</ele></trkpt><trkpt lat="46.13750166931655" lon="7.9369697268131"><ele>1776.0</ele></trkpt><trkpt lat="46.1374746694133" lon="7.936995726891352"><ele>1775.5</ele></trkpt><trkpt lat="46.13744766947167" lon="7.936995726938998"><ele>1775.2</ele></trkpt><trkpt lat="46.13744766947167" lon="7.936995726938998"><ele>1775.2</ele></trkpt><trkpt lat="46.13743866949111" lon="7.936982726955411"><ele>1775.1</ele></trkpt><trkpt lat="46.13741166958779" lon="7.936956727035791"><ele>1774.6</ele></trkpt><trkpt lat="46.137348669896554" lon="7.936981727288449"><ele>1773.0</ele></trkpt><trkpt lat="46.13732166999332" lon="7.936994727367229"><ele>1772.5</ele></trkpt><trkpt lat="46.13723167018801" lon="7.937045727523965"><ele>1771.5</ele></trkpt><trkpt lat="46.13721367024609" lon="7.937044727571604"><ele>1771.2</ele></trkpt><trkpt lat="46.137186670419496" lon="7.937044727714258"><ele>1770.3</ele></trkpt><trkpt lat="46.137150670439816" lon="7.937031727730815"><ele>1770.2</ele></trkpt><trkpt lat="46.13712367044059" lon="7.936992727732547"><ele>1770.2</ele></trkpt><trkpt lat="46.137105670498606" lon="7.936979727780678"><ele>1769.9</ele></trkpt><trkpt lat="46.13707967055693" lon="7.93695372782938"><ele>1769.6</ele></trkpt><trkpt lat="46.13707967055693" lon="7.93695372782938"><ele>1769.6</ele></trkpt><trkpt lat="46.13697067098235" lon="7.937055728174147"><ele>1767.4</ele></trkpt><trkpt lat="46.13694367113671" lon="7.937120728298312"><ele>1766.6</ele></trkpt><trkpt lat="46.136898671291604" lon="7.93715872842368"><ele>1765.8</ele></trkpt><trkpt lat="46.1368706714651" lon="7.937222728563731"><ele>1764.9</ele></trkpt><trkpt lat="46.13680767173562" lon="7.937287728783103"><ele>1763.5</ele></trkpt><trkpt lat="46.136744672025365" lon="7.937377729017304"><ele>1762.0</ele></trkpt><trkpt lat="46.13672667208343" lon="7.937389729064411"><ele>1761.7</ele></trkpt><trkpt lat="46.13669967223777" lon="7.937441729189125"><ele>1760.9</ele></trkpt><trkpt lat="46.13668067237263" lon="7.937467729299014"><ele>1760.2</ele></trkpt><trkpt lat="46.13664467252716" lon="7.9374927294248705"><ele>1759.4</ele></trkpt><trkpt lat="46.1366086727009" lon="7.937531729565993"><ele>1758.5</ele></trkpt><trkpt lat="46.136581672816874" lon="7.937582729659081"><ele>1757.9</ele></trkpt><trkpt lat="46.13656367293254" lon="7.93762172975261"><ele>1757.3</ele></trkpt><trkpt lat="46.13649067324175" lon="7.937724730002188"><ele>1755.7</ele></trkpt><trkpt lat="46.1364366734544" lon="7.937775730174603"><ele>1754.6</ele></trkpt><trkpt lat="46.13635567380211" lon="7.937826730458012"><ele>1752.8</ele></trkpt><trkpt lat="46.13632867395638" lon="7.937852730583791"><ele>1752.0</ele></trkpt><trkpt lat="46.136247674284924" lon="7.937928730850358"><ele>1750.3</ele></trkpt><trkpt lat="46.135949675099745" lon="7.938081731510877"><ele>1746.1</ele></trkpt><trkpt lat="46.135850675505445" lon="7.938119731842433"><ele>1744.0</ele></trkpt><trkpt lat="46.13558967675957" lon="7.938168732871211"><ele>1737.5</ele></trkpt><trkpt lat="46.13553567699126" lon="7.938168733061535"><ele>1736.3</ele></trkpt><trkpt lat="46.13552667706815" lon="7.938142733125967"><ele>1735.9</ele></trkpt><trkpt lat="46.135535677144475" lon="7.93811673319031"><ele>1735.5</ele></trkpt><trkpt lat="46.13558067733447" lon="7.938039733351526"><ele>1734.5</ele></trkpt><trkpt lat="46.135608677486736" lon="7.93797473348067"><ele>1733.7</ele></trkpt><trkpt lat="46.1356446776387" lon="7.9378847336107725"><ele>1732.9</ele></trkpt><trkpt lat="46.13576267828588" lon="7.937588734160401"><ele>1729.5</ele></trkpt><trkpt lat="46.135853678991566" lon="7.9373567347550775"><ele>1725.8</ele></trkpt><trkpt lat="46.13591767902773" lon="7.937291734789007"><ele>1725.6</ele></trkpt><trkpt lat="46.13594467910337" lon="7.937240734854235"><ele>1725.2</ele></trkpt><trkpt lat="46.13601667931174" lon="7.937163735031108"><ele>1724.1</ele></trkpt><trkpt lat="46.13602567936884" lon="7.937111735080632"><ele>1723.8</ele></trkpt><trkpt lat="46.13602567936884" lon="7.937111735080632"><ele>1723.8</ele></trkpt><trkpt lat="46.13603567936839" lon="7.937047735083127"><ele>1723.8</ele></trkpt><trkpt lat="46.136080679635135" lon="7.936982735307158"><ele>1722.4</ele></trkpt><trkpt lat="46.136125679786886" lon="7.936931735435626"><ele>1721.6</ele></trkpt><trkpt lat="46.13618968005296" lon="7.936828735661057"><ele>1720.2</ele></trkpt><trkpt lat="46.13626168020386" lon="7.936764735789896"><ele>1719.4</ele></trkpt><trkpt lat="46.13637868062154" lon="7.936636736142709"><ele>1717.2</ele></trkpt><trkpt lat="46.13643368083044" lon="7.936559736319643"><ele>1716.1</ele></trkpt><trkpt lat="46.13646968102082" lon="7.936507736479843"><ele>1715.1</ele></trkpt><trkpt lat="46.13647868117374" lon="7.9364427366090355"><ele>1714.3</ele></trkpt><trkpt lat="46.136505681268595" lon="7.93639173669008"><ele>1713.8</ele></trkpt><trkpt lat="46.13655968145847" lon="7.9363537368496315"><ele>1712.8</ele></trkpt><trkpt lat="46.13658768155336" lon="7.9363277369296785"><ele>1712.3</ele></trkpt><trkpt lat="46.13660568174428" lon="7.936250737090953"><ele>1711.3</ele></trkpt><trkpt lat="46.13663268220315" lon="7.936120737475924"><ele>1708.9</ele></trkpt><trkpt lat="46.136660682470435" lon="7.936043737700467"><ele>1707.5</ele></trkpt><trkpt lat="46.13666968266169" lon="7.935991737860785"><ele>1706.5</ele></trkpt><trkpt lat="46.13666068271941" lon="7.93596573790935"><ele>1706.2</ele></trkpt><trkpt lat="46.13665168275804" lon="7.9359657379410615"><ele>1706.0</ele></trkpt><trkpt lat="46.13662468287396" lon="7.936004738034658"><ele>1705.4</ele></trkpt><trkpt lat="46.13658868306678" lon="7.936042738191668"><ele>1704.4</ele></trkpt><trkpt lat="46.13654368320246" lon="7.936081738301192"><ele>1703.7</ele></trkpt><trkpt lat="46.13650668333784" lon="7.936119738410715"><ele>1703.0</ele></trkpt><trkpt lat="46.136425683647175" lon="7.936170738662445"><ele>1701.4</ele></trkpt><trkpt lat="46.13628168418863" lon="7.936337739099947"><ele>1698.6</ele></trkpt><trkpt lat="46.136208684382765" lon="7.93640173925614"><ele>1697.6</ele></trkpt><trkpt lat="46.136145684653066" lon="7.936439739476635"><ele>1696.2</ele></trkpt><trkpt lat="46.136055684847555" lon="7.936452739634913"><ele>1695.2</ele></trkpt><trkpt lat="46.13599268504118" lon="7.936451739793603"><ele>1694.2</ele></trkpt><trkpt lat="46.13593868523442" lon="7.936425739953222"><ele>1693.2</ele></trkpt><trkpt lat="46.135903685407925" lon="7.936385740097455"><ele>1692.3</ele></trkpt><trkpt lat="46.135867685543225" lon="7.936398740207963"><ele>1691.6</ele></trkpt><trkpt lat="46.135821685736346" lon="7.9364247403655135"><ele>1690.6</ele></trkpt><trkpt lat="46.135650686105954" lon="7.936513740663737"><ele>1688.7</ele></trkpt><trkpt lat="46.135542686416066" lon="7.936563740915666"><ele>1687.1</ele></trkpt><trkpt lat="46.13547968664804" lon="7.936602741104472"><ele>1685.9</ele></trkpt><trkpt lat="46.13541668689925" lon="7.936653741308641"><ele>1684.6</ele></trkpt><trkpt lat="46.13533468741936" lon="7.9367307417335695"><ele>1681.9</ele></trkpt><trkpt lat="46.13529868755473" lon="7.93678174184261"><ele>1681.2</ele></trkpt><trkpt lat="46.13525368759453" lon="7.936807741873498"><ele>1681.0</ele></trkpt><trkpt lat="46.13525368759453" lon="7.936807741873498"><ele>1681.0</ele></trkpt><trkpt lat="46.13520868753861" lon="7.9368977418227304"><ele>1681.3</ele></trkpt><trkpt lat="46.13520868753861" lon="7.9368977418227304"><ele>1681.3</ele></trkpt><trkpt lat="46.13519068755828" lon="7.9368847418391635"><ele>1681.2</ele></trkpt><trkpt lat="46.135163687769946" lon="7.9368967420130065"><ele>1680.1</ele></trkpt><trkpt lat="46.13510868832751" lon="7.936986742468985"><ele>1677.2</ele></trkpt><trkpt lat="46.13509068853897" lon="7.937025742641746"><ele>1676.1</ele></trkpt><trkpt lat="46.135018688962894" lon="7.937076742988496"><ele>1673.9</ele></trkpt><trkpt lat="46.134982689155656" lon="7.937102743146014"><ele>1672.9</ele></trkpt><trkpt lat="46.13489268956088" lon="7.937114743478527"><ele>1670.8</ele></trkpt><trkpt lat="46.13483868981171" lon="7.937139743683684"><ele>1669.5</ele></trkpt><trkpt lat="46.13478469004336" lon="7.937165743872964"><ele>1668.3</ele></trkpt><trkpt lat="46.134739690236465" lon="7.937203744030077"><ele>1667.3</ele></trkpt><trkpt lat="46.13465769062238" lon="7.937280744344222"><ele>1665.3</ele></trkpt><trkpt lat="46.13456769106611" lon="7.937396744704422"><ele>1663.0</ele></trkpt><trkpt lat="46.13448569147126" lon="7.937498745033464"><ele>1660.9</ele></trkpt><trkpt lat="46.13443169172203" lon="7.9375507452376"><ele>1659.6</ele></trkpt><trkpt lat="46.13440469183791" lon="7.937562745332291"><ele>1659.0</ele></trkpt><trkpt lat="46.13435969205014" lon="7.937588745505711"><ele>1657.9</ele></trkpt><trkpt lat="46.13431469222395" lon="7.937587745648494"><ele>1657.0</ele></trkpt><trkpt lat="46.13417069284145" lon="7.937586746155976"><ele>1653.8</ele></trkpt><trkpt lat="46.13399069363257" lon="7.9375847468061975"><ele>1649.7</ele></trkpt><trkpt lat="46.133954693786954" lon="7.937597746932561"><ele>1648.9</ele></trkpt><trkpt lat="46.1337926944243" lon="7.937673747453046"><ele>1645.6</ele></trkpt><trkpt lat="46.133648695061105" lon="7.937749747973453"><ele>1642.3</ele></trkpt><trkpt lat="46.13353969554353" lon="7.937813748367467"><ele>1639.8</ele></trkpt><trkpt lat="46.13337769629591" lon="7.937928748981525"><ele>1635.9</ele></trkpt><trkpt lat="46.133269696778335" lon="7.938031749374081"><ele>1633.4</ele></trkpt><trkpt lat="46.133178697221894" lon="7.9381077497359085"><ele>1631.1</ele></trkpt><trkpt lat="46.133124697530185" lon="7.9381727499871175"><ele>1629.5</ele></trkpt><trkpt lat="46.133061697838755" lon="7.938236750238409"><ele>1627.9</ele></trkpt><trkpt lat="46.13299769818572" lon="7.938313750520901"><ele>1626.1</ele></trkpt><trkpt lat="46.132943698417314" lon="7.938351750709786"><ele>1624.9</ele></trkpt><trkpt lat="46.13283569891884" lon="7.938428751119199"><ele>1622.3</ele></trkpt><trkpt lat="46.132709699535845" lon="7.9385047516237695"><ele>1619.1</ele></trkpt><trkpt lat="46.132619699998415" lon="7.938568752001919"><ele>1616.7</ele></trkpt><trkpt lat="46.132528700403604" lon="7.938658752331597"><ele>1614.6</ele></trkpt><trkpt lat="46.13248370067335" lon="7.938735752550684"><ele>1613.2</ele></trkpt><trkpt lat="46.132437701077244" lon="7.938851752879196"><ele>1611.1</ele></trkpt><trkpt lat="46.132392701308646" lon="7.938941753066138"><ele>1609.9</ele></trkpt><trkpt lat="46.13236570153948" lon="7.9390067532539215"><ele>1608.7</ele></trkpt><trkpt lat="46.132338701655264" lon="7.939044753347676"><ele>1608.1</ele></trkpt><trkpt lat="46.132338701655264" lon="7.939044753347676"><ele>1608.1</ele></trkpt><trkpt lat="46.13233870163607" lon="7.939005753333281"><ele>1608.2</ele></trkpt><trkpt lat="46.13235670176959" lon="7.9389547534459535"><ele>1607.5</ele></trkpt><trkpt lat="46.132365701941524" lon="7.93886375359182"><ele>1606.6</ele></trkpt><trkpt lat="46.13236670209466" lon="7.938812753720402"><ele>1605.8</ele></trkpt><trkpt lat="46.132357702401116" lon="7.938656753979616"><ele>1604.2</ele></trkpt><trkpt lat="46.132357702496854" lon="7.938617754060246"><ele>1603.7</ele></trkpt><trkpt lat="46.13236770259225" lon="7.938566754141267"><ele>1603.2</ele></trkpt><trkpt lat="46.13238570280227" lon="7.938475754318749"><ele>1602.1</ele></trkpt><trkpt lat="46.13238570280227" lon="7.938475754318749"><ele>1602.1</ele></trkpt><trkpt lat="46.132404703069724" lon="7.938359754544652"><ele>1600.7</ele></trkpt><trkpt lat="46.13244070316432" lon="7.9382957546260196"><ele>1600.2</ele></trkpt><trkpt lat="46.13245870324031" lon="7.938243754691197"><ele>1599.8</ele></trkpt><trkpt lat="46.132503703392175" lon="7.938205754819072"><ele>1599.0</ele></trkpt><trkpt lat="46.13252170346819" lon="7.938179754883291"><ele>1598.6</ele></trkpt><trkpt lat="46.13255770369701" lon="7.938141755074555"><ele>1597.4</ele></trkpt><trkpt lat="46.13256770379243" lon="7.9381027551551195"><ele>1596.9</ele></trkpt><trkpt lat="46.13256770384984" lon="7.938076755203586"><ele>1596.6</ele></trkpt><trkpt lat="46.13256770384984" lon="7.938076755203586"><ele>1596.6</ele></trkpt><trkpt lat="46.132513703966474" lon="7.938114755297467"><ele>1596.0</ele></trkpt><trkpt lat="46.13244970410251" lon="7.938140755407676"><ele>1595.3</ele></trkpt><trkpt lat="46.132332704374214" lon="7.938190755628114"><ele>1593.9</ele></trkpt><trkpt lat="46.13226970445274" lon="7.9382037556912834"><ele>1593.5</ele></trkpt><trkpt lat="46.13222470453067" lon="7.938215755754406"><ele>1593.1</ele></trkpt><trkpt lat="46.13222470453067" lon="7.938215755754406"><ele>1593.1</ele></trkpt><trkpt lat="46.13218870455093" lon="7.938215755770414"><ele>1593.0</ele></trkpt><trkpt lat="46.13218870455093" lon="7.938215755770414"><ele>1593.0</ele></trkpt><trkpt lat="46.13208970470713" lon="7.9382407558966595"><ele>1592.2</ele></trkpt><trkpt lat="46.13208970470713" lon="7.9382407558966595"><ele>1592.2</ele></trkpt><trkpt lat="46.13204470474679" lon="7.938252755928111"><ele>1592.0</ele></trkpt><trkpt lat="46.13204470474679" lon="7.938252755928111"><ele>1592.0</ele></trkpt><trkpt lat="46.131864705211925" lon="7.938302756307225"><ele>1589.6</ele></trkpt><trkpt lat="46.131765705425586" lon="7.9383147564814625"><ele>1588.5</ele></trkpt><trkpt lat="46.13168470561951" lon="7.938327756639739"><ele>1587.5</ele></trkpt><trkpt lat="46.13150470591213" lon="7.938325756878224"><ele>1586.0</ele></trkpt><trkpt lat="46.131459706028366" lon="7.938325756973456"><ele>1585.4</ele></trkpt><trkpt lat="46.13141470608715" lon="7.938337757020741"><ele>1585.1</ele></trkpt><trkpt lat="46.13128870626336" lon="7.938388757162015"><ele>1584.2</ele></trkpt><trkpt lat="46.13122570634186" lon="7.9384267572242795"><ele>1583.8</ele></trkpt><trkpt lat="46.13118970638126" lon="7.938452757255172"><ele>1583.6</ele></trkpt><trkpt lat="46.13113470647879" lon="7.9385167573322875"><ele>1583.1</ele></trkpt><trkpt lat="46.1310807065571" lon="7.938580757393561"><ele>1582.7</ele></trkpt><trkpt lat="46.1310807065571" lon="7.938580757393561"><ele>1582.7</ele></trkpt><trkpt lat="46.13103570669268" lon="7.938657757501835"><ele>1582.0</ele></trkpt><trkpt lat="46.13103570669268" lon="7.938657757501835"><ele>1582.0</ele></trkpt><trkpt lat="46.13098170680928" lon="7.938721757594786"><ele>1581.4</ele></trkpt><trkpt lat="46.13091770694533" lon="7.9387737577040625"><ele>1580.7</ele></trkpt><trkpt lat="46.13083670710102" lon="7.938811757829767"><ele>1579.9</ele></trkpt><trkpt lat="46.13083670710102" lon="7.938811757829767"><ele>1579.9</ele></trkpt><trkpt lat="46.13060270751034" lon="7.938938758158862"><ele>1577.8</ele></trkpt><trkpt lat="46.13053970758878" lon="7.93895075822207"><ele>1577.4</ele></trkpt><trkpt lat="46.130368707861855" lon="7.93892375844559"><ele>1576.0</ele></trkpt><trkpt lat="46.13029670799799" lon="7.9389227585568305"><ele>1575.3</ele></trkpt><trkpt lat="46.130224708134165" lon="7.9389217586680765"><ele>1574.6</ele></trkpt><trkpt lat="46.13008970836799" lon="7.938946758857867"><ele>1573.4</ele></trkpt><trkpt lat="46.12998170850524" lon="7.938971758968332"><ele>1572.7</ele></trkpt><trkpt lat="46.1299187085646" lon="7.938996759015241"><ele>1572.4</ele></trkpt><trkpt lat="46.12987370864252" lon="7.939022759077867"><ele>1572.0</ele></trkpt><trkpt lat="46.12981070874018" lon="7.939047759156445"><ele>1571.5</ele></trkpt><trkpt lat="46.129720708819434" lon="7.93907275921932"><ele>1571.1</ele></trkpt><trkpt lat="46.12944970919134" lon="7.9391737595178755"><ele>1569.2</ele></trkpt><trkpt lat="46.129377709365855" lon="7.939198759659855"><ele>1568.3</ele></trkpt><trkpt lat="46.12927870965612" lon="7.93926275989559"><ele>1566.8</ele></trkpt><trkpt lat="46.129206709868924" lon="7.939300760068785"><ele>1565.7</ele></trkpt><trkpt lat="46.12913471002426" lon="7.9393137601953665"><ele>1564.9</ele></trkpt><trkpt lat="46.12908071015984" lon="7.939312760306522"><ele>1564.2</ele></trkpt><trkpt lat="46.12900871031513" lon="7.939311760433603"><ele>1563.4</ele></trkpt><trkpt lat="46.12887371062536" lon="7.939271760689088"><ele>1561.8</ele></trkpt><trkpt lat="46.12877471087717" lon="7.939270760895487"><ele>1560.5</ele></trkpt><trkpt lat="46.12863071120689" lon="7.93926976116545"><ele>1558.8</ele></trkpt><trkpt lat="46.12845971153731" lon="7.939255761436001"><ele>1557.1</ele></trkpt><trkpt lat="46.12837971171196" lon="7.939241761579419"><ele>1556.2</ele></trkpt><trkpt lat="46.12828071190622" lon="7.939227761738764"><ele>1555.2</ele></trkpt><trkpt lat="46.1282087120231" lon="7.939188761835525"><ele>1554.6</ele></trkpt><trkpt lat="46.12813671215916" lon="7.93913576194862"><ele>1553.9</ele></trkpt><trkpt lat="46.128091712256115" lon="7.939096762029414"><ele>1553.4</ele></trkpt><trkpt lat="46.128065712295104" lon="7.939057762062603"><ele>1553.2</ele></trkpt><trkpt lat="46.12804771231468" lon="7.93901876207992"><ele>1553.1</ele></trkpt><trkpt lat="46.12804771231468" lon="7.93901876207992"><ele>1553.1</ele></trkpt><trkpt lat="46.12803871233394" lon="7.938953762098116"><ele>1553.0</ele></trkpt><trkpt lat="46.12802071235346" lon="7.938888762116361"><ele>1552.9</ele></trkpt><trkpt lat="46.12801271239182" lon="7.9387987621512845"><ele>1552.7</ele></trkpt><trkpt lat="46.12801271239182" lon="7.9387987621512845"><ele>1552.7</ele></trkpt><trkpt lat="46.12787771239565" lon="7.9387717621528795"><ele>1552.7</ele></trkpt><trkpt lat="46.12773371239973" lon="7.938756762154086"><ele>1552.7</ele></trkpt><trkpt lat="46.12691571228897" lon="7.938723762048226"><ele>1553.4</ele></trkpt><trkpt lat="46.12679871229229" lon="7.938709762049271"><ele>1553.4</ele></trkpt><trkpt lat="46.12674471227464" lon="7.938695762034186"><ele>1553.5</ele></trkpt><trkpt lat="46.12669071227617" lon="7.938669762035368"><ele>1553.5</ele></trkpt><trkpt lat="46.12660071227863" lon="7.9386177620376435"><ele>1553.5</ele></trkpt><trkpt lat="46.126519712261675" lon="7.938564762024079"><ele>1553.6</ele></trkpt><trkpt lat="46.12645771224422" lon="7.938499762010856"><ele>1553.7</ele></trkpt><trkpt lat="46.126403712245526" lon="7.938408762014355"><ele>1553.7</ele></trkpt><trkpt lat="46.12634171220874" lon="7.938265761988089"><ele>1553.9</ele></trkpt><trkpt lat="46.126287712171816" lon="7.938174761959921"><ele>1554.1</ele></trkpt><trkpt lat="46.126234712153995" lon="7.938083761947583"><ele>1554.2</ele></trkpt><trkpt lat="46.12616271213679" lon="7.938004761934907"><ele>1554.3</ele></trkpt><trkpt lat="46.12614471211816" lon="7.937991761919625"><ele>1554.4</ele></trkpt><trkpt lat="46.12614471211816" lon="7.937991761919625"><ele>1554.4</ele></trkpt><trkpt lat="46.1260647121011" lon="7.937913761906949"><ele>1554.5</ele></trkpt><trkpt lat="46.1259747120844" lon="7.937847761893894"><ele>1554.6</ele></trkpt><trkpt lat="46.1259747120844" lon="7.937847761893894"><ele>1554.6</ele></trkpt><trkpt lat="46.125857712011" lon="7.937769761833897"><ele>1555.0</ele></trkpt><trkpt lat="46.12581271201224" lon="7.937742761835068"><ele>1555.0</ele></trkpt><trkpt lat="46.12566971195883" lon="7.9377157617892"><ele>1555.3</ele></trkpt><trkpt lat="46.12562471194095" lon="7.937702761774045"><ele>1555.4</ele></trkpt><trkpt lat="46.12560671194143" lon="7.937689761774593"><ele>1555.4</ele></trkpt><trkpt lat="46.12560671194143" lon="7.937689761774593"><ele>1555.4</ele></trkpt><trkpt lat="46.12556171192352" lon="7.937663761759897"><ele>1555.5</ele></trkpt><trkpt lat="46.12552571192455" lon="7.937636761761032"><ele>1555.5</ele></trkpt><trkpt lat="46.12541871186993" lon="7.937532761717754"><ele>1555.8</ele></trkpt><trkpt lat="46.12541871186993" lon="7.937532761717754"><ele>1555.8</ele></trkpt><trkpt lat="46.12527471183547" lon="7.937401761691447"><ele>1556.0</ele></trkpt><trkpt lat="46.12522071181782" lon="7.937336761678193"><ele>1556.1</ele></trkpt><trkpt lat="46.12519471181846" lon="7.937284761680171"><ele>1556.1</ele></trkpt><trkpt lat="46.12518571179946" lon="7.937245761665773"><ele>1556.2</ele></trkpt><trkpt lat="46.12518571179946" lon="7.937245761665773"><ele>1556.2</ele></trkpt><trkpt lat="46.12487071171284" lon="7.937281761586797"><ele>1556.7</ele></trkpt><trkpt lat="46.1247267116787" lon="7.937293761555377"><ele>1556.9</ele></trkpt><trkpt lat="46.124573711644786" lon="7.937304761524035"><ele>1557.1</ele></trkpt><trkpt lat="46.12442971159148" lon="7.937290761477711"><ele>1557.4</ele></trkpt><trkpt lat="46.12433971155572" lon="7.937276761446969"><ele>1557.6</ele></trkpt><trkpt lat="46.12425871153885" lon="7.937263761431982"><ele>1557.7</ele></trkpt><trkpt lat="46.12418671152178" lon="7.937249761416987"><ele>1557.8</ele></trkpt><trkpt lat="46.12413271150413" lon="7.937236761401875"><ele>1557.9</ele></trkpt><trkpt lat="46.12405271146809" lon="7.937196761372017"><ele>1558.1</ele></trkpt><trkpt lat="46.12405271146809" lon="7.937196761372017"><ele>1558.1</ele></trkpt><trkpt lat="46.12379171137954" lon="7.937051761299276"><ele>1558.6</ele></trkpt><trkpt lat="46.12361271132703" lon="7.936946761256378"><ele>1558.9</ele></trkpt><trkpt lat="46.12361271132703" lon="7.936946761256378"><ele>1558.9</ele></trkpt><trkpt lat="46.12353171129102" lon="7.936907761226495"><ele>1559.1</ele></trkpt><trkpt lat="46.12353171129102" lon="7.936907761226495"><ele>1559.1</ele></trkpt><trkpt lat="46.123468711273595" lon="7.936867761212396"><ele>1559.2</ele></trkpt><trkpt lat="46.12333471121985" lon="7.9367887611683585"><ele>1559.5</ele></trkpt><trkpt lat="46.12333471121985" lon="7.9367887611683585"><ele>1559.5</ele></trkpt><trkpt lat="46.12320871116592" lon="7.936723761123787"><ele>1559.8</ele></trkpt><trkpt lat="46.12312771111073" lon="7.93668376107811"><ele>1560.1</ele></trkpt><trkpt lat="46.12304771107468" lon="7.93664376104826"><ele>1560.3</ele></trkpt><trkpt lat="46.12301171103734" lon="7.936604761018166"><ele>1560.5</ele></trkpt><trkpt lat="46.12301171103734" lon="7.936604761018166"><ele>1560.5</ele></trkpt><trkpt lat="46.12293971098187" lon="7.936539760973345"><ele>1560.8</ele></trkpt><trkpt lat="46.12293971098187" lon="7.936539760973345"><ele>1560.8</ele></trkpt><trkpt lat="46.12292171094404" lon="7.936513760942705"><ele>1561.0</ele></trkpt><trkpt lat="46.12291271090598" lon="7.936487760912018"><ele>1561.2</ele></trkpt><trkpt lat="46.12289571084891" lon="7.936435760866474"><ele>1561.5</ele></trkpt><trkpt lat="46.12289571084891" lon="7.936435760866474"><ele>1561.5</ele></trkpt><trkpt lat="46.12280671046804" lon="7.936098760562412"><ele>1563.5</ele></trkpt><trkpt lat="46.12280671046804" lon="7.936098760562412"><ele>1563.5</ele></trkpt><trkpt lat="46.12271871037418" lon="7.935748760496267"><ele>1564.0</ele></trkpt><trkpt lat="46.12271871037418" lon="7.935748760496267"><ele>1564.0</ele></trkpt><trkpt lat="46.12270971037437" lon="7.93570976049771"><ele>1564.0</ele></trkpt><trkpt lat="46.12270971037437" lon="7.93570976049771"><ele>1564.0</ele></trkpt><trkpt lat="46.12277271035345" lon="7.935722760481123"><ele>1564.1</ele></trkpt><trkpt lat="46.12284471065764" lon="7.9357237607340005"><ele>1562.5</ele></trkpt><trkpt lat="46.12284471065764" lon="7.9357237607340005"><ele>1562.5</ele></trkpt><trkpt lat="46.122880710809774" lon="7.935736760859989"><ele>1561.7</ele></trkpt><trkpt lat="46.122907710866436" lon="7.935750760906843"><ele>1561.4</ele></trkpt><trkpt lat="46.122916710885356" lon="7.935763760922164"><ele>1561.3</ele></trkpt><trkpt lat="46.122924710885144" lon="7.935789760921192"><ele>1561.3</ele></trkpt><trkpt lat="46.122924710885144" lon="7.935789760921192"><ele>1561.3</ele></trkpt><trkpt lat="46.12279071115693" lon="7.935774761143956"><ele>1559.9</ele></trkpt><trkpt lat="46.12268271112173" lon="7.93576076111331"><ele>1560.1</ele></trkpt><trkpt lat="46.122610710951555" lon="7.93576076097119"><ele>1561.0</ele></trkpt><trkpt lat="46.122538710800505" lon="7.9357597608449355"><ele>1561.8</ele></trkpt><trkpt lat="46.122502710820584" lon="7.935746760861402"><ele>1561.7</ele></trkpt><trkpt lat="46.122502710820584" lon="7.935746760861402"><ele>1561.7</ele></trkpt><trkpt lat="46.12243971080332" lon="7.935745760845906"><ele>1561.8</ele></trkpt><trkpt lat="46.12236771078617" lon="7.935745760830412"><ele>1561.9</ele></trkpt><trkpt lat="46.12236771078617" lon="7.935745760830412"><ele>1561.9</ele></trkpt><trkpt lat="46.12225071077038" lon="7.935731760815635"><ele>1562.0</ele></trkpt><trkpt lat="46.12199871070099" lon="7.935690760754979"><ele>1562.4</ele></trkpt><trkpt lat="46.121378710508104" lon="7.935593760587271"><ele>1563.5</ele></trkpt><trkpt lat="46.12115371049533" lon="7.93555276057397"><ele>1563.6</ele></trkpt><trkpt lat="46.12090271042596" lon="7.935524760512846"><ele>1564.0</ele></trkpt><trkpt lat="46.12073171035431" lon="7.935510760450845"><ele>1564.4</ele></trkpt><trkpt lat="46.120578710263054" lon="7.935521760372031"><ele>1564.9</ele></trkpt><trkpt lat="46.120515710245705" lon="7.935521760356501"><ele>1565.0</ele></trkpt><trkpt lat="46.12044371022869" lon="7.935546760340112"><ele>1565.1</ele></trkpt><trkpt lat="46.120289710175804" lon="7.935596760291552"><ele>1565.4</ele></trkpt><trkpt lat="46.120145710122685" lon="7.9356607602424445"><ele>1565.7</ele></trkpt><trkpt lat="46.12003771010673" lon="7.935710760225322"><ele>1565.8</ele></trkpt><trkpt lat="46.11997471010861" lon="7.935749760224217"><ele>1565.8</ele></trkpt><trkpt lat="46.11992071012939" lon="7.935800760238459"><ele>1565.7</ele></trkpt><trkpt lat="46.11966770996498" lon="7.936056760087982"><ele>1566.6</ele></trkpt><trkpt lat="46.11966770996498" lon="7.936056760087982"><ele>1566.6</ele></trkpt><trkpt lat="46.11946870985631" lon="7.936262759986521"><ele>1567.2</ele></trkpt><trkpt lat="46.11936970985935" lon="7.936364759983314"><ele>1567.2</ele></trkpt><trkpt lat="46.11931470988016" lon="7.936415759997563"><ele>1567.1</ele></trkpt><trkpt lat="46.119251709862965" lon="7.936479759979723"><ele>1567.2</ele></trkpt><trkpt lat="46.11915270988509" lon="7.936556759993246"><ele>1567.1</ele></trkpt><trkpt lat="46.11905370988809" lon="7.936633759990935"><ele>1567.1</ele></trkpt><trkpt lat="46.11889070977815" lon="7.936722759893516"><ele>1567.7</ele></trkpt><trkpt lat="46.11868370970779" lon="7.936837759827023"><ele>1568.1</ele></trkpt><trkpt lat="46.11862970969029" lon="7.936862759810548"><ele>1568.2</ele></trkpt><trkpt lat="46.11853870963562" lon="7.93692675976118"><ele>1568.5</ele></trkpt><trkpt lat="46.11845770958064" lon="7.936977759712228"><ele>1568.8</ele></trkpt><trkpt lat="46.11842170958179" lon="7.9370027597115"><ele>1568.8</ele></trkpt><trkpt lat="46.11837670956393" lon="7.937002759695878"><ele>1568.9</ele></trkpt><trkpt lat="46.11828670952839" lon="7.937066759662336"><ele>1569.1</ele></trkpt><trkpt lat="46.11817870945508" lon="7.937142759596777"><ele>1569.5</ele></trkpt><trkpt lat="46.11806970940102" lon="7.937232759546554"><ele>1569.8</ele></trkpt><trkpt lat="46.117952709328094" lon="7.937334759480099"><ele>1570.2</ele></trkpt><trkpt lat="46.117807709256" lon="7.93746275941284"><ele>1570.6</ele></trkpt><trkpt lat="46.117708709144246" lon="7.9375657593146"><ele>1571.2</ele></trkpt><trkpt lat="46.11761870910879" lon="7.937668759279634"><ele>1571.4</ele></trkpt><trkpt lat="46.11740070900087" lon="7.9379637591750125"><ele>1572.0</ele></trkpt><trkpt lat="46.117328709003104" lon="7.938040759172572"><ele>1572.0</ele></trkpt><trkpt lat="46.117111708933194" lon="7.938219759103791"><ele>1572.4</ele></trkpt><trkpt lat="46.11700370885995" lon="7.938296759038188"><ele>1572.8</ele></trkpt><trkpt lat="46.11689570878669" lon="7.938372758972616"><ele>1573.2</ele></trkpt><trkpt lat="46.11677870875197" lon="7.938436758939188"><ele>1573.4</ele></trkpt><trkpt lat="46.116661708736245" lon="7.9384747589225295"><ele>1573.5</ele></trkpt><trkpt lat="46.116579708681314" lon="7.9384997588745145"><ele>1573.8</ele></trkpt><trkpt lat="46.1165167086066" lon="7.938498758811517"><ele>1574.2</ele></trkpt><trkpt lat="46.11644470853221" lon="7.938511758748056"><ele>1574.6</ele></trkpt><trkpt lat="46.116408708495015" lon="7.938536758715654"><ele>1574.8</ele></trkpt><trkpt lat="46.116408708495015" lon="7.938536758715654"><ele>1574.8</ele></trkpt><trkpt lat="46.11634570859255" lon="7.9385617587942106"><ele>1574.3</ele></trkpt><trkpt lat="46.11612070852258" lon="7.938598758730599"><ele>1574.7</ele></trkpt><trkpt lat="46.116021708506416" lon="7.938623758714331"><ele>1574.8</ele></trkpt><trkpt lat="46.115877708434176" lon="7.938674758649831"><ele>1575.2</ele></trkpt><trkpt lat="46.11568870836323" lon="7.938724758585579"><ele>1575.6</ele></trkpt><trkpt lat="46.11553570832949" lon="7.938761758553298"><ele>1575.8</ele></trkpt><trkpt lat="46.115382708257485" lon="7.938798758489347"><ele>1576.2</ele></trkpt><trkpt lat="46.11528370824119" lon="7.938810758473547"><ele>1576.3</ele></trkpt><trkpt lat="46.11528370824119" lon="7.938810758473547"><ele>1576.3</ele></trkpt><trkpt lat="46.11522070818571" lon="7.9388237584258725"><ele>1576.6</ele></trkpt><trkpt lat="46.11514870816869" lon="7.938835758409945"><ele>1576.7</ele></trkpt><trkpt lat="46.11514870816869" lon="7.938835758409945"><ele>1576.7</ele></trkpt><trkpt lat="46.11513070816918" lon="7.938822758410499"><ele>1576.7</ele></trkpt><trkpt lat="46.11509470818936" lon="7.938822758426503"><ele>1576.6</ele></trkpt><trkpt lat="46.115049708171554" lon="7.93882175841092"><ele>1576.7</ele></trkpt><trkpt lat="46.11497770811636" lon="7.93887275836191"><ele>1577.0</ele></trkpt><trkpt lat="46.11491370806095" lon="7.938923758312864"><ele>1577.3</ele></trkpt><trkpt lat="46.11487770806203" lon="7.93896275831162"><ele>1577.3</ele></trkpt><trkpt lat="46.114841708005834" lon="7.939013758262436"><ele>1577.6</ele></trkpt><trkpt lat="46.1148057079305" lon="7.9390917581964455"><ele>1578.0</ele></trkpt><trkpt lat="46.114778707893095" lon="7.9391297581635225"><ele>1578.2</ele></trkpt><trkpt lat="46.114778707893095" lon="7.9391297581635225"><ele>1578.2</ele></trkpt><trkpt lat="46.11474170791337" lon="7.9391557581785905"><ele>1578.1</ele></trkpt><trkpt lat="46.11470570787617" lon="7.93915475814713"><ele>1578.3</ele></trkpt><trkpt lat="46.11467970778127" lon="7.939141758068553"><ele>1578.8</ele></trkpt><trkpt lat="46.114652707705524" lon="7.939141758005346"><ele>1579.2</ele></trkpt><trkpt lat="46.11463470759126" lon="7.939115757911372"><ele>1579.8</ele></trkpt><trkpt lat="46.1146167075344" lon="7.939102757864431"><ele>1580.1</ele></trkpt><trkpt lat="46.11461670728571" lon="7.939076757659536"><ele>1581.4</ele></trkpt><trkpt lat="46.11462570707502" lon="7.939050757486269"><ele>1582.5</ele></trkpt><trkpt lat="46.11467970678653" lon="7.939012757249893"><ele>1584.0</ele></trkpt><trkpt lat="46.11468870669057" lon="7.938999757171154"><ele>1584.5</ele></trkpt><trkpt lat="46.11469770661372" lon="7.9389607571092"><ele>1584.9</ele></trkpt><trkpt lat="46.114697706518044" lon="7.938934757030982"><ele>1585.4</ele></trkpt><trkpt lat="46.114688706460946" lon="7.938921756984"><ele>1585.7</ele></trkpt><trkpt lat="46.11467070630848" lon="7.938934756856943"><ele>1586.5</ele></trkpt><trkpt lat="46.11465270625168" lon="7.938947756809054"><ele>1586.8</ele></trkpt><trkpt lat="46.11462670613764" lon="7.938921756715127"><ele>1587.4</ele></trkpt><trkpt lat="46.11460870600421" lon="7.938895756605328"><ele>1588.1</ele></trkpt><trkpt lat="46.11459070585172" lon="7.938869756479697"><ele>1588.9</ele></trkpt><trkpt lat="46.114563705680304" lon="7.93884375633828"><ele>1589.8</ele></trkpt><trkpt lat="46.11453670552808" lon="7.938829756212257"><ele>1590.6</ele></trkpt><trkpt lat="46.114518705356424" lon="7.938790756071273"><ele>1591.5</ele></trkpt><trkpt lat="46.114509705222744" lon="7.938765755961399"><ele>1592.2</ele></trkpt><trkpt lat="46.114464705090114" lon="7.938725755852251"><ele>1592.9</ele></trkpt><trkpt lat="46.11437570507349" lon="7.9386737558387495"><ele>1593.0</ele></trkpt><trkpt lat="46.11428570503776" lon="7.938607755809935"><ele>1593.2</ele></trkpt><trkpt lat="46.11425870477075" lon="7.938594755588886"><ele>1594.6</ele></trkpt><trkpt lat="46.1140887040106" lon="7.938502754959785"><ele>1598.6</ele></trkpt><trkpt lat="46.11406170355242" lon="7.938502754579948"><ele>1601.0</ele></trkpt><trkpt lat="46.11399870288502" lon="7.938527754025202"><ele>1604.5</ele></trkpt><trkpt lat="46.11394470223622" lon="7.9384367534905405"><ele>1607.9</ele></trkpt><trkpt lat="46.113908701950386" lon="7.938397753254678"><ele>1609.4</ele></trkpt><trkpt lat="46.11389970185491" lon="7.9383717531765265"><ele>1609.9</ele></trkpt><trkpt lat="46.113873701760006" lon="7.93831975309942"><ele>1610.4</ele></trkpt><trkpt lat="46.11385570158819" lon="7.938215752960881"><ele>1611.3</ele></trkpt><trkpt lat="46.11384670156932" lon="7.938202752945572"><ele>1611.4</ele></trkpt><trkpt lat="46.11381970137894" lon="7.938215752786907"><ele>1612.4</ele></trkpt><trkpt lat="46.11375670118963" lon="7.938253752627492"><ele>1613.4</ele></trkpt><trkpt lat="46.11370270082796" lon="7.938279752325986"><ele>1615.3</ele></trkpt><trkpt lat="46.11367570063755" lon="7.938304752166874"><ele>1616.3</ele></trkpt><trkpt lat="46.113638700256324" lon="7.938369751848006"><ele>1618.3</ele></trkpt><trkpt lat="46.11360269987507" lon="7.938420751529646"><ele>1620.3</ele></trkpt><trkpt lat="46.113584699780105" lon="7.938484751448186"><ele>1620.8</ele></trkpt><trkpt lat="46.113548699743" lon="7.9385237514152465"><ele>1621.0</ele></trkpt><trkpt lat="46.11348569959201" lon="7.938561751287477"><ele>1621.8</ele></trkpt><trkpt lat="46.11345869955463" lon="7.938587751254976"><ele>1622.0</ele></trkpt><trkpt lat="46.11342169953668" lon="7.938625751237905"><ele>1622.1</ele></trkpt><trkpt lat="46.11337669949991" lon="7.938689751204067"><ele>1622.3</ele></trkpt><trkpt lat="46.1133406992333" lon="7.938728750981135"><ele>1623.7</ele></trkpt><trkpt lat="46.113322699138315" lon="7.938767750900601"><ele>1624.2</ele></trkpt><trkpt lat="46.113295699120144" lon="7.938831750882508"><ele>1624.3</ele></trkpt><trkpt lat="46.11326769898716" lon="7.938870750770356"><ele>1625.0</ele></trkpt><trkpt lat="46.113204698721475" lon="7.938921750547098"><ele>1626.4</ele></trkpt><trkpt lat="46.113141698589516" lon="7.9389077504371"><ele>1627.1</ele></trkpt><trkpt lat="46.11310569853319" lon="7.9389077503897765"><ele>1627.4</ele></trkpt><trkpt lat="46.11307869849573" lon="7.938894750358731"><ele>1627.6</ele></trkpt><trkpt lat="46.11305169843912" lon="7.938868750312338"><ele>1627.9</ele></trkpt><trkpt lat="46.11303469832485" lon="7.9388427502184005"><ele>1628.5</ele></trkpt><trkpt lat="46.11301669821057" lon="7.938803750124956"><ele>1629.1</ele></trkpt><trkpt lat="46.11301669798101" lon="7.93875174993692"><ele>1630.3</ele></trkpt><trkpt lat="46.113053697444236" lon="7.938622749498287"><ele>1633.1</ele></trkpt><trkpt lat="46.11307169725231" lon="7.938544749342813"><ele>1634.1</ele></trkpt><trkpt lat="46.11308969686915" lon="7.938454749029479"><ele>1636.1</ele></trkpt><trkpt lat="46.113108696581584" lon="7.938364748795307"><ele>1637.6</ele></trkpt><trkpt lat="46.11313569631292" lon="7.9383127485754965"><ele>1639.0</ele></trkpt><trkpt lat="46.11313569631282" lon="7.938260748577459"><ele>1639.0</ele></trkpt><trkpt lat="46.11311769612213" lon="7.938234748420219"><ele>1640.0</ele></trkpt><trkpt lat="46.11309069593169" lon="7.938234748262046"><ele>1641.0</ele></trkpt><trkpt lat="46.11305469564605" lon="7.9382737480232795"><ele>1642.5</ele></trkpt><trkpt lat="46.11300969536069" lon="7.938324747784103"><ele>1644.0</ele></trkpt><trkpt lat="46.113018695073386" lon="7.938221747550496"><ele>1645.5</ele></trkpt><trkpt lat="46.113009694978004" lon="7.938208747471877"><ele>1646.0</ele></trkpt><trkpt lat="46.112982694806746" lon="7.9382207473290824"><ele>1646.9</ele></trkpt><trkpt lat="46.112955694712014" lon="7.93824674724907"><ele>1647.4</ele></trkpt><trkpt lat="46.1129376945214" lon="7.938272747089864"><ele>1648.4</ele></trkpt><trkpt lat="46.11290169423568" lon="7.938284746852122"><ele>1649.9</ele></trkpt><trkpt lat="46.112874694140906" lon="7.938271746773595"><ele>1650.4</ele></trkpt><trkpt lat="46.11284769402689" lon="7.938232746680225"><ele>1651.0</ele></trkpt><trkpt lat="46.11280369389431" lon="7.938193746571108"><ele>1651.7</ele></trkpt><trkpt lat="46.11273169374337" lon="7.938114746447823"><ele>1652.5</ele></trkpt><trkpt lat="46.112668693305295" lon="7.938023746087502"><ele>1654.8</ele></trkpt><trkpt lat="46.11265969320993" lon="7.93801074600889"><ele>1655.3</ele></trkpt><trkpt lat="46.11266069311424" lon="7.93798474593073"><ele>1655.8</ele></trkpt><trkpt lat="46.11268769301779" lon="7.937959745852394"><ele>1656.3</ele></trkpt><trkpt lat="46.11269669292186" lon="7.9379337457741945"><ele>1656.8</ele></trkpt><trkpt lat="46.11269669292182" lon="7.937920745774684"><ele>1656.8</ele></trkpt><trkpt lat="46.11263369257939" lon="7.937855745492542"><ele>1658.6</ele></trkpt><trkpt lat="46.11263369248379" lon="7.937829745414385"><ele>1659.1</ele></trkpt><trkpt lat="46.11267069242524" lon="7.937778745368665"><ele>1659.4</ele></trkpt><trkpt lat="46.11267069234866" lon="7.937752745306335"><ele>1659.8</ele></trkpt><trkpt lat="46.1126526921579" lon="7.937713745149621"><ele>1660.8</ele></trkpt><trkpt lat="46.112616691872056" lon="7.937661744914348"><ele>1662.3</ele></trkpt><trkpt lat="46.11258969179643" lon="7.937673744850705"><ele>1662.7</ele></trkpt><trkpt lat="46.1125626916061" lon="7.93768674469205"><ele>1663.7</ele></trkpt><trkpt lat="46.11253569151132" lon="7.937673744613535"><ele>1664.2</ele></trkpt><trkpt lat="46.11249969132114" lon="7.937647744456414"><ele>1665.2</ele></trkpt><trkpt lat="46.11246369113096" lon="7.9376087442998005"><ele>1666.2</ele></trkpt><trkpt lat="46.112473690843736" lon="7.9375567440643096"><ele>1667.7</ele></trkpt><trkpt lat="46.11243769065352" lon="7.937504743908197"><ele>1668.7</ele></trkpt><trkpt lat="46.112365690292265" lon="7.9374267436108115"><ele>1670.6</ele></trkpt><trkpt lat="46.11230369000721" lon="7.937335743377194"><ele>1672.1</ele></trkpt><trkpt lat="46.11229468981621" lon="7.937309743219955"><ele>1673.1</ele></trkpt><trkpt lat="46.112303689624625" lon="7.937257743063631"><ele>1674.1</ele></trkpt><trkpt lat="46.112249689148086" lon="7.937166742671711"><ele>1676.6</ele></trkpt><trkpt lat="46.11224168886137" lon="7.93710174243684"><ele>1678.1</ele></trkpt><trkpt lat="46.11224168868929" lon="7.937075742295395"><ele>1679.0</ele></trkpt><trkpt lat="46.112268688401485" lon="7.937011742060322"><ele>1680.5</ele></trkpt><trkpt lat="46.112286688114004" lon="7.936946741825335"><ele>1682.0</ele></trkpt><trkpt lat="46.11231368801751" lon="7.936921741747031"><ele>1682.5</ele></trkpt><trkpt lat="46.11235968782476" lon="7.936869741590544"><ele>1683.5</ele></trkpt><trkpt lat="46.112449687439295" lon="7.936741741278511"><ele>1685.5</ele></trkpt><trkpt lat="46.11250368707426" lon="7.936703740979005"><ele>1687.4</ele></trkpt><trkpt lat="46.11257568668954" lon="7.936677740663112"><ele>1689.4</ele></trkpt><trkpt lat="46.11261268630593" lon="7.9366397403478715"><ele>1691.4</ele></trkpt><trkpt lat="46.112639685922545" lon="7.936587740033225"><ele>1693.4</ele></trkpt><trkpt lat="46.1126666856539" lon="7.936536739813508"><ele>1694.8</ele></trkpt><trkpt lat="46.11265768546289" lon="7.936510739656302"><ele>1695.8</ele></trkpt><trkpt lat="46.112603685330626" lon="7.936458739547822"><ele>1696.5</ele></trkpt><trkpt lat="46.112568685083076" lon="7.936406739344295"><ele>1697.8</ele></trkpt><trkpt lat="46.11253268495025" lon="7.936367739235216"><ele>1698.5</ele></trkpt><trkpt lat="46.11246068466555" lon="7.936301739000779"><ele>1700.0</ele></trkpt><trkpt lat="46.11237168396062" lon="7.936184738420265"><ele>1703.7</ele></trkpt><trkpt lat="46.11234468380846" lon="7.93614573829533"><ele>1704.5</ele></trkpt><trkpt lat="46.11229068367622" lon="7.9361067381863615"><ele>1705.2</ele></trkpt><trkpt lat="46.112156682972724" lon="7.935988737606155"><ele>1708.9</ele></trkpt><trkpt lat="46.112102682687464" lon="7.935936737371103"><ele>1710.4</ele></trkpt><trkpt lat="46.11204868240236" lon="7.935909737135073"><ele>1711.9</ele></trkpt><trkpt lat="46.11194068185122" lon="7.9358707366782415"><ele>1714.8</ele></trkpt><trkpt lat="46.11190568169925" lon="7.935805736554397"><ele>1715.6</ele></trkpt><trkpt lat="46.111860681413724" lon="7.935727736320345"><ele>1717.1</ele></trkpt><trkpt lat="46.111833681146656" lon="7.9356237361030635"><ele>1718.5</ele></trkpt><trkpt lat="46.111789680861065" lon="7.935545735869022"><ele>1720.0</ele></trkpt><trkpt lat="46.111744680575626" lon="7.935493735633961"><ele>1721.5</ele></trkpt><trkpt lat="46.111726680442274" lon="7.935467735524321"><ele>1722.2</ele></trkpt><trkpt lat="46.11160067973877" lon="7.9354147349416"><ele>1725.9</ele></trkpt><trkpt lat="46.111547679587446" lon="7.935400734815842"><ele>1726.7</ele></trkpt><trkpt lat="46.11151167945474" lon="7.935374734706303"><ele>1727.4</ele></trkpt><trkpt lat="46.111484679302485" lon="7.935309734582444"><ele>1728.2</ele></trkpt><trkpt lat="46.11149367920653" lon="7.935284734504276"><ele>1728.7</ele></trkpt><trkpt lat="46.111502679148856" lon="7.935245734458317"><ele>1729.0</ele></trkpt><trkpt lat="46.111502679148856" lon="7.935245734458317"><ele>1729.0</ele></trkpt><trkpt lat="46.11147567899668" lon="7.935219734332906"><ele>1729.8</ele></trkpt><trkpt lat="46.11140467873118" lon="7.935179734113351"><ele>1731.2</ele></trkpt><trkpt lat="46.11126967802808" lon="7.935152733529686"><ele>1734.9</ele></trkpt><trkpt lat="46.11121567785764" lon="7.9351267333886"><ele>1735.8</ele></trkpt><trkpt lat="46.111143677668636" lon="7.935060733233392"><ele>1736.8</ele></trkpt><trkpt lat="46.110973677195986" lon="7.9349947328413615"><ele>1739.3</ele></trkpt><trkpt lat="46.11081167668479" lon="7.9349027324186965"><ele>1742.0</ele></trkpt><trkpt lat="46.11071267640108" lon="7.934837732184495"><ele>1743.5</ele></trkpt><trkpt lat="46.11060567609836" lon="7.9347067319371805"><ele>1745.1</ele></trkpt><trkpt lat="46.11053367604316" lon="7.9346287318932305"><ele>1745.4</ele></trkpt><trkpt lat="46.11053367604316" lon="7.9346287318932305"><ele>1745.4</ele></trkpt><trkpt lat="46.1104806760638" lon="7.934550731912463"><ele>1745.3</ele></trkpt><trkpt lat="46.11034667581923" lon="7.934394731713774"><ele>1746.6</ele></trkpt><trkpt lat="46.11034667581923" lon="7.934394731713774"><ele>1746.6</ele></trkpt><trkpt lat="46.11031067568658" lon="7.93438073160378"><ele>1747.3</ele></trkpt><trkpt lat="46.11029267564886" lon="7.934354731573282"><ele>1747.5</ele></trkpt><trkpt lat="46.11022967557401" lon="7.9341867315171"><ele>1747.9</ele></trkpt><trkpt lat="46.11016767549925" lon="7.934030731460432"><ele>1748.3</ele></trkpt><trkpt lat="46.110150675442256" lon="7.933939731416736"><ele>1748.6</ele></trkpt><trkpt lat="46.11013267527051" lon="7.933810731279657"><ele>1749.5</ele></trkpt><trkpt lat="46.11013267527051" lon="7.933810731279657"><ele>1749.5</ele></trkpt><trkpt lat="46.11012467513676" lon="7.933732731172111"><ele>1750.2</ele></trkpt><trkpt lat="46.11012467513676" lon="7.933732731172111"><ele>1750.2</ele></trkpt><trkpt lat="46.110097674927275" lon="7.933693730999821"><ele>1751.3</ele></trkpt><trkpt lat="46.11006167456511" lon="7.933628730702074"><ele>1753.2</ele></trkpt><trkpt lat="46.11001667418409" lon="7.933563730388574"><ele>1755.2</ele></trkpt><trkpt lat="46.10990067330834" lon="7.933471729665267"><ele>1759.8</ele></trkpt><trkpt lat="46.10986467296531" lon="7.93343272938231"><ele>1761.6</ele></trkpt><trkpt lat="46.10982867288991" lon="7.9333937293208106"><ele>1762.0</ele></trkpt><trkpt lat="46.109819672756366" lon="7.933367729211192"><ele>1762.7</ele></trkpt><trkpt lat="46.10981167250798" lon="7.933315729007716"><ele>1764.0</ele></trkpt><trkpt lat="46.10981167250798" lon="7.933315729007716"><ele>1764.0</ele></trkpt><trkpt lat="46.109820672431134" lon="7.933277728945944"><ele>1764.4</ele></trkpt><trkpt lat="46.109838672258306" lon="7.933173728807725"><ele>1765.3</ele></trkpt><trkpt lat="46.109838672258306" lon="7.933173728807725"><ele>1765.3</ele></trkpt><trkpt lat="46.109821672048405" lon="7.933083728637492"><ele>1766.4</ele></trkpt><trkpt lat="46.10979467189611" lon="7.9329927285148045"><ele>1767.2</ele></trkpt><trkpt lat="46.1097766718393" lon="7.932953728469039"><ele>1767.5</ele></trkpt><trkpt lat="46.10974967174441" lon="7.932888728392744"><ele>1768.0</ele></trkpt><trkpt lat="46.10972367166872" lon="7.932849728331209"><ele>1768.4</ele></trkpt><trkpt lat="46.10969667147828" lon="7.932771728176365"><ele>1769.4</ele></trkpt><trkpt lat="46.109669671287826" lon="7.932667728022589"><ele>1770.4</ele></trkpt><trkpt lat="46.10966167121148" lon="7.932628727960963"><ele>1770.8</ele></trkpt><trkpt lat="46.10962567100221" lon="7.932550727790365"><ele>1771.9</ele></trkpt><trkpt lat="46.10958067073596" lon="7.9324857275718355"><ele>1773.3</ele></trkpt><trkpt lat="46.10953667067991" lon="7.932420727527285"><ele>1773.6</ele></trkpt><trkpt lat="46.10950067066181" lon="7.93235572751432"><ele>1773.7</ele></trkpt><trkpt lat="46.10944667043401" lon="7.932264727328547"><ele>1774.9</ele></trkpt><trkpt lat="46.10937567037871" lon="7.932147727286267"><ele>1775.2</ele></trkpt><trkpt lat="46.10925067021041" lon="7.931991727150991"><ele>1776.1</ele></trkpt><trkpt lat="46.10919667002083" lon="7.931900726996862"><ele>1777.1</ele></trkpt><trkpt lat="46.10912566990793" lon="7.931666726911951"><ele>1777.7</ele></trkpt><trkpt lat="46.10908166977535" lon="7.931563726805711"><ele>1778.4</ele></trkpt><trkpt lat="46.1090366697766" lon="7.931446726810756"><ele>1778.4</ele></trkpt><trkpt lat="46.10899166964408" lon="7.931368726703503"><ele>1779.1</ele></trkpt><trkpt lat="46.108902669073174" lon="7.9311997262365335"><ele>1782.1</ele></trkpt><trkpt lat="46.10888566869119" lon="7.931082725925192"><ele>1784.1</ele></trkpt><trkpt lat="46.108840668272" lon="7.930991725581315"><ele>1786.3</ele></trkpt><trkpt lat="46.10878666806333" lon="7.93091372541089"><ele>1787.4</ele></trkpt><trkpt lat="46.10870666760695" lon="7.930783725037204"><ele>1789.8</ele></trkpt><trkpt lat="46.10867966751214" lon="7.930731724960441"><ele>1790.3</ele></trkpt><trkpt lat="46.10865366735993" lon="7.930653724837314"><ele>1791.1</ele></trkpt><trkpt lat="46.1086086671127" lon="7.930550724636268"><ele>1792.4</ele></trkpt><trkpt lat="46.10857366680771" lon="7.930420724388863"><ele>1794.0</ele></trkpt><trkpt lat="46.10851166627415" lon="7.9302127239551305"><ele>1796.8</ele></trkpt><trkpt lat="46.108475666045734" lon="7.930109723769874"><ele>1798.0</ele></trkpt><trkpt lat="46.10842266604722" lon="7.9299797237755545"><ele>1798.0</ele></trkpt><trkpt lat="46.10842266614272" lon="7.929940723856221"><ele>1797.5</ele></trkpt><trkpt lat="46.10842266614272" lon="7.929940723856221"><ele>1797.5</ele></trkpt><trkpt lat="46.10835166622103" lon="7.9297457239279225"><ele>1797.1</ele></trkpt><trkpt lat="46.10835166622103" lon="7.9297457239279225"><ele>1797.1</ele></trkpt><trkpt lat="46.10820866632098" lon="7.9295897240142"><ele>1796.6</ele></trkpt><trkpt lat="46.10818166626447" lon="7.929550723968534"><ele>1796.9</ele></trkpt><trkpt lat="46.10817266626466" lon="7.9295117239702"><ele>1796.9</ele></trkpt><trkpt lat="46.10818166626416" lon="7.929420723973927"><ele>1796.9</ele></trkpt><trkpt lat="46.108227666204996" lon="7.929279723932107"><ele>1797.2</ele></trkpt><trkpt lat="46.10825466626139" lon="7.929240723981001"><ele>1796.9</ele></trkpt><trkpt lat="46.10833666629656" lon="7.9290997240180205"><ele>1796.7</ele></trkpt><trkpt lat="46.108417666274576" lon="7.92902272400497"><ele>1796.8</ele></trkpt><trkpt lat="46.108417666274576" lon="7.92902272400497"><ele>1796.8</ele></trkpt><trkpt lat="46.10848966615733" lon="7.9289197239140226"><ele>1797.4</ele></trkpt><trkpt lat="46.1085446660789" lon="7.928868723852614"><ele>1797.8</ele></trkpt><trkpt lat="46.1085446660789" lon="7.928868723852614"><ele>1797.8</ele></trkpt><trkpt lat="46.10859766580984" lon="7.928984723626221"><ele>1799.2</ele></trkpt><trkpt lat="46.10863366559848" lon="7.929049723449449"><ele>1800.3</ele></trkpt><trkpt lat="46.108677665425155" lon="7.929102723304744"><ele>1801.2</ele></trkpt><trkpt lat="46.108722665251776" lon="7.929154723160075"><ele>1802.1</ele></trkpt><trkpt lat="46.10877666507801" lon="7.929193723015896"><ele>1803.0</ele></trkpt><trkpt lat="46.10881266505778" lon="7.929232722998273"><ele>1803.1</ele></trkpt></trkseg></trk></gpx>